experiment_key,experiment_name,problem_kind,problem,number_of_variables,number_of_eval,number_of_islands,topology,migrant_selection_strategy,migrant_acceptation_strategy,migration_interval,number_of_emigrants,run_count,repeat_values,complete_three_repeats,best_final_mean,best_final_std,best_final_min,best_final_max,mean_final_mean,mean_final_std,mean_final_min,mean_final_max,median_final_mean,median_final_std,median_final_min,median_final_max,worst_final_mean,worst_final_std,worst_final_min,worst_final_max,std_final_mean,std_final_std,std_final_min,std_final_max,global_best_end_mean,global_best_end_std,global_best_end_min,global_best_end_max,global_best_improvement_mean,global_best_improvement_std,global_best_improvement_min,global_best_improvement_max,last_step_mean,last_step_std,last_step_min,last_step_max,convergence_improvement_mean,convergence_improvement_std,convergence_improvement_min,convergence_improvement_max,auc_global_best_so_far_mean,auc_global_best_so_far_std,auc_global_best_so_far_min,auc_global_best_so_far_max,mean_global_best_so_far_mean,mean_global_best_so_far_std,mean_global_best_so_far_min,mean_global_best_so_far_max,best_at_25pct_budget_mean,best_at_25pct_budget_std,best_at_25pct_budget_min,best_at_25pct_budget_max,best_at_50pct_budget_mean,best_at_50pct_budget_std,best_at_50pct_budget_min,best_at_50pct_budget_max,best_at_75pct_budget_mean,best_at_75pct_budget_std,best_at_75pct_budget_min,best_at_75pct_budget_max,best_at_100pct_budget_mean,best_at_100pct_budget_std,best_at_100pct_budget_min,best_at_100pct_budget_max,eval_to_25pct_improvement_mean,eval_to_25pct_improvement_std,eval_to_25pct_improvement_min,eval_to_25pct_improvement_max,eval_to_50pct_improvement_mean,eval_to_50pct_improvement_std,eval_to_50pct_improvement_min,eval_to_50pct_improvement_max,eval_to_75pct_improvement_mean,eval_to_75pct_improvement_std,eval_to_75pct_improvement_min,eval_to_75pct_improvement_max,eval_to_90pct_improvement_mean,eval_to_90pct_improvement_std,eval_to_90pct_improvement_min,eval_to_90pct_improvement_max,eval_to_final_best_mean,eval_to_final_best_std,eval_to_final_best_min,eval_to_final_best_max,topology_rank_by_best_final_mean,ranked_factor,ranked_metric
continous_fixed_toplogies,local_continuous_fixed_topologies_v2,continuous,Sphere,30,1000,12,torus,random,BEZ,20,2,3,1;2;3,True,5.31481239108979,1.0254414440577702,3.8712437451865944,6.1565025362971815,8.901635878318904,0.5298471213874417,8.329544442454676,9.606776454036153,8.216258245899457,0.514336823776689,7.838217091698709,8.943449071840256,13.262530796663484,0.6806362899541558,12.416247189219664,14.082852258264221,2.312022322825769,0.17591188945527264,2.0701591995807496,2.4833935661305566,5.31481239108979,1.0254414440577702,3.8712437451865944,6.1565025362971815,143.40867307327701,5.735655523930446,135.64249968070408,149.3194504661836,246.0,0.0,246.0,246.0,143.40867307327701,5.735655523930446,135.64249968070408,149.3194504661836,25090.8516093844,1648.8758784465306,23475.131598774587,27354.827725880477,25.602909805494285,1.6825264065780923,23.954215917116926,27.91308951620457,30.398059375882664,2.183775916852271,28.509712630125257,33.45858002848096,14.992931648915649,1.480857324810984,12.918299280677434,16.277902889844103,9.918377863077136,0.8350039633108498,8.996655904144106,11.018511007535006,5.31481239108979,1.0254414440577702,3.8712437451865944,6.1565025362971815,53.333333333333336,3.7712361663282534,48.0,56.0,90.66666666666667,4.988876515698588,84.0,96.0,185.33333333333334,23.170862929310356,160.0,216.0,381.3333333333333,53.89702115042063,308.0,436.0,969.3333333333334,32.71425105702746,924.0,1000.0,1,torus,best_final_mean
continous_fixed_toplogies,local_continuous_fixed_topologies_v2,continuous,Sphere,30,1000,12,ring,random,BEZ,20,2,3,1;2;3,True,5.461671295871122,0.6931737302149984,4.703538772666753,6.378939228164782,8.896238471228417,0.33964859328261543,8.48967457229259,9.321040391443582,8.837081848685402,0.09514681894249089,8.765028828781503,8.971524045772885,12.632521601490199,0.7153826929190091,11.665864424467015,13.374382630082833,2.0758922449879558,0.17632082877051883,1.8312768904221384,2.2401051513057184,5.461671295871122,0.6931737302149984,4.703538772666753,6.378939228164782,133.8451720923254,7.740702585533328,123.17211589677235,141.28933354565706,246.0,0.0,246.0,246.0,133.8451720923254,7.740702585533328,123.17211589677235,141.28933354565706,23018.88145247522,2149.0226908720765,20647.228326906912,25850.5797835971,23.48865454334206,2.1928802968082417,21.06860033357848,26.37814263632357,26.87202862585064,5.395172081112937,20.224849579211423,33.439547975580055,10.409028956301324,2.1843916137783697,7.518650208303447,12.798481589862751,8.147857433886397,0.961318926395467,6.797576922374062,8.959957620066353,5.461671295871122,0.6931737302149984,4.703538772666753,6.378939228164782,60.0,8.640987597877148,52.0,72.0,88.0,11.775681155103795,72.0,100.0,186.66666666666666,21.746008573733455,156.0,204.0,362.6666666666667,55.26501806950055,288.0,420.0,949.3333333333334,51.88020388891658,876.0,988.0,2,ring,best_final_mean
continous_fixed_toplogies,local_continuous_fixed_topologies_v2,continuous,Sphere,30,1000,12,complete,random,BEZ,20,2,3,1;2;3,True,6.059359693093559,0.33762422704263145,5.622361361011107,6.444470747507337,10.086520555886612,0.6555248503282264,9.211284780870892,10.788791041523114,9.665811102343602,0.5342895738252859,8.937170168274207,10.203364981128079,16.319875107232512,2.5154996300367047,12.876119737569457,18.81442303124105,2.7516438316300933,0.6213188966775914,1.9904682310595765,3.5123823071417335,6.059359693093559,0.33762422704263145,5.622361361011107,6.444470747507337,143.04527556427502,7.787124577968,132.14566469792456,149.85810191100632,246.0,0.0,246.0,246.0,143.04527556427502,7.787124577968,132.14566469792456,149.85810191100632,28185.03737181891,484.31991504164694,27500.115714395037,28530.725049259952,28.760242216141748,0.4942039949404554,28.06134256570922,29.112984744142807,37.35231801826504,3.9850113707130315,31.768818994686406,40.80654577674671,15.326277565604798,1.2594779661366793,13.703808397939238,16.774004467346167,8.989192901799587,0.3047105361402508,8.662954007337033,9.396133808417044,6.059359693093559,0.33762422704263145,5.622361361011107,6.444470747507337,56.0,0.0,56.0,56.0,108.0,13.063945294843617,92.0,124.0,221.33333333333334,24.729649321321876,200.0,256.0,418.6666666666667,42.499673201357936,368.0,472.0,985.3333333333334,10.498677165349081,976.0,1000.0,3,complete,best_final_mean
continous_fixed_toplogies,local_continuous_fixed_topologies_v2,continuous,Sphere,30,1000,12,complete,best,BEZ,20,2,3,1;2;3,True,5.081398256464497,0.7281325314962637,4.476378237649222,6.10552350806101,8.910586351630604,0.5477492521370049,8.150190306836066,9.418816620437088,8.966478525104423,0.619856443069299,8.17932466969832,9.6941581630049,13.121898615292475,1.1758359894686055,12.198083957289297,14.78122411245349,2.2700768912788982,0.3387394810105931,1.9295925588676923,2.7321571436382115,5.081398256464497,0.7281325314962637,4.476378237649222,6.10552350806101,130.44395524815047,9.87524777523641,116.58550845545972,138.86929605435617,246.0,0.0,246.0,246.0,130.44395524815047,9.87524777523641,116.58550845545972,138.86929605435617,26326.982175270237,1702.5249872322454,24744.34694466135,28689.711987724717,26.86426752578596,1.7372703951349435,25.249333617001376,29.275216314004812,39.855089601391434,3.603317840993548,35.22033918154736,44.00690358220499,15.537187422786918,2.689385340311721,13.284415047940483,19.31742981079297,8.55370021440323,0.8643428608275462,7.355633836291408,9.362758608669932,5.081398256464497,0.7281325314962637,4.476378237649222,6.10552350806101,61.333333333333336,6.79869268479038,52.0,68.0,106.66666666666667,11.469767022723502,92.0,120.0,252.0,29.393876913398138,216.0,288.0,444.0,60.486913185140025,368.0,516.0,972.0,20.396078054371138,944.0,992.0,1,complete,best_final_mean
continous_fixed_toplogies,local_continuous_fixed_topologies_v2,continuous,Sphere,30,1000,12,ring,best,BEZ,20,2,3,1;2;3,True,5.9010936662013425,0.9904823924773639,4.550918601310582,6.899219161310474,10.023797205278218,0.3338942628671925,9.574415546380058,10.374067338945357,9.505906493228395,0.4518464769643675,8.866928850281102,9.830737315994378,14.714051228918484,1.7745806553077,12.497556073316954,16.841645005115392,2.6199574133749866,0.30918371966055297,2.31071113173653,3.0422873186292856,5.9010936662013425,0.9904823924773639,4.550918601310582,6.899219161310474,131.75349778200348,15.879083821692511,116.37088294962047,153.61340870077836,246.0,0.0,246.0,246.0,131.75349778200348,15.879083821692511,116.37088294962047,153.61340870077836,23838.366466361145,435.9957272609411,23389.676988445386,24428.971666726557,24.324863741184842,0.44489359924585814,23.867017335148354,24.92752210890465,30.43530928924657,3.1730992065825707,27.531105087654623,34.850017730549865,13.08085047756244,1.8468110831592173,11.387848947921595,15.649668324338128,9.277851180710964,0.32359889565562655,8.887996323647512,9.680346093985214,5.9010936662013425,0.9904823924773639,4.550918601310582,6.899219161310474,57.333333333333336,9.428090415820634,44.0,64.0,105.33333333333333,10.498677165349081,96.0,120.0,181.33333333333334,49.026070162267295,112.0,216.0,361.3333333333333,21.746008573733455,344.0,392.0,950.6666666666666,14.727148022916348,932.0,968.0,2,ring,best_final_mean
continous_fixed_toplogies,local_continuous_fixed_topologies_v2,continuous,Sphere,30,1000,12,torus,best,BEZ,20,2,3,1;2;3,True,6.07332487476831,1.1539407983273695,4.4649993166726,7.116936444685327,8.792449084080365,0.8285941395320385,7.6447498306243915,9.571096635145269,8.427559161168364,1.001090159348572,7.033403597406515,9.337991012006817,12.572799197531182,0.23740281907397473,12.365259533561362,12.90512014779355,1.98729991047228,0.29166993588846585,1.6624599058125997,2.369870442625005,6.07332487476831,1.1539407983273695,4.4649993166726,7.116936444685327,159.5583810344466,4.597113813490897,153.4544613908717,164.5485892561737,246.0,0.0,246.0,246.0,159.5583810344466,4.597113813490897,153.4544613908717,164.5485892561737,26050.681321368855,1315.489566537517,24227.80550887445,27284.00745149315,26.58232787894781,1.342336292385221,24.722250519259646,27.840823930095052,32.880467848503656,3.016525062199843,28.836617118683858,36.07907865673372,14.48338811487139,0.5582589653317721,13.734791605439622,15.07490068336489,8.95460422851699,1.0438704009498543,8.210957768916918,10.430846119111937,6.07332487476831,1.1539407983273695,4.4649993166726,7.116936444685327,46.666666666666664,13.199326582148887,32.0,64.0,90.66666666666667,16.438437341250605,72.0,112.0,180.0,16.97056274847714,156.0,192.0,337.3333333333333,23.626726862225798,304.0,356.0,985.3333333333334,3.7712361663282534,980.0,988.0,3,torus,best_final_mean
continous_fixed_toplogies,local_continuous_fixed_topologies_v2,continuous,Sphere,30,1000,12,torus,worst,BEZ,20,2,3,1;2;3,True,6.004774482005792,0.558946531056387,5.282529874246323,6.644112317069051,9.776166437538228,0.8056136770557727,8.76907436990468,10.741062956855096,9.479556997413718,0.510111508487788,8.759882514419221,9.882662073759533,13.70379639969706,1.3423987026933824,11.805387443492355,14.662165578592962,2.2728439238277165,0.14279955941919958,2.1663861812272662,2.474691882178658,6.004774482005792,0.558946531056387,5.282529874246323,6.644112317069051,147.23758745460998,14.322705309514834,127.0955625974798,159.16169380034947,246.0,0.0,246.0,246.0,147.23758745460998,14.322705309514834,127.0955625974798,159.16169380034947,29999.28575189007,2090.27641898777,27922.178791812643,32859.40539020109,30.611516073357215,2.132935121416093,28.492019175319022,33.5300055002052,43.91367974925184,1.366334540885127,42.60392457356313,45.798887029187355,18.37943894398943,1.9269461612467693,16.420303560583893,20.999440625413158,8.19136396674713,1.1987052396753564,6.6105572415744405,9.51198327654209,6.004774482005792,0.558946531056387,5.282529874246323,6.644112317069051,46.666666666666664,7.542472332656507,36.0,52.0,105.33333333333333,20.997354330698162,76.0,124.0,265.3333333333333,21.746008573733455,248.0,296.0,430.6666666666667,25.368396787253932,396.0,456.0,934.6666666666666,57.53453069437711,860.0,1000.0,1,torus,best_final_mean
continous_fixed_toplogies,local_continuous_fixed_topologies_v2,continuous,Sphere,30,1000,12,complete,worst,BEZ,20,2,3,1;2;3,True,6.054118561119217,0.5958676785528104,5.277556273835396,6.725773479116242,10.27484502835092,0.20468857645671862,10.00448884471324,10.499615365785486,10.129106897149317,0.7312586166188955,9.344883039526223,11.105045386182422,14.762959283579319,0.9190857278259126,13.550385591042813,15.774618357270985,2.627647546465197,0.18665491397601217,2.4795383264851716,2.8909317249289823,6.054118561119217,0.5958676785528104,5.277556273835396,6.725773479116242,154.76739470966874,10.994409354664137,143.27588847680622,169.5836780731115,246.0,0.0,246.0,246.0,154.76739470966874,10.994409354664137,143.27588847680622,169.5836780731115,27548.338532481022,665.8665761574988,26887.47097624728,28459.726698397655,28.110549522939817,0.6794556899566325,27.436194873721714,29.040537447344548,37.390111810529824,0.7624234378920726,36.58623312227941,38.41436019275696,17.41209685711906,1.4749649291129188,15.641472852752353,19.2523697430772,10.014964360385017,1.2238814832313065,8.30010316364129,11.075538096523578,6.054118561119217,0.5958676785528104,5.277556273835396,6.725773479116242,34.666666666666664,1.8856180831641267,32.0,36.0,89.33333333333333,8.219218670625303,80.0,100.0,178.66666666666666,26.195843605851334,148.0,212.0,420.0,34.56395039150859,372.0,452.0,980.0,17.281975195754296,956.0,996.0,2,complete,best_final_mean
continous_fixed_toplogies,local_continuous_fixed_topologies_v2,continuous,Sphere,30,1000,12,ring,worst,BEZ,20,2,3,1;2;3,True,6.336379901730451,0.8943922226103344,5.086908022789268,7.1314719083080655,10.180114396627346,0.20245249910904872,9.919590752192178,10.413216359893612,9.303887443082905,0.39761020374938866,9.02144487186889,9.866191210708529,17.583479105067187,0.7299490964732169,16.63534624482314,18.411129449779764,3.1236010774875145,0.17650666470381426,2.9181335822925334,3.3490916389122725,6.336379901730451,0.8943922226103344,5.086908022789268,7.1314719083080655,122.26838821222582,19.89510130381022,105.52418974762186,150.22227610559685,246.0,0.0,246.0,246.0,122.26838821222582,19.89510130381022,105.52418974762186,150.22227610559685,27565.13053297263,1074.0318051143379,26594.28958614265,29062.191935553918,28.12768421731901,1.0959508215452427,27.13703018994148,29.655297893422365,34.290671353285184,1.1517888754031018,32.780389947956444,35.57421907500986,17.315588838529735,2.3283491954241207,15.023753131073436,20.509049556588064,10.70381015021455,0.6830272777904663,9.82249211727706,11.486884538597549,6.336379901730451,0.8943922226103344,5.086908022789268,7.1314719083080655,77.33333333333333,26.599916457680003,40.0,100.0,114.66666666666667,8.219218670625303,104.0,124.0,240.0,39.73243846867024,184.0,272.0,469.3333333333333,42.62497963505542,428.0,528.0,977.3333333333334,17.987650084309387,952.0,992.0,3,ring,best_final_mean
continous_fixed_toplogies,local_continuous_fixed_topologies_v2,continuous,Sphere,30,1000,12,complete,maxDistance,BEZ,20,2,3,1;2;3,True,6.1037836425758085,0.724666485328652,5.0991618107275,6.7814898368519865,10.415775564965719,0.24202385227848588,10.09902978609939,10.686475660744227,9.970170609410786,0.04782171104805268,9.906116588180332,10.020990859355665,17.624170598545344,0.7779033175952162,16.947176987555007,18.71364017005614,2.966738988798753,0.23758683288055538,2.630773024117531,3.1387726092596466,6.1037836425758085,0.724666485328652,5.0991618107275,6.7814898368519865,147.42151477807684,9.382884603114139,134.26170879307435,155.47532924717837,246.0,0.0,246.0,246.0,147.42151477807684,9.382884603114139,134.26170879307435,155.47532924717837,27102.446038363363,3008.1170301465045,24417.233245122232,31302.564690748855,27.65555718200343,3.0695071736188826,24.915544127675748,31.941392541580466,36.9189842018114,5.9113531025011286,31.291488549995336,45.086666354013325,16.115213624702342,2.111400511527897,13.336077510132682,18.450466630921746,9.824691392528434,1.3919818887575595,7.916280721065697,11.197103494978077,6.1037836425758085,0.724666485328652,5.0991618107275,6.7814898368519865,41.333333333333336,11.469767022723502,28.0,56.0,85.33333333333333,13.59738536958076,72.0,104.0,217.33333333333334,35.82674358011841,168.0,252.0,370.6666666666667,45.29410067056808,324.0,432.0,970.6666666666666,26.398653164297773,936.0,1000.0,1,complete,best_final_mean
continous_fixed_toplogies,local_continuous_fixed_topologies_v2,continuous,Sphere,30,1000,12,torus,maxDistance,BEZ,20,2,3,1;2;3,True,6.716936926230411,0.4805611663204069,6.040177426880257,7.109223882217275,9.737162301994065,0.6485828682833461,9.18345989461401,10.647298464128651,9.225958828520726,1.0369914764130774,8.10275452569757,10.604161282295536,14.288666299284403,0.2362658383611981,14.100490423020219,14.62186655257181,2.425681584551911,0.14771118414371578,2.320877830478891,2.634576339160723,6.716936926230411,0.4805611663204069,6.040177426880257,7.109223882217275,139.60339243717652,18.181894933212114,117.1066697622158,161.6357723534603,246.0,0.0,246.0,246.0,139.60339243717652,18.181894933212114,117.1066697622158,161.6357723534603,28301.392480400897,2151.0774040155193,26136.409124631467,31234.650566839166,28.878971918776426,2.1949769428729793,26.669805229215783,31.872092415142006,41.50122113842187,7.2265343561986635,33.47808286976111,50.995138076699284,16.85963303783556,2.0718155171853736,15.326084534734097,19.788536112410394,9.437775089260423,0.7028030820179807,8.58257243493914,10.30397597544083,6.716936926230411,0.4805611663204069,6.040177426880257,7.109223882217275,49.333333333333336,13.59738536958076,36.0,68.0,105.33333333333333,21.249836600678968,80.0,132.0,238.66666666666666,39.911012125588705,196.0,292.0,417.3333333333333,47.59084879353266,352.0,464.0,978.6666666666666,22.23110933404409,948.0,1000.0,2,torus,best_final_mean
continous_fixed_toplogies,local_continuous_fixed_topologies_v2,continuous,Sphere,30,1000,12,ring,maxDistance,BEZ,20,2,3,1;2;3,True,7.256447997802074,0.29893984044866584,6.960213161755236,7.665776506220672,9.70336951188152,0.46255212705614057,9.063109936576634,10.13961330617849,9.373430821916461,0.5503303860612381,8.615175406789072,9.904485633072504,13.074950390036818,0.48293255760621545,12.396117250151566,13.47936664412689,1.651827267112939,0.222344358447428,1.4456350851628859,1.9605178830080243,7.256447997802074,0.29893984044866584,6.960213161755236,7.665776506220672,148.62279715876184,9.334158437470691,139.69147918530456,161.5064986760588,246.0,0.0,246.0,246.0,148.62279715876184,9.334158437470691,139.69147918530456,161.5064986760588,28427.0889445797,744.8061836190393,27391.256685881628,29110.513459263366,29.00723361691806,0.760006309815346,27.95026192436901,29.704605570676904,38.81005626388924,1.5698296994109455,36.594610420373236,40.04186670945504,18.63763197657296,1.1564247043680658,17.3551207284768,20.157722522087678,10.350973902605643,0.21239125993599958,10.116818616903368,10.630973451838539,7.256447997802074,0.29893984044866584,6.960213161755236,7.665776506220672,52.0,8.640987597877148,44.0,64.0,90.66666666666667,24.729649321321876,56.0,112.0,202.66666666666666,16.438437341250605,184.0,224.0,414.6666666666667,31.38293945583952,380.0,456.0,962.6666666666666,38.96437118987322,908.0,996.0,3,ring,best_final_mean
continous_fixed_toplogies,local_continuous_fixed_topologies_v2,continuous,Sphere,30,1000,24,complete,random,BEZ,20,2,3,1;2;3,True,4.950034387218004,0.651426199962771,4.035534893512561,5.503731777931374,9.221003189874974,0.5149942890284809,8.49615683040431,9.64488361466343,8.940245969621541,0.23751832380159893,8.609260608368478,9.155326442994035,14.85243700551982,2.051526697671289,12.170843572685191,17.152366237609886,2.504770896111651,0.2718861699204613,2.164214422901072,2.8296424718580755,4.950034387218004,0.651426199962771,4.035534893512561,5.503731777931374,144.08984888799645,3.92719016206824,139.06939419811124,148.6568965662875,246.0,0.0,246.0,246.0,144.08984888799645,3.92719016206824,139.06939419811124,148.6568965662875,23609.60245077988,915.7967450469596,22909.059910914304,24903.248317432826,24.091431072224367,0.9344864745377145,23.376591745830922,25.411477874931457,31.684560256301054,4.642847467894271,25.171435347403698,35.661158720976964,14.750062098605017,0.9343062493687389,13.466419753038089,15.663156192843603,7.909569560589218,0.4448542404329535,7.35525818787428,8.444401631984064,4.950034387218004,0.651426199962771,4.035534893512561,5.503731777931374,48.0,9.797958971132712,36.0,60.0,85.33333333333333,19.686430746977866,60.0,108.0,196.0,9.797958971132712,184.0,208.0,393.3333333333333,36.709066394496546,344.0,432.0,965.3333333333334,13.199326582148887,948.0,980.0,1,complete,best_final_mean
continous_fixed_toplogies,local_continuous_fixed_topologies_v2,continuous,Sphere,30,1000,24,ring,random,BEZ,20,2,3,1;2;3,True,5.762577382324585,0.8777546767078617,4.7111370189627895,6.8597297825966255,9.763943777211637,0.4066992680110897,9.1888327594778,10.057974613251545,9.324506772487256,0.45473176292646794,8.756885205032592,9.870091851059504,15.968767391934511,1.4559985866278435,14.823534238418445,18.023351780238784,2.724057784343942,0.134822735035502,2.581099709228165,2.904797960432754,5.762577382324585,0.8777546767078617,4.7111370189627895,6.8597297825966255,115.05165972400918,2.520949827717203,112.25823595495818,118.3668005974933,246.0,0.0,246.0,246.0,115.05165972400918,2.520949827717203,112.25823595495818,118.3668005974933,24603.065658414947,1011.0874478432885,23187.81299133133,25487.44508815005,25.105169039198927,1.0317218855543755,23.661033664623808,26.00759702872454,30.7396488531681,5.932560403704256,23.55462599157922,38.083759179664646,16.31842779610215,0.5378585350708172,15.562120595129686,16.766847099037637,8.61065449732446,0.734622219031588,8.049882740569782,9.64844118416588,5.762577382324585,0.8777546767078617,4.7111370189627895,6.8597297825966255,66.66666666666667,3.7712361663282534,64.0,72.0,112.0,3.265986323710904,108.0,116.0,224.0,49.42334131426837,176.0,292.0,473.3333333333333,4.988876515698588,468.0,480.0,942.6666666666666,53.199832915360005,868.0,988.0,2,ring,best_final_mean
continous_fixed_toplogies,local_continuous_fixed_topologies_v2,continuous,Sphere,30,1000,24,torus,random,BEZ,20,2,3,1;2;3,True,5.792027475034855,0.16784986589597872,5.556977903674777,5.938260107630494,9.389157113730496,0.33988732263846144,9.101900109646785,9.866548478204873,9.223993156630883,0.41878816332280555,8.635532118384884,9.576193439068597,14.458789393202995,1.029421472752971,13.006798183002452,15.276185200560233,2.2264845371579005,0.30305707987222374,1.896057165882343,2.6280849921482865,5.792027475034855,0.16784986589597872,5.556977903674777,5.938260107630494,132.3935275256928,2.356682498599587,130.16641606041333,135.65438609904317,246.0,0.0,246.0,246.0,132.3935275256928,2.356682498599587,130.16641606041333,135.65438609904317,25424.902453060626,1203.466640284749,23729.929493747717,26405.797822285655,25.943778013327172,1.2280271839640293,24.214213769130325,26.944691655393527,30.551638340215995,5.303621016463839,23.721431268582513,36.65073094985017,16.226751385532097,1.3726705199006428,14.457413661763356,17.803099037566266,8.711200124584343,0.7389119222130072,8.047279577154592,9.742011865499665,5.792027475034855,0.16784986589597872,5.556977903674777,5.938260107630494,50.666666666666664,10.498677165349081,36.0,60.0,98.66666666666667,9.977753031397176,88.0,112.0,206.66666666666666,30.34615113797611,164.0,232.0,404.0,59.0592922409336,328.0,472.0,978.6666666666666,19.955506062794353,952.0,1000.0,3,torus,best_final_mean
continous_fixed_toplogies,local_continuous_fixed_topologies_v2,continuous,Sphere,30,1000,24,torus,best,BEZ,20,2,3,1;2;3,True,5.1986036102354545,0.6566169167408508,4.70076054401931,6.126371866905461,9.55262984891539,0.4241162430084848,9.15681620134512,10.140806513545659,9.49655787696659,0.4334575913498316,8.895974752405948,9.90316575087372,14.288643412909929,0.042917578892868735,14.240501951510938,14.344724729949188,2.5909569210053487,0.14215835790102477,2.4203189458455183,2.76833843710088,5.1986036102354545,0.6566169167408508,4.70076054401931,6.126371866905461,136.56223569631786,12.7792806897564,124.18977175820439,154.15708828736183,246.0,0.0,246.0,246.0,136.56223569631786,12.7792806897564,124.18977175820439,154.15708828736183,24293.52023882647,1168.0546690651572,22913.432814741045,25769.723343930356,24.78930636614946,1.1918925194542427,23.381053892592902,26.29563606523506,30.091928379041644,3.748404319252395,25.134538147269406,34.19666592313556,11.981874315997855,0.7866208119044323,10.979527327878614,12.900939948219941,7.71011442102272,0.517078953890578,7.297667309279658,8.439283004450653,5.1986036102354545,0.6566169167408508,4.70076054401931,6.126371866905461,44.0,6.531972647421808,36.0,52.0,101.33333333333333,6.79869268479038,92.0,108.0,206.66666666666666,16.110727964792762,184.0,220.0,392.0,26.733250207684563,364.0,428.0,985.3333333333334,15.4344492037203,964.0,1000.0,1,torus,best_final_mean
continous_fixed_toplogies,local_continuous_fixed_topologies_v2,continuous,Sphere,30,1000,24,ring,best,BEZ,20,2,3,1;2;3,True,5.252301008593863,0.5823795663088792,4.600938109126676,6.014495595334181,9.25155922950075,0.15820540529041063,9.034790442997187,9.407921693711922,8.89987200628425,0.13650917601261991,8.739516190902325,9.073144715432464,14.196566110045683,1.1974820441469902,13.077296966202354,15.856824281029192,2.5735013105484263,0.3340199005234286,2.277862211484331,3.040385247386468,5.252301008593863,0.5823795663088792,4.600938109126676,6.014495595334181,139.15496544828042,2.4378799368998036,136.22616742716002,142.1946404644088,246.0,0.0,246.0,246.0,139.15496544828042,2.4378799368998036,136.22616742716002,142.1946404644088,22335.769389054723,270.34567802325296,21968.165049405074,22610.568622248855,22.791601417402777,0.27586293675842105,22.416494948372524,23.072008798213115,32.41449647280247,2.1287937988882653,30.284205811564245,35.321934079706374,14.785970249735213,0.4493371982939579,14.281595998607068,15.372912267354932,7.92468838685733,1.3862854083544554,5.982687683490374,9.128402728701273,5.252301008593863,0.5823795663088792,4.600938109126676,6.014495595334181,46.666666666666664,4.988876515698588,40.0,52.0,72.0,5.656854249492381,68.0,80.0,166.66666666666666,29.454296045832695,132.0,204.0,377.3333333333333,16.438437341250605,356.0,396.0,934.6666666666666,40.83571421630281,900.0,992.0,2,ring,best_final_mean
continous_fixed_toplogies,local_continuous_fixed_topologies_v2,continuous,Sphere,30,1000,24,complete,best,BEZ,20,2,3,1;2;3,True,5.4827720247906715,1.2619953074125987,3.7528444818438436,6.727816387734622,9.275536722103041,0.9993311748814326,7.9449124664420125,10.353248550854588,9.08950674786998,1.195308245708825,7.857285619309863,10.707797945138317,14.12337886807088,0.791097897512121,13.51747343507037,15.240833137588375,2.3763764911043714,0.25869173154447245,2.0731203123894137,2.705230102065307,5.4827720247906715,1.2619953074125987,3.7528444818438436,6.727816387734622,131.1427936329908,4.093969168826372,127.78148757609098,136.9059816002793,246.0,0.0,246.0,246.0,131.1427936329908,4.093969168826372,127.78148757609098,136.9059816002793,24278.831103079756,1773.9872887851757,22252.970182389403,26573.347299406647,24.774317452122197,1.8101911110052815,22.707112431009595,27.11566050959862,30.227420263288085,1.4290541102961831,28.435034173913454,31.932196980327163,14.668042601830425,1.5649223776429038,12.625646239587669,16.42743851844985,9.204096613020392,1.4556978214605791,7.169084259075958,10.491098171358903,5.4827720247906715,1.2619953074125987,3.7528444818438436,6.727816387734622,44.0,3.265986323710904,40.0,48.0,94.66666666666667,21.746008573733455,64.0,112.0,196.0,36.8057966449127,168.0,248.0,421.3333333333333,47.81445620544295,368.0,484.0,989.3333333333334,9.977753031397176,976.0,1000.0,3,complete,best_final_mean
continous_fixed_toplogies,local_continuous_fixed_topologies_v2,continuous,Sphere,30,1000,24,torus,worst,BEZ,20,2,3,1;2;3,True,4.598877934891428,0.35131688624702123,4.149108935631873,5.0065634665813326,8.782058605057053,0.14478559362068077,8.578414268834354,8.902348052974913,8.562961333127147,0.5694488567182614,7.764480786509381,9.052918821623383,14.577630861898308,2.942827693572097,12.354162253795423,18.736083525540618,2.5680265464566556,0.4253088028659812,2.148003256480439,3.1508876162815302,4.598877934891428,0.35131688624702123,4.149108935631873,5.0065634665813326,118.72060853199805,18.380103825450227,98.5386564994562,142.99816038842962,246.0,0.0,246.0,246.0,118.72060853199805,18.380103825450227,98.5386564994562,142.99816038842962,22435.622294373537,484.4213442377832,22017.321804808253,23114.628456913735,22.893492137115857,0.49430749412018765,22.466654902865564,23.586355568279323,30.8329341730762,1.7693185654250538,28.336238264194726,32.22485939893391,14.288721377086521,1.5241850045338035,12.212284573834072,15.827956289062083,6.206016377895559,0.8446015575685758,5.595854444989904,7.400369236570064,4.598877934891428,0.35131688624702123,4.149108935631873,5.0065634665813326,50.666666666666664,6.79869268479038,44.0,60.0,104.0,29.028721409436322,76.0,144.0,229.33333333333334,18.571184369578827,204.0,248.0,460.0,52.255781179374466,396.0,524.0,981.3333333333334,13.199326582148887,964.0,996.0,1,torus,best_final_mean
continous_fixed_toplogies,local_continuous_fixed_topologies_v2,continuous,Sphere,30,1000,24,complete,worst,BEZ,20,2,3,1;2;3,True,4.902426928691661,0.3891347663630062,4.376653135311603,5.306062673457421,9.507607094804985,0.006249899844425288,9.501061013377491,9.516023430722829,9.230392478029035,0.21019746320441154,8.992107104043857,9.5034491693062,15.868941657842816,2.3382431987821057,13.090724774620941,18.811177620719107,2.652446432738558,0.2750764273039165,2.3258483772631,2.9987778180177,4.902426928691661,0.3891347663630062,4.376653135311603,5.306062673457421,128.45994137328822,10.818449943813357,119.47885811131393,143.6772437623657,246.0,0.0,246.0,246.0,128.45994137328822,10.818449943813357,119.47885811131393,143.6772437623657,24897.01206763027,1123.7144420677855,23312.829442885177,25798.077136290227,25.405114354724763,1.1466473898650877,23.788601472331813,26.3245685064186,31.91276873121277,4.708371320806811,25.629855950297312,36.96390990782004,14.3882152042206,1.771748409035779,11.965534151682343,16.15327138462578,8.337788186585765,0.317986332251577,7.896207853697384,8.632253779413897,4.902426928691661,0.3891347663630062,4.376653135311603,5.306062673457421,60.0,8.640987597877148,48.0,68.0,118.66666666666667,24.513035081133648,88.0,148.0,228.0,35.32704346531139,192.0,276.0,428.0,21.416504538945347,400.0,452.0,976.0,17.281975195754296,952.0,992.0,2,complete,best_final_mean
continous_fixed_toplogies,local_continuous_fixed_topologies_v2,continuous,Sphere,30,1000,24,ring,worst,BEZ,20,2,3,1;2;3,True,5.146874868981293,0.44931832355510337,4.6604247471450195,5.744155212373309,9.90547784103382,0.5837852662951653,9.440221592686207,10.728749955480197,9.776059347821294,0.5683723231943799,9.27084733295548,10.570090568636884,16.047089679262267,2.2217405231507157,14.230527319471502,19.175567319622033,2.785403148672877,0.09609165932337259,2.70590085539164,2.9206003508084546,5.146874868981293,0.44931832355510337,4.6604247471450195,5.744155212373309,130.64350522411797,8.10185773482946,123.48753084467062,141.9709550496406,246.0,0.0,246.0,246.0,130.64350522411797,8.10185773482946,123.48753084467062,141.9709550496406,24884.233143275425,1111.0791187696022,23664.497900219838,26351.964195009245,25.392074635995332,1.1337542028261238,24.14744683695902,26.889759382662493,35.2600879239401,4.571527232454951,28.943627309466088,39.612066879329134,12.972508514877923,2.6129166962341728,9.405303565894823,15.591148192823198,8.142243121416014,0.9137401530429639,6.882999167445492,9.023082333510617,5.146874868981293,0.44931832355510337,4.6604247471450195,5.744155212373309,54.666666666666664,21.746008573733455,24.0,72.0,106.66666666666667,19.136933459209764,80.0,124.0,232.0,20.396078054371138,204.0,252.0,414.6666666666667,9.977753031397176,404.0,428.0,968.0,9.797958971132712,956.0,980.0,3,ring,best_final_mean
continous_fixed_toplogies,local_continuous_fixed_topologies_v2,continuous,Sphere,30,1000,24,torus,maxDistance,BEZ,20,2,3,1;2;3,True,5.092843838800218,0.314103918707696,4.7432274135264025,5.504966555851342,8.73872000184891,0.39051489153776414,8.188176243848513,9.051793979524035,8.595786022041413,0.22215585304633415,8.290345953653222,8.812221109648183,13.019747170198631,1.4571815784784148,10.965027031632077,14.183712851050581,2.0192975276926304,0.456503088003992,1.3738311082156607,2.3530955479336133,5.092843838800218,0.314103918707696,4.7432274135264025,5.504966555851342,135.149782348064,16.07344205721903,113.23929562011588,151.3472807476571,246.0,0.0,246.0,246.0,135.149782348064,16.07344205721903,113.23929562011588,151.3472807476571,24224.71274581871,832.5731905773863,23140.14273947326,25163.92104448338,24.71909463859052,0.8495644801810068,23.612390550482917,25.67747045355447,28.385624489510533,5.698632876457464,20.697935728733473,34.32379600027515,14.291719309503813,0.5409996277568527,13.876883201602709,15.055872622384207,8.3512143342992,0.8855003746596335,7.407675096687697,9.536052428497852,5.092843838800218,0.314103918707696,4.7432274135264025,5.504966555851342,58.666666666666664,15.4344492037203,44.0,80.0,113.33333333333333,25.368396787253932,88.0,148.0,184.0,25.92296279363144,148.0,208.0,394.6666666666667,65.42850211405492,304.0,456.0,981.3333333333334,20.741798914805393,952.0,996.0,1,torus,best_final_mean
continous_fixed_toplogies,local_continuous_fixed_topologies_v2,continuous,Sphere,30,1000,24,complete,maxDistance,BEZ,20,2,3,1;2;3,True,5.398880238021796,0.488657516931213,5.0458184332462,6.089891241858151,9.60685105845806,0.5037331460645655,8.910987219794531,10.086884310850854,9.306783421481255,0.5526143596363855,8.530682116718378,9.774357776452035,17.12481080005574,2.662432027972733,13.5037814259979,19.829152181427705,2.5956753676114945,0.3876453200027857,2.2087178317211675,3.1254594139026244,5.398880238021796,0.488657516931213,5.0458184332462,6.089891241858151,126.76140016459034,12.563710874903242,117.58342680381112,144.5258887391722,246.0,0.0,246.0,246.0,126.76140016459034,12.563710874903242,117.58342680381112,144.5258887391722,24695.50926087019,1407.7992652272626,23574.474558664555,26680.91574944991,25.199499245785905,1.436529862476799,24.055586284351588,27.22542423413256,34.59035519887571,4.858518485535613,29.191247506772534,40.97026635207033,15.615777115608223,2.0142774220980706,13.039375546113858,17.956397262725417,8.501260143691947,1.828431450234818,6.848088935616878,11.049766497910921,5.398880238021796,0.488657516931213,5.0458184332462,6.089891241858151,56.0,9.797958971132712,44.0,68.0,85.33333333333333,9.977753031397176,72.0,96.0,216.0,54.55272678794342,144.0,276.0,458.6666666666667,45.29410067056808,412.0,520.0,988.0,16.97056274847714,964.0,1000.0,2,complete,best_final_mean
continous_fixed_toplogies,local_continuous_fixed_topologies_v2,continuous,Sphere,30,1000,24,ring,maxDistance,BEZ,20,2,3,1;2;3,True,5.400797473384157,0.22236990513446325,5.147996036781438,5.689189355959888,9.494821562243617,0.2813224357385056,9.224771925985081,9.882864887091747,9.414383068429851,0.15520713269800343,9.269543546880179,9.629631453116177,15.308626022912017,0.9172920181764087,14.044167277186162,16.191843503428018,2.478844780393044,0.19452922732137942,2.218839279310871,2.6866953631366743,5.400797473384157,0.22236990513446325,5.147996036781438,5.689189355959888,125.78745978969984,8.576663600534065,114.20180901723228,134.68966773665292,246.0,0.0,246.0,246.0,125.78745978969984,8.576663600534065,114.20180901723228,134.68966773665292,24668.209678445055,1062.7697820933856,23329.30537560735,25929.033849389893,25.17164252902557,1.0844589613197813,23.805413648578927,26.45819780549989,32.9358980108711,2.9714705550900726,29.882156049546047,36.962859172883675,16.47217289471201,2.5205819363606934,12.948357955642537,18.699962488023612,8.238847940768643,0.6407264477326197,7.588811295854681,9.110569877113297,5.400797473384157,0.22236990513446325,5.147996036781438,5.689189355959888,53.333333333333336,10.498677165349081,44.0,68.0,97.33333333333333,4.988876515698588,92.0,104.0,222.66666666666666,1.8856180831641267,220.0,224.0,472.0,23.55136231020759,448.0,504.0,988.0,16.97056274847714,964.0,1000.0,3,ring,best_final_mean
continous_fixed_toplogies,local_continuous_fixed_topologies_v2,continuous,Sphere,30,1000,36,torus,random,BEZ,20,2,3,1;2;3,True,4.544883859938766,0.5188663086117706,3.8285593160392226,5.040860246455736,9.054681951084909,0.21477244870249068,8.753836631381809,9.241296837892676,8.84332853576539,0.21724815320256097,8.547995307358587,9.064335815727947,14.546988399453548,0.24925090414861037,14.267121781279213,14.872515423014281,2.3855175750238846,0.12980047246460882,2.243376893946005,2.5571824684227624,4.544883859938766,0.5188663086117706,3.8285593160392226,5.040860246455736,134.30048459477229,9.107272336666776,121.56750874576579,142.34539697178656,246.0,0.0,246.0,246.0,134.30048459477229,9.107272336666776,121.56750874576579,142.34539697178656,22994.25583951479,84.79143295044454,22926.484746517723,23113.813375999383,23.463526366851827,0.0865218703575968,23.39437219032421,23.585523853060597,32.20324730478458,3.933435404235326,28.0866378114101,37.50161622185984,13.761687370561958,0.23267679842864997,13.570027388692935,14.089158414211623,7.20718820443976,1.5153886019911271,5.06906819060608,8.402486190585643,4.544883859938766,0.5188663086117706,3.8285593160392226,5.040860246455736,42.666666666666664,12.364824660660938,32.0,60.0,88.0,8.640987597877148,76.0,96.0,205.33333333333334,32.87687468250121,168.0,248.0,404.0,14.236104336041748,384.0,416.0,986.6666666666666,9.428090415820634,980.0,1000.0,1,torus,best_final_mean
continous_fixed_toplogies,local_continuous_fixed_topologies_v2,continuous,Sphere,30,1000,36,ring,random,BEZ,20,2,3,1;2;3,True,4.890953399740428,0.19687715464097727,4.646425635857191,5.128523615189746,9.288877100038343,0.17148610879657605,9.140227890529866,9.529149852265416,9.64645446519011,0.33148597549509656,9.311647780792255,10.098028162962574,14.11045390341205,1.4094731291070883,12.970633360565557,16.09653104356625,2.2499575789803004,0.2361994962859718,2.03588154380042,2.5790629094280026,4.890953399740428,0.19687715464097727,4.646425635857191,5.128523615189746,138.59521803619643,1.4998977374510878,136.47731249989044,139.75613618415875,246.0,0.0,246.0,246.0,138.59521803619643,1.4998977374510878,136.47731249989044,139.75613618415875,24324.66887835982,1117.0882991243468,23101.32146292003,25802.01875412027,24.821090692203896,1.1398860195146399,23.572777002979624,26.328590565428847,29.612637521335177,2.1453222587946494,27.389926748022244,32.51236619250711,14.46158391997744,1.7381376437844998,13.183435520559605,16.919018976312543,8.041567680794858,0.9400157342987506,6.868158280307709,9.16936124179064,4.890953399740428,0.19687715464097727,4.646425635857191,5.128523615189746,45.333333333333336,4.988876515698588,40.0,52.0,86.66666666666667,4.988876515698588,80.0,92.0,192.0,5.656854249492381,184.0,196.0,433.3333333333333,13.199326582148887,416.0,448.0,984.0,9.797958971132712,972.0,996.0,2,ring,best_final_mean
continous_fixed_toplogies,local_continuous_fixed_topologies_v2,continuous,Sphere,30,1000,36,complete,random,BEZ,20,2,3,1;2;3,True,5.4679225590023695,0.741546209615516,4.741686127969805,6.486229034619152,9.76915364609167,0.3460052414198944,9.36379520269777,10.20919933532777,9.317379126963587,0.44065912804019647,8.717068294228735,9.76241683611937,17.64017305165233,2.559460858643742,15.24285428936966,21.187429225433828,2.619803969364273,0.2576452990734825,2.258147828428343,2.839041374563451,5.4679225590023695,0.741546209615516,4.741686127969805,6.486229034619152,129.251169689771,8.603167785771745,117.0856664404626,135.4827230063216,246.0,0.0,246.0,246.0,129.251169689771,8.603167785771745,117.0856664404626,135.4827230063216,23779.135353711896,2879.7891113462515,21092.417241629402,27773.142882938253,24.26442383031826,2.938560317700256,21.522874736356535,28.33994171728393,30.042935606484377,7.018399773365776,22.910333059436788,39.58681069783417,14.479394461419902,1.5908711998428458,12.986367499527256,16.6834605589226,8.606285035695048,1.3967994033426396,7.111287309809134,10.471956161513672,5.4679225590023695,0.741546209615516,4.741686127969805,6.486229034619152,48.0,3.265986323710904,44.0,52.0,80.0,11.313708498984761,64.0,88.0,202.66666666666666,9.977753031397176,192.0,216.0,400.0,82.04064033554752,284.0,460.0,980.0,14.236104336041748,960.0,992.0,3,complete,best_final_mean
continous_fixed_toplogies,local_continuous_fixed_topologies_v2,continuous,Sphere,30,1000,36,torus,best,BEZ,20,2,3,1;2;3,True,4.2765927418032685,0.5207461839993907,3.7014142696068024,4.962481081674276,9.290373708465415,0.24428006710565653,9.081506316049442,9.63311379583136,9.10291543407455,0.3274691726646732,8.734169080689986,9.529927609523664,14.510097653150272,0.4521211427337569,13.883051964021833,14.931928250758299,2.5906644440141138,0.21321392173871617,2.3445713328246196,2.86460467112497,4.2765927418032685,0.5207461839993907,3.7014142696068024,4.962481081674276,118.45107128108272,10.65404035341702,104.68025677944932,130.63141618493745,246.0,0.0,246.0,246.0,118.45107128108272,10.65404035341702,104.68025677944932,130.63141618493745,21614.840704302747,1844.6082031592296,19354.556461034506,23872.903696152713,22.05595990234974,1.8822532685298266,19.749547409218884,24.36010581240073,27.24609002483263,7.320653952925734,18.070230288756804,35.986207271304664,12.947634433597164,2.8199170988743045,10.803581798357886,16.931735164719683,6.236068824125818,1.020394003166618,5.121278736053914,7.587024311480407,4.2765927418032685,0.5207461839993907,3.7014142696068024,4.962481081674276,57.333333333333336,19.136933459209764,40.0,84.0,105.33333333333333,17.987650084309387,84.0,128.0,205.33333333333334,35.22625283632775,156.0,236.0,434.6666666666667,34.92213560989012,388.0,472.0,985.3333333333334,9.428090415820634,972.0,992.0,1,torus,best_final_mean
continous_fixed_toplogies,local_continuous_fixed_topologies_v2,continuous,Sphere,30,1000,36,ring,best,BEZ,20,2,3,1;2;3,True,4.4198128400889445,0.43462577544186076,3.9075211166746553,4.970096831946825,9.136889028509529,0.5834370373706491,8.33204230324029,9.696679720921635,8.958198703536903,0.5718067555396869,8.254095738880842,9.654668114975983,17.022400556080257,2.6033399626836005,13.356151940536122,19.1471312059022,2.5811640561152713,0.39495860427562074,2.033674504425744,2.9507203225554735,4.4198128400889445,0.43462577544186076,3.9075211166746553,4.970096831946825,129.9594200832875,21.477568719135796,99.6159376298129,146.30748676437807,246.0,0.0,246.0,246.0,129.9594200832875,21.477568719135796,99.6159376298129,146.30748676437807,22466.817934304723,1567.9378982689086,20424.456533599907,24235.804632844614,22.925324422759925,1.5999366308866416,20.841282177142762,24.73041289065777,29.196312132502563,3.975901071407597,24.951309661046093,34.512032669723645,13.466572505084626,1.3008234767396756,12.005845956684876,15.16539901532176,8.369715545328994,0.48557457422787614,7.698539617610035,8.831065809751168,4.4198128400889445,0.43462577544186076,3.9075211166746553,4.970096831946825,41.333333333333336,13.59738536958076,28.0,60.0,88.0,11.775681155103795,76.0,104.0,225.33333333333334,13.199326582148887,208.0,240.0,412.0,53.96295025292817,336.0,456.0,980.0,11.775681155103795,968.0,996.0,2,ring,best_final_mean
continous_fixed_toplogies,local_continuous_fixed_topologies_v2,continuous,Sphere,30,1000,36,complete,best,BEZ,20,2,3,1;2;3,True,5.033851542036066,0.257832289929711,4.6872126213981415,5.30513695878801,9.578760076550246,0.2834698947226312,9.24170205288765,9.935243041078975,9.238174408684708,0.33701811679636706,8.761796814225221,9.489405720863587,15.729594809046297,1.2174053416945245,14.010994611201472,16.677909900836983,2.4759052292911488,0.3972620473398854,2.083716007792545,3.0203766651741777,5.033851542036066,0.257832289929711,4.6872126213981415,5.30513695878801,135.14685005323318,4.824469726341259,128.9189645703811,140.67395338192546,246.0,0.0,246.0,246.0,135.14685005323318,4.824469726341259,128.9189645703811,140.67395338192546,22654.55553815565,1246.7988986158166,21062.8385171013,24107.36833480083,23.116893406281278,1.2722437740977712,21.492692364389082,24.599355443674316,30.573742159930053,6.2980166949556775,22.060696813228603,37.09820787239447,12.99258279076409,1.3001597046687872,11.641539166841577,14.74821280617553,7.2404713732884245,0.6186431541312089,6.695719024360762,8.105732601521924,5.033851542036066,0.257832289929711,4.6872126213981415,5.30513695878801,38.666666666666664,10.498677165349081,24.0,48.0,81.33333333333333,6.79869268479038,72.0,88.0,176.0,39.59797974644666,148.0,232.0,388.0,25.508168626278653,368.0,424.0,997.3333333333334,1.8856180831641267,996.0,1000.0,3,complete,best_final_mean
continous_fixed_toplogies,local_continuous_fixed_topologies_v2,continuous,Sphere,30,1000,36,ring,worst,BEZ,20,2,3,1;2;3,True,4.486448310338707,1.0631432779177592,3.128303623490013,5.724083722056218,9.519287363062618,0.560353808532776,8.770580602532133,10.118525660914036,9.325577516533002,0.6041955690900567,8.47331980690264,9.804819701537456,15.948644143109346,0.9066057970585223,14.675197007425641,16.714404145164185,2.6908261679592336,0.15210836563074362,2.5814049451123857,2.905929046450959,4.486448310338707,1.0631432779177592,3.128303623490013,5.724083722056218,135.74729200256328,12.679696956886149,117.86156327402212,145.80263255286195,246.0,0.0,246.0,246.0,135.74729200256328,12.679696956886149,117.86156327402212,145.80263255286195,24518.542251941326,3178.072385751326,20033.73269361429,27016.0520149184,25.018920665246252,3.242931005868701,20.44258438123907,27.56740001522286,32.09250245116732,4.816434967987113,25.292614782412873,35.836269598474935,14.905510818060966,3.5007575034213088,10.443238591278217,18.993808630713712,7.211156275696889,1.1732272263756842,6.064815611187367,8.823133855583603,4.486448310338707,1.0631432779177592,3.128303623490013,5.724083722056218,58.666666666666664,4.988876515698588,52.0,64.0,98.66666666666667,12.364824660660938,88.0,116.0,188.0,31.15552385479446,164.0,232.0,430.6666666666667,44.100894422776605,376.0,484.0,969.3333333333334,13.199326582148887,952.0,984.0,1,ring,best_final_mean
continous_fixed_toplogies,local_continuous_fixed_topologies_v2,continuous,Sphere,30,1000,36,complete,worst,BEZ,20,2,3,1;2;3,True,5.040110089306948,0.8179506452641097,4.146381379469791,6.122978871915749,9.851357569386437,0.23388191599054653,9.586026689509296,10.155051571497618,9.5860008407678,0.11796397821841877,9.480035958703318,9.750571063669154,17.29989615192238,1.201474291795528,15.61080476057671,18.304249277115293,2.680448464533433,0.13569616758400532,2.501443865817179,2.829852266997111,5.040110089306948,0.8179506452641097,4.146381379469791,6.122978871915749,128.6843436069211,8.034117516240881,119.54844907830459,139.10226008214397,246.0,0.0,246.0,246.0,128.6843436069211,8.034117516240881,119.54844907830459,139.10226008214397,24553.074411847385,2445.180258094392,21205.649391740844,26978.065194536954,25.054157563109577,2.495081896014686,21.63841774667433,27.528637953609138,36.19180447011068,3.8353197291063097,30.96460692844571,40.059125910442646,14.576661731040314,1.18988583815122,13.437436436105958,16.21882589581822,8.522566163327575,0.7027967257934283,7.619238318272113,9.333234208310099,5.040110089306948,0.8179506452641097,4.146381379469791,6.122978871915749,45.333333333333336,4.988876515698588,40.0,52.0,97.33333333333333,7.542472332656507,92.0,108.0,250.66666666666666,22.939534045447004,224.0,280.0,445.3333333333333,49.13473539383541,376.0,484.0,980.0,3.265986323710904,976.0,984.0,2,complete,best_final_mean
continous_fixed_toplogies,local_continuous_fixed_topologies_v2,continuous,Sphere,30,1000,36,torus,worst,BEZ,20,2,3,1;2;3,True,5.454482680361928,0.6792492642110716,4.593866711024802,6.254350483447432,9.1733813826397,0.2863770810617854,8.869303017746038,9.557088452025788,8.704575730000762,0.3615259711463841,8.357192468210389,9.203144558912237,16.614397876783023,0.7596464932678496,15.577627176097812,17.376553770366055,2.3805085471720298,0.21648090492136363,2.0763906885650387,2.5630669740219183,5.454482680361928,0.6792492642110716,4.593866711024802,6.254350483447432,123.74604959233805,3.579090191342443,119.0519942130071,127.73295928034248,246.0,0.0,246.0,246.0,123.74604959233805,3.579090191342443,119.0519942130071,127.73295928034248,23473.69187648987,1558.1237366309547,21565.365594975465,25381.973705063356,23.952746812744763,1.5899221802356684,22.005475096913738,25.899973168431995,33.40466233046841,5.046282721692688,26.316366758904312,37.66609902491267,13.431637047904307,1.0522027411426242,12.015643898145596,14.535762973601527,8.842285367385003,0.9980234441719978,7.570422842782297,10.008169912116825,5.454482680361928,0.6792492642110716,4.593866711024802,6.254350483447432,49.333333333333336,4.988876515698588,44.0,56.0,85.33333333333333,26.398653164297773,48.0,104.0,232.0,39.73243846867024,176.0,264.0,416.0,3.265986323710904,412.0,420.0,996.0,3.265986323710904,992.0,1000.0,3,torus,best_final_mean
continous_fixed_toplogies,local_continuous_fixed_topologies_v2,continuous,Sphere,30,1000,36,torus,maxDistance,BEZ,20,2,3,1;2;3,True,3.855543900191834,0.6040611909041366,3.0394289169562945,4.482238383507319,9.612645363808285,0.01287340769733055,9.594475330514864,9.622717475283014,9.586502716118984,0.22096211734014226,9.28137066077003,9.797440034237052,15.110758934800373,0.8593039678514973,13.904469762452111,15.841397788510339,2.7131879306087487,0.18326482654814355,2.4805788676581972,2.928481162699456,3.855543900191834,0.6040611909041366,3.0394289169562945,4.482238383507319,121.75500821504006,14.335438044415016,106.49791366546044,140.94525844903026,246.0,0.0,246.0,246.0,121.75500821504006,14.335438044415016,106.49791366546044,140.94525844903026,24380.96297712747,827.3404717260481,23255.949821103717,25221.8531633384,24.878533650130073,0.844224971149029,23.73056104194257,25.73658486054939,33.53782254010717,0.7874997316827064,32.643615419798635,34.55984258166777,15.015533350867841,0.9177024037200255,14.285349205351444,16.30981318071157,7.695213350110157,0.6928286721259702,6.7191971234379455,8.257797581166058,3.855543900191834,0.6040611909041366,3.0394289169562945,4.482238383507319,57.333333333333336,1.8856180831641267,56.0,60.0,109.33333333333333,16.110727964792762,96.0,132.0,249.33333333333334,37.85351884420904,196.0,280.0,470.6666666666667,34.92213560989012,424.0,508.0,976.0,19.86621923433512,948.0,992.0,1,torus,best_final_mean
continous_fixed_toplogies,local_continuous_fixed_topologies_v2,continuous,Sphere,30,1000,36,ring,maxDistance,BEZ,20,2,3,1;2;3,True,3.9332161775225924,0.3075980895604272,3.7079729049755272,4.36813267596593,9.31519917108093,0.500663070412328,8.697030215956428,9.923274655702357,9.253402662371604,0.33832436294933926,8.780297243366174,9.551789898866822,15.72952827802753,0.4799462429003689,15.070540390805458,16.199819300735445,2.5298361247034853,0.19056185947048448,2.3639802760187445,2.796719509742382,3.9332161775225924,0.3075980895604272,3.7079729049755272,4.36813267596593,118.9604370124526,3.9194497877487957,114.26261380247138,123.85708737442899,246.0,0.0,246.0,246.0,118.9604370124526,3.9194497877487957,114.26261380247138,123.85708737442899,21878.139414252626,1487.8310019584544,20594.450912665965,23963.787498242727,22.32463205535982,1.518194899957607,21.014745829250984,24.452844385961967,30.867375233044637,4.26076755854886,26.689281134063954,36.716589507143574,14.142417449727887,0.7170056055845292,13.485486585089701,15.13982005172269,7.094624266383493,0.47607897818099454,6.565760027117156,7.719893956840043,3.9332161775225924,0.3075980895604272,3.7079729049755272,4.36813267596593,50.666666666666664,8.219218670625303,40.0,60.0,74.66666666666667,29.272664533466866,52.0,116.0,236.0,14.966629547095765,220.0,256.0,457.3333333333333,28.534579412043595,428.0,496.0,978.6666666666666,6.79869268479038,972.0,988.0,2,ring,best_final_mean
continous_fixed_toplogies,local_continuous_fixed_topologies_v2,continuous,Sphere,30,1000,36,complete,maxDistance,BEZ,20,2,3,1;2;3,True,4.66513666866084,0.2761501961777459,4.445680115564187,5.054628259906989,9.284125198394742,0.3166249534936445,8.839770835919582,9.554145270162158,9.349802175097677,0.26412238434460783,9.071108745478737,9.704528624523117,15.901767601851985,0.9992190942653585,14.682226237593294,17.12975939585253,2.76376966334206,0.20791413978040132,2.476370810908411,2.961263689620625,4.66513666866084,0.2761501961777459,4.445680115564187,5.054628259906989,136.7251026637818,5.569253492078985,131.15910407367696,144.33403414440875,246.0,0.0,246.0,246.0,136.7251026637818,5.569253492078985,131.15910407367696,144.33403414440875,22770.474365825594,1961.8851849341236,20973.92431798742,25499.813605578056,23.23517792431183,2.001923658096044,21.401963589783083,26.020217964875567,30.968309203548603,5.028592438148623,26.073828903151313,37.88356455126789,14.050637185590329,2.6881186810075643,11.865852919486391,17.837284567818084,6.663717995486798,0.5536617131385351,6.1010482222189175,7.416607739567091,4.66513666866084,0.2761501961777459,4.445680115564187,5.054628259906989,54.666666666666664,1.8856180831641267,52.0,56.0,80.0,8.640987597877148,72.0,92.0,177.33333333333334,50.208454356700614,136.0,248.0,392.0,70.65408693062278,320.0,488.0,992.0,6.531972647421808,984.0,1000.0,3,complete,best_final_mean
continous_fixed_toplogies,local_continuous_fixed_topologies_v2,continuous,Rastrigin,30,1000,12,complete,random,BEZ,20,2,3,1;2;3,True,74.9201399173222,3.569231848981645,71.75890995397016,79.90870044239843,91.88759843400692,3.298645386865977,87.45606835530359,95.36540465874003,92.2672338112971,1.6715663765589948,90.01140980866296,94.00722814263082,113.42012653654352,6.422711522298715,104.57012778621393,119.61571240701899,11.469784074300517,1.738626247557946,9.075602733558272,13.15180115535411,74.9201399173222,3.569231848981645,71.75890995397016,79.90870044239843,313.90727891652165,6.481962053597991,305.0185770158807,320.2925013173979,246.0,0.0,246.0,246.0,313.90727891652165,6.481962053597991,305.0185770158807,320.2925013173979,146690.77415641857,5041.416599831122,139599.31641426988,150874.6584302506,149.6844634249169,5.1443026528889,142.44828205537743,153.95373309209245,191.58835678813637,17.75453875791759,166.52220014108218,205.38686506571196,115.11891400496752,7.239058813204951,105.51735227265982,122.99596988761026,93.74939146672496,1.9271567097411888,91.80858473330088,96.37685590457244,74.9201399173222,3.569231848981645,71.75890995397016,79.90870044239843,77.33333333333333,4.988876515698588,72.0,84.0,178.66666666666666,16.110727964792762,156.0,192.0,346.6666666666667,41.61196409153929,288.0,380.0,614.6666666666666,81.147328291749,500.0,676.0,957.3333333333334,29.272664533466866,916.0,980.0,1,complete,best_final_mean
continous_fixed_toplogies,local_continuous_fixed_topologies_v2,continuous,Rastrigin,30,1000,12,ring,random,BEZ,20,2,3,1;2;3,True,76.22555057907242,7.95529509409801,65.19607933842954,83.66204403146935,97.37524632471636,3.4687665657152804,93.13129514788098,101.62798962398722,97.54895294119079,5.002925103583725,90.59637857860139,102.16109737038278,121.83339003956631,6.64330864100823,116.33009790929152,131.17940160459705,13.96876851699557,4.915713797284181,10.416945255478174,20.920081276596655,76.22555057907242,7.95529509409801,65.19607933842954,83.66204403146935,326.6918581623303,20.69632874011501,303.68878801332073,353.8666541537016,246.0,0.0,246.0,246.0,326.6918581623303,20.69632874011501,303.68878801332073,353.8666541537016,148424.4322690926,6291.886300762078,139534.8985693084,153206.67916710157,151.4535023154006,6.4202921436347715,142.38254956051878,156.33334608887915,194.735372455421,10.207845468194181,180.38098852332107,203.24068719486294,131.9525829632803,9.011276201753764,119.23274433563107,138.98994389183102,92.0237885258433,12.691470920682857,74.11151219689512,101.96629311936887,76.22555057907242,7.95529509409801,65.19607933842954,83.66204403146935,58.666666666666664,9.977753031397176,48.0,72.0,154.66666666666666,40.30991055421593,100.0,196.0,357.3333333333333,41.994708661396324,320.0,416.0,641.3333333333334,65.99663291074444,568.0,728.0,982.6666666666666,6.79869268479038,976.0,992.0,2,ring,best_final_mean
continous_fixed_toplogies,local_continuous_fixed_topologies_v2,continuous,Rastrigin,30,1000,12,torus,random,BEZ,20,2,3,1;2;3,True,79.94899015186148,4.209743586268063,75.09212038995518,85.3592069966909,98.35934713388015,2.553950069469987,94.81990915294321,100.75218370582455,98.25672474153946,2.971726319597997,94.23168201753896,101.3161507221011,117.33270106580426,3.3904608675789807,112.75654528589006,120.86051120521888,11.474892191672298,2.5543422964801734,7.9051354319995735,13.73896193094618,79.94899015186148,4.209743586268063,75.09212038995518,85.3592069966909,322.1462336413318,11.558875023702772,308.5580649906657,336.8100474576423,246.0,0.0,246.0,246.0,322.1462336413318,11.558875023702772,308.5580649906657,336.8100474576423,146606.34464531002,5889.809387682733,139172.35057652692,153577.04435109408,149.59831086256125,6.010009579268102,142.0126026291091,156.71126974601438,182.91911488851412,20.384951580776736,155.87477310425055,205.08836965429197,126.22292863118312,5.381934436552744,121.94001959313975,133.8132679028779,97.11136900073232,1.2603857877643798,95.50349285526117,98.5815722058411,79.94899015186148,4.209743586268063,75.09212038995518,85.3592069966909,68.0,11.775681155103795,52.0,80.0,141.33333333333334,33.038697848970315,116.0,188.0,306.6666666666667,52.28979080300687,244.0,372.0,650.6666666666666,68.68931665275338,564.0,732.0,984.0,13.063945294843617,968.0,1000.0,3,torus,best_final_mean
continous_fixed_toplogies,local_continuous_fixed_topologies_v2,continuous,Rastrigin,30,1000,12,ring,best,BEZ,20,2,3,1;2;3,True,67.78028193142738,3.7887829253937855,64.05805231025596,72.97922074412716,91.72750386853811,1.003015550127753,90.38155766204548,92.78826802069891,91.96438021566695,1.9971275664394552,90.05854441457669,94.7224629838656,111.2400164430658,5.347700866048833,105.00191757140145,118.0619632147168,12.362657343427232,0.8533424156212406,11.576099978781153,13.548580682288245,67.78028193142738,3.7887829253937855,64.05805231025596,72.97922074412716,344.48346561426206,4.919192933610572,339.00759441930154,350.9374225611532,246.0,0.0,246.0,246.0,344.48346561426206,4.919192933610572,339.00759441930154,350.9374225611532,143296.51051690854,5054.695713404725,137259.36260773664,149630.1345427233,146.22092909888627,5.1578527687803435,140.06057408952717,152.68381075788093,189.8690267210038,3.0012394479035045,186.91160246888944,193.98428747741707,127.24530230300056,9.925662729711794,115.51541016008838,139.78747786524997,87.94775612220992,9.153540020766508,79.13807326395005,100.56679613186631,67.78028193142738,3.7887829253937855,64.05805231025596,72.97922074412716,45.333333333333336,8.219218670625303,36.0,56.0,136.0,21.416504538945347,108.0,160.0,353.3333333333333,47.81445620544295,300.0,416.0,661.3333333333334,77.37929668558351,552.0,720.0,993.3333333333334,3.7712361663282534,988.0,996.0,1,ring,best_final_mean
continous_fixed_toplogies,local_continuous_fixed_topologies_v2,continuous,Rastrigin,30,1000,12,torus,best,BEZ,20,2,3,1;2;3,True,69.89290655776223,12.111765647212708,53.68777574273208,82.8004279578253,96.00102668679615,0.5483613244564596,95.25166363886969,96.54859973756517,95.41720491097901,2.8586546113501408,92.14734558768792,99.11098723488693,121.57642551837661,4.567492481492251,116.93812755999964,127.78885401356692,13.124352511989903,2.7495070431944173,9.245441141158395,15.298794162495236,69.89290655776223,12.111765647212708,53.68777574273208,82.8004279578253,344.73487726974525,13.472597484114186,329.1025281391296,361.9844271560792,246.0,0.0,246.0,246.0,344.73487726974525,13.472597484114186,329.1025281391296,361.9844271560792,137064.64175809873,11805.483047438487,120598.8238642794,147687.48287783682,139.86187934499873,12.04641127289641,123.06002435130551,150.7015131406498,171.60584498305218,12.24957508382618,154.41030892976718,182.02385735636202,113.56885027961728,13.69584146978343,94.71741848656154,126.84576726956844,87.58140027768707,16.229116648878527,64.84315249184488,101.65337572527987,69.89290655776223,12.111765647212708,53.68777574273208,82.8004279578253,57.333333333333336,4.988876515698588,52.0,64.0,136.0,11.775681155103795,120.0,148.0,305.3333333333333,1.8856180831641267,304.0,308.0,557.3333333333334,32.05550741379015,512.0,580.0,962.6666666666666,35.82674358011841,912.0,988.0,2,torus,best_final_mean
continous_fixed_toplogies,local_continuous_fixed_topologies_v2,continuous,Rastrigin,30,1000,12,complete,best,BEZ,20,2,3,1;2;3,True,76.00590733206558,4.161193006434716,70.38032403395039,80.31466030153803,95.48462302503566,3.2823118188591933,90.84470070346751,97.92161816248596,92.95455151205095,2.5699569759123615,89.32273095348016,94.89057781781818,118.35027679697247,5.656975241937206,110.42446980677818,123.2556456747104,13.167086830797793,1.404680525909043,11.24170561567177,14.553300108512046,76.00590733206558,4.161193006434716,70.38032403395039,80.31466030153803,327.99247655893,18.597863384998366,304.0890793190136,349.4463582977121,246.0,0.0,246.0,246.0,327.99247655893,18.597863384998366,304.0890793190136,349.4463582977121,143231.38173132832,4261.406000564872,137506.03899259373,147723.38104358796,146.15447115441665,4.348373469964159,140.31228468632014,150.73814392202854,190.8660033889058,20.43863046240674,164.2341252808273,213.9114709050838,115.36903191128621,9.503457822015895,106.84848860712378,128.63062692238927,92.7345381146251,6.044369250000341,84.67093706616402,99.22303419263667,76.00590733206558,4.161193006434716,70.38032403395039,80.31466030153803,61.333333333333336,4.988876515698588,56.0,68.0,154.66666666666666,44.34210439550904,92.0,188.0,318.6666666666667,78.4063489492755,208.0,380.0,576.0,85.10385811857573,468.0,676.0,978.6666666666666,11.469767022723502,964.0,992.0,3,complete,best_final_mean
continous_fixed_toplogies,local_continuous_fixed_topologies_v2,continuous,Rastrigin,30,1000,12,ring,worst,BEZ,20,2,3,1;2;3,True,69.99844152709032,5.42057827680831,62.40155857805195,74.68543822019006,94.93436737120808,4.338738742724002,91.03391128949484,100.98664521458917,94.27504184199245,6.518270708327328,88.51684847134032,103.38825324956981,123.33776916200165,7.355473139479286,113.46707405580464,131.1159166111139,14.938100937736502,0.15277703262158626,14.738580906297313,15.109659632663062,69.99844152709032,5.42057827680831,62.40155857805195,74.68543822019006,304.70383244337336,21.828193926080278,281.3188528406883,333.8480305235164,246.0,0.0,246.0,246.0,304.70383244337336,21.828193926080278,281.3188528406883,333.8480305235164,138152.29831710283,5373.142869044702,133258.94142882415,145633.58600225588,140.97173297663554,5.482798845963979,135.97851166206547,148.60570000230192,174.3070058594482,10.11484104488978,160.02985398239045,182.21188118767438,119.631108071506,9.982178039276576,108.06185269761454,132.42145236576508,92.49974923351671,9.611133715661625,82.45227117234347,105.4510966933948,69.99844152709032,5.42057827680831,62.40155857805195,74.68543822019006,78.66666666666667,4.988876515698588,72.0,84.0,164.0,8.640987597877148,156.0,176.0,350.6666666666667,21.746008573733455,328.0,380.0,645.3333333333334,78.81342243270213,564.0,752.0,978.6666666666666,18.856180831641268,952.0,992.0,1,ring,best_final_mean
continous_fixed_toplogies,local_continuous_fixed_topologies_v2,continuous,Rastrigin,30,1000,12,torus,worst,BEZ,20,2,3,1;2;3,True,70.00289038065497,3.072180564736174,66.03508302800267,73.51970590790171,94.45804474650527,3.395522658049722,89.66306313783929,97.08020132796028,96.16988777967147,5.399580549296781,88.93181642348301,101.89627901498886,121.04780278492848,10.649927445401893,106.32304141154293,131.15198648444448,14.787850379152077,1.7082108718101088,12.810337389233908,16.97829666556487,70.00289038065497,3.072180564736174,66.03508302800267,73.51970590790171,346.71622006799123,7.476051557390946,338.99602646720496,356.8321923792889,246.0,0.0,246.0,246.0,346.71622006799123,7.476051557390946,338.99602646720496,356.8321923792889,143655.4905827572,9157.551170090746,131399.91426617588,153408.43418745068,146.58723528852772,9.344439969480351,134.08154516956722,156.53921855862313,187.70896838910988,22.322473103578368,156.1911502619948,205.02015435114325,119.27309914412741,13.424007401410824,100.722953136876,132.04460238471478,89.58476772858619,5.963506902958242,83.95958175846997,97.8391512253832,70.00289038065497,3.072180564736174,66.03508302800267,73.51970590790171,62.666666666666664,3.7712361663282534,60.0,68.0,158.66666666666666,13.59738536958076,140.0,172.0,338.6666666666667,79.08364067379689,228.0,408.0,561.3333333333334,94.28090415820634,428.0,628.0,986.6666666666666,10.498677165349081,972.0,996.0,2,torus,best_final_mean
continous_fixed_toplogies,local_continuous_fixed_topologies_v2,continuous,Rastrigin,30,1000,12,complete,worst,BEZ,20,2,3,1;2;3,True,74.18637937134172,1.3378143952125072,72.87392678565126,76.02274217823629,91.01476627545514,3.626896573127879,86.3018089750608,95.1241263368564,91.75830282363289,3.518535187332211,88.24076440652604,96.56507587238656,108.3725379223066,10.311603686812122,96.26753963767231,121.4674456218978,10.279520373383209,1.5871556145330754,8.276956941362853,12.158810741211202,74.18637937134172,1.3378143952125072,72.87392678565126,76.02274217823629,331.87731812620547,8.74869683818649,321.80329484738513,343.1348671847685,246.0,0.0,246.0,246.0,331.87731812620547,8.74869683818649,321.80329484738513,343.1348671847685,144960.70071897545,6779.056621543361,135842.20081726616,152083.76280686978,147.9190823663015,6.917404715860566,138.61449062986344,155.18751306823447,188.78078388844946,7.5868715285056805,178.12981196851308,195.228110860157,125.19453864167669,7.950104048272312,115.5231345629485,134.99553915414424,91.20544373681253,4.509975516212563,86.75041401827582,97.38572362710299,74.18637937134172,1.3378143952125072,72.87392678565126,76.02274217823629,60.0,8.640987597877148,52.0,72.0,152.0,17.281975195754296,136.0,176.0,358.6666666666667,27.776888874666213,324.0,392.0,608.0,26.127890589687233,576.0,640.0,980.0,6.531972647421808,972.0,988.0,3,complete,best_final_mean
continous_fixed_toplogies,local_continuous_fixed_topologies_v2,continuous,Rastrigin,30,1000,12,complete,maxDistance,BEZ,20,2,3,1;2;3,True,69.54056932101787,6.9773528909749105,59.78187756190214,75.68527341496363,91.08123686453398,1.6189183377280858,89.71815679126712,93.35584137310366,90.79351442030278,1.460138236878838,89.00882973258851,92.58540161033054,117.46255003005847,10.35488366748989,103.32091819995142,127.82670931274781,13.692186894349225,4.0860100298161885,8.161211669753188,17.906623002735476,69.54056932101787,6.9773528909749105,59.78187756190214,75.68527341496363,314.8233349071846,22.36049854004655,288.6592421471645,343.28614947259206,246.0,0.0,246.0,246.0,314.8233349071846,22.36049854004655,288.6592421471645,343.28614947259206,134429.4966388184,10632.718938845812,119850.28832040894,144907.6869510149,137.17295575389633,10.84971320290389,122.29621257184586,147.8649866847091,176.1802053869084,20.43085241066258,148.05247451177766,195.96706498850872,111.85594278864357,12.08360240473264,95.29187067310608,123.77718299387993,87.85579445820873,9.251341415016237,75.30105400499679,97.32140025957302,69.54056932101787,6.9773528909749105,59.78187756190214,75.68527341496363,77.33333333333333,9.977753031397176,64.0,88.0,152.0,16.97056274847714,140.0,176.0,334.6666666666667,60.69230227595222,252.0,396.0,588.0,54.55272678794342,528.0,660.0,970.6666666666666,13.199326582148887,956.0,988.0,1,complete,best_final_mean
continous_fixed_toplogies,local_continuous_fixed_topologies_v2,continuous,Rastrigin,30,1000,12,torus,maxDistance,BEZ,20,2,3,1;2;3,True,69.95038963652682,2.3288038178120627,67.05625857508076,72.758702713497,92.51222728100527,1.038389165975253,91.0709439335149,93.47660000366992,93.26308285358944,2.1737465954158033,90.87323332173378,96.1325898966657,115.80736159074641,7.9746863194770485,104.92620428772197,123.81576902378009,13.193300954559795,1.7244761408457094,10.75488759228095,14.4490062180573,69.95038963652682,2.3288038178120627,67.05625857508076,72.758702713497,306.9523712093925,15.093361568424186,289.9887820487244,326.6543185179127,246.0,0.0,246.0,246.0,306.9523712093925,15.093361568424186,289.9887820487244,326.6543185179127,136511.73916343218,1890.3023981904337,133870.7975044258,138191.28533349806,139.2976930239104,1.9288799981535036,136.60285459635287,141.0115156464266,182.4301217274408,7.463685650102975,174.81496128606244,192.56754426957679,114.60469569153162,2.6324483733452797,112.56298312032987,118.32151822134622,82.07925388338933,1.975399846905058,79.32158377809263,83.84506248228274,69.95038963652682,2.3288038178120627,67.05625857508076,72.758702713497,72.0,5.656854249492381,64.0,76.0,152.0,5.656854249492381,148.0,160.0,373.3333333333333,30.34615113797611,332.0,404.0,550.6666666666666,36.709066394496546,512.0,600.0,956.0,40.13311184877976,900.0,992.0,2,torus,best_final_mean
continous_fixed_toplogies,local_continuous_fixed_topologies_v2,continuous,Rastrigin,30,1000,12,ring,maxDistance,BEZ,20,2,3,1;2;3,True,77.47463527511414,5.045616017765589,72.54675827052974,84.40784470999313,97.08307006312987,4.404813592546579,90.92541341829505,100.9780004997866,98.21307808923245,4.2218351591247805,92.25148461377437,101.4774071730262,111.69504107700283,3.027052120630038,107.42421289518367,114.08459448511988,10.092810370813561,0.9855165649948116,8.782028853193678,11.158387928068242,77.47463527511414,5.045616017765589,72.54675827052974,84.40784470999313,306.8803793309033,35.44262660247972,259.1260124704512,343.94505702813177,246.0,0.0,246.0,246.0,306.8803793309033,35.44262660247972,259.1260124704512,343.94505702813177,150428.37968473844,6756.908390042646,144978.0428936191,159950.9069890708,153.49834661708005,6.894804479635346,147.93677846287665,163.21521121333754,193.71577923414094,6.260411565886354,184.87005296554847,198.46109321318005,127.14283965246227,7.536040992328825,118.34759620921675,136.75300780914205,96.11595223102513,7.8895504910627405,89.07964883039124,107.13312628543687,77.47463527511414,5.045616017765589,72.54675827052974,84.40784470999313,89.33333333333333,21.746008573733455,72.0,120.0,189.33333333333334,47.366185782217634,132.0,248.0,369.3333333333333,64.85539470408165,312.0,460.0,677.3333333333334,58.08805576211191,600.0,740.0,986.6666666666666,7.542472332656507,976.0,992.0,3,ring,best_final_mean
continous_fixed_toplogies,local_continuous_fixed_topologies_v2,continuous,Rastrigin,30,1000,24,ring,random,BEZ,20,2,3,1;2;3,True,62.16617039863672,6.967260279428494,54.287199672441446,71.22966190183328,92.44444357434374,2.6785257984258415,89.06271635586472,95.61337735921694,90.66521487782722,3.702837222332633,85.55539218171162,94.21198773503562,123.65992460392742,4.15348780119392,120.1732390158216,129.4970992312719,14.924581442176075,0.9190235058684678,13.627901220532957,15.64954797538456,62.16617039863672,6.967260279428494,54.287199672441446,71.22966190183328,303.5303129496786,25.428497697726492,276.7093930186876,337.68665041617294,246.0,0.0,246.0,246.0,303.5303129496786,25.428497697726492,276.7093930186876,337.68665041617294,138995.6431152103,5553.477666810584,134512.91715230735,146821.8558931901,141.8322888930717,5.666813945725093,137.25807872684422,149.8182202991736,192.10424597903602,6.164514383643411,183.64480090254654,198.15885156219437,124.79417667765412,7.317548356845393,117.81988330157849,134.90244070798974,86.49419343453495,12.228731215391349,70.16345927620021,99.58836788412972,62.16617039863672,6.967260279428494,54.287199672441446,71.22966190183328,82.66666666666667,21.249836600678968,56.0,108.0,197.33333333333334,33.9934634239519,164.0,244.0,417.3333333333333,39.911012125588705,364.0,460.0,682.6666666666666,53.89702115042063,628.0,756.0,962.6666666666666,24.729649321321876,928.0,984.0,1,ring,best_final_mean
continous_fixed_toplogies,local_continuous_fixed_topologies_v2,continuous,Rastrigin,30,1000,24,complete,random,BEZ,20,2,3,1;2;3,True,70.85389428857123,5.2532051701676625,63.48021812747042,75.32553918816988,96.12891164747545,3.1254009584966114,92.26961924199084,99.92446066756487,94.96392293813234,4.687685228208341,88.52105128307454,99.53763197233349,128.85075565813392,11.889972680541067,119.7276115402141,145.64479911778668,15.202308519553958,2.0340037747809085,12.431758892820934,17.25750728986753,70.85389428857123,5.2532051701676625,63.48021812747042,75.32553918816988,337.9222175390047,25.46113635757869,309.147854838959,371.05589817111985,246.0,0.0,246.0,246.0,337.9222175390047,25.46113635757869,309.147854838959,371.05589817111985,138747.13302447737,3860.1080395015642,133400.63568126218,142375.303543244,141.57870716783407,3.9388857545934384,136.123097633941,145.28092198290204,187.63338005877543,5.8817019616207995,182.68244494022582,195.89744054180426,113.2263168298079,2.2107615113139847,110.25816609525867,115.56113340485788,92.01407794835748,3.9925112432710175,86.42127043689624,95.48174703633403,70.85389428857123,5.2532051701676625,63.48021812747042,75.32553918816988,61.333333333333336,4.988876515698588,56.0,68.0,137.33333333333334,22.23110933404409,116.0,168.0,306.6666666666667,13.199326582148887,288.0,316.0,612.0,62.31104770958892,524.0,660.0,985.3333333333334,9.428090415820634,972.0,992.0,2,complete,best_final_mean
continous_fixed_toplogies,local_continuous_fixed_topologies_v2,continuous,Rastrigin,30,1000,24,torus,random,BEZ,20,2,3,1;2;3,True,77.53471272966951,2.151059561695917,75.88640254902461,80.57311510027299,96.03806853290568,1.090204428961165,94.65140179976757,97.31508423927599,94.00946612790791,4.19155537462529,88.61389430145067,98.83317729546249,131.80800706896582,11.495473888814619,115.70511058245646,141.79373126233762,12.652809894237224,2.2192729316417683,9.54977889357654,14.611949577339933,77.53471272966951,2.151059561695917,75.88640254902461,80.57311510027299,308.2298958927103,17.811594564412324,283.84373661583936,325.88793465110405,246.0,0.0,246.0,246.0,308.2298958927103,17.811594564412324,283.84373661583936,325.88793465110405,140832.47524276824,9445.689417200323,128314.67665509695,151129.95247174223,143.70660739057982,9.638458588979924,130.93334352560913,154.2142372160635,180.33584241446832,20.94784653644862,152.1124625567465,202.2449058643913,118.91342268989234,9.713328669041873,105.24449931629927,126.92836356090895,93.2293737158039,5.814299910917308,87.70535721708517,101.26613849722727,77.53471272966951,2.151059561695917,75.88640254902461,80.57311510027299,74.66666666666667,13.199326582148887,60.0,92.0,158.66666666666666,22.23110933404409,128.0,180.0,304.0,44.181444068749045,248.0,356.0,557.3333333333334,84.810900766876,444.0,648.0,936.0,34.40930106817051,896.0,980.0,3,torus,best_final_mean
continous_fixed_toplogies,local_continuous_fixed_topologies_v2,continuous,Rastrigin,30,1000,24,torus,best,BEZ,20,2,3,1;2;3,True,65.15448042806041,0.9858357186296106,63.76597089823572,65.95754263931012,93.29378340901124,1.7389634754536603,91.21008432035548,95.466844487224,92.72759955520212,3.2702092364247064,89.45624671861022,97.19436951467395,123.24244735182513,2.1077107460228235,120.93658741799938,126.03120260205311,14.803723130810202,0.5679341270434213,14.204794714220936,15.566638871459908,65.15448042806041,0.9858357186296106,63.76597089823572,65.95754263931012,321.91782120642426,6.54528953272448,313.2766288988501,329.1121900075218,246.0,0.0,246.0,246.0,321.91782120642426,6.54528953272448,313.2766288988501,329.1121900075218,135254.38981895032,3630.9953489012587,131512.09731405304,140170.63474655812,138.0146834887248,3.7050972947972003,134.19601766740107,143.03125994546747,177.4159620035374,15.319209507421501,164.20624500392105,198.89175868797082,112.0712683512834,3.6704878073153457,108.81354533035191,117.20000866745737,87.10138330498836,0.6722203114366431,86.49322314582082,88.03825571722396,65.15448042806041,0.9858357186296106,63.76597089823572,65.95754263931012,74.66666666666667,3.7712361663282534,72.0,80.0,146.66666666666666,20.997354330698162,128.0,176.0,328.0,29.93325909419153,296.0,368.0,662.6666666666666,38.96437118987322,608.0,696.0,940.0,40.92269134192748,892.0,992.0,1,torus,best_final_mean
continous_fixed_toplogies,local_continuous_fixed_topologies_v2,continuous,Rastrigin,30,1000,24,complete,best,BEZ,20,2,3,1;2;3,True,68.6345729696966,2.8478649590800544,64.6612555709063,71.19137540016906,91.0473483297723,1.7946318172835682,88.52154500957758,92.52540860619669,90.41428145089118,5.492828696173215,82.99848843223191,96.1249912457168,116.08956445294837,4.319810148118243,110.09643652215915,120.1122632913366,12.179599107064085,1.7385827179733295,9.807067183533542,13.92472462607486,68.6345729696966,2.8478649590800544,64.6612555709063,71.19137540016906,326.1950263767817,30.887891013444168,291.5282336042344,366.54478272801407,246.0,0.0,246.0,246.0,326.1950263767817,30.887891013444168,291.5282336042344,366.54478272801407,139398.62592386137,3137.017019457402,135772.23410515557,143425.0266256964,142.24349584067488,3.2010377749565357,138.54309602566894,146.3520679854045,188.68456664553497,18.8766091448252,162.9110833165506,207.59503033446276,112.7834320514738,5.864707866309631,107.42497912903858,120.94512458593483,78.03269842632773,6.425287548509186,69.43185434267617,84.87193730047478,68.6345729696966,2.8478649590800544,64.6612555709063,71.19137540016906,58.666666666666664,22.23110933404409,28.0,80.0,160.0,34.09789827345179,112.0,188.0,368.0,18.184242262647807,348.0,392.0,581.3333333333334,10.498677165349081,572.0,596.0,944.0,52.56107558513873,872.0,996.0,2,complete,best_final_mean
continous_fixed_toplogies,local_continuous_fixed_topologies_v2,continuous,Rastrigin,30,1000,24,ring,best,BEZ,20,2,3,1;2;3,True,70.8720442347984,2.8147630135820503,67.12279024222177,73.90497046198753,94.39899502609305,1.4329415494793478,92.67862967576423,96.18666868362732,93.9406898766034,1.4867779652456756,91.84739031994789,95.15861662795871,125.85135018995568,5.258337049156846,121.96963895682089,133.28532889004484,12.902336119612341,1.4589512712683714,10.843427218240697,14.047888889807325,70.8720442347984,2.8147630135820503,67.12279024222177,73.90497046198753,323.9024726010467,17.100910456844016,300.0785039114511,339.41662220959506,246.0,0.0,246.0,246.0,323.9024726010467,17.100910456844016,300.0785039114511,339.41662220959506,136217.3320455443,3706.5931482212673,131029.00025073157,139458.92287285594,138.99727759749416,3.7822379063482314,133.70306148033833,142.30502333964893,175.1347674718512,4.7588116542236945,168.83497535052183,180.3350042265446,114.07301437970682,5.180156845625874,106.98882099840978,119.23118363067474,87.52619324095673,4.443087670543929,84.01887989902629,93.79489220556071,70.8720442347984,2.8147630135820503,67.12279024222177,73.90497046198753,69.33333333333333,14.727148022916348,52.0,88.0,148.0,13.063945294843617,132.0,164.0,310.6666666666667,6.79869268479038,304.0,320.0,581.3333333333334,36.417334089993766,548.0,632.0,962.6666666666666,16.759740119968715,940.0,980.0,3,ring,best_final_mean
continous_fixed_toplogies,local_continuous_fixed_topologies_v2,continuous,Rastrigin,30,1000,24,ring,worst,BEZ,20,2,3,1;2;3,True,65.65186533660325,3.0846353841318934,61.5151246763336,68.9194002558632,95.10375080676413,1.9910393066546566,92.96968114144023,97.76159244058832,96.002454557714,1.3322296279625763,94.49863453668415,97.73729268395982,124.93219287202368,5.038698532927399,118.69013171509296,131.02983708739922,15.049245945650416,1.117584094242912,13.656820327213259,16.39303460710335,65.65186533660325,3.0846353841318934,61.5151246763336,68.9194002558632,327.27104347771126,22.14480656062351,297.0132652694044,349.3955619198038,246.0,0.0,246.0,246.0,327.27104347771126,22.14480656062351,297.0132652694044,349.3955619198038,136461.0272579754,2998.3747137615683,132920.572190614,140252.20996760222,139.24594618160754,3.0595660344505826,135.63323692919798,143.11449996694105,178.7007095378576,12.612102666491106,164.97127126156633,195.42568191657972,106.28592001928985,4.600355316013029,100.24092550022002,111.39130817819174,85.62154891886097,3.6842496983813806,80.71451546924682,89.59207282997629,65.65186533660325,3.0846353841318934,61.5151246763336,68.9194002558632,65.33333333333333,16.438437341250605,44.0,84.0,165.33333333333334,23.626726862225798,132.0,184.0,344.0,17.281975195754296,328.0,368.0,564.0,66.0504857413378,504.0,656.0,986.6666666666666,6.79869268479038,980.0,996.0,1,ring,best_final_mean
continous_fixed_toplogies,local_continuous_fixed_topologies_v2,continuous,Rastrigin,30,1000,24,torus,worst,BEZ,20,2,3,1;2;3,True,70.09320988160592,1.9013328975046222,68.72780047200499,72.78199111506373,93.09223608775316,0.8958182191602829,91.92737188770224,94.1060079253974,91.90415830567306,0.8013741414970248,90.78900179052293,92.63672293994298,117.96316852496108,5.883752263399073,110.00794474135564,124.05350897484914,12.566168711711637,0.6025568076740809,11.740750284304148,13.162250154729639,70.09320988160592,1.9013328975046222,68.72780047200499,72.78199111506373,311.92767900899366,7.96198671764896,303.80377343649366,322.7417771894762,246.0,0.0,246.0,246.0,311.92767900899366,7.96198671764896,303.80377343649366,322.7417771894762,135567.59805392017,3521.1422658005927,130712.64131793044,138954.0918559733,138.33428372848996,3.5930023120414134,133.38024624278617,141.78988964895234,170.69079003360736,8.555751860804552,159.81052405494057,180.71526529098645,113.3209281617401,11.703100013205852,97.62653674849176,125.71877036138763,87.91120109889516,2.052643222463358,85.04114678555624,89.72319970932553,70.09320988160592,1.9013328975046222,68.72780047200499,72.78199111506373,61.333333333333336,4.988876515698588,56.0,68.0,145.33333333333334,11.469767022723502,132.0,160.0,318.6666666666667,17.987650084309387,304.0,344.0,568.0,71.18052168020874,468.0,628.0,984.0,11.313708498984761,968.0,992.0,2,torus,best_final_mean
continous_fixed_toplogies,local_continuous_fixed_topologies_v2,continuous,Rastrigin,30,1000,24,complete,worst,BEZ,20,2,3,1;2;3,True,70.85024944025788,2.6514306434467225,67.85909393138884,74.30410915264285,94.46346082363185,1.9634389494896545,91.94799737626798,96.73951052137285,94.13857497745367,2.9499629727698546,89.97163541123373,96.39778121003502,122.48190010283471,2.7970537978484193,119.32477668568023,126.12436435725284,13.550947123321869,1.1347115180276257,12.294672864922857,15.043772973668961,70.85024944025788,2.6514306434467225,67.85909393138884,74.30410915264285,316.48122294897985,18.66600871552553,293.6185997222917,339.3407963045132,246.0,0.0,246.0,246.0,316.48122294897985,18.66600871552553,293.6185997222917,339.3407963045132,138616.53774610194,7821.649060700482,127992.38430302442,146595.6003612279,141.44544667969586,7.9812745517351855,130.60447377859634,149.5873473073754,180.09696232631134,11.117440957817196,164.3767692374092,188.18703085069023,117.78370054814481,11.966633901730603,101.36003380660735,129.53076636944058,85.35242050161243,10.363286233993719,72.97069059181828,98.33417094238006,70.85024944025788,2.6514306434467225,67.85909393138884,74.30410915264285,70.66666666666667,21.249836600678968,44.0,96.0,138.66666666666666,13.199326582148887,124.0,156.0,366.6666666666667,26.398653164297773,348.0,404.0,601.3333333333334,67.11846905948383,548.0,696.0,969.3333333333334,19.136933459209764,952.0,996.0,3,complete,best_final_mean
continous_fixed_toplogies,local_continuous_fixed_topologies_v2,continuous,Rastrigin,30,1000,24,torus,maxDistance,BEZ,20,2,3,1;2;3,True,66.69534481700715,2.752857391953686,64.42965926376627,70.56996392677874,93.73367058687178,1.9514947487358156,91.02146716633904,95.53188323994895,93.30825931901524,2.846448918519005,89.5749460355575,96.47882781139795,124.2304006557601,2.3672166728190165,121.38684341982729,127.1822802013091,13.039932987318881,0.20339402530115616,12.866501927945432,13.325381868574393,66.69534481700715,2.752857391953686,64.42965926376627,70.56996392677874,329.36329933332786,18.18248454503348,316.4262863135336,355.0770490721329,246.0,0.0,246.0,246.0,329.36329933332786,18.18248454503348,316.4262863135336,355.0770490721329,141757.24506506088,1776.030996733318,140409.72831419497,144266.64450198656,144.65025006638865,1.8122765272788892,143.27523297366835,147.21086173672097,192.6324091268089,5.54079775570588,185.76421706734953,199.33324864665798,120.05689968524058,3.162687858443235,117.56637453829946,124.51959214982871,91.6993932523797,11.9855994665688,77.9551662894073,107.16243571461347,66.69534481700715,2.752857391953686,64.42965926376627,70.56996392677874,66.66666666666667,9.977753031397176,56.0,80.0,156.0,11.775681155103795,144.0,172.0,390.6666666666667,15.4344492037203,376.0,412.0,672.0,87.87870428418177,584.0,792.0,982.6666666666666,11.469767022723502,968.0,996.0,1,torus,best_final_mean
continous_fixed_toplogies,local_continuous_fixed_topologies_v2,continuous,Rastrigin,30,1000,24,ring,maxDistance,BEZ,20,2,3,1;2;3,True,68.13195345738131,2.7251467832830927,64.67109132849482,71.33087438535333,96.38957574618982,1.7402249610747593,94.0654687670252,98.25267804631972,96.50207664245427,1.9626097792136499,93.73478196832934,98.07096937923683,123.18727644987354,7.416926459964254,117.75579122857515,133.67414660978415,13.599645245337625,1.021098609917911,12.20751719170327,14.628046703807634,68.13195345738131,2.7251467832830927,64.67109132849482,71.33087438535333,324.6904479676854,17.534552884617923,302.5138618911481,345.3881161046607,246.0,0.0,246.0,246.0,324.6904479676854,17.534552884617923,302.5138618911481,345.3881161046607,132981.57443242532,6113.875448514181,124423.01030634905,138325.02028680246,135.6954841147197,6.2386484168512055,126.96225541464189,141.14797988449232,156.28808075833257,22.824847251443508,124.0091848419396,172.55056079199628,114.17882982642959,6.7832169335903645,104.5951914342833,119.33596303627068,85.34169183023675,1.373564393968152,83.41962730210462,86.54617774253543,68.13195345738131,2.7251467832830927,64.67109132849482,71.33087438535333,61.333333333333336,19.136933459209764,44.0,88.0,133.33333333333334,27.776888874666213,108.0,172.0,305.3333333333333,80.61982110843186,196.0,388.0,614.6666666666666,10.498677165349081,600.0,624.0,993.3333333333334,9.428090415820634,980.0,1000.0,2,ring,best_final_mean
continous_fixed_toplogies,local_continuous_fixed_topologies_v2,continuous,Rastrigin,30,1000,24,complete,maxDistance,BEZ,20,2,3,1;2;3,True,71.45842554681253,7.096704299366523,61.57641568429467,77.91739908011687,94.63663347855739,0.29083760460139224,94.27645712473864,94.98872314961082,92.25887990840404,1.2812770249988257,90.8916320269754,93.97230050148787,126.6716189362454,4.651573643215102,120.91646629891125,132.30860998055982,13.06440781635186,2.2681258146152814,10.749594004493963,16.14478633640055,71.45842554681253,7.096704299366523,61.57641568429467,77.91739908011687,303.660188345708,3.817793883783576,298.5060895177678,307.629995514082,246.0,0.0,246.0,246.0,303.660188345708,3.817793883783576,298.5060895177678,307.629995514082,142181.06121433387,4086.8162422421856,136905.83937623355,146863.69692929822,145.0827155248305,4.170220655349169,139.6998360981975,149.86091523397778,180.1800900213195,4.45691046682441,174.21006717794643,184.91587178806452,121.03363459055501,4.379830476028264,115.22885366278844,125.80759158641013,90.27616992873182,10.102899121434328,76.35151438028879,100.00992908036986,71.45842554681253,7.096704299366523,61.57641568429467,77.91739908011687,68.0,8.640987597877148,56.0,76.0,173.33333333333334,12.364824660660938,156.0,184.0,381.3333333333333,13.59738536958076,368.0,400.0,658.6666666666666,4.988876515698588,652.0,664.0,992.0,3.265986323710904,988.0,996.0,3,complete,best_final_mean
continous_fixed_toplogies,local_continuous_fixed_topologies_v2,continuous,Rastrigin,30,1000,36,torus,random,BEZ,20,2,3,1;2;3,True,63.135666498831434,3.3656078467645267,58.46862390134345,66.27851425348113,94.12521113487665,2.1794436772209274,91.80794137895012,97.04386242525446,93.49612280597039,2.3253326343899827,90.33066467458934,95.85064452820399,136.8057683218574,11.45826901031829,125.76660825555223,152.59864392372117,15.031321700667979,1.3674342534283108,13.31419177838482,16.660219887545953,63.135666498831434,3.3656078467645267,58.46862390134345,66.27851425348113,315.45224082239235,19.682746177437302,287.6244303317253,329.9366441832127,246.0,0.0,246.0,246.0,315.45224082239235,19.682746177437302,287.6244303317253,329.9366441832127,129811.64385689246,3218.598983113377,125303.50550379654,132610.3097311506,132.4608610784617,3.284284676646302,127.8607199018332,135.31664258280674,164.9226301354314,5.8553644609216215,157.0227280174406,171.0223717307255,108.67221849767115,7.855816588263155,102.85326113678929,119.77776836050337,79.6839445773336,6.675331445119586,72.09716399946967,88.34258359585931,63.135666498831434,3.3656078467645267,58.46862390134345,66.27851425348113,70.66666666666667,21.249836600678968,44.0,96.0,136.0,11.775681155103795,120.0,148.0,330.6666666666667,19.136933459209764,304.0,348.0,653.3333333333334,39.2371705854991,604.0,700.0,960.0,16.32993161855452,940.0,980.0,1,torus,best_final_mean
continous_fixed_toplogies,local_continuous_fixed_topologies_v2,continuous,Rastrigin,30,1000,36,complete,random,BEZ,20,2,3,1;2;3,True,65.63979297649357,1.920635437351145,63.78766085754512,68.28645942109014,92.70798339199611,0.8312277632372913,91.97967813098347,93.87125302060139,92.11114684799887,2.4143836962830743,88.97610201000933,94.8502038790144,130.26887290201486,10.72535514752978,115.11268867327809,138.36409583098293,14.337108508527665,2.299586791319199,11.109559566347883,16.2963464155847,65.63979297649357,1.920635437351145,63.78766085754512,68.28645942109014,317.5001276367941,8.879074748614634,309.8127597789648,329.9423715702118,246.0,0.0,246.0,246.0,317.5001276367941,8.879074748614634,309.8127597789648,329.9423715702118,140562.75311672245,152.77427973072537,140348.73172507505,140695.37833496698,143.43138073134944,0.15589212217421422,143.21299155619903,143.56671258670102,180.6288116388346,6.913334935476915,174.7557713738115,190.3345155056816,124.77809811281676,1.562969288293901,122.57738585512249,126.0572241030794,88.03968148577992,3.0312849625219283,83.9057929557673,91.08960947501053,65.63979297649357,1.920635437351145,63.78766085754512,68.28645942109014,65.33333333333333,6.79869268479038,56.0,72.0,164.0,3.265986323710904,160.0,168.0,412.0,11.313708498984761,396.0,420.0,693.3333333333334,9.977753031397176,680.0,704.0,985.3333333333334,8.219218670625303,976.0,996.0,2,complete,best_final_mean
continous_fixed_toplogies,local_continuous_fixed_topologies_v2,continuous,Rastrigin,30,1000,36,ring,random,BEZ,20,2,3,1;2;3,True,70.2251913876431,2.429514489190567,68.14733839266785,73.63386601061465,95.05665311393496,2.063196237539098,92.2183266009264,97.06155951043984,95.98118850737117,2.7946845234285838,92.16162103384156,98.77050087619,131.1914164659497,9.156814079076359,118.83485352783055,140.72489992376967,13.275105446608945,1.8700211301887713,10.73021328379131,15.170537443388861,70.2251913876431,2.429514489190567,68.14733839266785,73.63386601061465,285.7529408001067,28.126745201932316,247.4501487624332,314.196418666984,246.0,0.0,246.0,246.0,285.7529408001067,28.126745201932316,247.4501487624332,314.196418666984,135995.0223839141,7072.113494553275,126070.36358909894,142028.8202944556,138.77043100399396,7.2164423413808905,128.64322815214177,144.92736764740366,180.4898908863121,10.987496288459122,167.47691552169542,194.3505927450817,111.52306429522476,10.107734265191507,98.80603084912644,123.5346539181844,83.51131588704249,5.180656121007492,79.02696770679248,90.77113512353993,70.2251913876431,2.429514489190567,68.14733839266785,73.63386601061465,89.33333333333333,13.59738536958076,76.0,108.0,170.66666666666666,3.7712361663282534,168.0,176.0,372.0,25.92296279363144,348.0,408.0,632.0,62.567297102133686,544.0,684.0,986.6666666666666,9.428090415820634,980.0,1000.0,3,ring,best_final_mean
continous_fixed_toplogies,local_continuous_fixed_topologies_v2,continuous,Rastrigin,30,1000,36,torus,best,BEZ,20,2,3,1;2;3,True,64.78665880082735,4.147275693846648,60.72905739727223,70.48312179056947,93.78595166315893,1.0747728235124652,92.46997161586015,95.10261635580285,93.48836112096184,1.2490055591994647,92.34111084515727,95.22512207804712,121.956579497018,2.1061899228583703,119.46713384170714,124.61765299935313,12.487801001263563,0.8099957814485288,11.368588639306491,13.258742261153465,64.78665880082735,4.147275693846648,60.72905739727223,70.48312179056947,315.1022679209402,40.572320327342126,261.8327778390146,360.2015962208182,246.0,0.0,246.0,246.0,315.1022679209402,40.572320327342126,261.8327778390146,360.2015962208182,138995.78879114313,5044.386487938167,131918.29244177658,143309.47994957873,141.83243754198278,5.1473331509573175,134.61050249160874,146.23416321385585,181.51668017253752,5.410149374044322,176.47346162149586,189.0211635543378,115.94530797968892,9.175410096714723,104.2428319126172,126.65157084210588,90.21108258261899,5.4997175179962845,84.97170640810386,97.80892717033686,64.78665880082735,4.147275693846648,60.72905739727223,70.48312179056947,77.33333333333333,25.368396787253932,52.0,112.0,181.33333333333334,39.911012125588705,128.0,224.0,381.3333333333333,77.37929668558351,272.0,440.0,665.3333333333334,98.75671566475309,532.0,768.0,980.0,14.966629547095765,964.0,1000.0,1,torus,best_final_mean
continous_fixed_toplogies,local_continuous_fixed_topologies_v2,continuous,Rastrigin,30,1000,36,complete,best,BEZ,20,2,3,1;2;3,True,65.80797085137254,2.798278257752772,63.19629764678903,69.68866941424844,95.30626479860211,2.8046160947416725,91.34899978422692,97.51694765124859,95.40656051302015,4.326846050360547,90.0822400371587,100.68044503157907,126.78090486649056,6.529873125233437,118.17926759331024,133.9916619410799,14.106512742566782,1.2903798861977849,12.336004164639522,15.374644175886415,65.80797085137254,2.798278257752772,63.19629764678903,69.68866941424844,304.73922342878376,15.37563974086539,286.0042210024257,323.6652396534375,246.0,0.0,246.0,246.0,304.73922342878376,15.37563974086539,286.0042210024257,323.6652396534375,135221.12963699008,1993.2505431172783,132409.9520670736,136807.0849772042,137.9807445275409,2.033929125629873,135.1121959868098,139.5990663032696,169.31363934511214,4.3645402694583835,164.6092488156091,175.12637646844988,117.67338636540487,5.633736413268176,112.13328275625211,125.40215957384788,84.79915636750368,2.7008519405629166,82.41240234798232,88.57506232095264,65.80797085137254,2.798278257752772,63.19629764678903,69.68866941424844,73.33333333333333,19.136933459209764,56.0,100.0,145.33333333333334,13.199326582148887,128.0,160.0,389.3333333333333,26.398653164297773,360.0,424.0,657.3333333333334,10.498677165349081,648.0,672.0,969.3333333333334,7.542472332656507,964.0,980.0,2,complete,best_final_mean
continous_fixed_toplogies,local_continuous_fixed_topologies_v2,continuous,Rastrigin,30,1000,36,ring,best,BEZ,20,2,3,1;2;3,True,69.0097929024302,5.3222704693946135,61.730842350435054,74.30833525672573,93.853901358905,2.5823861111440802,91.76023575626718,97.49216239553995,92.85280543297166,2.308966917040371,90.25714151136584,95.86641387704266,119.78431566433919,2.935323060941907,117.28808616528603,123.904852897448,12.444560822584837,0.6673371620410904,11.50090337032991,12.928276153121898,69.0097929024302,5.3222704693946135,61.730842350435054,74.30833525672573,303.76180355381445,14.871484484337257,289.8407075789639,324.37496635658096,246.0,0.0,246.0,246.0,303.76180355381445,14.871484484337257,289.8407075789639,324.37496635658096,131651.54629676725,11274.778249195313,122692.72753087457,147553.98555767103,134.33831254772167,11.504875764485014,125.19666074579038,150.5652913853786,176.17130945034162,10.883962145704325,162.5498431174326,189.18951305085835,112.01178394514828,12.796781515318184,100.85722802499656,129.93079344477482,79.90652698222416,7.927954366632519,70.08818753942742,89.5038571742792,69.0097929024302,5.3222704693946135,61.730842350435054,74.30833525672573,69.33333333333333,16.759740119968715,52.0,92.0,149.33333333333334,30.8688984074406,120.0,192.0,326.6666666666667,53.09948733797301,276.0,400.0,578.6666666666666,48.47909056719425,528.0,644.0,980.0,17.281975195754296,956.0,996.0,3,ring,best_final_mean
continous_fixed_toplogies,local_continuous_fixed_topologies_v2,continuous,Rastrigin,30,1000,36,complete,worst,BEZ,20,2,3,1;2;3,True,63.14782016488149,0.8567981110364324,62.14903442983283,64.24132985274579,94.64878064048528,0.3002017830696941,94.22718145429872,94.90284985909639,92.82936584886295,1.2733212385117874,91.65333756222202,94.59837049444543,129.452561913026,11.056769659863107,120.61557132088058,145.04284895987234,14.215739499783867,0.23065774616529935,13.979549817455895,14.528681253344335,63.14782016488149,0.8567981110364324,62.14903442983283,64.24132985274579,330.79945151015835,7.954781095994447,324.9873243383712,342.0471094719501,246.0,0.0,246.0,246.0,330.79945151015835,7.954781095994447,324.9873243383712,342.0471094719501,126549.45353940295,8972.123224265611,113906.61225232956,133802.22581874317,129.13209544837036,9.155227779862873,116.23123699217302,136.53288348851345,173.89084395040624,8.455173223871581,165.47862399587981,185.45635933476674,104.04316446080603,16.417459316793977,81.95608064699442,121.28509342235145,78.78311853890557,10.487820295126465,65.59330498219356,91.25281685132317,63.14782016488149,0.8567981110364324,62.14903442983283,64.24132985274579,62.666666666666664,14.727148022916348,44.0,80.0,134.66666666666666,20.997354330698162,116.0,164.0,332.0,46.07240678178932,280.0,392.0,537.3333333333334,107.34782510864184,396.0,656.0,972.0,28.472208672083497,932.0,996.0,1,complete,best_final_mean
continous_fixed_toplogies,local_continuous_fixed_topologies_v2,continuous,Rastrigin,30,1000,36,torus,worst,BEZ,20,2,3,1;2;3,True,68.25954502390732,1.909529097676679,65.67061715197987,70.21924682543401,94.38308093523621,3.3712137540943297,91.66703396227273,99.13447146555275,91.70523596822432,1.8498350574964992,90.18558443674429,94.30919541324775,129.9744436367118,6.261251931614471,121.26875676827814,135.72842080412653,14.054172916722978,1.6039683378750027,11.807588181800549,15.448969271205351,68.25954502390732,1.909529097676679,65.67061715197987,70.21924682543401,324.4442454274332,9.224923118205654,313.21929811272094,335.8142557231146,246.0,0.0,246.0,246.0,324.4442454274332,9.224923118205654,313.21929811272094,335.8142557231146,137346.55801752213,690.9318065003964,136666.61211423372,138294.26061160763,140.14954899747156,0.7050324556126438,139.45572664717727,141.1165924608241,177.65464772976986,2.55472145259002,175.62174268175465,181.25767624334384,113.60154759580415,8.684662574255292,101.71505377980701,122.22219895862499,89.25500072670899,4.877853410446771,84.49471834936709,95.95890932432863,68.25954502390732,1.909529097676679,65.67061715197987,70.21924682543401,64.0,6.531972647421808,56.0,72.0,130.66666666666666,20.741798914805393,116.0,160.0,364.0,35.92584956081995,320.0,408.0,617.3333333333334,8.219218670625303,608.0,628.0,969.3333333333334,23.170862929310356,944.0,1000.0,2,torus,best_final_mean
continous_fixed_toplogies,local_continuous_fixed_topologies_v2,continuous,Rastrigin,30,1000,36,ring,worst,BEZ,20,2,3,1;2;3,True,68.72239858418385,5.643947143620679,61.80597017002494,75.63075373531726,95.5708547439563,1.15472467513564,94.43708930625237,97.15558595951673,96.57750243379245,1.0761838811695528,95.52166994062952,98.05471891155463,125.37491821160775,5.917167089238159,120.04978879256512,133.62779123514716,14.439102857467287,1.7773839195630006,12.67623514052501,16.872265898400283,68.72239858418385,5.643947143620679,61.80597017002494,75.63075373531726,308.06653860233223,16.39047390240305,291.0951448257893,330.2252123822383,246.0,0.0,246.0,246.0,308.06653860233223,16.39047390240305,291.0951448257893,330.2252123822383,134365.51767992182,1695.3489042093954,131975.46374739718,135724.99375753364,137.10767110196105,1.729947861438162,134.66884055856855,138.49489158932005,173.87278666664534,3.9201152894893823,168.87231448937678,178.44604333588293,112.11249541596563,2.2712240340324374,108.91393327506921,113.96591836070448,80.77422689407629,6.306136779830587,72.47874765040237,87.75742233768679,68.72239858418385,5.643947143620679,61.80597017002494,75.63075373531726,76.0,14.966629547095765,60.0,96.0,164.0,29.93325909419153,132.0,204.0,352.0,25.508168626278653,316.0,372.0,578.6666666666666,29.63481436119049,552.0,620.0,989.3333333333334,3.7712361663282534,984.0,992.0,3,ring,best_final_mean
continous_fixed_toplogies,local_continuous_fixed_topologies_v2,continuous,Rastrigin,30,1000,36,complete,maxDistance,BEZ,20,2,3,1;2;3,True,62.46494311887231,4.253764751621157,56.78436487063414,67.01988816107946,93.36860871713074,0.5012425351778411,92.71085800515627,93.92637076840643,92.43900710050809,0.898370251060376,91.16988044655533,93.12448029053098,126.67047539590648,2.4673795059580796,124.27721168830462,130.06623413532355,14.179910965759753,1.3531672347654926,12.473392329525794,15.783128920072073,62.46494311887231,4.253764751621157,56.78436487063414,67.01988816107946,320.84476332774864,2.781714239319131,318.6488500911262,324.7694450753864,246.0,0.0,246.0,246.0,320.84476332774864,2.781714239319131,318.6488500911262,324.7694450753864,132667.39605823654,2481.954599424702,129527.10027888864,135595.50372789864,135.37489393697606,2.53260673410684,132.17051048866188,138.36275890601902,176.64558305369914,2.443369098616551,173.4682573188156,179.41048131805195,112.21206722138177,2.4452968318681174,110.01500340827843,115.62336756527866,80.93103705870814,0.690347078542799,79.97402580333046,81.57677224744765,62.46494311887231,4.253764751621157,56.78436487063414,67.01988816107946,65.33333333333333,8.219218670625303,56.0,76.0,138.66666666666666,15.4344492037203,124.0,160.0,368.0,18.184242262647807,348.0,392.0,648.0,28.472208672083497,624.0,688.0,985.3333333333334,8.219218670625303,976.0,996.0,1,complete,best_final_mean
continous_fixed_toplogies,local_continuous_fixed_topologies_v2,continuous,Rastrigin,30,1000,36,ring,maxDistance,BEZ,20,2,3,1;2;3,True,67.28075628602697,8.15878326496961,56.26758524590315,75.76747003786949,92.22721587807384,2.504809832189705,89.67788910784581,95.63185771544984,90.98186089280543,2.266682429449579,89.20675863037337,94.18102030017782,124.42762877694514,14.295712906671291,112.94827203062248,144.57978049034008,12.78967534086109,2.524603782114821,9.76023430695066,15.940642065313044,67.28075628602697,8.15878326496961,56.26758524590315,75.76747003786949,326.28573504188535,10.997978133508498,315.76313746369567,341.4661814603536,246.0,0.0,246.0,246.0,326.28573504188535,10.997978133508498,315.76313746369567,341.4661814603536,135047.61460827422,4895.273236537766,128126.29924117023,138639.0212205485,137.80368837579002,4.995176771977314,130.7411216746635,141.46838900055968,172.5643084287478,9.457914963321187,159.38731926717455,181.14113161843136,111.2856439986154,2.622484510931627,108.98180423509923,114.95458181299648,82.05147257432918,4.826109475946108,77.61729407701827,88.76195083365513,67.28075628602697,8.15878326496961,56.26758524590315,75.76747003786949,65.33333333333333,8.219218670625303,56.0,76.0,148.0,20.396078054371138,128.0,176.0,320.0,11.775681155103795,308.0,336.0,596.0,65.23802572120036,508.0,664.0,950.6666666666666,10.498677165349081,936.0,960.0,2,ring,best_final_mean
continous_fixed_toplogies,local_continuous_fixed_topologies_v2,continuous,Rastrigin,30,1000,36,torus,maxDistance,BEZ,20,2,3,1;2;3,True,69.34866826082524,0.23634450459581355,69.16492687435453,69.68233931479715,94.02903210199837,2.736275133993446,90.91673941581877,97.57666735794483,93.18763698207617,2.310221841906014,90.77910522851138,96.30368698168259,125.13367926964642,5.3697363342055535,119.66116345049417,132.42951834476585,13.808895909263422,1.6652244123035518,11.455529097295404,15.061124012236567,69.34866826082524,0.23634450459581355,69.16492687435453,69.68233931479715,291.413201812864,27.340750702788736,268.8750374322203,329.890707942315,246.0,0.0,246.0,246.0,291.413201812864,27.340750702788736,268.8750374322203,329.890707942315,137116.34558034758,4646.054446879823,133353.40531003068,143662.4639633998,139.91463834729348,4.740871884571253,136.07490337758233,146.59435098306102,166.8492030256615,7.586079672232151,156.12799181834154,172.54837897091764,118.7990110802418,7.403767766196469,111.84747308877517,129.0556911776304,89.83870517431616,1.5636047421565726,88.3193843677468,91.98978136721438,69.34866826082524,0.23634450459581355,69.16492687435453,69.68233931479715,77.33333333333333,16.438437341250605,56.0,96.0,189.33333333333334,23.626726862225798,156.0,208.0,380.0,3.265986323710904,376.0,384.0,644.0,35.32704346531139,596.0,680.0,970.6666666666666,3.7712361663282534,968.0,976.0,3,torus,best_final_mean
continous_fixed_toplogies,local_continuous_fixed_topologies_v2,continuous,Ackley,30,1000,12,torus,random,BEZ,20,2,3,1;2;3,True,8.390187700254605,0.7785670554010782,7.83712927399989,9.491243912633868,14.650222635326564,0.41614571230625397,14.065250439960753,14.998579376401121,15.38433409072848,0.7169604921808792,14.455290379966968,16.20057580429645,18.31207316180341,0.5559889674878816,17.565519846705072,18.899076768376613,2.9527073051754895,0.09212299475889059,2.8842958546638475,3.0829332070828337,8.390187700254605,0.7785670554010782,7.83712927399989,9.491243912633868,12.052353986461437,0.614181250530636,11.202116986363906,12.631260312764192,246.0,0.0,246.0,246.0,12.052353986461437,0.614181250530636,11.202116986363906,12.631260312764192,14421.979860139822,656.7807857029505,13664.233927832523,15266.048835795578,14.71630597973451,0.6701844752070927,13.943095844727065,15.577600852852632,17.352890866271643,0.49331497163105803,16.6847704574674,17.86087873195128,15.01878304826534,0.8415128421046463,13.887224593539367,15.903775985851095,12.625460391547733,1.0731383766323814,11.749123497261325,14.136691837254448,8.390187700254605,0.7785670554010782,7.83712927399989,9.491243912633868,245.33333333333334,34.30581421404962,204.0,288.0,578.6666666666666,72.61466028901387,476.0,632.0,817.3333333333334,21.746008573733455,800.0,848.0,950.6666666666666,15.4344492037203,936.0,972.0,985.3333333333334,7.542472332656507,980.0,996.0,1,torus,best_final_mean
continous_fixed_toplogies,local_continuous_fixed_topologies_v2,continuous,Ackley,30,1000,12,ring,random,BEZ,20,2,3,1;2;3,True,9.43661964055852,2.627746234884518,7.294657061455396,13.137538694528864,15.37723338386953,0.4543179009028752,14.99625731246114,16.01577281995304,15.978155398102905,0.6672034371429495,15.066374450042488,16.64436055747055,18.465303818070538,0.24868004244508451,18.114123972900778,18.657239459533493,2.6412422301718412,0.848703559968571,1.580593801449687,3.6581003920041177,9.43661964055852,2.627746234884518,7.294657061455396,13.137538694528864,11.166507057274083,2.688544977014804,7.378155121279644,13.341224193253261,246.0,0.0,246.0,246.0,11.166507057274083,2.688544977014804,7.378155121279644,13.341224193253261,14880.506227898166,1282.0381973923324,13215.343520769915,16334.262096756873,15.184190028467516,1.3082022422370736,13.485044408948893,16.667614384445788,17.59983812833317,0.8233573952428224,16.43736763473396,18.23914973938683,15.770545063964969,1.3272336168404242,13.945513988909443,17.062889236298254,13.013211223237759,1.8462259548021138,10.604085487034048,15.08950243471739,9.43661964055852,2.627746234884518,7.294657061455396,13.137538694528864,218.66666666666666,80.5536398239638,152.0,332.0,564.0,68.43001290856715,492.0,656.0,785.3333333333334,53.199832915360005,740.0,860.0,901.3333333333334,38.96437118987322,868.0,956.0,993.3333333333334,4.988876515698588,988.0,1000.0,2,ring,best_final_mean
continous_fixed_toplogies,local_continuous_fixed_topologies_v2,continuous,Ackley,30,1000,12,complete,random,BEZ,20,2,3,1;2;3,True,10.48571182622718,2.887398057040377,7.755460914415782,14.48045679427063,15.104377465935512,1.2937257895210665,14.065680589104607,16.928111286917847,15.426636744823876,1.0427522750229887,14.668311734389047,16.901110093825004,19.008531222872378,0.40397382027280204,18.568186317402585,19.543925096784204,2.3623584577298757,0.7374595478906871,1.4427562141367007,3.24820964976059,10.48571182622718,2.887398057040377,7.755460914415782,14.48045679427063,9.954460224322562,2.8426177755505653,6.003188154497998,12.571423398440956,246.0,0.0,246.0,246.0,9.954460224322562,2.8426177755505653,6.003188154497998,12.571423398440956,15170.16688877539,1381.5919918564919,14161.776593554627,17123.691677054663,15.47976213140346,1.4097877467923394,14.45079244240268,17.47315477250476,17.725741255972498,0.6710485183560043,17.247584316848936,18.67473776809812,15.888945058079294,1.2892843188552345,14.652732480540179,17.66774722847314,13.4273648142296,2.058478789998844,11.614105685708292,16.30632064281324,10.48571182622718,2.887398057040377,7.755460914415782,14.48045679427063,229.33333333333334,48.147920227380766,184.0,296.0,542.6666666666666,45.87906809089401,484.0,596.0,792.0,31.15552385479446,752.0,828.0,912.0,46.3033476111609,848.0,956.0,993.3333333333334,4.988876515698588,988.0,1000.0,3,complete,best_final_mean
continous_fixed_toplogies,local_continuous_fixed_topologies_v2,continuous,Ackley,30,1000,12,complete,best,BEZ,20,2,3,1;2;3,True,8.821381554608985,1.2393336666004628,7.485143588894298,10.471729115746877,15.064631670939255,0.8952576278946716,13.902327443634759,16.080543480110723,15.339421764519745,1.3920133493939864,13.402448879992255,16.612299042372435,18.380427391934134,0.485261471849652,17.835370723906788,19.0140692338255,2.657003454270456,0.16692652305805944,2.4253677467075385,2.812259492426316,8.821381554608985,1.2393336666004628,7.485143588894298,10.471729115746877,11.777206075367994,1.2623848781380822,10.144297768004206,13.218665201537545,246.0,0.0,246.0,246.0,11.777206075367994,1.2623848781380822,10.144297768004206,13.218665201537545,14376.066341259007,1033.890938313469,13080.975975127454,15611.36267588043,14.669455450264293,1.0549907533810907,13.347934668497402,15.929961914163703,17.356045974723834,1.0820971255746303,15.829461448108502,18.2118371358049,14.72933882369064,1.5391101859237175,12.608595159652337,16.214121989444244,12.549645626863876,1.2194047218791755,11.137230548631463,14.112728039399848,8.821381554608985,1.2393336666004628,7.485143588894298,10.471729115746877,233.33333333333334,93.1999046256069,104.0,320.0,534.6666666666666,82.12727250365063,420.0,608.0,796.0,65.23802572120036,708.0,864.0,905.3333333333334,39.37286149395573,860.0,956.0,996.0,3.265986323710904,992.0,1000.0,1,complete,best_final_mean
continous_fixed_toplogies,local_continuous_fixed_topologies_v2,continuous,Ackley,30,1000,12,torus,best,BEZ,20,2,3,1;2;3,True,8.90895862033761,1.2280694385104733,7.841286970929481,10.629086886007535,14.110122866369949,0.8233276521346886,13.072701632145455,15.086676820486813,14.159463606845708,0.8299014312356149,13.019208579807716,14.970357466302676,18.645512445763565,0.2797351674824048,18.31122169729221,18.995865127453012,3.0241276952935254,0.15236080937167107,2.8827302819067833,3.235630531770934,8.90895862033761,1.2280694385104733,7.841286970929481,10.629086886007535,11.50954532598218,1.093862395120583,9.966036665774872,12.370676225091309,246.0,0.0,246.0,246.0,11.50954532598218,1.093862395120583,9.966036665774872,12.370676225091309,14599.351372060873,703.710257082332,13770.823509715206,15491.07564176667,14.897297318429464,0.7180716909003387,14.05186072419919,15.807220042619052,17.981173093278965,0.3338748737609113,17.530594817054272,18.328704039865684,15.461724203124925,0.8008145537687578,14.36588798697286,16.257257263937912,11.987946496124593,1.3064495656164061,10.76336992576375,13.798368692327234,8.90895862033761,1.2280694385104733,7.841286970929481,10.629086886007535,297.3333333333333,64.44291185917105,244.0,388.0,556.0,37.66519171153476,508.0,600.0,777.3333333333334,59.26962872238098,700.0,844.0,921.3333333333334,24.073960113690383,888.0,944.0,986.6666666666666,3.7712361663282534,984.0,992.0,2,torus,best_final_mean
continous_fixed_toplogies,local_continuous_fixed_topologies_v2,continuous,Ackley,30,1000,12,ring,best,BEZ,20,2,3,1;2;3,True,9.791968630351573,2.4543389208633655,6.3889481343551004,12.085304811853966,15.471749838618862,0.5244375937985524,14.910422556262295,16.172218132279067,16.43111037397536,0.450680976166163,15.875574232928006,16.97944213461615,18.784391089341476,0.5834295483072441,17.98943610836826,19.37323208320947,2.7822360095214678,0.9040323089723699,1.9238941676682222,4.031985132322753,9.791968630351573,2.4543389208633655,6.3889481343551004,12.085304811853966,10.441874681638891,2.1087238753275637,8.56089776008169,13.3864886222694,246.0,0.0,246.0,246.0,10.441874681638891,2.1087238753275637,8.56089776008169,13.3864886222694,15143.06575959432,961.7509438448151,13792.570289865487,15958.202045316251,15.452107917953386,0.9813785141273619,14.074051316189273,16.283879638077806,17.998580392052578,0.3905780372446592,17.452944654203854,18.345816242362787,15.90854397522286,0.7254982919209174,14.885112950161819,16.48321471054809,13.447928439500432,1.5770162583959695,11.22103596991825,14.66712374311229,9.791968630351573,2.4543389208633655,6.3889481343551004,12.085304811853966,265.3333333333333,49.13473539383541,208.0,328.0,589.3333333333334,63.69371153331299,500.0,644.0,840.0,44.8998886412873,780.0,888.0,938.6666666666666,1.8856180831641267,936.0,940.0,989.3333333333334,4.988876515698588,984.0,996.0,3,ring,best_final_mean
continous_fixed_toplogies,local_continuous_fixed_topologies_v2,continuous,Ackley,30,1000,12,ring,worst,BEZ,20,2,3,1;2;3,True,8.880367127814681,1.2526745121935292,7.527285073544412,10.547194409553885,14.76480405071921,0.9692333608291925,13.395047204112352,15.493780064621273,15.062112389339505,0.8535066406430303,13.958105952327541,16.036712009521764,18.784240187085793,0.8153605068904506,17.681053971286445,19.626443453527312,2.785297882348713,0.37116909776457035,2.359817825798181,3.2642611061035707,8.880367127814681,1.2526745121935292,7.527285073544412,10.547194409553885,11.343702143129489,1.0551994291321067,9.972061816100691,12.538561463106664,246.0,0.0,246.0,246.0,11.343702143129489,1.0551994291321067,9.972061816100691,12.538561463106664,14260.071300174275,840.7659375840498,13074.302030592624,14929.077365516736,14.551093163443138,0.8579244261061729,13.341124521012881,15.233752413792587,17.419402230729702,0.358093768446551,16.914044815651778,17.70049102045257,14.473737060278193,0.9309702280249953,13.157177932903023,15.13991575665344,12.162785054404528,1.5632556791198995,9.954269405176543,13.353624908258121,8.880367127814681,1.2526745121935292,7.527285073544412,10.547194409553885,265.3333333333333,54.38954147832304,212.0,340.0,506.6666666666667,51.88020388891658,468.0,580.0,780.0,60.486913185140025,704.0,852.0,933.3333333333334,29.63481436119049,892.0,960.0,997.3333333333334,3.7712361663282534,992.0,1000.0,1,ring,best_final_mean
continous_fixed_toplogies,local_continuous_fixed_topologies_v2,continuous,Ackley,30,1000,12,torus,worst,BEZ,20,2,3,1;2;3,True,9.114963270707738,1.3088019305906735,7.676144000451702,10.842734483312668,15.065424572726823,0.32346884726754743,14.70252023259002,15.488068518486887,15.592342695748636,0.4953939486295509,14.96578787065365,16.177087481788433,18.089841460219194,0.8221055135937388,17.21882277920244,19.19226987843619,2.5020322114825535,0.4229185709575051,1.9206851531091291,2.9144303264419524,9.114963270707738,1.3088019305906735,7.676144000451702,10.842734483312668,11.019326835560282,1.418221639630133,9.096001404543543,12.473578013657841,246.0,0.0,246.0,246.0,11.019326835560282,1.418221639630133,9.096001404543543,12.473578013657841,14447.58957550767,748.3413861515912,13648.992278758411,15448.306558786973,14.742438342354767,0.7636136593383581,13.927543141590215,15.763578121211197,17.319115788359913,0.5610161878650628,16.637659933909465,18.011727479627154,15.057446472116608,0.7482470066430326,14.09449888865828,15.918866757525095,12.452077626164106,1.0557971700029267,11.407860685762879,13.898453228915482,9.114963270707738,1.3088019305906735,7.676144000451702,10.842734483312668,250.66666666666666,30.34615113797611,220.0,292.0,541.3333333333334,28.158282775923833,504.0,572.0,798.6666666666666,27.776888874666213,764.0,832.0,908.0,42.45782220824175,848.0,940.0,997.3333333333334,1.8856180831641267,996.0,1000.0,2,torus,best_final_mean
continous_fixed_toplogies,local_continuous_fixed_topologies_v2,continuous,Ackley,30,1000,12,complete,worst,BEZ,20,2,3,1;2;3,True,10.562645559816252,0.6360666845235764,9.867920412581851,11.404870708388689,15.255332032627955,0.5022266292120293,14.647776226052457,15.877707388913704,15.671583394375796,0.8084421007905668,14.839965597571574,16.766860338770407,18.612177675054934,0.8044115833021143,17.47543292248024,19.21896253168848,2.3111780542124416,0.14783039600651204,2.2046732808150367,2.520229314167143,10.562645559816252,0.6360666845235764,9.867920412581851,11.404870708388689,9.904572632808927,0.6347428256325838,9.072008070965683,10.61150052235062,246.0,0.0,246.0,246.0,9.904572632808927,0.6347428256325838,9.072008070965683,10.61150052235062,15540.57939053317,461.7149602704218,15058.738625041236,16163.132010306994,15.857734071972622,0.4711377145616554,15.36605982147065,16.492991847252036,17.855986691244105,0.0694201748085334,17.780592543010165,17.948140471235835,16.242060122517316,0.42875483891558647,15.78255684629531,16.814431990907018,14.331377470753928,0.7265859909464386,13.438094204875048,15.21781969320525,10.562645559816252,0.6360666845235764,9.867920412581851,11.404870708388689,224.0,14.966629547095765,204.0,240.0,602.6666666666666,52.797306328595546,528.0,640.0,856.0,42.708313008125245,796.0,892.0,928.0,27.9045993819418,896.0,964.0,1000.0,0.0,1000.0,1000.0,3,complete,best_final_mean
continous_fixed_toplogies,local_continuous_fixed_topologies_v2,continuous,Ackley,30,1000,12,torus,maxDistance,BEZ,20,2,3,1;2;3,True,8.806627280383346,1.2911858691984743,7.449591678655258,10.543248197658354,14.191851725452027,1.1862060260738538,13.020249551817042,15.817430848434556,14.406793641732456,1.255606763804217,13.131228492749804,16.114399884400925,18.59469329553346,0.3624941910820047,18.247703901880328,19.094993482478337,2.750074835805324,0.16837834457941542,2.5861150456037723,2.9816033543793834,8.806627280383346,1.2911858691984743,7.449591678655258,10.543248197658354,11.46781699095006,1.127832163992193,10.020108569391848,12.771424019587814,246.0,0.0,246.0,246.0,11.46781699095006,1.127832163992193,10.020108569391848,12.771424019587814,14462.655268396946,461.8396982499363,13810.06641102234,14812.181092700284,14.75781149836423,0.4712649982142206,14.091904501043205,15.114470502755392,17.758221352430272,0.1558995905265181,17.538273786757625,17.881398345312324,15.301907160111432,0.5046859704777471,14.62623394883039,15.83889490650558,12.185968437249045,0.7739135767104279,11.14061120975975,12.989421936848915,8.806627280383346,1.2911858691984743,7.449591678655258,10.543248197658354,284.0,72.07403600927776,200.0,376.0,564.0,91.62241356058388,448.0,672.0,765.3333333333334,43.8583578757294,704.0,804.0,909.3333333333334,54.09456740026879,840.0,972.0,998.6666666666666,1.8856180831641267,996.0,1000.0,1,torus,best_final_mean
continous_fixed_toplogies,local_continuous_fixed_topologies_v2,continuous,Ackley,30,1000,12,ring,maxDistance,BEZ,20,2,3,1;2;3,True,10.133830685789016,1.4941631103922501,8.573437303633153,12.147990289753192,15.340143310994865,0.42601775313911205,14.741775025192155,15.700181664052057,15.695704782829148,0.5141116191181498,15.06407971538453,16.323372196263342,18.631069972971616,0.17031411065571148,18.410690834013764,18.825432701870962,2.4911442709488663,0.04354807549872046,2.43076187988452,2.5318296294527887,10.133830685789016,1.4941631103922501,8.573437303633153,12.147990289753192,10.236447759258573,1.5333834255935812,8.3101773002976,12.062142368740442,246.0,0.0,246.0,246.0,10.236447759258573,1.5333834255935812,8.3101773002976,12.062142368740442,15314.744186658185,525.0131876640835,14707.088892063184,15988.064124869583,15.627289986385904,0.5357277425143708,15.00723356332978,16.314351147826105,18.244250023648764,0.10227489597411948,18.134262783466195,18.380590658236844,16.142090584059403,0.6982897176833436,15.229285411968574,16.92484088817038,13.269848398835308,0.9049110598640001,12.164077186724825,14.380630553765936,10.133830685789016,1.4941631103922501,8.573437303633153,12.147990289753192,301.3333333333333,52.49338582674541,228.0,348.0,588.0,8.640987597877148,576.0,596.0,792.0,32.16623488483952,760.0,836.0,936.0,26.733250207684563,900.0,964.0,986.6666666666666,1.8856180831641267,984.0,988.0,2,ring,best_final_mean
continous_fixed_toplogies,local_continuous_fixed_topologies_v2,continuous,Ackley,30,1000,12,complete,maxDistance,BEZ,20,2,3,1;2;3,True,10.845943301008726,2.9630083170380934,7.101705393723037,14.347368640967243,15.143613649955578,1.2205081401788722,13.75066861362671,16.722830907378995,15.337595499815448,1.0827002412845368,14.114595155141313,16.74694423949572,18.655419140620772,0.2508968710729098,18.309522025575465,18.896853092380184,2.2500973917924414,0.8687809926856978,1.2213017294067872,3.3461783271496124,10.845943301008726,2.9630083170380934,7.101705393723037,14.347368640967243,9.626815075666007,2.899812372280041,6.177980882942197,13.272826490547544,246.0,0.0,246.0,246.0,9.626815075666007,2.899812372280041,6.177980882942197,13.272826490547544,15344.890442549055,1309.148100677347,13788.639245099377,16991.557797373156,15.658051471988832,1.3358654088544346,14.070040046019773,17.33832428303383,17.7822295954757,0.514791745541989,17.224729971582665,18.46645621185941,16.108676049692903,1.0404438448501536,15.049714716549577,17.522880267782405,13.558293109559951,2.1617844144742393,10.95750308564142,16.250408718697393,10.845943301008726,2.9630083170380934,7.101705393723037,14.347368640967243,218.66666666666666,43.49201714746691,184.0,280.0,541.3333333333334,47.59084879353266,500.0,608.0,784.0,14.966629547095765,768.0,804.0,917.3333333333334,9.977753031397176,904.0,928.0,988.0,11.775681155103795,972.0,1000.0,3,complete,best_final_mean
continous_fixed_toplogies,local_continuous_fixed_topologies_v2,continuous,Ackley,30,1000,24,complete,random,BEZ,20,2,3,1;2;3,True,7.059701838538356,0.488387119546861,6.626224812244196,7.742118586698947,14.766953216483849,0.02726532890339479,14.730081474099807,14.79515910305401,15.545225394910746,0.6932487538722389,14.674008221717251,16.37022611030271,18.99475849888574,0.1241922939162091,18.820912224625445,19.103330966181414,2.9895427930156324,0.2784793832727357,2.6184599048877484,3.289317629596588,7.059701838538356,0.488387119546861,6.626224812244196,7.742118586698947,13.26897942240063,0.602662596982179,12.478100556994882,13.939530239624109,246.0,0.0,246.0,246.0,13.26897942240063,0.602662596982179,12.478100556994882,13.939530239624109,13753.061375796047,748.0762741420704,12950.596300365094,14751.3404108102,14.033736097751069,0.7633431368796635,13.214894184046015,15.052388174296123,17.19219404548002,0.6282419246226341,16.572630239274154,18.053462477258044,14.736882535549082,0.8478373559727924,13.676255933339256,15.751495001724546,11.065238888163853,1.0184626170083846,9.867562171120857,12.356953147879198,7.059701838538356,0.488387119546861,6.626224812244196,7.742118586698947,269.3333333333333,51.259687431309565,220.0,340.0,572.0,52.56107558513873,512.0,640.0,805.3333333333334,61.65134944905009,740.0,888.0,908.0,55.8091987638836,844.0,980.0,996.0,3.265986323710904,992.0,1000.0,1,complete,best_final_mean
continous_fixed_toplogies,local_continuous_fixed_topologies_v2,continuous,Ackley,30,1000,24,ring,random,BEZ,20,2,3,1;2;3,True,7.851043591529987,0.47032862054704444,7.510739016255853,8.516128312933672,14.5936686992239,0.4548353843436773,13.964469899873176,15.024002680802411,15.019407473591327,0.0706658661491161,14.926775782701283,15.098204457256024,18.927035099986185,0.5578145895565654,18.20628154871443,19.56511929941571,2.869865703952912,0.20254819597551404,2.7152156760451023,3.1559996836877144,7.851043591529987,0.47032862054704444,7.510739016255853,8.516128312933672,12.5991774456046,0.43672578813389723,11.993935411202758,13.00836149990845,246.0,0.0,246.0,246.0,12.5991774456046,0.43672578813389723,11.993935411202758,13.00836149990845,14052.67772192853,675.8625060784644,13528.77385923618,15006.965372182824,14.339467063192378,0.6896556184474127,13.804871284934878,15.313229971615126,17.251922296788077,0.49153377162831746,16.749337732376702,17.91910487665447,14.871193380092885,0.8983568554818908,14.206900258434182,16.141211758429655,11.37642693066661,1.1640432535751648,10.457211515076573,13.018733801011857,7.851043591529987,0.47032862054704444,7.510739016255853,8.516128312933672,249.33333333333334,60.69230227595222,188.0,332.0,568.0,40.792156108742276,528.0,624.0,788.0,59.41941321375251,744.0,872.0,926.6666666666666,18.571184369578827,908.0,952.0,992.0,3.265986323710904,988.0,996.0,2,ring,best_final_mean
continous_fixed_toplogies,local_continuous_fixed_topologies_v2,continuous,Ackley,30,1000,24,torus,random,BEZ,20,2,3,1;2;3,True,8.5613367316437,0.30640236001203486,8.233230440733038,8.970508839503111,14.472115414489807,0.26286683872471767,14.149732295154655,14.793620122799323,14.836390182027738,0.3532010268958931,14.47417572122163,15.315368124968423,18.274407876801618,0.1535406134985338,18.09491082437974,18.46997552283101,2.64341805941709,0.058896684127208755,2.581794540187992,2.722759557441567,8.5613367316437,0.30640236001203486,8.233230440733038,8.970508839503111,11.741193972274644,0.2887677342258437,11.46421379966818,12.139571908394025,246.0,0.0,246.0,246.0,11.741193972274644,0.2887677342258437,11.46421379966818,12.139571908394025,14356.466934825905,427.7520665097932,13990.50619809713,14956.59511870033,14.649456055944801,0.43648170052019725,14.276026732752173,15.261831753775848,17.442535600619745,0.213655997965577,17.23235582472482,17.73561930376752,14.978018060485097,0.4579899284150204,14.589139255110013,15.621024200506035,12.324397500021961,0.9169763334844879,11.470606978059585,13.596603178962962,8.5613367316437,0.30640236001203486,8.233230440733038,8.970508839503111,258.6666666666667,14.727148022916348,240.0,276.0,569.3333333333334,24.513035081133648,552.0,604.0,814.6666666666666,46.68571040003093,752.0,864.0,933.3333333333334,16.438437341250605,912.0,952.0,992.0,8.640987597877148,980.0,1000.0,3,torus,best_final_mean
continous_fixed_toplogies,local_continuous_fixed_topologies_v2,continuous,Ackley,30,1000,24,ring,best,BEZ,20,2,3,1;2;3,True,7.95025359522069,0.2884751308943748,7.704631546842178,8.355162490244782,14.913613583576106,0.5169538325671416,14.205939298462814,15.426383816302257,15.333854084900075,0.8025253793331999,14.27849779276233,16.22310905433405,18.98815234224772,0.22613103250510594,18.670195500675604,19.176803157036467,3.0671534091869694,0.07069853336080506,2.967339457009647,3.1220908069389375,7.95025359522069,0.2884751308943748,7.704631546842178,8.355162490244782,12.44524623955904,0.1429356661662894,12.24326222510531,12.553148414835084,246.0,0.0,246.0,246.0,12.44524623955904,0.1429356661662894,12.24326222510531,12.553148414835084,14044.933163873342,377.9683821042284,13618.58160571452,14537.319273075746,14.331564452931982,0.3856820225553347,13.896511842565838,14.833999258240556,17.574414600104287,0.3653306166555661,17.13700193869635,18.031243403349013,14.732706939653509,0.5290272242240365,14.175520097141948,15.443691182798794,11.635251417606902,0.6669223708399135,11.10282000475228,12.575682049739896,7.95025359522069,0.2884751308943748,7.704631546842178,8.355162490244782,293.3333333333333,24.513035081133648,264.0,324.0,544.0,27.9045993819418,512.0,580.0,785.3333333333334,16.759740119968715,768.0,808.0,897.3333333333334,20.997354330698162,868.0,916.0,986.6666666666666,13.59738536958076,968.0,1000.0,1,ring,best_final_mean
continous_fixed_toplogies,local_continuous_fixed_topologies_v2,continuous,Ackley,30,1000,24,torus,best,BEZ,20,2,3,1;2;3,True,8.43685573884162,1.5991046607450998,6.880733846104405,10.636031411484293,14.757674715929577,0.04409676390011613,14.709348067872895,14.815972893046778,15.078804937090363,0.6186153436044151,14.267853250714616,15.7685261615731,18.921538130101283,0.3694733725910116,18.484790308297743,19.38831567361148,2.8886503976838056,0.2635408123720765,2.517835642979721,3.106507011527839,8.43685573884162,1.5991046607450998,6.880733846104405,10.636031411484293,11.952616141538444,1.59813438437049,9.718149563928932,13.363821539429068,246.0,0.0,246.0,246.0,11.952616141538444,1.59813438437049,9.718149563928932,13.363821539429068,14168.316486255771,805.8221160981873,13537.216800419392,15305.638082212698,14.457465802301808,0.8222674654063132,13.813486531040196,15.61799804307418,17.148172200377164,0.33313930800477237,16.88098112359402,17.617817428803477,14.910735071815857,0.6443010061718248,14.272158076779299,15.79291809399093,12.02486154120045,1.5445864583604427,10.773188512047284,14.201055099200769,8.43685573884162,1.5991046607450998,6.880733846104405,10.636031411484293,214.66666666666666,17.987650084309387,192.0,236.0,538.6666666666666,23.170862929310356,508.0,564.0,792.0,26.127890589687233,760.0,824.0,906.6666666666666,32.87687468250121,864.0,944.0,989.3333333333334,15.084944665313014,968.0,1000.0,2,torus,best_final_mean
continous_fixed_toplogies,local_continuous_fixed_topologies_v2,continuous,Ackley,30,1000,24,complete,best,BEZ,20,2,3,1;2;3,True,9.250515662265663,0.32584139852514327,8.801345396548335,9.564226996579345,14.212235742410735,0.4152251649392977,13.63950811691169,14.610872466590264,14.416972307722236,0.6679914275757095,13.590737258836175,15.226726383640464,18.641263903171534,0.10255968613699594,18.55891974369168,18.785839625886194,2.8548232140508802,0.21095528504548325,2.656128427159053,3.1468970578855253,9.250515662265663,0.32584139852514327,8.801345396548335,9.564226996579345,11.133768075896526,0.343573887662513,10.797061485757693,11.605495774209047,246.0,0.0,246.0,246.0,11.133768075896526,0.343573887662513,10.797061485757693,11.605495774209047,14684.98161734084,212.14785657633357,14451.537363245649,14964.914971782122,14.98467511973555,0.21647740466972812,14.746466697189437,15.270321399777675,17.681793223579046,0.192026488931473,17.434033443778397,17.901967336109152,15.668953893671077,0.3675190571647343,15.408915127874614,16.188704294428,12.605590978275892,0.4106210482520989,12.043683679100091,13.013468259434894,9.250515662265663,0.32584139852514327,8.801345396548335,9.564226996579345,269.3333333333333,23.626726862225798,236.0,288.0,557.3333333333334,33.359989341858146,528.0,604.0,785.3333333333334,13.59738536958076,772.0,804.0,909.3333333333334,25.368396787253932,884.0,944.0,984.0,8.640987597877148,972.0,992.0,3,complete,best_final_mean
continous_fixed_toplogies,local_continuous_fixed_topologies_v2,continuous,Ackley,30,1000,24,torus,worst,BEZ,20,2,3,1;2;3,True,8.555794715776543,1.2700812132153056,7.091723275909413,10.188957810983846,14.425439068357873,0.5055740074620989,13.722953082525883,14.891976013041395,15.150520258391207,0.9443514876797457,13.86640679525263,16.11036474737747,18.884167699766373,0.28479085018620964,18.500274720513737,19.181605316436997,3.10588609109911,0.28135716550454504,2.765961347426733,3.4549606019727728,8.555794715776543,1.2700812132153056,7.091723275909413,10.188957810983846,11.866545391151568,1.2481425062154607,10.297134008735073,13.350894211597055,246.0,0.0,246.0,246.0,11.866545391151568,1.2481425062154607,10.297134008735073,13.350894211597055,14284.188872662347,736.8973813105634,13397.300055164285,15201.5507794226,14.57570293128811,0.7519361033781253,13.670714342004374,15.511786509614897,17.44548066266486,0.10872518952768907,17.331520314943624,17.591856192205675,14.98518554086368,0.8933869406815089,13.784583964584776,15.926260785128964,11.859393000709344,1.1596123762938928,10.38258086194745,13.215310790614762,8.555794715776543,1.2700812132153056,7.091723275909413,10.188957810983846,260.0,21.416504538945347,232.0,284.0,577.3333333333334,24.073960113690383,544.0,600.0,781.3333333333334,32.87687468250121,744.0,824.0,892.0,22.861904265976328,860.0,912.0,998.6666666666666,1.8856180831641267,996.0,1000.0,1,torus,best_final_mean
continous_fixed_toplogies,local_continuous_fixed_topologies_v2,continuous,Ackley,30,1000,24,ring,worst,BEZ,20,2,3,1;2;3,True,9.323799418498368,0.6952796926888191,8.355949722565887,9.957960750584618,14.916912180720804,0.2936212496157955,14.509467076298394,15.189999871874932,15.614458048641165,0.6276314531413106,14.727366123700609,16.084134433751615,18.743955796960012,0.31421835140872373,18.318592143907523,19.067988782166378,2.6586043009689635,0.19621727401062208,2.386458137849962,2.8416260497613437,9.323799418498368,0.6952796926888191,8.355949722565887,9.957960750584618,11.165069052447699,0.6092611549505798,10.58206462392899,12.006005620969008,246.0,0.0,246.0,246.0,11.165069052447699,0.6092611549505798,10.58206462392899,12.006005620969008,14975.774339832062,499.7779329084768,14327.514532400937,15543.80256229014,15.281402387583736,0.5099774825596703,14.619912788164221,15.86102302274504,17.854936356677573,0.2247840544227952,17.554106232641608,18.09433306870557,15.725672146757677,0.531722228270657,15.143028407926355,16.42868260874807,13.114641277465235,1.026263472505433,11.750420960246224,14.225706290416674,9.323799418498368,0.6952796926888191,8.355949722565887,9.957960750584618,276.0,14.236104336041748,256.0,288.0,582.6666666666666,52.28979080300687,520.0,648.0,821.3333333333334,40.30991055421593,780.0,876.0,921.3333333333334,27.39018477889885,900.0,960.0,998.6666666666666,1.8856180831641267,996.0,1000.0,2,ring,best_final_mean
continous_fixed_toplogies,local_continuous_fixed_topologies_v2,continuous,Ackley,30,1000,24,complete,worst,BEZ,20,2,3,1;2;3,True,9.625650496512305,1.288404338611306,8.428919510015701,11.413912968115374,14.826745984792812,0.9906046841103998,13.937893316572607,16.208936767429602,15.60514177350844,1.0329074593348604,14.341152213092986,16.871245789333308,18.796306569936068,0.09420036960569525,18.66505930698768,18.88170850839524,2.6807648906909507,0.47445027184876926,2.0271389883329074,3.138857983212948,9.625650496512305,1.288404338611306,8.428919510015701,11.413912968115374,10.580180494614078,1.365737243538538,8.656359916672658,11.69056002450432,246.0,0.0,246.0,246.0,10.580180494614078,1.365737243538538,8.656359916672658,11.69056002450432,14977.728205792955,728.7186270133592,14319.454628841822,15993.562292537797,15.283396128360158,0.7435904357279168,14.61168839677737,16.31996152299775,17.76764315741551,0.37306471200512126,17.359065766253828,18.261006766451032,15.918922685351358,0.6448809020603201,15.400100944821926,16.827891149620413,13.147221620039172,1.1731001828307026,11.912838799135095,14.724345500526896,9.625650496512305,1.288404338611306,8.428919510015701,11.413912968115374,288.0,24.657656011875904,260.0,320.0,589.3333333333334,56.31656555184767,528.0,664.0,806.6666666666666,24.073960113690383,784.0,840.0,914.6666666666666,7.542472332656507,904.0,920.0,994.6666666666666,4.988876515698588,988.0,1000.0,3,complete,best_final_mean
continous_fixed_toplogies,local_continuous_fixed_topologies_v2,continuous,Ackley,30,1000,24,torus,maxDistance,BEZ,20,2,3,1;2;3,True,8.03397156795162,1.7387130622432652,5.687061700089782,9.842796648586472,14.93681870577555,0.28984139194082337,14.600735148285336,15.308079407143115,15.549390926661202,0.09955709398048619,15.444264848333617,15.683063787575236,18.72914471440159,0.6099910712466069,18.103556816052325,19.55634462833566,3.0072762658304018,0.4190161809890148,2.4747108631042627,3.498597650002199,8.03397156795162,1.7387130622432652,5.687061700089782,9.842796648586472,12.310483835769173,1.7013401438158307,10.498746624787135,14.587499273731527,246.0,0.0,246.0,246.0,12.310483835769173,1.7013401438158307,10.498746624787135,14.587499273731527,13922.158909706654,1055.1580423015535,12432.978057741844,14749.169199535669,14.206284601741483,1.0766918798995444,12.686712303818208,15.050172652587417,17.38215590388008,0.5987527697182198,16.56598800809558,17.985585169827015,14.604439402619052,1.0533890819049514,13.143864728242743,15.588663842733776,11.463081793989183,1.5959560225721625,9.211729438350101,12.727224094182768,8.03397156795162,1.7387130622432652,5.687061700089782,9.842796648586472,272.0,48.771576421791686,228.0,340.0,534.6666666666666,43.49201714746691,500.0,596.0,784.0,42.833009077890694,736.0,840.0,897.3333333333334,29.454296045832695,860.0,932.0,982.6666666666666,7.542472332656507,972.0,988.0,1,torus,best_final_mean
continous_fixed_toplogies,local_continuous_fixed_topologies_v2,continuous,Ackley,30,1000,24,complete,maxDistance,BEZ,20,2,3,1;2;3,True,8.59454477568571,0.9484860882274717,7.324095036938253,9.602471785285337,15.26301197709178,0.2584861906726814,14.97947294075609,15.604598604907627,15.80532074129314,0.6860494260615178,14.961943498780846,16.642378887921907,19.071251429060066,0.34051398407821937,18.59092075587561,19.341190803468127,2.8204873053308193,0.502201996521933,2.1609285959941804,3.378404775336238,8.59454477568571,0.9484860882274717,7.324095036938253,9.602471785285337,11.769902208506315,1.0312252787672076,10.681229099878815,13.15461457771853,246.0,0.0,246.0,246.0,11.769902208506315,1.0312252787672076,10.681229099878815,13.15461457771853,14570.26587751674,499.5445989115732,13913.735508605323,15124.458296885297,14.86761824236402,0.5097393866444625,14.197689294495227,15.433120711107446,17.605411487822344,0.19607334971615095,17.35174824530853,17.829239795885563,15.657596203533,0.4828857294673642,15.268852346237637,16.338205318794564,12.36587362369515,1.0833175787988059,10.900913581456358,13.486663470578135,8.59454477568571,0.9484860882274717,7.324095036938253,9.602471785285337,274.6666666666667,33.9934634239519,228.0,308.0,604.0,34.40930106817051,560.0,644.0,794.6666666666666,21.746008573733455,772.0,824.0,898.6666666666666,26.195843605851334,868.0,932.0,994.6666666666666,3.7712361663282534,992.0,1000.0,2,complete,best_final_mean
continous_fixed_toplogies,local_continuous_fixed_topologies_v2,continuous,Ackley,30,1000,24,ring,maxDistance,BEZ,20,2,3,1;2;3,True,9.283615798826178,1.2628311445286058,7.504625712213757,10.309160293392546,14.801769171524803,0.21686664294323307,14.50079686972514,15.003328469911946,15.045721924237068,0.8592773518337818,14.1229244631832,16.19186147103401,18.776648743869913,0.23004539292230505,18.501954231093606,19.064954662464338,2.6178388532100674,0.24994719365187582,2.343788676702253,2.948210198186724,9.283615798826178,1.2628311445286058,7.504625712213757,10.309160293392546,11.096635186950198,1.181884569237181,10.216073965333512,12.76725544750577,246.0,0.0,246.0,246.0,11.096635186950198,1.181884569237181,10.216073965333512,12.76725544750577,14940.05911814449,852.3318674963283,13737.676215937068,15614.809633163595,15.244958283820909,0.8697263954044161,14.018036955037825,15.933479217513872,17.58314067170465,0.4924847944580284,16.946752219957794,18.146425111623802,15.782180935800785,1.0834989067099452,14.267808112865234,16.74175567728817,13.01178557758097,1.3642892241972153,11.09926551224996,14.188562912675707,9.283615798826178,1.2628311445286058,7.504625712213757,10.309160293392546,238.66666666666666,35.22625283632775,208.0,288.0,592.0,47.10272462041518,528.0,640.0,837.3333333333334,21.249836600678968,812.0,864.0,950.6666666666666,13.199326582148887,936.0,968.0,996.0,3.265986323710904,992.0,1000.0,3,ring,best_final_mean
continous_fixed_toplogies,local_continuous_fixed_topologies_v2,continuous,Ackley,30,1000,36,complete,random,BEZ,20,2,3,1;2;3,True,7.38009640351571,1.1901984518559643,5.950286061219291,8.864150663590864,14.67412317470736,0.04873031996696782,14.60877526149596,14.725749804087926,15.298722160442829,0.09807376825518442,15.225388918892353,15.43734157810188,19.079554288724584,0.2488232688784494,18.868345588768236,19.42890582843035,3.019697536602619,0.04900204633678198,2.969349667396399,3.08611004377539,7.38009640351571,1.1901984518559643,5.950286061219291,8.864150663590864,12.963316900717116,1.2060197377767612,11.44934162811328,14.400476991120783,246.0,0.0,246.0,246.0,12.963316900717116,1.2060197377767612,11.44934162811328,14.400476991120783,13761.021565227276,377.4702874248625,13447.252691268197,14291.921439232818,14.041858740027832,0.38517376267843134,13.721686419661426,14.58359330533961,17.056986167878122,0.17818524212008519,16.889401612740656,17.303755540228984,14.727363373772551,0.4118060902021644,14.260021813127205,15.261983125121159,11.18762218459154,0.9198995158333377,10.127788891117152,12.370905283924854,7.38009640351571,1.1901984518559643,5.950286061219291,8.864150663590864,242.66666666666666,51.259687431309565,172.0,292.0,580.0,53.7649204097492,540.0,656.0,766.6666666666666,27.39018477889885,728.0,788.0,906.6666666666666,24.729649321321876,872.0,928.0,997.3333333333334,3.7712361663282534,992.0,1000.0,1,complete,best_final_mean
continous_fixed_toplogies,local_continuous_fixed_topologies_v2,continuous,Ackley,30,1000,36,ring,random,BEZ,20,2,3,1;2;3,True,8.96580893250631,1.382995328889635,7.372722284609974,10.744986633431305,14.592226179649689,0.3903351774172398,14.053829241636155,14.966965536217915,14.83432452334039,0.4034232639204586,14.32431464973951,15.310785869916128,19.07043086733176,0.276692671207043,18.688264007643156,19.334312785940227,2.789300396213453,0.2987086603557306,2.4803104190886662,3.1932632007052577,8.96580893250631,1.382995328889635,7.372722284609974,10.744986633431305,11.05378675054799,0.9123791027453314,9.764221864615246,11.73625532380808,246.0,0.0,246.0,246.0,11.05378675054799,0.9123791027453314,9.764221864615246,11.73625532380808,14441.56009948961,872.7942948528143,13286.673276040328,15396.27283206986,14.736285815805724,0.8906064233191986,13.557829873510538,15.71048248170394,17.474420646656846,0.48044715813270644,16.809357654869697,17.927420480104466,15.244519558742953,0.8460161711390491,14.145771781705548,16.203991038798947,12.55026380419197,1.0783574053461409,11.170678295685319,13.802941901153849,8.96580893250631,1.382995328889635,7.372722284609974,10.744986633431305,264.0,33.14614105241614,228.0,308.0,570.6666666666666,18.571184369578827,552.0,596.0,809.3333333333334,27.19477073916152,772.0,836.0,905.3333333333334,29.63481436119049,872.0,944.0,998.6666666666666,1.8856180831641267,996.0,1000.0,2,ring,best_final_mean
continous_fixed_toplogies,local_continuous_fixed_topologies_v2,continuous,Ackley,30,1000,36,torus,random,BEZ,20,2,3,1;2;3,True,9.683675923087979,0.4103285291091527,9.384646891329693,10.263876497861066,15.017920799433686,0.23203491169057391,14.698092861533812,15.241418319471265,15.460640279725949,0.2790756768868156,15.074424578956737,15.724125146985822,19.227221756850508,0.1411947183440782,19.03687268925071,19.37463944408041,2.73319530616794,0.06842809417995638,2.638974860117434,2.7994232374550165,9.683675923087979,0.4103285291091527,9.384646891329693,10.263876497861066,10.63023188636216,0.34234530974349664,10.150048342221016,10.923880073614233,246.0,0.0,246.0,246.0,10.63023188636216,0.34234530974349664,10.150048342221016,10.923880073614233,14731.303983158314,432.7189914356595,14202.348213371337,15262.283150469808,15.031942839957463,0.4415499912608775,14.492192054460547,15.573758316805927,17.738109773777214,0.3694436141091786,17.231714608258084,18.102688810393413,15.460021297392013,0.8180270439673609,14.303163920067178,16.042072608005054,12.511095295103484,0.586411167613026,12.013615999652533,13.334467737925209,9.683675923087979,0.4103285291091527,9.384646891329693,10.263876497861066,261.3333333333333,43.8583578757294,200.0,300.0,554.6666666666666,58.54532906693373,472.0,600.0,761.3333333333334,37.57067414294766,716.0,808.0,901.3333333333334,29.63481436119049,868.0,940.0,992.0,11.313708498984761,976.0,1000.0,3,torus,best_final_mean
continous_fixed_toplogies,local_continuous_fixed_topologies_v2,continuous,Ackley,30,1000,36,complete,best,BEZ,20,2,3,1;2;3,True,6.325123289676996,1.2020820282914577,5.384999548212068,8.02181767145849,14.977446355238078,0.21900216050566298,14.679005521590565,15.198379539879394,15.867899326859963,0.3068800962271065,15.44648208463651,16.168434008545013,19.015272218638447,0.19838425707074486,18.813743097254857,19.2850751776486,2.9351855225074877,0.1855822143219566,2.7314891493801956,3.180358438584401,6.325123289676996,1.2020820282914577,5.384999548212068,8.02181767145849,13.957507881265007,1.1319795658255924,12.35910782029329,14.833548916326873,246.0,0.0,246.0,246.0,13.957507881265007,1.1319795658255924,12.35910782029329,14.833548916326873,13502.384088267958,884.6107900036526,12460.797345066234,14623.283422992125,13.777942947212201,0.9026640714322984,12.71509933170024,14.921717778563393,17.248472578732397,0.6691053517871992,16.338669939941866,17.928645570831417,14.542010510990085,1.2105631752591768,12.97372816892391,15.92076304553126,10.892743884946029,1.3206150617365642,9.508203128303977,12.670519390765767,6.325123289676996,1.2020820282914577,5.384999548212068,8.02181767145849,298.6666666666667,41.354833118055524,244.0,344.0,596.0,53.96295025292817,520.0,640.0,810.6666666666666,4.988876515698588,804.0,816.0,893.3333333333334,16.438437341250605,872.0,912.0,993.3333333333334,3.7712361663282534,988.0,996.0,1,complete,best_final_mean
continous_fixed_toplogies,local_continuous_fixed_topologies_v2,continuous,Ackley,30,1000,36,torus,best,BEZ,20,2,3,1;2;3,True,8.081083918361303,0.6760287528636483,7.128719582904173,8.629887993662887,14.768815826152228,0.647355706845054,13.921560579755434,15.492814931630685,15.146900440934976,1.0366097905217284,13.68392870711967,15.95978081780079,18.988623952488993,0.1185909393534789,18.857615269506308,19.1448104867332,2.930085501290848,0.3182322093090461,2.4838274494218315,3.203691471656725,8.081083918361303,0.6760287528636483,7.128719582904173,8.629887993662887,12.22267676194395,0.6774275782041216,11.640437123495698,13.172666779410482,246.0,0.0,246.0,246.0,12.22267676194395,0.6774275782041216,11.640437123495698,13.172666779410482,14333.23310642905,388.19301370427456,13822.974807994278,14763.770566430301,14.625748067784746,0.39611532010640266,14.10507633468804,15.065072006561532,17.426665911186497,0.22210793868860065,17.113425845526187,17.603494867580068,14.942954502688545,0.30488695909746755,14.62089242443825,15.352261799350286,12.283417255878714,0.822189032656662,11.16591232683395,13.120340995521012,8.081083918361303,0.6760287528636483,7.128719582904173,8.629887993662887,277.3333333333333,1.8856180831641267,276.0,280.0,582.6666666666666,27.776888874666213,544.0,608.0,824.0,19.86621923433512,808.0,852.0,913.3333333333334,39.2371705854991,864.0,960.0,998.6666666666666,1.8856180831641267,996.0,1000.0,2,torus,best_final_mean
continous_fixed_toplogies,local_continuous_fixed_topologies_v2,continuous,Ackley,30,1000,36,ring,best,BEZ,20,2,3,1;2;3,True,8.651968209080765,0.4513301677583051,8.034429581952573,9.100497722618174,14.796730750907543,0.2866596749967082,14.395712948004045,15.048709985753064,15.493584131576814,0.5339363066906695,14.73848739026013,15.873043743559892,18.94142307766636,0.12507386736807916,18.810346103144315,19.109817427717125,2.8416638589952115,0.16725920801535135,2.619543516999462,3.0231539899011564,8.651968209080765,0.4513301677583051,8.034429581952573,9.100497722618174,11.721437937219607,0.48482767679097144,11.343062309472542,12.40581331911061,246.0,0.0,246.0,246.0,11.721437937219607,0.48482767679097144,11.343062309472542,12.40581331911061,14284.295772464618,346.3018632924607,14025.839283083515,14773.78455218828,14.575812012718998,0.3533692482576131,14.312080901105627,15.075290359375796,17.517326832301087,0.4323590081040791,16.910707912294402,17.887056035231943,15.074896667109757,0.612582484591312,14.275479720010752,15.763716467245192,11.619047853678326,0.6753510098886024,10.770379360840696,12.422815653944006,8.651968209080765,0.4513301677583051,8.034429581952573,9.100497722618174,268.0,21.416504538945347,240.0,292.0,540.0,36.368484525295614,492.0,580.0,786.6666666666666,39.911012125588705,744.0,840.0,921.3333333333334,6.79869268479038,912.0,928.0,996.0,3.265986323710904,992.0,1000.0,3,ring,best_final_mean
continous_fixed_toplogies,local_continuous_fixed_topologies_v2,continuous,Ackley,30,1000,36,ring,worst,BEZ,20,2,3,1;2;3,True,7.494796835671548,1.2495227835757738,6.368975809574973,9.237264911075979,14.56552852136885,0.6871371895029276,13.596859919036804,15.116923466276443,15.074438441444494,0.8507020787575685,13.93529197092662,15.979123641923529,19.047804789790902,0.2527987978955642,18.852357630536716,19.40477951074772,2.949428607333775,0.09206622057872331,2.827627801991308,3.0501750426923424,7.494796835671548,1.2495227835757738,6.368975809574973,9.237264911075979,12.772269610368761,1.2869510031282598,10.969281837676206,13.888916106088256,246.0,0.0,246.0,246.0,12.772269610368761,1.2869510031282598,10.969281837676206,13.888916106088256,13770.41133994277,784.6414399759428,13086.15165672033,14869.069302927232,14.051440142798745,0.8006545305876969,13.353215976245236,15.172519696864523,17.193980523608744,0.4445158920783034,16.645132507670148,17.733858781902754,14.290203849048858,0.9115645476473958,13.472595521974222,15.562177957854814,11.430544852269115,1.014775782049499,10.504883672669052,12.843121917286256,7.494796835671548,1.2495227835757738,6.368975809574973,9.237264911075979,262.6666666666667,24.729649321321876,228.0,284.0,562.6666666666666,50.736793574507864,512.0,632.0,797.3333333333334,20.741798914805393,768.0,812.0,929.3333333333334,16.759740119968715,912.0,952.0,1000.0,0.0,1000.0,1000.0,1,ring,best_final_mean
continous_fixed_toplogies,local_continuous_fixed_topologies_v2,continuous,Ackley,30,1000,36,torus,worst,BEZ,20,2,3,1;2;3,True,7.89438714734208,0.7142642653133585,7.307092167598638,8.89977448865642,15.221481815790604,0.01682457384061802,15.197689261659542,15.233565718328821,15.409946352107239,0.10390398634134486,15.315117491923584,15.554570210875688,19.07375397743667,0.12894549431807364,18.947399213144372,19.250800872240408,2.847471636174503,0.14744676995474992,2.675233325744897,3.035381253960214,7.89438714734208,0.7142642653133585,7.307092167598638,8.89977448865642,12.403240039393127,0.8386002806906421,11.218046389538323,13.032751027178703,246.0,0.0,246.0,246.0,12.403240039393127,0.8386002806906421,11.218046389538323,13.032751027178703,13977.021704685647,171.64931093301664,13783.899793972527,14200.952886616373,14.262267045597598,0.17515235809491495,14.065203871400538,14.49076825164936,17.257151581506214,0.2770779629305987,16.92956327879311,17.60715186664148,14.776952280361233,0.26245200876053715,14.452754747332314,15.095555216267865,11.384616846708777,0.5964120654157229,10.594208877478524,12.034776630028606,7.89438714734208,0.7142642653133585,7.307092167598638,8.89977448865642,250.66666666666666,27.776888874666213,212.0,276.0,562.6666666666666,15.4344492037203,548.0,584.0,788.0,51.01633725255731,748.0,860.0,908.0,5.656854249492381,904.0,916.0,998.6666666666666,1.8856180831641267,996.0,1000.0,2,torus,best_final_mean
continous_fixed_toplogies,local_continuous_fixed_topologies_v2,continuous,Ackley,30,1000,36,complete,worst,BEZ,20,2,3,1;2;3,True,8.20209476878567,0.2471130848353004,7.8608544228981945,8.43801107330835,15.12839853435444,0.3918020488624854,14.67612118785634,15.631750428108466,15.798384891107967,0.8447515581759483,14.606805510652254,16.468415591671253,18.85637172784961,0.2595488613882504,18.564674175395815,19.19517858395723,2.8247604952986705,0.32470556314608323,2.3681371428210043,3.0951659903956847,8.20209476878567,0.2471130848353004,7.8608544228981945,8.43801107330835,12.038929528176807,0.09752870130791047,11.904272999635127,12.132112885931123,246.0,0.0,246.0,246.0,12.038929528176807,0.09752870130791047,11.904272999635127,12.132112885931123,14165.337497312594,727.116402264798,13253.570978094307,15032.995883038144,14.454426017665911,0.7419555125151001,13.524052018463578,15.339791717385861,17.438001289568632,0.43991482618875244,16.845272273490384,17.89804785702541,14.802176741454977,1.223523408322912,13.218904898482172,16.198338923337317,11.799157827132229,1.0472314513970502,10.526235534633122,13.091204358466648,8.20209476878567,0.2471130848353004,7.8608544228981945,8.43801107330835,286.6666666666667,58.63635580612272,232.0,368.0,566.6666666666666,81.60609998986322,480.0,676.0,781.3333333333334,51.051172584204394,724.0,848.0,922.6666666666666,44.46221866808818,880.0,984.0,997.3333333333334,3.7712361663282534,992.0,1000.0,3,complete,best_final_mean
continous_fixed_toplogies,local_continuous_fixed_topologies_v2,continuous,Ackley,30,1000,36,torus,maxDistance,BEZ,20,2,3,1;2;3,True,7.365609746665295,0.3685456704362087,6.858001035235681,7.721829500912193,14.740439964678552,0.4389378672363192,14.246654104656962,15.313110917694287,14.852653690985864,0.4467540722872346,14.308203866209592,15.402483705783261,18.834225419122657,0.05884675994954769,18.757423254157047,18.900384065030337,2.987728108050295,0.17373373181422738,2.834245178101684,3.230624190823623,7.365609746665295,0.3685456704362087,6.858001035235681,7.721829500912193,12.811375192514616,0.3444818770142366,12.500485586777685,13.291646695594793,246.0,0.0,246.0,246.0,12.811375192514616,0.3444818770142366,12.500485586777685,13.291646695594793,13747.896234280957,318.51273849983534,13352.65316326915,14132.63466638592,14.02846554518465,0.3250129984692196,13.625156289050153,14.42105578202645,17.29127513705311,0.07131892295426752,17.199463622392233,17.3733411970481,14.437995019573723,0.4192028236941551,13.90880449652273,14.934030454415115,11.374475075800921,0.6977738578869968,10.55218924002997,12.258076498048002,7.365609746665295,0.3685456704362087,6.858001035235681,7.721829500912193,281.3333333333333,21.249836600678968,256.0,308.0,564.0,29.393876913398138,528.0,600.0,796.0,14.966629547095765,780.0,816.0,909.3333333333334,32.221455929585524,864.0,936.0,996.0,5.656854249492381,988.0,1000.0,1,torus,best_final_mean
continous_fixed_toplogies,local_continuous_fixed_topologies_v2,continuous,Ackley,30,1000,36,ring,maxDistance,BEZ,20,2,3,1;2;3,True,7.526052555787259,0.822501932359735,6.367186817720757,8.192300135295948,14.496479577434188,0.04828216692535227,14.450216370807604,14.563102998931834,14.923150154567942,0.31005112427445647,14.496243856033345,15.223268225801391,18.701707909981387,0.23258111555040067,18.42267334308866,18.992042121606403,2.8818112151579105,0.18458103858423192,2.680116170691659,3.126166825962964,7.526052555787259,0.822501932359735,6.367186817720757,8.192300135295948,12.755765285060477,0.7105332684467913,12.09432243209299,13.741586934829325,246.0,0.0,246.0,246.0,12.755765285060477,0.7105332684467913,12.09432243209299,13.741586934829325,13515.73091747655,360.81706322072534,13120.515658958579,13992.868695812112,13.791562160690358,0.3681806767558422,13.38828128465161,14.278437444706237,17.29789226906651,0.25978164656745734,16.981662504349398,17.61796025503895,14.277976962979954,0.2642515001017685,14.077909029857533,14.651365826261792,10.479875716166458,0.7750547087216013,9.544428580086338,11.442340321484522,7.526052555787259,0.822501932359735,6.367186817720757,8.192300135295948,284.0,42.833009077890694,228.0,332.0,526.6666666666666,32.71425105702746,488.0,568.0,729.3333333333334,24.94438257849294,696.0,756.0,861.3333333333334,9.428090415820634,848.0,868.0,988.0,14.236104336041748,968.0,1000.0,2,ring,best_final_mean
continous_fixed_toplogies,local_continuous_fixed_topologies_v2,continuous,Ackley,30,1000,36,complete,maxDistance,BEZ,20,2,3,1;2;3,True,7.971675952589435,0.9863659042476208,6.652113715694295,9.02317530244009,14.65148066734389,0.4852015994643656,14.192303035243143,15.322655052472252,15.08386202047912,0.29399342711050014,14.864819195436652,15.499428173805235,18.902381771932003,0.299352995067513,18.48680897162714,19.180116433098682,2.896068519889876,0.19194892162136945,2.672338961199507,3.141070056719872,7.971675952589435,0.9863659042476208,6.652113715694295,9.02317530244009,12.326894505522368,0.873883755913113,11.327846267770772,13.456447347757098,246.0,0.0,246.0,246.0,12.326894505522368,0.873883755913113,11.327846267770772,13.456447347757098,13729.370154660131,624.7910371684927,12857.824429772763,14291.046937861018,14.009561382306256,0.6375418746617272,13.120229009972208,14.58270095700104,17.058388771358448,0.4984109375203951,16.368151165712085,17.52719762945537,14.148724263197222,0.767004800014138,13.22961720576232,15.107152733755921,11.402898436310211,0.9807482625718765,10.097786963814652,12.462042127466873,7.971675952589435,0.9863659042476208,6.652113715694295,9.02317530244009,230.66666666666666,26.599916457680003,208.0,268.0,502.6666666666667,50.84180257316698,444.0,568.0,769.3333333333334,26.195843605851334,736.0,800.0,928.0,5.656854249492381,924.0,936.0,989.3333333333334,8.219218670625303,980.0,1000.0,3,complete,best_final_mean
continous_random_topologies,local_continuous_random_topologies_v2,continuous,Sphere,30,1000,12,rt_ws_k4_p010_s1,random,BEZ,20,2,3,1;2;3,True,4.5799124953072115,0.7506474843932389,4.0019087879004465,5.6400442047462365,9.31169548235987,0.5264396551568779,8.660395539550809,9.949698385806384,9.304427584227016,0.6504677408540628,8.769007705753367,10.219946591121225,13.558818147756467,1.435506601342109,11.989264219429701,15.458670962837926,2.484645861509707,0.23071175846508876,2.1643545376891367,2.698661497942262,4.5799124953072115,0.7506474843932389,4.0019087879004465,5.6400442047462365,155.56990744305872,14.104638155587272,135.8968029710239,168.25916831726113,246.0,0.0,246.0,246.0,155.56990744305872,14.104638155587272,135.8968029710239,168.25916831726113,24583.208512308316,1587.9353015901327,23075.453056946,26778.374864163376,25.084906645212566,1.6203421444797275,23.546380670353063,27.324872310370793,32.97309765955637,5.207197811397284,29.12021701976793,40.33450317273275,12.887685611473984,1.6268462518879054,10.606273706734468,14.28590444042897,8.38298545364568,1.1797492953942257,6.933700344494247,9.823443699771042,4.5799124953072115,0.7506474843932389,4.0019087879004465,5.6400442047462365,45.333333333333336,4.988876515698588,40.0,52.0,96.0,11.313708498984761,88.0,112.0,198.66666666666666,13.199326582148887,180.0,208.0,350.6666666666667,26.599916457680003,328.0,388.0,977.3333333333334,23.626726862225798,944.0,996.0,1,rt_ws_k4_p010_s1,best_final_mean
continous_random_topologies,local_continuous_random_topologies_v2,continuous,Sphere,30,1000,12,rt_er_d4_s1,random,BEZ,20,2,3,1;2;3,True,5.2851902806667574,0.9798261282386297,4.030074522718605,6.421277596331898,9.212570993215973,0.7617523887739471,8.157489305958602,9.928531654313064,8.949191895372245,0.30800931245642643,8.730149641563628,9.384780458744306,14.569080916805104,1.4011884913652175,12.893874874133608,16.32333944510581,2.6502745022854746,0.3053074122469258,2.264272700636854,3.0108190714544456,5.2851902806667574,0.9798261282386297,4.030074522718605,6.421277596331898,140.44391867265395,8.281656209707876,130.12406013288864,150.4001104617399,246.0,0.0,246.0,246.0,140.44391867265395,8.281656209707876,130.12406013288864,150.4001104617399,25334.682729667926,1748.3866038679869,22944.133209717544,27076.984289147764,25.85171707108972,1.7840679631305991,23.41238082624239,27.62957580525282,32.50984337237534,1.3830376383903151,31.0934963774131,34.38620373684413,13.791647878625618,3.406519164597087,10.613770349977093,18.51624925838444,7.392899256368793,1.9786400143875413,5.590306992699047,10.14771104986444,5.2851902806667574,0.9798261282386297,4.030074522718605,6.421277596331898,54.666666666666664,1.8856180831641267,52.0,56.0,90.66666666666667,1.8856180831641267,88.0,92.0,205.33333333333334,22.23110933404409,184.0,236.0,408.0,58.87840577551898,328.0,468.0,984.0,9.797958971132712,972.0,996.0,2,rt_er_d4_s1,best_final_mean
continous_random_topologies,local_continuous_random_topologies_v2,continuous,Sphere,30,1000,12,rt_er_d8_s1,random,BEZ,20,2,3,1;2;3,True,7.134737094073745,0.9397873799870254,6.3359343398320735,8.454049390379833,10.05931596184273,0.5564959253487306,9.545561233220784,10.83250101688526,9.528921956113404,1.2089829097085805,8.359959108568454,11.193960601760704,14.723128213385584,0.9131159254911244,13.43439944642463,15.438588756985599,2.3285206737492685,0.4621007976581832,1.676081812529394,2.6871186477495224,7.134737094073745,0.9397873799870254,6.3359343398320735,8.454049390379833,148.16741198302228,8.027902180665135,141.1364838274365,159.4026789784249,246.0,0.0,246.0,246.0,148.16741198302228,8.027902180665135,141.1364838274365,159.4026789784249,27488.995373969497,1886.324571462556,24862.442189223522,29206.30706275204,28.04999527956071,1.924820991288323,25.36983896859543,29.802354145665348,38.453640563547324,1.6011922996931829,36.74951886440395,40.59709681994708,16.582682810100142,1.3889849610093654,14.646804524316583,17.839066540112327,10.294175736990907,0.925154326969519,9.470483838573,11.586370784811407,7.134737094073745,0.9397873799870254,6.3359343398320735,8.454049390379833,40.0,11.313708498984761,24.0,48.0,89.33333333333333,23.170862929310356,64.0,120.0,221.33333333333334,23.626726862225798,188.0,240.0,396.0,18.184242262647807,372.0,416.0,965.3333333333334,25.368396787253932,940.0,1000.0,3,rt_er_d8_s1,best_final_mean
continous_random_topologies,local_continuous_random_topologies_v2,continuous,Sphere,30,1000,12,rt_ws_k4_p010_s1,best,BEZ,20,2,3,1;2;3,True,5.648216256900615,1.2797783946665882,3.844552494552386,6.679843682978849,9.214735088404586,0.44593266984739993,8.659125163697002,9.750914058217855,8.931556727384123,0.447878877476924,8.51238337391545,9.552377532251516,15.03303433308566,2.3950660653178275,12.778139239964174,18.349339635444622,2.9855890850164326,0.6033465862127394,2.1662959712607535,3.601656934294651,5.648216256900615,1.2797783946665882,3.844552494552386,6.679843682978849,146.0620253443458,8.77707563120251,133.9123151069985,154.3377872795719,246.0,0.0,246.0,246.0,146.0620253443458,8.77707563120251,133.9123151069985,154.3377872795719,26392.79743010867,377.66318032050646,25860.14921602585,26693.160142886612,26.931425949090478,0.3853705921637832,26.38790736329168,27.237918513149605,34.725783333406994,1.4877956408928337,33.140354640662196,36.71646082560472,15.33151186505354,1.525732985361871,13.875784165528234,17.438663343470182,8.195290550234702,1.569358357614426,6.938091424374698,10.407845999663444,5.648216256900615,1.2797783946665882,3.844552494552386,6.679843682978849,44.0,13.063945294843617,28.0,60.0,98.66666666666667,6.79869268479038,92.0,108.0,208.0,16.97056274847714,196.0,232.0,404.0,24.657656011875904,376.0,436.0,984.0,3.265986323710904,980.0,988.0,1,rt_ws_k4_p010_s1,best_final_mean
continous_random_topologies,local_continuous_random_topologies_v2,continuous,Sphere,30,1000,12,rt_er_d4_s1,best,BEZ,20,2,3,1;2;3,True,5.992388802423813,0.3435873560148967,5.522642935752448,6.334883863497417,9.173091716478153,0.3407550770889815,8.697428859291918,9.477853471254157,8.671126646191933,0.34389227741557443,8.185008186213492,8.926814409359952,14.52058666324139,2.3035508312442214,11.57232598166467,17.194858188761987,2.451214251542107,0.5913282944978764,1.6153733845543599,2.892183798154047,5.992388802423813,0.3435873560148967,5.522642935752448,6.334883863497417,137.9553944065921,10.792354375133646,124.20486386557837,150.56690860982374,246.0,0.0,246.0,246.0,137.9553944065921,10.792354375133646,124.20486386557837,150.56690860982374,25808.242301244518,2791.4191772833415,22086.768562308465,28809.59586477098,26.334941123718895,2.8483869155952473,22.537518941131086,29.397546800786717,35.3572350637915,6.17995287296936,26.877065230808462,41.42837595184879,13.807541594616001,2.200051165352334,11.401080554115586,16.718708483899754,8.422564582398286,0.5052229713385024,7.734175140978342,8.932486062740827,5.992388802423813,0.3435873560148967,5.522642935752448,6.334883863497417,46.666666666666664,4.988876515698588,40.0,52.0,96.0,25.508168626278653,76.0,132.0,229.33333333333334,16.438437341250605,208.0,248.0,393.3333333333333,34.92213560989012,344.0,420.0,993.3333333333334,1.8856180831641267,992.0,996.0,2,rt_er_d4_s1,best_final_mean
continous_random_topologies,local_continuous_random_topologies_v2,continuous,Sphere,30,1000,12,rt_er_d8_s1,best,BEZ,20,2,3,1;2;3,True,6.323048092461094,0.5922258870677976,5.563620414737515,7.00862048310849,9.437676055685424,0.25530847677233376,9.227213014097266,9.796979630357551,8.878574904700015,0.1903711723835121,8.693148453840745,9.140328209410601,14.179527845450284,1.9652009630371892,12.273894651522788,16.884327272048704,2.2438637973572026,0.7501557519099435,1.4604196497057804,3.2550710839349306,6.323048092461094,0.5922258870677976,5.563620414737515,7.00862048310849,142.02431077355868,13.249487808668734,123.5578187718893,154.0079923130495,246.0,0.0,246.0,246.0,142.02431077355868,13.249487808668734,123.5578187718893,154.0079923130495,26933.54148567625,1121.6009565223574,25749.717545834497,28439.731158541348,27.483205597628825,1.1444907719615895,26.275221985545404,29.020133835246273,40.47733518018482,4.4808713393209665,34.65905644288685,45.5608793732977,15.077191015471776,1.3189482826721637,13.685674123407116,16.848680567715043,10.02253633562667,0.7506851736974817,9.041947773483352,10.865147092127883,6.323048092461094,0.5922258870677976,5.563620414737515,7.00862048310849,46.666666666666664,8.219218670625303,36.0,56.0,97.33333333333333,7.542472332656507,92.0,108.0,236.0,13.063945294843617,220.0,252.0,388.0,51.01633725255731,348.0,460.0,989.3333333333334,8.219218670625303,980.0,1000.0,3,rt_er_d8_s1,best_final_mean
continous_random_topologies,local_continuous_random_topologies_v2,continuous,Sphere,30,1000,12,rt_ws_k4_p010_s1,worst,BEZ,20,2,3,1;2;3,True,5.369911013783219,0.5082010000212313,4.810959144198529,6.040643884935425,9.33858504880403,0.6721344346106916,8.480868532679946,10.122251467369919,9.511052881744757,0.8641097142744524,8.305182895068505,10.285558790101355,14.734840766209379,1.0434355878349377,13.304358788717781,15.763813683509573,2.6185409658844407,0.03513631337254866,2.570531381803443,2.653643084332598,5.369911013783219,0.5082010000212313,4.810959144198529,6.040643884935425,158.00789252187712,2.3287430399242433,154.72870812863505,159.91164093237845,246.0,0.0,246.0,246.0,158.00789252187712,2.3287430399242433,154.72870812863505,159.91164093237845,26686.944462186264,1156.4709822614307,25705.23051392594,28310.63681361642,27.231575981822715,1.1800724308790105,26.22982705502647,28.88840491185349,33.93733112094603,5.298575428088009,29.37616012034097,41.36661953345243,15.072768934606275,0.6321173024010932,14.233590429984524,15.759178358620591,7.497361657308207,0.8355025882707692,6.317986605018793,8.149520993405389,5.369911013783219,0.5082010000212313,4.810959144198529,6.040643884935425,50.666666666666664,4.988876515698588,44.0,56.0,82.66666666666667,3.7712361663282534,80.0,88.0,186.66666666666666,10.498677165349081,172.0,196.0,369.3333333333333,29.272664533466866,328.0,392.0,988.0,8.640987597877148,980.0,1000.0,1,rt_ws_k4_p010_s1,best_final_mean
continous_random_topologies,local_continuous_random_topologies_v2,continuous,Sphere,30,1000,12,rt_er_d4_s1,worst,BEZ,20,2,3,1;2;3,True,5.919087881946292,0.6016243769491089,5.478157402430075,6.769722202653557,8.832190002084033,0.39266636312697334,8.291336007894682,9.211649227552318,8.8853714951393,0.30548873907637636,8.45756909489246,9.151463540350663,12.258749057432203,1.9611680742719328,10.632775849903576,15.017610443810886,1.8413054201837487,0.6068862658321125,1.1433629573428123,2.622854561819376,5.919087881946292,0.6016243769491089,5.478157402430075,6.769722202653557,135.5412030758681,9.557227530993721,123.45936721276334,146.82929441331467,246.0,0.0,246.0,246.0,135.5412030758681,9.557227530993721,123.45936721276334,146.82929441331467,25251.57720887358,2265.7422863518304,22541.37760305035,28087.04714614043,25.766915519258752,2.3119819248488063,23.001405717398317,28.660252189939214,34.49934124043053,4.438115411007368,28.50239595044648,39.10180515529756,17.338100413837992,0.6802047410779632,16.52888759881906,18.193149603156936,9.54994400635244,1.5454579108476736,7.796837446279153,11.556817273416424,5.919087881946292,0.6016243769491089,5.478157402430075,6.769722202653557,46.666666666666664,15.084944665313014,36.0,68.0,92.0,29.93325909419153,52.0,124.0,196.0,63.07667292007931,128.0,280.0,441.3333333333333,29.454296045832695,404.0,476.0,985.3333333333334,11.469767022723502,972.0,1000.0,2,rt_er_d4_s1,best_final_mean
continous_random_topologies,local_continuous_random_topologies_v2,continuous,Sphere,30,1000,12,rt_er_d8_s1,worst,BEZ,20,2,3,1;2;3,True,5.966936606112939,1.101764126044877,4.451075482608635,7.037037113320046,9.633908529562548,0.8875595570106679,8.527801035087942,10.700808176717123,8.752371081602321,0.4118205590052374,8.269571167515153,9.2758569146609,15.787649129417305,2.1327809893201004,13.426810982249153,18.593787906629462,2.979554585002041,1.0839706250049943,1.7563385008158365,4.391347157282839,5.966936606112939,1.101764126044877,4.451075482608635,7.037037113320046,137.08450412345792,14.052378433985186,117.34050687600566,148.91480277459212,246.0,0.0,246.0,246.0,137.08450412345792,14.052378433985186,117.34050687600566,148.91480277459212,22425.867069846157,3543.0261494951073,17624.216655171094,26066.7190573168,22.88353782637363,3.615332805607252,17.983894546092955,26.59869291562939,27.811746825053213,6.9673946298965905,20.14273528832345,37.00410462853414,11.559857841868855,2.5809233296159553,8.196743010477627,14.469764484450344,7.859418353022963,2.0429171111430873,5.058320551802112,9.872873294963226,5.966936606112939,1.101764126044877,4.451075482608635,7.037037113320046,48.0,14.236104336041748,36.0,68.0,82.66666666666667,6.79869268479038,76.0,92.0,166.66666666666666,24.729649321321876,132.0,188.0,329.3333333333333,33.038697848970315,304.0,376.0,989.3333333333334,9.977753031397176,976.0,1000.0,3,rt_er_d8_s1,best_final_mean
continous_random_topologies,local_continuous_random_topologies_v2,continuous,Sphere,30,1000,12,rt_er_d8_s1,maxDistance,BEZ,20,2,3,1;2;3,True,4.976803034898601,0.7049232798332501,4.2636564718856125,5.936652149190871,9.16396076499373,0.7212692074080121,8.598423618836618,10.181895786279647,8.960875836383464,0.8671305485572525,8.164582393465366,10.166680063804064,14.114318833148078,2.1987940791169756,11.98374405832677,17.141118761994843,2.529081845466015,0.4707611267124188,2.1366500428501127,3.1910466253094323,4.976803034898601,0.7049232798332501,4.2636564718856125,5.936652149190871,155.53238929535553,12.604824510264129,138.89345524646393,169.39097237647587,246.0,0.0,246.0,246.0,155.53238929535553,12.604824510264129,138.89345524646393,169.39097237647587,27706.417972804946,1292.4281958168926,26456.025776971615,29486.146651233346,28.27185507429076,1.3188042814458087,26.9959446703792,30.087904746156475,37.535174441852384,5.934585681692446,31.799351769883415,45.70914029384201,16.560218572452015,1.5352790253648816,14.872487428567474,18.58700223879459,7.591370136836551,0.0872008870757412,7.508267094525803,7.711829232591692,4.976803034898601,0.7049232798332501,4.2636564718856125,5.936652149190871,41.333333333333336,3.7712361663282534,36.0,44.0,88.0,3.265986323710904,84.0,92.0,216.0,9.797958971132712,204.0,228.0,433.3333333333333,18.856180831641268,420.0,460.0,981.3333333333334,7.542472332656507,976.0,992.0,1,rt_er_d8_s1,best_final_mean
continous_random_topologies,local_continuous_random_topologies_v2,continuous,Sphere,30,1000,12,rt_er_d4_s1,maxDistance,BEZ,20,2,3,1;2;3,True,5.24982373679127,0.6946037214369185,4.44812835655303,6.142275823483002,9.20478801350919,0.9574355668425621,7.984456187591482,10.32300606254462,9.1043591574171,1.1583640003934963,7.8838861335936485,10.660928028862656,14.139848544297676,2.330847435276284,11.269474952568439,16.97859910170952,2.3698478012679107,0.2964856919929837,1.9827435215246638,2.7029289911190424,5.24982373679127,0.6946037214369185,4.44812835655303,6.142275823483002,143.48810324272807,20.015385184154198,115.35303508726435,160.24578992219963,246.0,0.0,246.0,246.0,143.48810324272807,20.015385184154198,115.35303508726435,160.24578992219963,25315.082948589003,3997.0591024225478,19682.2247784859,28541.27273089621,25.831717294478576,4.078631737165864,20.083902835189694,29.12374768458797,33.7754994492273,7.249202479214654,23.52765358823223,39.14971477661811,15.827014687982578,2.7476161964932095,12.009082054653529,18.361788443376106,9.611284670985308,0.629244047240235,9.132835993112643,10.500306865767849,5.24982373679127,0.6946037214369185,4.44812835655303,6.142275823483002,40.0,8.640987597877148,28.0,48.0,76.0,11.313708498984761,60.0,84.0,189.33333333333334,12.364824660660938,172.0,200.0,385.3333333333333,37.57067414294766,340.0,432.0,989.3333333333334,6.79869268479038,980.0,996.0,2,rt_er_d4_s1,best_final_mean
continous_random_topologies,local_continuous_random_topologies_v2,continuous,Sphere,30,1000,12,rt_ws_k4_p010_s1,maxDistance,BEZ,20,2,3,1;2;3,True,6.587829013373854,0.4233874124978878,6.214302000009442,7.179862219525169,8.940373736881378,0.22791758194592918,8.624282620757684,9.153049332201835,8.670382437656805,0.07500151866301594,8.570626779879852,8.751476420356308,12.54317751284555,0.3211941970728432,12.091031090068308,12.806950560138462,1.7393960032124605,0.1785606170619172,1.5707937533962062,1.9865031537030948,6.587829013373854,0.4233874124978878,6.214302000009442,7.179862219525169,148.23593227576697,12.548275263230906,130.49657843923765,157.52431221471414,246.0,0.0,246.0,246.0,148.23593227576697,12.548275263230906,130.49657843923765,157.52431221471414,27717.442794003484,2175.944957661391,26149.031432999396,30794.50020110344,28.28310489184029,2.220351997613664,26.68268513571367,31.42295938888106,35.772640897363594,2.6022007590223697,32.170023020208276,38.224358560348904,15.216837260755508,1.7368602420560542,13.020459294065432,17.26737498339267,9.109947581808367,1.5205673666803226,6.976812450356749,10.412075242085146,6.587829013373854,0.4233874124978878,6.214302000009442,7.179862219525169,52.0,14.236104336041748,32.0,64.0,102.66666666666667,14.727148022916348,84.0,120.0,210.66666666666666,7.542472332656507,200.0,216.0,425.3333333333333,20.997354330698162,396.0,444.0,914.6666666666666,46.68571040003093,852.0,964.0,3,rt_ws_k4_p010_s1,best_final_mean
continous_random_topologies,local_continuous_random_topologies_v2,continuous,Sphere,30,1000,24,rt_er_d4_s1,random,BEZ,20,2,3,1;2;3,True,4.929411190617209,0.6483008833085392,4.10464273982592,5.688578929003957,9.127544229194974,0.3486911330776525,8.735475333250356,9.58259555896274,9.195016846695667,0.5583038482778709,8.604120761070483,9.943991231077794,14.508446642341891,0.8496695100365552,13.48583396293429,15.566200505019989,2.1779759140618182,0.19558308773393926,2.0011927087864474,2.450595337781818,4.929411190617209,0.6483008833085392,4.10464273982592,5.688578929003957,127.59853631483871,21.05240617332438,111.03542252980134,157.30561898475358,246.0,0.0,246.0,246.0,127.59853631483871,21.05240617332438,111.03542252980134,157.30561898475358,22211.928662478225,1615.123250697693,20004.290989031746,23823.375906110778,22.665233329059415,1.6480849496915244,20.412541825542597,24.309567251133448,25.581071032928627,3.2680663632956133,22.260068688737356,30.025201886710278,13.77738757944335,2.0849646932786596,10.858037678444967,15.595759860547906,8.527999052759672,0.4588288667466405,7.8792608531897335,8.864198399967082,4.929411190617209,0.6483008833085392,4.10464273982592,5.688578929003957,54.666666666666664,6.79869268479038,48.0,64.0,93.33333333333333,15.4344492037203,72.0,108.0,188.0,8.640987597877148,180.0,200.0,388.0,28.472208672083497,364.0,428.0,989.3333333333334,9.977753031397176,976.0,1000.0,1,rt_er_d4_s1,best_final_mean
continous_random_topologies,local_continuous_random_topologies_v2,continuous,Sphere,30,1000,24,rt_ws_k4_p010_s1,random,BEZ,20,2,3,1;2;3,True,5.308335117007474,0.5521952580476349,4.765115422611352,6.065808810597278,9.670084875877308,0.6898211011126247,8.946011306565232,10.598308755916227,9.240215718487583,0.5183682715831059,8.509253397923562,9.653957234267981,16.302032941950554,2.360417630280582,13.33127226610816,19.105856619253625,2.6094636966770355,0.5105415377563574,2.1131614147883044,3.311753612013071,5.308335117007474,0.5521952580476349,4.765115422611352,6.065808810597278,127.74897293770158,17.687661430838872,102.73627794724716,140.4874137845132,246.0,0.0,246.0,246.0,127.74897293770158,17.687661430838872,102.73627794724716,140.4874137845132,23599.468273403752,856.678936446328,22388.475976397225,24236.132396967303,24.081090074901788,0.8741621800472732,22.845383649384924,24.730747343844186,32.33226001440742,5.005256669042209,28.70537482709858,39.41003251442666,11.4351524785642,0.4709493040480831,10.770991387181443,11.810330634340243,8.540613213913923,0.5173535470467231,7.8091216614322825,8.919478458464797,5.308335117007474,0.5521952580476349,4.765115422611352,6.065808810597278,61.333333333333336,25.368396787253932,36.0,96.0,109.33333333333333,30.169889330626027,88.0,152.0,208.0,40.92269134192748,160.0,260.0,370.6666666666667,1.8856180831641267,368.0,372.0,972.0,14.966629547095765,956.0,992.0,2,rt_ws_k4_p010_s1,best_final_mean
continous_random_topologies,local_continuous_random_topologies_v2,continuous,Sphere,30,1000,24,rt_er_d8_s1,random,BEZ,20,2,3,1;2;3,True,5.4100762078428675,0.5366397327620857,4.875135781675582,6.143757059487468,9.608956198118868,0.21191562498899796,9.335576559348906,9.851994632921354,9.581250284122108,0.2825440343671941,9.223131092701955,9.913801510181097,15.849631665535185,1.0413092958602446,14.52022677719834,17.062968374598732,2.528245984792492,0.1230092787500316,2.35906046474507,2.647897536047747,5.4100762078428675,0.5366397327620857,4.875135781675582,6.143757059487468,135.68762949685257,11.303194937734835,119.77380228985615,144.9506447120362,246.0,0.0,246.0,246.0,135.68762949685257,11.303194937734835,119.77380228985615,144.9506447120362,24645.336156990237,1726.001958727054,22265.11646557208,26303.99675526874,25.148302201010445,1.7612264884969941,22.71950659752253,26.84081301558035,30.915440185639646,2.2502012208968933,27.784830722311167,32.97528671824435,15.505685966994271,1.7907274773373978,13.006648314718943,17.110402564126353,9.311085116296104,1.2736596515498975,7.556505959842179,10.541081867376672,5.4100762078428675,0.5366397327620857,4.875135781675582,6.143757059487468,49.333333333333336,9.977753031397176,36.0,60.0,100.0,17.281975195754296,76.0,116.0,182.66666666666666,40.83571421630281,132.0,232.0,406.6666666666667,81.47528595974501,332.0,520.0,968.0,8.640987597877148,956.0,976.0,3,rt_er_d8_s1,best_final_mean
continous_random_topologies,local_continuous_random_topologies_v2,continuous,Sphere,30,1000,24,rt_ws_k4_p010_s1,best,BEZ,20,2,3,1;2;3,True,5.352632343873391,0.7810891431087165,4.492995536868913,6.383215921346145,9.18879108707849,0.9260833934332372,7.897423874394013,10.023481886119507,9.235523142904704,0.8986154183673559,7.972543287995949,9.989184751866308,14.056404766421979,1.9375230021294771,11.318540580856553,15.5205621274892,2.138705674504056,0.42570231847284923,1.5565232072613835,2.5625801038098035,5.352632343873391,0.7810891431087165,4.492995536868913,6.383215921346145,127.90639632087121,9.277003228660067,114.78713094656253,134.5545749605182,246.0,0.0,246.0,246.0,127.90639632087121,9.277003228660067,114.78713094656253,134.5545749605182,25234.8336658702,1407.3677113748347,23462.96503550675,26905.871146299094,25.749830271296123,1.4360895014028932,23.94180105663954,27.454970557448057,29.011229061414625,3.2254249575907625,24.45609039886786,31.496362983364772,14.033129501302847,1.096775515650794,12.78866619848919,15.457145483785801,8.873057136810766,1.1242944024300912,7.702598342384444,10.390261057772305,5.352632343873391,0.7810891431087165,4.492995536868913,6.383215921346145,64.0,5.656854249492381,56.0,68.0,105.33333333333333,4.988876515698588,100.0,112.0,213.33333333333334,15.084944665313014,192.0,224.0,436.0,8.640987597877148,428.0,448.0,976.0,6.531972647421808,968.0,984.0,1,rt_ws_k4_p010_s1,best_final_mean
continous_random_topologies,local_continuous_random_topologies_v2,continuous,Sphere,30,1000,24,rt_er_d4_s1,best,BEZ,20,2,3,1;2;3,True,5.543499088093302,0.3671816787765794,5.211783781559212,6.05534416078774,9.376160863996605,0.4564453647938148,8.763949178807492,9.859498746445889,9.18122892525097,0.5187829933579625,8.464334836841598,9.674771642217381,14.95872914271862,1.3977446376721534,12.988802965022938,16.085389969847093,2.360057474560215,0.33145844076804265,2.0839138208227364,2.8261621638222816,5.543499088093302,0.3671816787765794,5.211783781559212,6.05534416078774,129.78093361423024,14.507016401826172,113.40039672115209,148.66880906631778,246.0,0.0,246.0,246.0,129.78093361423024,14.507016401826172,113.40039672115209,148.66880906631778,23909.887822833407,1591.7329869845928,21886.548098284773,25775.954034631723,24.397844717176945,1.6242173336577492,22.333212345188542,26.301993912889515,30.789300171455988,2.9237987742556917,28.312326318146383,34.89507663808126,14.459528374639822,0.1646267362290048,14.262033546277458,14.665045578554391,8.306452114611806,1.2315186584957418,6.57807425673192,9.356355325790975,5.543499088093302,0.3671816787765794,5.211783781559212,6.05534416078774,46.666666666666664,8.219218670625303,36.0,56.0,94.66666666666667,12.364824660660938,84.0,112.0,212.0,31.15552385479446,172.0,248.0,410.6666666666667,27.39018477889885,372.0,432.0,988.0,14.236104336041748,968.0,1000.0,2,rt_er_d4_s1,best_final_mean
continous_random_topologies,local_continuous_random_topologies_v2,continuous,Sphere,30,1000,24,rt_er_d8_s1,best,BEZ,20,2,3,1;2;3,True,6.004690562434626,0.20865068122929728,5.791388704724008,6.2879183818760875,9.247666987915588,0.3529008818476441,8.887549622166945,9.726966645220152,9.030148576046157,0.22490293734072853,8.736983607215281,9.283561405516384,13.716365070288937,1.8111438384252836,11.994964271982061,16.2196084594095,2.07742708901214,0.2979447069549194,1.802821709586103,2.49149770821915,6.004690562434626,0.20865068122929728,5.791388704724008,6.2879183818760875,129.6090175909328,10.76593370778028,121.06528535994147,144.79470396215558,246.0,0.0,246.0,246.0,129.6090175909328,10.76593370778028,121.06528535994147,144.79470396215558,24873.68223689334,570.7295848417573,24414.508658670293,25678.132581395923,25.381308404993206,0.5823771273895477,24.912763937418667,26.202176103465227,36.99741660251907,1.9527181690244002,34.24077618044066,38.51843425214619,13.681061788063502,1.1098727369882126,12.251801983526155,14.957508873065988,9.218083912084795,0.4467430894064925,8.764269640405953,9.825659587488675,6.004690562434626,0.20865068122929728,5.791388704724008,6.2879183818760875,56.0,3.265986323710904,52.0,60.0,98.66666666666667,7.542472332656507,88.0,104.0,241.33333333333334,26.195843605851334,208.0,272.0,373.3333333333333,83.22392818307858,256.0,440.0,984.0,11.775681155103795,968.0,996.0,3,rt_er_d8_s1,best_final_mean
continous_random_topologies,local_continuous_random_topologies_v2,continuous,Sphere,30,1000,24,rt_ws_k4_p010_s1,worst,BEZ,20,2,3,1;2;3,True,5.3966323617569865,0.6856256411227488,4.428106358834269,5.920792930742923,9.355998416367992,0.5250272517683667,8.937449874027289,10.096397212416946,9.149229329452611,0.43000654353982143,8.810243484811362,9.755957759343516,14.650901332627734,0.5451516911015993,13.95626749260884,15.287870493594944,2.369975428071501,0.20245719951177807,2.1300326630185213,2.6252390076208636,5.3966323617569865,0.6856256411227488,4.428106358834269,5.920792930742923,142.6526144247379,2.6406095166794117,139.7069569123001,146.11329485900796,246.0,0.0,246.0,246.0,142.6526144247379,2.6406095166794117,139.7069569123001,146.11329485900796,25742.963824460665,488.7643221870141,25325.053889000304,26428.73039895712,26.26833043312313,0.49873910427246354,25.841891723469697,26.968092243833794,31.45897540481543,3.854989859323471,26.872850176144148,36.304881877172704,15.433571070790586,1.0461111487391024,14.636383269912754,16.911466370687986,7.558814058787424,0.6650023002761946,6.74616883719861,8.3750731243289,5.3966323617569865,0.6856256411227488,4.428106358834269,5.920792930742923,53.333333333333336,4.988876515698588,48.0,60.0,88.0,14.236104336041748,68.0,100.0,201.33333333333334,9.977753031397176,188.0,212.0,445.3333333333333,17.987650084309387,420.0,460.0,970.6666666666666,9.428090415820634,964.0,984.0,1,rt_ws_k4_p010_s1,best_final_mean
continous_random_topologies,local_continuous_random_topologies_v2,continuous,Sphere,30,1000,24,rt_er_d4_s1,worst,BEZ,20,2,3,1;2;3,True,5.462063542106245,0.8129243253561718,4.495886455814569,6.4847309178404045,9.598346098695846,0.30384740541339017,9.269807312930576,10.002472883273182,9.692113414499518,0.47568110959896664,9.110470721714595,10.275642141207857,15.01466081583687,2.853910244493872,11.9336108573252,18.81296211047628,2.3038974995728836,0.5714435465275841,1.5555313040365804,2.9422445962809443,5.462063542106245,0.8129243253561718,4.495886455814569,6.4847309178404045,120.26998253782867,6.768578297733086,113.04608846310619,129.3208627478541,246.0,0.0,246.0,246.0,120.26998253782867,6.768578297733086,113.04608846310619,129.3208627478541,25846.98023331474,1242.1621604273187,24092.190195097417,26794.97405217328,26.37446962583137,1.2675124085993057,24.58386754601777,27.341810257319672,34.063498512725666,4.582957948233874,27.634217303498072,37.98772539287247,15.944948244312812,1.5833804388623234,14.53197571082317,18.155851968401393,8.519090743108622,1.0105411195467675,7.092738269901519,9.309266967207206,5.462063542106245,0.8129243253561718,4.495886455814569,6.4847309178404045,70.66666666666667,8.219218670625303,60.0,80.0,114.66666666666667,10.498677165349081,100.0,124.0,236.0,26.733250207684563,208.0,272.0,445.3333333333333,12.364824660660938,428.0,456.0,980.0,14.236104336041748,960.0,992.0,2,rt_er_d4_s1,best_final_mean
continous_random_topologies,local_continuous_random_topologies_v2,continuous,Sphere,30,1000,24,rt_er_d8_s1,worst,BEZ,20,2,3,1;2;3,True,6.342510448426856,0.6861952485016013,5.655670940027296,7.279634250006599,9.689946443336732,0.0689408016091987,9.609709868239774,9.778031596556328,9.244417628411261,0.4029642725259905,8.793641450613103,9.771750969874217,17.694752140803864,3.58183228937017,12.707137320079507,20.954756408266213,2.5010062583179784,0.8510942424337309,1.3078666509485455,3.234891473557646,6.342510448426856,0.6861952485016013,5.655670940027296,7.279634250006599,133.0582872154436,10.65404734209355,121.20243258644165,147.03867504914837,246.0,0.0,246.0,246.0,133.0582872154436,10.65404734209355,121.20243258644165,147.03867504914837,25536.190176491167,1330.8586863945313,23752.481026517697,26948.201954593802,26.057336914786905,1.3580190677495225,24.237225537262955,27.498165259789594,35.056242612491566,1.7238546616433332,32.69332938766858,36.75730788598527,13.781706924495625,0.8167575419771368,12.6279981865304,14.407104413709808,9.580709774704422,0.9570600892496888,8.412287198105163,10.756560762079253,6.342510448426856,0.6861952485016013,5.655670940027296,7.279634250006599,49.333333333333336,4.988876515698588,44.0,56.0,88.0,11.775681155103795,72.0,100.0,206.66666666666666,6.79869268479038,200.0,216.0,390.6666666666667,40.83571421630281,340.0,440.0,984.0,14.236104336041748,964.0,996.0,3,rt_er_d8_s1,best_final_mean
continous_random_topologies,local_continuous_random_topologies_v2,continuous,Sphere,30,1000,24,rt_er_d8_s1,maxDistance,BEZ,20,2,3,1;2;3,True,4.660393062142449,0.47906246012375203,4.248947181221116,5.332254905028544,8.829908287458093,0.3609330748563473,8.392752834229265,9.276697229993438,8.677977634010167,0.3261555280035184,8.217899954153701,8.936521544439955,14.639063291590974,0.5904011093828575,13.925099637287003,15.370947946406947,2.4922718219211926,0.08495920002944696,2.4031576042957776,2.6066221300245402,4.660393062142449,0.47906246012375203,4.248947181221116,5.332254905028544,119.69701483764992,6.334007728270598,114.06628199170375,128.54567360940527,246.0,0.0,246.0,246.0,119.69701483764992,6.334007728270598,114.06628199170375,128.54567360940527,24150.364737386917,1115.9702317548665,22683.527174684597,25388.13955441987,24.6432293238642,1.1387451344437425,23.146456300698567,25.90626485144885,32.25613491996506,1.8228134534637255,29.86623511461041,34.28789873234208,16.233296594896096,1.1427528905783517,14.625418336967954,17.178203394441905,7.788817693493912,0.701421809621313,6.8446658025532585,8.524373690663694,4.660393062142449,0.47906246012375203,4.248947181221116,5.332254905028544,61.333333333333336,14.727148022916348,44.0,80.0,120.0,9.797958971132712,108.0,132.0,230.66666666666666,14.727148022916348,212.0,248.0,486.6666666666667,15.4344492037203,472.0,508.0,984.0,5.656854249492381,980.0,992.0,1,rt_er_d8_s1,best_final_mean
continous_random_topologies,local_continuous_random_topologies_v2,continuous,Sphere,30,1000,24,rt_ws_k4_p010_s1,maxDistance,BEZ,20,2,3,1;2;3,True,4.865139028271469,0.1626080309093742,4.641584790056356,5.023603238811042,9.919726366947495,0.710453934629362,9.345438514793422,10.920846684088486,9.481262924319058,0.5516569747954159,9.07759775130495,10.261264126224996,16.033178070899623,0.8896471854128283,14.819533408501322,16.927242715909838,2.556331941141839,0.23644705447388686,2.2408315811592248,2.810027191314977,4.865139028271469,0.1626080309093742,4.641584790056356,5.023603238811042,132.13268545392722,5.351411783271921,127.44870085135432,139.62265097710957,246.0,0.0,246.0,246.0,132.13268545392722,5.351411783271921,127.44870085135432,139.62265097710957,24576.751643373984,2751.6088453190737,20822.772746358914,27341.298801008867,25.078318003442842,2.8077641278766055,21.247727292202974,27.899284490825373,34.33272648074129,6.14150965711505,27.5678811143649,42.432655038797904,14.370870715717666,2.549807332954318,10.894657271851992,16.939176945176904,10.05220919969147,1.9285540362466453,7.369188107022625,11.818018424206013,4.865139028271469,0.1626080309093742,4.641584790056356,5.023603238811042,46.666666666666664,9.428090415820634,40.0,60.0,97.33333333333333,17.987650084309387,76.0,120.0,218.66666666666666,47.59084879353266,172.0,284.0,409.3333333333333,52.49338582674541,336.0,456.0,974.6666666666666,16.759740119968715,952.0,992.0,2,rt_ws_k4_p010_s1,best_final_mean
continous_random_topologies,local_continuous_random_topologies_v2,continuous,Sphere,30,1000,24,rt_er_d4_s1,maxDistance,BEZ,20,2,3,1;2;3,True,4.933367981385258,0.4582777586842622,4.504426321524728,5.568593544484475,9.434433461039086,0.16382748173493183,9.204124848239859,9.571442350717408,9.340618670115786,0.48154408516831565,8.659612647147918,9.681517221739059,15.291189857358972,1.0700002555016028,14.045337679808107,16.65791705122169,2.71640142169652,0.4297169058126607,2.1088006659110814,3.03024768872527,4.933367981385258,0.4582777586842622,4.504426321524728,5.568593544484475,127.40493101329388,10.957488730004915,113.62072057105789,140.42863437563014,246.0,0.0,246.0,246.0,127.40493101329388,10.957488730004915,113.62072057105789,140.42863437563014,24995.204080583957,954.9352222007795,24294.547006113735,26345.3634364557,25.50531028631016,0.9744236961232451,24.790354087871158,26.883023914750716,34.51252356931067,0.3941810807075156,34.049237309446944,35.01266710454526,15.916793834241274,1.116567300699536,15.030690416737436,17.49174631408719,7.3950435768518545,1.0172225042670504,6.504024432515757,8.818651353752394,4.933367981385258,0.4582777586842622,4.504426321524728,5.568593544484475,64.0,11.775681155103795,52.0,80.0,114.66666666666667,19.955506062794353,88.0,136.0,220.0,32.16623488483952,176.0,252.0,444.0,42.708313008125245,384.0,480.0,952.0,37.66519171153476,900.0,988.0,3,rt_er_d4_s1,best_final_mean
continous_random_topologies,local_continuous_random_topologies_v2,continuous,Sphere,30,1000,36,rt_er_d8_s1,random,BEZ,20,2,3,1;2;3,True,4.850961534245986,0.3253667483335643,4.438193111117971,5.2334478554879995,9.308568513668856,0.24618304521623693,8.984129385197567,9.580166213587564,9.0714216703977,0.40857766605246304,8.494513992470647,9.387923898921573,16.645401687916383,0.8554370943849317,15.7150882969128,17.780294659547938,2.45938711964612,0.017994351758617317,2.4392376098762223,2.4829226688926167,4.850961534245986,0.3253667483335643,4.438193111117971,5.2334478554879995,132.32301057870356,9.785620132472067,120.67056405800153,144.61475080424756,246.0,0.0,246.0,246.0,132.32301057870356,9.785620132472067,120.67056405800153,144.61475080424756,23254.87219072939,1617.7879006863777,21227.427934869134,25186.72223972787,23.729461419111622,1.6508039802922225,21.660640749866463,25.700736979314154,29.515081784869967,3.4905099655053387,25.13211856351161,33.67321404553839,13.384414894662774,0.4402146735225759,12.852195540632714,13.930239350646938,7.011356981678561,0.9606652592527175,5.663953461129583,7.835705431633908,4.850961534245986,0.3253667483335643,4.438193111117971,5.2334478554879995,49.333333333333336,6.79869268479038,40.0,56.0,82.66666666666667,8.219218670625303,72.0,92.0,182.66666666666666,17.987650084309387,160.0,204.0,397.3333333333333,33.038697848970315,372.0,444.0,969.3333333333334,16.110727964792762,956.0,992.0,1,rt_er_d8_s1,best_final_mean
continous_random_topologies,local_continuous_random_topologies_v2,continuous,Sphere,30,1000,36,rt_er_d4_s1,random,BEZ,20,2,3,1;2;3,True,4.959975252056022,0.12117674834916338,4.841931479133528,5.12658411387387,9.047994794728393,0.30255191620522676,8.72002530011378,9.44995748418761,8.960084245878281,0.2995429518418432,8.680581466391555,9.375512288952287,13.701326364217604,0.81844516776392,12.650177962148886,14.646536141169273,2.219756624458757,0.2729564720988654,1.9502470494816475,2.5938465226973464,4.959975252056022,0.12117674834916338,4.841931479133528,5.12658411387387,128.45475108221757,10.99753297589776,117.19150539436558,143.37470368801414,246.0,0.0,246.0,246.0,128.45475108221757,10.99753297589776,117.19150539436558,143.37470368801414,23476.46849637972,1892.7480882928749,21283.55145024367,25902.242298145375,23.955580098346655,1.9313756002988516,21.717909643105788,26.430859487903444,31.6356616511168,0.9906263836334316,30.30601896039518,32.68264616082486,12.793630090258127,0.9965037257158197,11.663844619283664,14.088055625028243,6.785022803607258,1.0443874602737793,5.383386857690238,7.889177183428139,4.959975252056022,0.12117674834916338,4.841931479133528,5.12658411387387,57.333333333333336,8.219218670625303,48.0,68.0,110.66666666666667,11.469767022723502,96.0,124.0,193.33333333333334,15.4344492037203,172.0,208.0,360.0,11.775681155103795,344.0,372.0,970.6666666666666,11.469767022723502,956.0,984.0,2,rt_er_d4_s1,best_final_mean
continous_random_topologies,local_continuous_random_topologies_v2,continuous,Sphere,30,1000,36,rt_ws_k4_p010_s1,random,BEZ,20,2,3,1;2;3,True,5.331327749511894,0.16453554113631721,5.1564179737303375,5.55168427094254,9.10281806820654,0.1474337165254654,8.914239446262618,9.274137429561877,9.166275554643361,0.41581472055756663,8.578966980962118,9.485509173158778,14.390579745423034,1.5431971569336718,12.275955885323564,15.915289413460195,2.0732591862351604,0.16553617849127228,1.8396871704893334,2.203698936436273,5.331327749511894,0.16453554113631721,5.1564179737303375,5.55168427094254,125.619956398726,18.264085073988507,103.94043373954214,148.61964899199228,246.0,0.0,246.0,246.0,125.619956398726,18.264085073988507,103.94043373954214,148.61964899199228,24199.10781175384,769.6364872481521,23565.77088936829,25282.37508641616,24.69296715485086,0.7853433543348503,24.046704989151316,25.79834192491445,31.703279300820213,2.279462005787371,29.327003587582315,34.77792341365701,14.217662603918255,0.24742712550798926,13.90444775910808,14.509372281665817,8.432999416541035,0.31067527600359235,8.008774478052525,8.74412497508755,5.331327749511894,0.16453554113631721,5.1564179737303375,5.55168427094254,46.666666666666664,9.977753031397176,36.0,60.0,109.33333333333333,19.955506062794353,88.0,136.0,220.0,34.40930106817051,180.0,264.0,430.6666666666667,51.67419300020293,376.0,500.0,964.0,27.9045993819418,928.0,996.0,3,rt_ws_k4_p010_s1,best_final_mean
continous_random_topologies,local_continuous_random_topologies_v2,continuous,Sphere,30,1000,36,rt_er_d4_s1,best,BEZ,20,2,3,1;2;3,True,5.0498123253337415,0.2031407723519978,4.892269590303543,5.336632905938083,9.268597590461434,0.47994488761569526,8.607058829538879,9.730879303311925,8.94141710955797,0.44755626783961594,8.312545237183974,9.317901780030272,15.515124160439296,1.6070366928795172,14.101095054609353,17.762996157860744,2.290204240392047,0.07353063614636003,2.198159747982508,2.3781310238324824,5.0498123253337415,0.2031407723519978,4.892269590303543,5.336632905938083,121.49323038324648,11.777699643649036,111.47856458490405,138.02667125756042,246.0,0.0,246.0,246.0,121.49323038324648,11.777699643649036,111.47856458490405,138.02667125756042,23090.382723062587,703.2497632828416,22137.04395937353,23812.40745042036,23.56161502353325,0.7176017992682051,22.588820366707683,24.29837494940853,33.94416858479567,5.110450905454229,26.716997462084134,37.590324959317655,13.77822621202518,2.281399917530229,10.585941690454447,15.779545009107188,7.130195081950205,0.7359029193706685,6.609623177444572,8.170918942871573,5.0498123253337415,0.2031407723519978,4.892269590303543,5.336632905938083,52.0,14.236104336041748,40.0,72.0,102.66666666666667,21.249836600678968,76.0,128.0,230.66666666666666,23.626726862225798,212.0,264.0,417.3333333333333,36.417334089993766,384.0,468.0,962.6666666666666,21.746008573733455,940.0,992.0,1,rt_er_d4_s1,best_final_mean
continous_random_topologies,local_continuous_random_topologies_v2,continuous,Sphere,30,1000,36,rt_er_d8_s1,best,BEZ,20,2,3,1;2;3,True,5.097763272942919,0.4025936752004777,4.553862486057051,5.5154924422273375,9.398933319133668,0.16782923839603614,9.234903412793342,9.629510118887596,9.346706111636404,0.2518311492795916,9.028828773304554,9.644727094388614,16.26101381950116,0.742681786155227,15.364258544529477,17.182927977054803,2.54928918808359,0.16865843725457239,2.3594608752354707,2.7692729707830135,5.097763272942919,0.4025936752004777,4.553862486057051,5.5154924422273375,138.76086335569886,5.478045131378008,131.26956615912457,144.21642932817988,246.0,0.0,246.0,246.0,138.76086335569886,5.478045131378008,131.26956615912457,144.21642932817988,24984.941825406153,329.22167352058403,24590.887791497335,25396.727845067508,25.494838597353215,0.33594048318427,25.092742644385034,25.91502841333419,33.7231015083614,3.2069784572520654,30.285864326587276,38.0041635923016,14.854100162218325,0.8917403948649081,14.200066028196728,16.11491641074606,7.91608639303285,0.1487875782133337,7.791799892397498,8.125271353302999,5.097763272942919,0.4025936752004777,4.553862486057051,5.5154924422273375,42.666666666666664,4.988876515698588,36.0,48.0,82.66666666666667,16.759740119968715,60.0,100.0,218.66666666666666,4.988876515698588,212.0,224.0,410.6666666666667,15.4344492037203,396.0,432.0,968.0,14.236104336041748,948.0,980.0,2,rt_er_d8_s1,best_final_mean
continous_random_topologies,local_continuous_random_topologies_v2,continuous,Sphere,30,1000,36,rt_ws_k4_p010_s1,best,BEZ,20,2,3,1;2;3,True,6.018363580067116,0.5208223567060607,5.505776842790371,6.732723557882875,9.715958531901695,0.5271259049123658,8.97442799486097,10.152995411399854,9.55212052058603,0.8404573202303871,8.363903699212617,10.171887258326777,15.840685284468004,1.3628603647019077,14.707297297722892,17.75743717072498,2.248223545398791,0.14838916651559747,2.093869015450969,2.448526869443196,6.018363580067116,0.5208223567060607,5.505776842790371,6.732723557882875,130.29543667457725,9.339554622511043,117.19088994862264,138.2774170532593,246.0,0.0,246.0,246.0,130.29543667457725,9.339554622511043,117.19088994862264,138.2774170532593,24422.21125773782,1726.777461674198,23108.564475517316,26861.838536517793,24.920623732385533,1.7620178180348967,23.580167832160527,27.41003932297734,32.911168614012624,2.1734689691573825,30.16911454719995,35.485027996851805,14.840782255326118,2.4992454486151883,12.320708002707368,18.247039556641226,8.294272546964422,1.1917627742195191,6.61790132117823,9.283396558021082,6.018363580067116,0.5208223567060607,5.505776842790371,6.732723557882875,46.666666666666664,14.727148022916348,28.0,64.0,84.0,3.265986323710904,80.0,88.0,221.33333333333334,21.746008573733455,204.0,252.0,392.0,20.396078054371138,364.0,412.0,982.6666666666666,1.8856180831641267,980.0,984.0,3,rt_ws_k4_p010_s1,best_final_mean
continous_random_topologies,local_continuous_random_topologies_v2,continuous,Sphere,30,1000,36,rt_er_d4_s1,worst,BEZ,20,2,3,1;2;3,True,3.7875927461640724,0.6008117711567666,2.93927983384356,4.253415479258011,9.249014401215593,0.6215508805361343,8.379647767903506,9.796123196770202,9.223229333050428,0.8055406785465798,8.111380882553977,9.994068528778627,15.603744854530156,0.9667525061719958,14.25463635082494,16.470250392409863,2.597990628987478,0.03566485253345999,2.5544202337534236,2.6417801001374213,3.7875927461640724,0.6008117711567666,2.93927983384356,4.253415479258011,139.45355464327838,11.805517472758396,122.83423105424278,149.14304497120133,246.0,0.0,246.0,246.0,139.45355464327838,11.805517472758396,122.83423105424278,149.14304497120133,22104.306356222263,599.4051419768595,21381.769425922197,22849.482459492283,22.55541464920639,0.6116378999763865,21.81813206726755,23.31579842805335,27.15017994383271,2.0570082151653226,24.810834078374125,29.81735742987989,12.771034795781235,0.6317423096676117,12.024165417175329,13.569071789849334,7.370557930227577,0.7397963429955693,6.361368566533375,8.114109856826317,3.7875927461640724,0.6008117711567666,2.93927983384356,4.253415479258011,42.666666666666664,17.987650084309387,28.0,68.0,86.66666666666667,1.8856180831641267,84.0,88.0,177.33333333333334,17.987650084309387,152.0,192.0,404.0,31.496031496047245,360.0,432.0,982.6666666666666,16.759740119968715,960.0,1000.0,1,rt_er_d4_s1,best_final_mean
continous_random_topologies,local_continuous_random_topologies_v2,continuous,Sphere,30,1000,36,rt_ws_k4_p010_s1,worst,BEZ,20,2,3,1;2;3,True,4.495027897606192,0.36781617871912614,3.979974819179991,4.815589005066248,9.391928075654526,0.054384642827444214,9.333653717610673,9.464534881534014,9.185665795104638,0.19846151968373962,8.92134336745215,9.39956257568545,15.350893461481258,0.3882182073330717,14.880201174812532,15.830997941160433,2.4230924326672927,0.024270894009518085,2.4054862044817944,2.457412795648627,4.495027897606192,0.36781617871912614,3.979974819179991,4.815589005066248,132.45572543798576,17.23647311078836,108.65005195819717,148.89854462043013,246.0,0.0,246.0,246.0,132.45572543798576,17.23647311078836,108.65005195819717,148.89854462043013,22073.52910014004,1262.9940564486762,20904.506575098432,23827.557669884653,22.524009285857183,1.288769445355791,21.331129158263707,24.313834357025154,27.614505235422804,1.5893790672768715,26.115931940917857,29.8146182988927,13.5983260194436,1.5188540377871367,11.456003965249323,14.804463134193476,8.20125230323395,0.4875000326766101,7.5828012574811385,8.774339818058769,4.495027897606192,0.36781617871912614,3.979974819179991,4.815589005066248,48.0,8.640987597877148,40.0,60.0,96.0,22.627416997969522,80.0,128.0,168.0,19.86621923433512,152.0,196.0,350.6666666666667,33.51948023993743,316.0,396.0,957.3333333333334,21.746008573733455,940.0,988.0,2,rt_ws_k4_p010_s1,best_final_mean
continous_random_topologies,local_continuous_random_topologies_v2,continuous,Sphere,30,1000,36,rt_er_d8_s1,worst,BEZ,20,2,3,1;2;3,True,4.504922319348669,0.34934688090448046,4.033761905963153,4.8692300034513645,9.3830884906058,0.2921928019298015,8.97067332281149,9.611662282927162,9.565877786054003,0.2952777404562693,9.14829259394661,9.775279900699907,14.950069924755788,2.154061825246771,12.953831763963791,17.940988148198198,2.3649648096924007,0.1992192609449901,2.1929233242583064,2.6442050295964665,4.504922319348669,0.34934688090448046,4.033761905963153,4.8692300034513645,129.915776439147,8.35149705500172,118.35452440117486,137.7878954835618,246.0,0.0,246.0,246.0,129.915776439147,8.35149705500172,118.35452440117486,137.7878954835618,22687.450190806212,1300.4316815963668,21456.427732668755,24486.228768541438,23.150459378373686,1.3269711036697625,21.8943140129273,24.985947723001466,26.93013513022172,1.5872235538348636,25.461395498845597,29.13454604608049,12.75338545143792,1.1236660915839622,11.284950073425048,14.01363677388761,7.2729662827021775,1.805127823770835,5.110301620376012,9.528986171887258,4.504922319348669,0.34934688090448046,4.033761905963153,4.8692300034513645,54.666666666666664,3.7712361663282534,52.0,60.0,101.33333333333333,21.746008573733455,84.0,132.0,197.33333333333334,11.469767022723502,184.0,212.0,389.3333333333333,61.30434097372079,308.0,456.0,985.3333333333334,11.469767022723502,972.0,1000.0,3,rt_er_d8_s1,best_final_mean
continous_random_topologies,local_continuous_random_topologies_v2,continuous,Sphere,30,1000,36,rt_er_d4_s1,maxDistance,BEZ,20,2,3,1;2;3,True,4.793122875759771,0.9986791537716382,3.3823293139371065,5.555845241769237,9.704070116794693,0.5330559410828206,8.971857844602509,10.225488344576869,9.47959554206622,0.3705536097193019,9.037417402467604,9.944249461874385,18.353898733213526,1.1927853373064,16.701531567935127,19.47396554890981,3.040488221664983,0.2482375416277697,2.8223942698678495,3.3877768537704993,4.793122875759771,0.9986791537716382,3.3823293139371065,5.555845241769237,121.92547634365923,9.532262676896094,108.50504385399417,129.73798177685214,246.0,0.0,246.0,246.0,121.92547634365923,9.532262676896094,108.50504385399417,129.73798177685214,22924.73431867126,2267.898077792563,20580.31639399723,25992.417095845383,23.392586039460472,2.314181712033226,21.000322851017582,26.52287458759733,32.2450450672753,3.382899585487098,27.60759065484264,35.581871894201605,12.679998899618568,1.9582665475061642,10.808440127142655,15.38359123622738,6.185403605163227,1.6792860479858636,3.945419375597775,7.988663921250185,4.793122875759771,0.9986791537716382,3.3823293139371065,5.555845241769237,54.666666666666664,7.542472332656507,44.0,60.0,104.0,11.775681155103795,88.0,116.0,226.66666666666666,36.417334089993766,176.0,260.0,372.0,35.92584956081995,328.0,416.0,974.6666666666666,7.542472332656507,964.0,980.0,1,rt_er_d4_s1,best_final_mean
continous_random_topologies,local_continuous_random_topologies_v2,continuous,Sphere,30,1000,36,rt_ws_k4_p010_s1,maxDistance,BEZ,20,2,3,1;2;3,True,5.06319235397082,0.3854156528617081,4.659716358433267,5.582299504265421,9.499390921271175,0.05049886593699648,9.427988566293418,9.536309049501412,9.247121315279562,0.37541943443868214,8.720613549640149,9.569551267353948,15.573375239965152,2.1432349221729616,13.743547386598468,18.58089075742377,2.546048771185591,0.5746708488343684,1.8713638773011336,3.275781454019475,5.06319235397082,0.3854156528617081,4.659716358433267,5.582299504265421,124.88086349583791,5.252949979034921,118.74987194419172,131.57932392447512,246.0,0.0,246.0,246.0,124.88086349583791,5.252949979034921,118.74987194419172,131.57932392447512,23944.41938413156,1492.1319441953383,21887.416541001316,25380.647535072872,24.43308100421588,1.5225836165258548,22.334098511225832,25.898619933747828,33.99489781196756,4.130413175452511,28.48201969890708,38.423640872807894,13.390450222197982,2.507846307014148,10.362979629192159,16.504109268687273,7.733184631367632,1.114914962782617,6.636007259745951,9.262438613166788,5.06319235397082,0.3854156528617081,4.659716358433267,5.582299504265421,52.0,0.0,52.0,52.0,105.33333333333333,11.469767022723502,92.0,120.0,230.66666666666666,41.994708661396324,172.0,268.0,396.0,60.486913185140025,320.0,468.0,961.3333333333334,21.249836600678968,936.0,988.0,2,rt_ws_k4_p010_s1,best_final_mean
continous_random_topologies,local_continuous_random_topologies_v2,continuous,Sphere,30,1000,36,rt_er_d8_s1,maxDistance,BEZ,20,2,3,1;2;3,True,5.111361891347439,0.36559130004120155,4.594461467648957,5.379608121978345,9.810099513874261,0.20717143306889416,9.517258958338301,9.964476599719058,9.240931793360362,0.47301875691927575,8.75008958658076,9.879958743542335,16.57310071663669,1.2646616260095123,14.926158374876845,18.000508336690267,2.610172564607368,0.3508374445683965,2.135981077936419,2.973708785020084,5.111361891347439,0.36559130004120155,4.594461467648957,5.379608121978345,135.23652703002332,7.836378729964862,124.46456007857208,142.87790257738533,246.0,0.0,246.0,246.0,135.23652703002332,7.836378729964862,124.46456007857208,142.87790257738533,23339.97091543975,300.0567801057485,22928.641577796447,23635.95301849525,23.81629685248954,0.306180387863009,23.3965730385678,24.118319406627805,25.652615694958218,3.167490929867423,23.286561015826155,30.12970392159154,12.86890040051526,2.211210463256297,10.623429611214128,15.876462914563705,7.3738091186953145,0.67110558171038,6.4489273277718935,8.020693250189023,5.111361891347439,0.36559130004120155,4.594461467648957,5.379608121978345,41.333333333333336,1.8856180831641267,40.0,44.0,86.66666666666667,6.79869268479038,80.0,96.0,206.66666666666666,14.727148022916348,188.0,224.0,392.0,14.966629547095765,372.0,408.0,973.3333333333334,20.741798914805393,944.0,988.0,3,rt_er_d8_s1,best_final_mean
continous_random_topologies,local_continuous_random_topologies_v2,continuous,Rastrigin,30,1000,12,rt_er_d4_s1,random,BEZ,20,2,3,1;2;3,True,72.81927386659773,3.343018205470558,69.32178480125935,77.32289294478441,93.45001778150915,2.0770858250817716,90.57829173531124,95.42096997832107,94.4265978117112,3.0727348131914565,91.34258158143298,98.619866337831,115.41398101287146,7.368125123858931,106.28818154305232,124.33276639696287,12.2191064095222,2.516761554099566,8.666117464767753,14.178180314284363,72.81927386659773,3.343018205470558,69.32178480125935,77.32289294478441,326.94936869225074,10.109822449295299,313.83885915880325,338.44412442207283,246.0,0.0,246.0,246.0,326.94936869225074,10.109822449295299,313.83885915880325,338.44412442207283,145580.7047885704,2534.1742106975776,143266.89978536282,149107.79466685894,148.5517395801739,2.5858920517322215,146.19071406669676,152.15081088454994,193.47367318466567,14.043953483128742,173.6219036359241,203.92812062530058,121.59150593100712,4.12825986614319,117.98490480239259,127.37074858592891,91.10799640127513,3.704314078914551,86.0722247259191,94.87634891908831,72.81927386659773,3.343018205470558,69.32178480125935,77.32289294478441,53.333333333333336,17.987650084309387,32.0,76.0,172.0,18.184242262647807,152.0,196.0,344.0,36.368484525295614,296.0,384.0,629.3333333333334,54.877641672684476,556.0,688.0,993.3333333333334,4.988876515698588,988.0,1000.0,1,rt_er_d4_s1,best_final_mean
continous_random_topologies,local_continuous_random_topologies_v2,continuous,Rastrigin,30,1000,12,rt_er_d8_s1,random,BEZ,20,2,3,1;2;3,True,75.03525213358239,4.257099769332035,71.83895066781938,81.05178383397238,94.38465476120004,1.7266541492188712,92.07592287221975,96.22772937060319,92.07429320905472,1.1858424393414166,90.47057705932531,93.30089158073338,115.22085249850701,5.080982953329593,109.63099134472355,121.92598394864117,12.316637071830993,2.712563974588173,8.576316204937331,14.92470321325159,75.03525213358239,4.257099769332035,71.83895066781938,81.05178383397238,330.47148073365133,15.28372733402267,310.5722167935037,347.72884510245063,246.0,0.0,246.0,246.0,330.47148073365133,15.28372733402267,310.5722167935037,347.72884510245063,142560.80772102284,2995.6307678888634,138917.55324143782,146254.79393922238,145.47021196022737,3.056766089682506,141.75260534840595,149.23958565226772,186.8695404081386,7.284605352049218,179.17842980641123,196.65086238118994,120.40286088064792,14.996615702929907,100.21393129970373,136.1234313930029,92.78717137749004,4.200649867395255,87.1094935938631,97.13967146047328,75.03525213358239,4.257099769332035,71.83895066781938,81.05178383397238,64.0,8.640987597877148,56.0,76.0,158.66666666666666,29.272664533466866,136.0,200.0,306.6666666666667,28.158282775923833,276.0,344.0,576.0,75.1176854453508,484.0,668.0,954.6666666666666,38.689648342791756,900.0,984.0,2,rt_er_d8_s1,best_final_mean
continous_random_topologies,local_continuous_random_topologies_v2,continuous,Rastrigin,30,1000,12,rt_ws_k4_p010_s1,random,BEZ,20,2,3,1;2;3,True,77.44470463200791,2.5757236378294883,74.43386951275924,80.72570161853336,95.88326147264807,5.339097746235394,91.37928612486247,103.38354426645253,96.99558514112817,6.35674329545215,91.69974871212384,105.93459748736424,119.01936263255662,4.292329834862089,113.72338667357,124.23651820063726,13.080447660665955,2.0339719564207814,10.26433903392184,14.996155429696788,77.44470463200791,2.5757236378294883,74.43386951275924,80.72570161853336,336.61347106155034,5.095713861170032,331.6571761607886,343.6221599006499,246.0,0.0,246.0,246.0,336.61347106155034,5.095713861170032,331.6571761607886,343.6221599006499,146238.89540374142,1872.8927083510437,143694.8875182377,148149.34163391078,149.223362656879,1.9111150085214779,146.62743624309968,151.17279758562324,186.31948504479948,5.595199601241321,181.81054332196376,194.20524983138677,126.10288483478568,9.047829638385089,118.92121089836311,138.86500859117675,94.28481359834564,5.101435074961775,87.17451355528526,98.89811517297068,77.44470463200791,2.5757236378294883,74.43386951275924,80.72570161853336,58.666666666666664,6.79869268479038,52.0,68.0,140.0,8.640987597877148,128.0,148.0,341.3333333333333,33.51948023993743,296.0,376.0,573.3333333333334,43.49201714746691,512.0,608.0,985.3333333333334,3.7712361663282534,980.0,988.0,3,rt_ws_k4_p010_s1,best_final_mean
continous_random_topologies,local_continuous_random_topologies_v2,continuous,Rastrigin,30,1000,12,rt_er_d4_s1,best,BEZ,20,2,3,1;2;3,True,64.31513677846812,6.451959491745633,57.4171300783828,72.93664431883033,92.91702546396954,2.7745829264047925,89.3445650607294,96.10881983122077,91.48410009414005,2.798960964956709,87.64243784178247,94.2310650346221,118.63602451723601,3.085289595358483,115.3683609593667,122.7739128021766,15.300766455078577,1.9174330046506451,13.560034893742424,17.971747190286226,64.31513677846812,6.451959491745633,57.4171300783828,72.93664431883033,299.9080661851275,34.481003503709715,270.2038375968049,348.25127641408574,246.0,0.0,246.0,246.0,299.9080661851275,34.481003503709715,270.2038375968049,348.25127641408574,138773.60129298957,6173.222542997492,130101.82035556856,143983.09142864984,141.6057156050914,6.299206676528049,132.75695954649854,146.92152186596923,179.69359601788275,14.583206865376264,159.22668073004047,192.12567087900018,126.37132891303504,7.381166713588621,119.20440257953383,136.52737211188173,81.77037744997779,7.2897089187868245,76.29592429306228,92.07282419413552,64.31513677846812,6.451959491745633,57.4171300783828,72.93664431883033,90.66666666666667,35.82674358011841,56.0,140.0,180.0,24.657656011875904,148.0,208.0,430.6666666666667,70.37676384211545,364.0,528.0,648.0,50.701742244884116,584.0,708.0,985.3333333333334,12.364824660660938,968.0,996.0,1,rt_er_d4_s1,best_final_mean
continous_random_topologies,local_continuous_random_topologies_v2,continuous,Rastrigin,30,1000,12,rt_er_d8_s1,best,BEZ,20,2,3,1;2;3,True,68.20913728435585,3.270492171855254,64.71450985738824,72.58035323101528,96.46298079930577,2.674408481286575,93.76939886204751,100.10915284718718,94.30033654921804,4.058701538933197,88.56093956231533,97.23390164784831,125.85039884383391,9.193204208994944,113.04447270632126,134.19724906539804,16.494433092392942,3.3898695755265464,12.001462508013821,20.188929125063645,68.20913728435585,3.270492171855254,64.71450985738824,72.58035323101528,344.6704078624487,9.328516315006626,335.96589366540314,357.6078498398248,246.0,0.0,246.0,246.0,344.6704078624487,9.328516315006626,335.96589366540314,357.6078498398248,141555.790722865,6565.069717054071,132768.87126688036,148545.93014619898,144.44468441108674,6.699050731687826,135.47844006824528,151.57747974101937,195.15745016532216,14.046340651677763,175.4667231392758,207.27349208881185,113.80754102478924,9.940988959520263,105.92577978147574,127.83025044966948,85.51815749174925,6.058536275040873,80.90451125374263,94.07753960582608,68.20913728435585,3.270492171855254,64.71450985738824,72.58035323101528,57.333333333333336,3.7712361663282534,52.0,60.0,157.33333333333334,21.249836600678968,132.0,184.0,336.0,17.281975195754296,312.0,352.0,565.3333333333334,63.860960079082915,484.0,640.0,985.3333333333334,15.4344492037203,964.0,1000.0,2,rt_er_d8_s1,best_final_mean
continous_random_topologies,local_continuous_random_topologies_v2,continuous,Rastrigin,30,1000,12,rt_ws_k4_p010_s1,best,BEZ,20,2,3,1;2;3,True,78.34119371883182,6.470770167485677,70.2959247673217,86.14027301267099,95.66430623027212,5.933694141282644,87.31937583226295,100.60142280913871,93.60060027384165,4.833076095165875,86.7668298357896,97.12983767353246,115.46656572351803,12.61270210298656,97.6394980955407,124.8969422105363,10.587257587674902,3.565944762245049,6.3130211610494475,15.042159289162354,78.34119371883182,6.470770167485677,70.2959247673217,86.14027301267099,327.5687898359746,13.098915706819446,313.784107730932,345.17837370037296,246.0,0.0,246.0,246.0,327.5687898359746,13.098915706819446,313.784107730932,345.17837370037296,149583.8087576506,5062.862687885061,144532.17122250985,156503.89499030955,152.63653954862306,5.166186416209247,147.481807369908,159.69785203092812,181.73561793547557,3.7478568013248017,178.09905142691738,186.89324003546642,129.01586657152063,7.672598394557327,119.65592714933759,138.4494454057988,99.08199807226964,4.3264073711620465,95.01482083175456,105.0741537416682,78.34119371883182,6.470770167485677,70.2959247673217,86.14027301267099,65.33333333333333,4.988876515698588,60.0,72.0,152.0,9.797958971132712,140.0,164.0,357.3333333333333,19.136933459209764,340.0,384.0,616.0,42.833009077890694,568.0,672.0,977.3333333333334,14.727148022916348,960.0,996.0,3,rt_ws_k4_p010_s1,best_final_mean
continous_random_topologies,local_continuous_random_topologies_v2,continuous,Rastrigin,30,1000,12,rt_er_d4_s1,worst,BEZ,20,2,3,1;2;3,True,67.47448762868544,4.526973509260972,61.22502005247729,71.8026955506072,94.4220616912747,2.6638907747718177,90.68949378750861,96.73041319761403,95.2618337712128,2.6720828573971454,91.55629083271606,97.75628572435579,120.6889353912486,7.114327515767416,114.8961409556498,130.70945595670136,15.24822534738063,3.5593455992425214,12.373170027894936,20.264014362124453,67.47448762868544,4.526973509260972,61.22502005247729,71.8026955506072,325.2137002774725,10.641705536139487,313.1876671705416,339.06251550497905,246.0,0.0,246.0,246.0,325.2137002774725,10.641705536139487,313.1876671705416,339.06251550497905,148827.6610075451,7084.185753834431,142110.46328826674,158623.49318533714,151.86496021178073,7.228760973300436,145.010676824762,161.86070733197667,205.681148813043,8.826026282798534,193.40876723111512,213.78954589332963,132.44755741272252,12.309236122131315,117.32148009966342,147.47231703060493,82.92842957563681,8.654111767191651,70.91393932610045,90.95545036899152,67.47448762868544,4.526973509260972,61.22502005247729,71.8026955506072,82.66666666666667,16.110727964792762,60.0,96.0,193.33333333333334,19.686430746977866,168.0,216.0,441.3333333333333,61.1300980605208,356.0,496.0,657.3333333333334,25.368396787253932,632.0,692.0,938.6666666666666,36.417334089993766,888.0,972.0,1,rt_er_d4_s1,best_final_mean
continous_random_topologies,local_continuous_random_topologies_v2,continuous,Rastrigin,30,1000,12,rt_ws_k4_p010_s1,worst,BEZ,20,2,3,1;2;3,True,68.11262108731135,0.25909225843646183,67.84202185770096,68.46187219258402,94.09749674967017,0.7905794333876542,93.17636207083508,95.10684176568257,94.34843938656377,0.7912909937999679,93.31376989721443,95.23497115338324,120.05349338994229,14.982502928998763,102.16456547530963,138.8317147458826,14.556595584132237,4.203445378303093,8.897728194797756,18.962843939757295,68.11262108731135,0.25909225843646183,67.84202185770096,68.46187219258402,315.1793679483584,33.18872857952647,268.2434514339551,338.69593487699535,246.0,0.0,246.0,246.0,315.1793679483584,33.18872857952647,268.2434514339551,338.69593487699535,144613.7502544541,2267.505500181177,141643.11386550436,147144.94672746505,147.56505128005517,2.3137811226338427,144.53378965867793,150.14790482394392,200.79525563258258,9.224287344071763,189.29275782579072,211.87572808754445,127.43093968891064,7.294847954412134,117.29739726360503,134.17273282765422,88.03413521416526,2.4311255767280766,85.07833747660618,91.03288981433835,68.11262108731135,0.25909225843646183,67.84202185770096,68.46187219258402,74.66666666666667,35.22625283632775,44.0,124.0,186.66666666666666,49.13473539383541,148.0,256.0,378.6666666666667,26.195843605851334,348.0,412.0,673.3333333333334,31.38293945583952,632.0,708.0,985.3333333333334,9.977753031397176,972.0,996.0,2,rt_ws_k4_p010_s1,best_final_mean
continous_random_topologies,local_continuous_random_topologies_v2,continuous,Rastrigin,30,1000,12,rt_er_d8_s1,worst,BEZ,20,2,3,1;2;3,True,75.02410277696204,3.264489749714242,70.47036179540706,77.95894157523166,93.77013476226934,3.402171715278545,90.01832478841061,98.25469841035057,93.46173951089585,4.9217372271874895,89.29582749794679,100.37368390268462,113.36246766404076,0.6167711906175646,112.89246447786307,114.23381256549455,11.82097188617889,0.8735057051451525,10.934302109235592,13.009210027008312,75.02410277696204,3.264489749714242,70.47036179540706,77.95894157523166,341.19983972238066,7.126720795806104,331.24617125434514,347.547289501834,246.0,0.0,246.0,246.0,341.19983972238066,7.126720795806104,331.24617125434514,347.547289501834,145976.73882566605,5806.671352334185,139841.9117266996,153771.6327442643,148.9558559445572,5.925174849320596,142.6958282925506,156.90982933088193,184.37315788061045,12.855729727192786,168.01954076858888,199.4292168131513,122.34800136381841,15.329611373369643,108.52176867933326,143.72216692814968,91.11851744792278,7.154152919605017,84.1758470231936,100.96341928548496,75.02410277696204,3.264489749714242,70.47036179540706,77.95894157523166,45.333333333333336,4.988876515698588,40.0,52.0,142.66666666666666,19.955506062794353,116.0,164.0,342.6666666666667,29.454296045832695,308.0,380.0,648.0,18.184242262647807,628.0,672.0,985.3333333333334,7.542472332656507,980.0,996.0,3,rt_er_d8_s1,best_final_mean
continous_random_topologies,local_continuous_random_topologies_v2,continuous,Rastrigin,30,1000,12,rt_ws_k4_p010_s1,maxDistance,BEZ,20,2,3,1;2;3,True,73.41748813917583,6.582780343498988,65.61213967342061,81.71412380477386,100.6131653334675,4.294336331614284,94.59387329971527,104.32143811252699,100.31302166447661,5.215693307114398,93.1234821847325,105.33540359353643,123.26691788685358,5.681733156705664,116.76710228179213,130.60796676751428,13.995943455727334,4.340378477724907,9.168973553300262,19.693267496428014,73.41748813917583,6.582780343498988,65.61213967342061,81.71412380477386,317.57239774468604,16.32325293321235,296.04800444567337,335.55942998502087,246.0,0.0,246.0,246.0,317.57239774468604,16.32325293321235,296.04800444567337,335.55942998502087,145767.9631256507,2495.837410973628,143309.91725694897,149190.68486647937,148.74281951597013,2.546772868340437,146.2346094458663,152.23539272089732,189.60453629554831,4.784587529385525,183.44513710309775,195.11008995386322,117.45641711767948,2.2639382143272875,114.72773748625573,120.27122408545893,88.6943728446982,7.320064198109091,82.31026403099987,98.94386133114047,73.41748813917583,6.582780343498988,65.61213967342061,81.71412380477386,80.0,8.640987597877148,68.0,88.0,158.66666666666666,19.136933459209764,132.0,176.0,393.3333333333333,32.87687468250121,356.0,436.0,614.6666666666666,42.62497963505542,560.0,664.0,989.3333333333334,8.219218670625303,980.0,1000.0,1,rt_ws_k4_p010_s1,best_final_mean
continous_random_topologies,local_continuous_random_topologies_v2,continuous,Rastrigin,30,1000,12,rt_er_d8_s1,maxDistance,BEZ,20,2,3,1;2;3,True,76.81449719152047,5.346970943943522,72.55059593306903,84.35472915188056,99.16387632955706,3.5132919245355354,95.36977359509044,103.83913189208354,97.46705094936844,1.6640828126820306,95.65447931434012,99.67321963164915,122.42053582647637,14.96769978192336,110.15036747275866,143.49316603912206,13.350581966531161,3.806027829774723,10.014468540436825,18.676716339730497,76.81449719152047,5.346970943943522,72.55059593306903,84.35472915188056,312.55601539612553,6.228012744895325,303.85360535975343,318.0833406441373,246.0,0.0,246.0,246.0,312.55601539612553,6.228012744895325,303.85360535975343,318.0833406441373,143731.1196506835,7412.441791252925,133313.55176574626,149950.9176806467,146.6644078068199,7.563716113523394,136.03423649565946,153.01114049045583,184.05618366332808,13.173191974908955,170.97003379489675,202.0824633517674,124.73605023596313,8.185025055184221,113.61638837101123,133.080983094373,97.88662166402422,3.314431540099933,94.10850927843511,102.1782982497247,76.81449719152047,5.346970943943522,72.55059593306903,84.35472915188056,57.333333333333336,9.428090415820634,44.0,64.0,134.66666666666666,43.12256434345661,88.0,192.0,344.0,48.11098280711657,308.0,412.0,596.0,43.20493798938573,536.0,636.0,980.0,13.063945294843617,964.0,996.0,2,rt_er_d8_s1,best_final_mean
continous_random_topologies,local_continuous_random_topologies_v2,continuous,Rastrigin,30,1000,12,rt_er_d4_s1,maxDistance,BEZ,20,2,3,1;2;3,True,79.2460588283846,0.16921754775322015,79.01166786566861,79.40505772047933,94.27279722156099,1.0285034244364033,92.87676280516209,95.32443127365852,94.46529186153623,0.9336711780052358,93.15317857592302,95.24934009486546,110.59074382461812,3.256851364431275,106.14149562421721,113.84675730493588,9.584304738852705,0.8546555944729876,8.876991318992163,10.786745916306888,79.2460588283846,0.16921754775322015,79.01166786566861,79.40505772047933,322.42867589985326,3.6931802942158716,317.3132186713599,325.8993360755917,246.0,0.0,246.0,246.0,322.42867589985326,3.6931802942158716,317.3132186713599,325.8993360755917,146902.24060189704,1373.4540164847986,144967.26137831932,148016.2070252953,149.90024551213986,1.4014836902906094,147.92577691665238,151.03694594417888,183.314730293241,2.7911398522043847,180.01077323572946,186.83716153014927,126.00516113410147,2.3636288324113486,123.25430233429131,129.0251858592278,91.57105504123152,3.900757145239564,86.80100753756378,96.35583806615324,79.2460588283846,0.16921754775322015,79.01166786566861,79.40505772047933,65.33333333333333,9.428090415820634,52.0,72.0,156.0,17.281975195754296,132.0,172.0,352.0,22.861904265976328,320.0,372.0,585.3333333333334,35.97530016861877,540.0,628.0,961.3333333333334,24.073960113690383,928.0,984.0,3,rt_er_d4_s1,best_final_mean
continous_random_topologies,local_continuous_random_topologies_v2,continuous,Rastrigin,30,1000,24,rt_ws_k4_p010_s1,random,BEZ,20,2,3,1;2;3,True,61.22506115714219,1.8056180186902935,58.84273102640515,63.21231792907812,94.66284815338577,2.029026947152574,92.1054566763996,97.0685918737704,96.4328620839885,0.7018923336809846,95.90373903918473,97.42474806955204,121.53236365127707,6.9930211697265925,114.09552320703045,130.89645219304862,15.065580945180272,1.4952671756557574,13.078648698513847,16.68579348873314,61.22506115714219,1.8056180186902935,58.84273102640515,63.21231792907812,301.65604202430853,13.64735798198592,282.87328078300976,314.8920916745346,246.0,0.0,246.0,246.0,301.65604202430853,13.64735798198592,282.87328078300976,314.8920916745346,129271.63868424536,4019.0873305033883,124254.47994050647,134093.37240903045,131.9098353920871,4.101109520921831,126.79028565357802,136.82997184594944,179.6388217226424,13.63143555228456,161.4053753459295,194.17588878798514,108.5615304364873,15.799562945685139,87.23893275996384,125.00637534578864,76.42430968776847,2.793392291664608,72.88140355957066,79.70917705990753,61.22506115714219,1.8056180186902935,58.84273102640515,63.21231792907812,70.66666666666667,6.79869268479038,64.0,80.0,176.0,26.127890589687233,144.0,208.0,345.3333333333333,21.249836600678968,320.0,372.0,570.6666666666666,83.03145321034808,460.0,660.0,978.6666666666666,7.542472332656507,968.0,984.0,1,rt_ws_k4_p010_s1,best_final_mean
continous_random_topologies,local_continuous_random_topologies_v2,continuous,Rastrigin,30,1000,24,rt_er_d4_s1,random,BEZ,20,2,3,1;2;3,True,71.1500628893861,3.325863802442236,66.48899369720455,74.02638181821766,95.14480514454577,0.4719530474538257,94.68673796317512,95.79424373224563,94.06253797315682,1.5098665323566602,91.95026258362682,95.3893506157569,126.77907030661163,2.6177025570657784,124.79388415160348,130.47773562324312,13.946098945986984,1.6720792299938325,12.092837792438027,16.144673212405365,71.1500628893861,3.325863802442236,66.48899369720455,74.02638181821766,315.9323819833098,9.647389037894392,302.29660623692075,323.1469910663835,246.0,0.0,246.0,246.0,315.9323819833098,9.647389037894392,302.29660623692075,323.1469910663835,142385.99233070094,2501.7295103929773,138881.9610597682,144561.44562864045,145.2918289088785,2.552785214686704,141.71628679568184,147.5116792128984,178.57966158007696,5.575888377285771,171.6480069940901,185.301240755409,123.85733826573832,6.056254724827496,118.41419927574829,132.30573152174875,93.8927327538132,2.3647893103216107,91.51715030950444,97.11910160780701,71.1500628893861,3.325863802442236,66.48899369720455,74.02638181821766,72.0,8.640987597877148,60.0,80.0,145.33333333333334,10.498677165349081,136.0,160.0,345.3333333333333,24.94438257849294,312.0,372.0,677.3333333333334,21.249836600678968,652.0,704.0,977.3333333333334,15.4344492037203,956.0,992.0,2,rt_er_d4_s1,best_final_mean
continous_random_topologies,local_continuous_random_topologies_v2,continuous,Rastrigin,30,1000,24,rt_er_d8_s1,random,BEZ,20,2,3,1;2;3,True,72.21073973129154,5.320956865766483,67.12343543347514,79.5563054765783,95.47882303104397,4.114400262683986,92.06455257926811,101.26633841617672,95.62599343197937,2.169644647287854,94.04328687825722,98.69381696273373,116.0970951350995,5.590669338779762,110.40222272922298,123.6942362440238,11.983042727807568,0.37130775935077887,11.460556181056159,12.289673604986342,72.21073973129154,5.320956865766483,67.12343543347514,79.5563054765783,311.99061048230607,11.526000718174949,296.3567068746597,323.8024130121478,246.0,0.0,246.0,246.0,311.99061048230607,11.526000718174949,296.3567068746597,323.8024130121478,142879.74424746362,3442.467295995639,138051.59862336164,145834.76899855165,145.79565739537105,3.512721730607793,140.86897818710372,148.8109887740323,182.419166540798,3.7171393474661727,177.19325480786097,185.5251460500924,124.95901719902436,2.3413409176551183,122.28941940524707,127.99020981602156,88.82903291496861,7.041823741115815,81.33549549624918,98.25612688940798,72.21073973129154,5.320956865766483,67.12343543347514,79.5563054765783,61.333333333333336,1.8856180831641267,60.0,64.0,161.33333333333334,6.79869268479038,152.0,168.0,378.6666666666667,30.34615113797611,348.0,420.0,618.6666666666666,66.71997868371629,560.0,712.0,985.3333333333334,10.498677165349081,976.0,1000.0,3,rt_er_d8_s1,best_final_mean
continous_random_topologies,local_continuous_random_topologies_v2,continuous,Rastrigin,30,1000,24,rt_ws_k4_p010_s1,best,BEZ,20,2,3,1;2;3,True,58.807307818644254,6.262732914517766,53.28020735750252,67.5642799188328,90.55535696184789,0.3351228808022224,90.08662494742988,90.85037560173261,91.8070507140909,1.7399868875003641,90.07056975681648,94.18519415874192,114.8329284478812,3.6936231428693307,110.5156862847035,119.53818318209275,14.057165555466474,1.1297548406535092,12.887734425550208,15.584665360989291,58.807307818644254,6.262732914517766,53.28020735750252,67.5642799188328,327.27494043525627,16.710292427001683,303.89983144922223,341.9714846943141,246.0,0.0,246.0,246.0,327.27494043525627,16.710292427001683,303.89983144922223,341.9714846943141,135637.98361941893,4912.176742765052,131730.7202355872,142565.96855223645,138.40610573410095,5.012425247719445,134.41910228121145,145.475478114527,182.19378095311845,3.222624772492477,177.6711409883336,184.94219584219903,124.07911175476187,7.174042041471579,117.33638737495512,134.0156906031368,75.54575250872065,8.698193654373702,64.6246265626796,85.90882660630908,58.807307818644254,6.262732914517766,53.28020735750252,67.5642799188328,72.0,14.966629547095765,56.0,92.0,162.66666666666666,22.939534045447004,136.0,192.0,402.6666666666667,26.599916457680003,380.0,440.0,620.0,21.416504538945347,592.0,644.0,973.3333333333334,24.94438257849294,940.0,1000.0,1,rt_ws_k4_p010_s1,best_final_mean
continous_random_topologies,local_continuous_random_topologies_v2,continuous,Rastrigin,30,1000,24,rt_er_d8_s1,best,BEZ,20,2,3,1;2;3,True,63.68983026721833,5.201119409925362,56.636214803700824,69.02283465052794,95.88334762268957,2.7813393382288267,92.81101986558451,99.546569184113,97.05605427704371,3.563655019744368,92.38555337404449,101.0312046144926,120.07914587037172,4.342958159016459,116.89201611112729,126.21953175810008,14.536851464297758,0.6242093451977045,13.898901905829925,15.384240125433204,63.68983026721833,5.201119409925362,56.636214803700824,69.02283465052794,338.3995961255146,14.094220778311,320.3904458879387,354.80170257657653,246.0,0.0,246.0,246.0,338.3995961255146,14.094220778311,320.3904458879387,354.80170257657653,133414.44945820767,5205.469270159453,126215.57442070395,138347.12143858508,136.1371933247017,5.311703336897397,128.79140247010608,141.17053208018885,172.3822608921006,8.519925141878756,164.19194616777037,184.1307015478686,112.03978947636136,8.759544393339757,99.95934278237699,120.45520391538942,77.1106030274803,11.591511788667644,62.21782445435132,90.48983127183256,63.68983026721833,5.201119409925362,56.636214803700824,69.02283465052794,61.333333333333336,8.219218670625303,52.0,72.0,153.33333333333334,27.776888874666213,128.0,192.0,328.0,40.792156108742276,272.0,368.0,593.3333333333334,46.34172585862071,532.0,644.0,950.6666666666666,17.987650084309387,928.0,972.0,2,rt_er_d8_s1,best_final_mean
continous_random_topologies,local_continuous_random_topologies_v2,continuous,Rastrigin,30,1000,24,rt_er_d4_s1,best,BEZ,20,2,3,1;2;3,True,73.25893425599273,2.5642011912274536,69.63551172188232,75.19633752006511,94.35644116422212,1.4223588639905866,92.66330145259334,96.14355104823207,93.35658151007235,3.5824434859522745,88.36463945178684,96.6017106400877,128.32923016977423,0.2795315988910377,127.93393648844417,128.53062551591037,14.116864346437378,0.8094118289679133,13.121061590646399,15.103645992884475,73.25893425599273,2.5642011912274536,69.63551172188232,75.19633752006511,318.5890372441584,12.34139328174896,304.53617947345606,334.5794425663096,246.0,0.0,246.0,246.0,318.5890372441584,12.34139328174896,304.53617947345606,334.5794425663096,143252.8413385873,1928.4999956514605,141161.39055577863,145814.49666477038,146.1763687128442,1.9678571384198598,144.0422352609986,148.79030271915346,186.7028541967092,7.11306081427441,180.8315955510909,196.71235746938052,127.18372886546011,2.007562294822844,125.13509770546817,129.9103347641515,89.30454968620406,5.582796448247769,83.10897572991935,96.64056409901846,73.25893425599273,2.5642011912274536,69.63551172188232,75.19633752006511,61.333333333333336,3.7712361663282534,56.0,64.0,141.33333333333334,23.170862929310356,116.0,172.0,377.3333333333333,13.199326582148887,360.0,392.0,621.3333333333334,43.12256434345661,564.0,668.0,957.3333333333334,23.170862929310356,932.0,988.0,3,rt_er_d4_s1,best_final_mean
continous_random_topologies,local_continuous_random_topologies_v2,continuous,Rastrigin,30,1000,24,rt_er_d4_s1,worst,BEZ,20,2,3,1;2;3,True,68.9725261578267,2.3766939056593137,66.79546929789096,72.27878506133104,95.3212319419736,3.3241340176127148,91.09553269265352,99.2180097718305,96.85304204023555,2.6258496332566263,94.48999286487978,100.51541897959596,117.69431725957094,2.3988524452426523,114.3297012712068,119.75246966199038,13.281063728445199,1.1432652895177742,11.664687048815985,14.122086584966587,68.9725261578267,2.3766939056593137,66.79546929789096,72.27878506133104,343.2773002273304,17.508219257291664,324.05838905335963,366.4064341502587,246.0,0.0,246.0,246.0,343.2773002273304,17.508219257291664,324.05838905335963,366.4064341502587,142156.7820779064,3161.4460142764647,138068.24999635183,145767.90497728664,145.05794089582284,3.2259653206902676,140.88596938403248,148.74276018090472,191.15129845330665,3.9907623703828228,185.52383426698796,194.3365296300055,120.44425479238771,3.096070852189172,116.06893428787299,122.77651775811495,85.90323186905478,8.159559721597985,79.39331606066399,97.4094544885065,68.9725261578267,2.3766939056593137,66.79546929789096,72.27878506133104,58.666666666666664,14.727148022916348,40.0,76.0,160.0,9.797958971132712,148.0,172.0,334.6666666666667,1.8856180831641267,332.0,336.0,592.0,60.486913185140025,516.0,664.0,965.3333333333334,30.34615113797611,924.0,996.0,1,rt_er_d4_s1,best_final_mean
continous_random_topologies,local_continuous_random_topologies_v2,continuous,Rastrigin,30,1000,24,rt_ws_k4_p010_s1,worst,BEZ,20,2,3,1;2;3,True,71.84841387660818,6.288180611305597,62.96801791792059,76.69573445823946,95.07882466597533,1.7966700670564555,92.7173656094013,97.0717538851502,92.98013335286497,0.7180271733947893,92.04602217306173,93.79203928773512,122.55355515423678,4.452556474886735,119.02747609312402,128.8346654660194,13.08956431773789,2.5323810672586875,10.757775665387781,16.60949816467164,71.84841387660818,6.288180611305597,62.96801791792059,76.69573445823946,306.8102581357043,34.51135354465805,275.2372396290108,354.82887346371774,246.0,0.0,246.0,246.0,306.8102581357043,34.51135354465805,275.2372396290108,354.82887346371774,134062.90776234606,8322.293165862186,127250.7233712727,145780.82606135405,136.7988854717817,8.492135883532843,129.84767690946194,148.75594496056536,170.50299227951155,12.068106415846035,158.8999090978669,187.1435898350456,106.10714840642363,11.702933707080886,95.61085047155231,122.43720981148968,84.9208428140534,13.503724128927486,69.52971597462542,102.40725701318117,71.84841387660818,6.288180611305597,62.96801791792059,76.69573445823946,66.66666666666667,10.498677165349081,52.0,76.0,137.33333333333334,15.084944665313014,116.0,148.0,330.6666666666667,39.2371705854991,284.0,380.0,566.6666666666666,114.37171367470582,476.0,728.0,984.0,6.531972647421808,976.0,992.0,2,rt_ws_k4_p010_s1,best_final_mean
continous_random_topologies,local_continuous_random_topologies_v2,continuous,Rastrigin,30,1000,24,rt_er_d8_s1,worst,BEZ,20,2,3,1;2;3,True,76.18865173240428,7.3002619880148085,67.6718479612868,85.50064420127012,96.19542965929763,1.5607459608358023,94.77084986947449,98.36779532218102,94.96398629315553,0.6761914636797074,94.4471094962397,95.91918944813997,122.55963598889007,8.819349531317666,110.19061600734364,130.13227340731845,11.171320444606817,1.8116511533333592,8.993315520817465,13.428800876350792,76.18865173240428,7.3002619880148085,67.6718479612868,85.50064420127012,310.64491731851234,16.608028748798493,287.23894081965585,324.0390964154231,246.0,0.0,246.0,246.0,310.64491731851234,16.608028748798493,287.23894081965585,324.0390964154231,141402.08985581785,279.1492192167558,141022.98708417604,141687.02072729534,144.28784679165085,0.28484614205790726,143.90100722875107,144.5785925788728,186.25648583234545,9.809016151014495,172.56433352601343,195.03101231970467,119.88617947957233,1.6302011247695714,118.52140624859987,122.17772086754495,90.91708219317522,0.15046771125309463,90.71649337797393,91.07888996198076,76.18865173240428,7.3002619880148085,67.6718479612868,85.50064420127012,56.0,14.236104336041748,36.0,68.0,145.33333333333334,1.8856180831641267,144.0,148.0,336.0,29.93325909419153,304.0,376.0,620.0,31.15552385479446,576.0,644.0,958.6666666666666,30.8688984074406,916.0,988.0,3,rt_er_d8_s1,best_final_mean
continous_random_topologies,local_continuous_random_topologies_v2,continuous,Rastrigin,30,1000,24,rt_ws_k4_p010_s1,maxDistance,BEZ,20,2,3,1;2;3,True,67.2329451076762,0.8355739609177676,66.52308939287835,68.40601379303345,93.51292360678961,1.4392230645640396,92.35516485154416,95.54154107898289,92.8036072102626,1.856704294378163,90.69529333779693,95.21322927571126,122.60142887078212,3.1604697759736124,118.33145120050357,125.88023667269715,13.807984210377603,0.6314630146510383,13.195071918592706,14.676910089004627,67.2329451076762,0.8355739609177676,66.52308939287835,68.40601379303345,306.86663442805803,24.34877738452996,286.97735877621403,341.1547924537338,246.0,0.0,246.0,246.0,306.86663442805803,24.34877738452996,286.97735877621403,341.1547924537338,134243.48372847695,5776.369103382581,127795.43033092719,141811.0821792239,136.98314666171117,5.894254187125085,130.4035003376808,144.70518589716724,165.66071416902523,12.064866088777327,152.25316262072047,181.503399162546,117.48162548836166,4.11199832641904,111.92068978604672,121.73511436474205,88.0400775942713,7.426847756093509,81.60765008738063,98.44691083874339,67.2329451076762,0.8355739609177676,66.52308939287835,68.40601379303345,73.33333333333333,1.8856180831641267,72.0,76.0,144.0,16.97056274847714,120.0,156.0,338.6666666666667,23.170862929310356,308.0,364.0,638.6666666666666,45.7626728046147,576.0,684.0,988.0,8.640987597877148,976.0,996.0,1,rt_ws_k4_p010_s1,best_final_mean
continous_random_topologies,local_continuous_random_topologies_v2,continuous,Rastrigin,30,1000,24,rt_er_d4_s1,maxDistance,BEZ,20,2,3,1;2;3,True,67.88484467987693,5.205926645343398,60.58318027655056,72.35224351136397,93.36626021410709,2.030274592954391,90.97448512859901,95.93785896908966,92.27966410505351,1.1216373866264167,90.69400295276154,93.10943616467375,118.63053121011173,7.422251105396812,108.30640096567431,125.43392756924327,14.03187564682545,3.474240761564172,9.454600739893825,17.86710261394754,67.88484467987693,5.205926645343398,60.58318027655056,72.35224351136397,321.64187563675637,24.944979115283946,286.5153170629933,342.0285636198636,246.0,0.0,246.0,246.0,321.64187563675637,24.944979115283946,286.5153170629933,342.0285636198636,139816.4377005875,5057.1120208123575,134007.8092740306,146334.12289374243,142.6698343883546,5.160318388584041,136.742662524521,149.3205335650433,187.04217109924193,3.9276865676896198,181.49486893103003,190.06211804593568,114.526438716507,10.447942024456905,101.99782268198533,127.57415104239222,87.78293188380322,4.3856426348554,82.8581546562261,93.51039613607942,67.88484467987693,5.205926645343398,60.58318027655056,72.35224351136397,66.66666666666667,26.398653164297773,48.0,104.0,154.66666666666666,32.05550741379015,132.0,200.0,368.0,16.32993161855452,348.0,388.0,645.3333333333334,29.454296045832695,608.0,680.0,968.0,28.472208672083497,928.0,992.0,2,rt_er_d4_s1,best_final_mean
continous_random_topologies,local_continuous_random_topologies_v2,continuous,Rastrigin,30,1000,24,rt_er_d8_s1,maxDistance,BEZ,20,2,3,1;2;3,True,70.55222426827989,9.541344336112859,59.87369089770467,83.03519947229522,94.43341670965546,2.202835400380229,92.59404584017958,97.53054601396734,92.81014695232376,3.0153826480661756,90.57404050357977,97.07282570826578,123.77869217997517,0.7632268222891624,122.7246073262484,124.5068604735248,13.03691412773438,2.3826739610953878,10.010822962683642,15.833619323601377,70.55222426827989,9.541344336112859,59.87369089770467,83.03519947229522,310.46071185700083,10.708517958036799,296.23877704099226,322.07844782499325,246.0,0.0,246.0,246.0,310.46071185700083,10.708517958036799,296.23877704099226,322.07844782499325,140857.3783845936,5021.185306144673,133901.2125112447,145571.28900942154,143.73201875978938,5.123658475657822,136.63389031759664,148.54213164226687,183.0454056059937,2.204497061324434,180.05389249900102,185.30132525916034,119.95702515528926,7.147661356821264,110.09635420733981,126.81322943317909,92.40628955699219,4.726151912033057,86.94212362338833,98.47182956280825,70.55222426827989,9.541344336112859,59.87369089770467,83.03519947229522,76.0,8.640987597877148,64.0,84.0,173.33333333333334,12.364824660660938,156.0,184.0,361.3333333333333,45.7626728046147,304.0,416.0,613.3333333333334,42.62497963505542,564.0,668.0,970.6666666666666,23.170862929310356,940.0,996.0,3,rt_er_d8_s1,best_final_mean
continous_random_topologies,local_continuous_random_topologies_v2,continuous,Rastrigin,30,1000,36,rt_er_d4_s1,random,BEZ,20,2,3,1;2;3,True,66.08726361662318,6.185788378898892,58.90416947978148,74.0029679172378,95.36298374694853,2.656733351131553,93.13739556308857,99.09730717791312,96.12819768322224,1.4166451561478788,94.29293506477148,97.74166201023553,126.49596330463694,5.894511469763523,120.05413044073893,134.29890878668627,15.121396180825979,0.39199877011377177,14.710425980213085,15.649095766083386,66.08726361662318,6.185788378898892,58.90416947978148,74.0029679172378,324.50322393669654,16.554736645440972,302.0548729350386,341.4843614036697,246.0,0.0,246.0,246.0,324.50322393669654,16.554736645440972,302.0548729350386,341.4843614036697,137689.91724339608,6277.196243465799,129335.77569884373,144467.1857598179,140.4999155544858,6.405302289250817,131.97528132535075,147.41549567328357,179.2091901547094,8.288678891304263,171.22143734018584,190.6327469302833,109.46232748883267,7.792232616138862,98.45186762334687,115.36210004148163,84.98694282537208,3.520782868286443,80.24265849078996,88.66778382085396,66.08726361662318,6.185788378898892,58.90416947978148,74.0029679172378,73.33333333333333,16.438437341250605,52.0,92.0,170.66666666666666,19.136933459209764,144.0,188.0,354.6666666666667,38.134265722866914,304.0,396.0,629.3333333333334,15.4344492037203,608.0,644.0,992.0,8.640987597877148,980.0,1000.0,1,rt_er_d4_s1,best_final_mean
continous_random_topologies,local_continuous_random_topologies_v2,continuous,Rastrigin,30,1000,36,rt_er_d8_s1,random,BEZ,20,2,3,1;2;3,True,66.9704618587235,3.1222093596441014,63.64331794369507,71.14796936725942,93.88537512984058,0.6330481134227518,93.01527838111971,94.50297105077776,93.09463980842123,2.234330832752895,90.2774096213991,95.74251353526265,127.63991945222303,6.004563810595625,122.10235264511627,135.98397820555905,14.553469859589779,1.7618310103586436,12.160646492804181,16.351437870449647,66.9704618587235,3.1222093596441014,63.64331794369507,71.14796936725942,322.5799836650241,10.355399472328335,310.0398134056186,335.4006065395298,246.0,0.0,246.0,246.0,322.5799836650241,10.355399472328335,310.0398134056186,335.4006065395298,137022.20692769295,5103.72128462755,130059.74419799757,142151.17643312685,139.81857849764586,5.207878861864843,132.71402469183425,145.05222085012943,171.9902013028131,15.94683951245723,151.70559542001712,190.66793679264293,116.55825673955393,5.627420979859764,112.38845118240108,124.51353783119517,83.70545290383534,3.5688303156880905,79.03564987775563,87.69852494684916,66.9704618587235,3.1222093596441014,63.64331794369507,71.14796936725942,73.33333333333333,10.498677165349081,64.0,88.0,158.66666666666666,17.987650084309387,136.0,180.0,321.3333333333333,24.94438257849294,288.0,348.0,636.0,47.10272462041518,588.0,700.0,985.3333333333334,8.219218670625303,976.0,996.0,2,rt_er_d8_s1,best_final_mean
continous_random_topologies,local_continuous_random_topologies_v2,continuous,Rastrigin,30,1000,36,rt_ws_k4_p010_s1,random,BEZ,20,2,3,1;2;3,True,71.2201568548426,0.8306094517023448,70.24633296564176,72.27594344864283,94.56527027043882,1.7333428877522696,92.14865341942227,96.12951211151696,93.05239712074538,2.023889392391837,90.1903812226592,94.51240779863811,127.5629532990384,7.825746416653923,118.04985303786853,137.21737572607563,13.587972653803778,1.4781940445575685,12.268317469220728,15.651890376891934,71.2201568548426,0.8306094517023448,70.24633296564176,72.27594344864283,312.8002608648349,2.4397035356328365,309.35086333890797,314.591836707324,246.0,0.0,246.0,246.0,312.8002608648349,2.4397035356328365,309.35086333890797,314.591836707324,138379.47776035347,2491.0210907278274,135402.52848166428,141499.2429488524,141.20354873505457,2.541858255844726,138.16584538945335,144.3869826008698,167.5008674178714,12.18991132292898,158.2402014129678,184.72369643781414,118.06831535960433,4.267996834224155,113.01687556451563,123.45513862173843,90.69406819857848,1.161051346598308,89.63941781644539,92.31127630663956,71.2201568548426,0.8306094517023448,70.24633296564176,72.27594344864283,54.666666666666664,8.219218670625303,44.0,64.0,157.33333333333334,19.136933459209764,140.0,184.0,334.6666666666667,51.88020388891658,296.0,408.0,638.6666666666666,22.939534045447004,612.0,668.0,993.3333333333334,4.988876515698588,988.0,1000.0,3,rt_ws_k4_p010_s1,best_final_mean
continous_random_topologies,local_continuous_random_topologies_v2,continuous,Rastrigin,30,1000,36,rt_er_d8_s1,best,BEZ,20,2,3,1;2;3,True,59.41524418821806,3.8407787978564394,54.584393119698035,63.98114202558489,95.12154543917623,3.8050583229306674,89.75076097560024,98.09626265383639,94.95983598487693,3.657676099819537,89.91337983401694,98.46685871107104,130.32386520385052,1.1425486721616984,128.71019850389024,131.2027127084615,15.672488249076604,1.046270722815928,14.775148571203383,17.140034805294768,59.41524418821806,3.8407787978564394,54.584393119698035,63.98114202558489,315.5747676094382,12.749308295886197,300.44599815948186,331.63371201887793,246.0,0.0,246.0,246.0,315.5747676094382,12.749308295886197,300.44599815948186,331.63371201887793,134816.3573134609,3188.9176229627597,130306.83638967064,137115.3804852497,137.56771154434784,3.253997574451794,132.96615958129658,139.91365355637726,184.08435888058676,16.800212509495324,161.34252441980766,201.41156980464143,103.31665852421757,4.749944840673101,99.92210850932639,110.03396706058079,78.22751632869603,10.74738587759388,63.73389907364981,89.43800367062404,59.41524418821806,3.8407787978564394,54.584393119698035,63.98114202558489,78.66666666666667,4.988876515698588,72.0,84.0,178.66666666666666,4.988876515698588,172.0,184.0,398.6666666666667,16.438437341250605,380.0,420.0,616.0,8.640987597877148,604.0,624.0,966.6666666666666,18.856180831641268,940.0,980.0,1,rt_er_d8_s1,best_final_mean
continous_random_topologies,local_continuous_random_topologies_v2,continuous,Rastrigin,30,1000,36,rt_ws_k4_p010_s1,best,BEZ,20,2,3,1;2;3,True,61.33184467204795,5.367483397912857,53.8678362576439,66.26019783861943,93.39815873751076,0.38846052718169155,93.01506250624189,93.93070587067766,94.02557777299748,0.20582996900968,93.73673962963758,94.20127558216947,123.6594382006938,10.350394959338264,112.18674047191872,137.26845617025538,13.788464881305094,1.9067294629939193,11.092095760274622,15.161570114737376,61.33184467204795,5.367483397912857,53.8678362576439,66.26019783861943,309.7982762209509,8.600844514557197,302.8288894266452,321.9161918050338,246.0,0.0,246.0,246.0,309.7982762209509,8.600844514557197,302.8288894266452,321.9161918050338,137360.86897932834,2728.991798207858,134071.9208121712,140754.1167238888,140.16415201972282,2.784685508375365,136.8080824613992,143.62664971825387,190.24004901275552,5.183574598613521,183.35646896999296,195.8650506077704,122.90237246955736,8.216923293017262,111.4089883134465,130.1334274025237,76.19637722254718,7.458556727043861,66.21448861355682,84.13969811617835,61.33184467204795,5.367483397912857,53.8678362576439,66.26019783861943,81.33333333333333,19.136933459209764,64.0,108.0,189.33333333333334,10.498677165349081,180.0,204.0,417.3333333333333,46.68571040003093,368.0,480.0,609.3333333333334,24.073960113690383,576.0,632.0,957.3333333333334,54.7803695577977,880.0,1000.0,2,rt_ws_k4_p010_s1,best_final_mean
continous_random_topologies,local_continuous_random_topologies_v2,continuous,Rastrigin,30,1000,36,rt_er_d4_s1,best,BEZ,20,2,3,1;2;3,True,64.50360694261896,1.0279775039270445,63.29799524132275,65.80996232396363,92.86785090014482,1.249007931643099,91.9678889931602,94.63410790539965,93.19256736990765,1.542989809927581,91.01594986339026,94.41496006348746,121.01305116871912,3.7939640688349914,115.86146197719498,124.88772668078768,12.656070683869318,0.6601720395095884,11.882661740432987,13.495676510503648,64.50360694261896,1.0279775039270445,63.29799524132275,65.80996232396363,319.9455535786054,22.247387831433198,289.7444023777526,342.6840115812898,246.0,0.0,246.0,246.0,319.9455535786054,22.247387831433198,289.7444023777526,342.6840115812898,139024.76695032098,3289.66833807795,134391.58031901118,141706.13813183122,141.86200709216425,3.3568044266101476,137.13426563164407,144.59810013452164,179.78107733721163,12.552419056439524,166.92687080040776,196.8110984580064,114.37092509109945,4.3204212355676965,108.2924695777545,117.94712901887385,88.68849606360376,5.01862000927213,83.13584400396249,95.29311956418357,64.50360694261896,1.0279775039270445,63.29799524132275,65.80996232396363,77.33333333333333,25.368396787253932,52.0,112.0,168.0,27.9045993819418,136.0,204.0,374.6666666666667,29.63481436119049,348.0,416.0,656.0,33.14614105241614,620.0,700.0,989.3333333333334,6.79869268479038,980.0,996.0,3,rt_er_d4_s1,best_final_mean
continous_random_topologies,local_continuous_random_topologies_v2,continuous,Rastrigin,30,1000,36,rt_er_d8_s1,worst,BEZ,20,2,3,1;2;3,True,65.01371677599684,2.6270046201856583,62.888739853301466,68.71534993216977,94.2531445979092,0.8649638782555129,93.16226118530363,95.27788141278994,94.76622660474636,1.5508130813060963,93.19700432185681,96.87774689526177,125.15942702401328,5.740116460741348,119.92272710577433,133.14956774125503,14.438588366628004,1.4978019879594042,12.56860543175844,16.2352578830899,65.01371677599684,2.6270046201856583,62.888739853301466,68.71534993216977,293.56916366877516,22.572317191788226,271.81342170604455,324.67770502579435,246.0,0.0,246.0,246.0,293.56916366877516,22.572317191788226,271.81342170604455,324.67770502579435,134877.81841076756,4630.685262192065,129944.83553700289,141074.47458551102,137.63042694976284,4.725189043053125,132.5967709561254,143.9535454954194,185.17856750125262,15.67503327320735,165.01921798128623,203.24325775108363,114.13774152590608,5.455546899008047,108.63356453237803,121.57197853258005,77.37487711265575,2.533200658605785,73.92389024451366,79.93324244088237,65.01371677599684,2.6270046201856583,62.888739853301466,68.71534993216977,76.0,21.416504538945347,52.0,104.0,192.0,6.531972647421808,184.0,200.0,381.3333333333333,30.34615113797611,340.0,412.0,657.3333333333334,43.49201714746691,596.0,692.0,980.0,25.508168626278653,944.0,1000.0,1,rt_er_d8_s1,best_final_mean
continous_random_topologies,local_continuous_random_topologies_v2,continuous,Rastrigin,30,1000,36,rt_ws_k4_p010_s1,worst,BEZ,20,2,3,1;2;3,True,65.40233947010346,1.71612567511735,63.109085115136544,67.23698506795401,93.0345431858382,1.5956841487486357,90.98906076173031,94.88270131881804,91.64465013004295,1.5254904091605703,89.98765797658857,93.66958435193447,127.46158550064516,6.109579402943158,120.1381110691665,135.09389980415267,13.378651650797547,1.8764991716478603,10.900277762177344,15.439495982920135,65.40233947010346,1.71612567511735,63.109085115136544,67.23698506795401,307.5184611563492,29.71566435522487,267.6285251935874,338.914447379513,246.0,0.0,246.0,246.0,307.5184611563492,29.71566435522487,267.6285251935874,338.914447379513,132624.05909146427,6259.98926215051,123888.30311962838,138235.36944134888,135.33067254231048,6.387744145051542,126.4166358363555,141.05649942994785,185.14353172253783,11.126554438431556,172.7868002129927,199.7589414091524,107.56999160395637,11.247572982616415,93.3010501639241,120.7921408334391,82.45818637310678,4.515535078069321,76.41658203950333,87.27045396493064,65.40233947010346,1.71612567511735,63.109085115136544,67.23698506795401,73.33333333333333,16.110727964792762,60.0,96.0,145.33333333333334,27.39018477889885,124.0,184.0,352.0,22.861904265976328,320.0,372.0,602.6666666666666,49.13473539383541,540.0,660.0,984.0,9.797958971132712,972.0,996.0,2,rt_ws_k4_p010_s1,best_final_mean
continous_random_topologies,local_continuous_random_topologies_v2,continuous,Rastrigin,30,1000,36,rt_er_d4_s1,worst,BEZ,20,2,3,1;2;3,True,67.0597976806691,5.920610717975476,58.752424802769205,72.11963742417576,93.47595424326427,0.40839296228306204,93.10853941370807,94.04557871484363,92.15839898317336,1.3543386940150182,90.63471421892814,93.9252978321498,122.95998685842356,6.275297623403125,114.39470714585029,129.25410079544525,12.943326370350604,1.586089377553185,11.777400309065394,15.185801855026785,67.0597976806691,5.920610717975476,58.752424802769205,72.11963742417576,316.95676949456464,17.859117265050998,295.89285225509434,339.5575162525854,246.0,0.0,246.0,246.0,316.95676949456464,17.859117265050998,295.89285225509434,339.5575162525854,138101.12638038644,2591.3107297516,135802.557760157,141722.20632743416,140.91951671468004,2.6441946221955037,138.57403853077247,144.61449625248383,181.8988617936931,8.891950914270272,169.33816862630263,188.7006745399443,119.53218394262447,8.662487930115349,107.5875560112132,127.8608602306828,84.68682688537292,2.231844404089184,82.72741195867877,87.8094795241462,67.0597976806691,5.920610717975476,58.752424802769205,72.11963742417576,66.66666666666667,12.364824660660938,56.0,84.0,157.33333333333334,31.04119127152751,120.0,196.0,380.0,67.4882705858334,304.0,468.0,593.3333333333334,85.81116218508846,512.0,712.0,973.3333333333334,29.272664533466866,932.0,996.0,3,rt_er_d4_s1,best_final_mean
continous_random_topologies,local_continuous_random_topologies_v2,continuous,Rastrigin,30,1000,36,rt_er_d8_s1,maxDistance,BEZ,20,2,3,1;2;3,True,67.04219780424606,5.863720020722801,58.76803707783922,71.65731260902044,94.82854887385011,1.6557294748727964,92.53713236596295,96.39165134371008,94.10086282536129,2.135903607683142,91.11445151413295,95.98667125999819,126.69610339391653,9.492538334758114,118.83030664967787,140.05022022433636,13.777696681537439,2.388140696254894,10.413283841847894,15.71557605803254,67.04219780424606,5.863720020722801,58.76803707783922,71.65731260902044,294.6369097820743,12.410133673623259,278.1532995264255,308.0974380679804,246.0,0.0,246.0,246.0,294.6369097820743,12.410133673623259,278.1532995264255,308.0974380679804,134224.1181816992,3329.3653167490293,131845.7130437882,138932.46864020493,136.96338589969304,3.397311547703093,134.53644188141652,141.76782514306626,170.57980955773903,9.136184474635444,163.22956771491488,183.45738986623087,116.65673834798402,11.997226937045097,107.27376988612949,133.59036734203687,82.73783534357403,3.347315514412935,78.84630843342552,87.0178643063052,67.04219780424606,5.863720020722801,58.76803707783922,71.65731260902044,78.66666666666667,19.686430746977866,56.0,104.0,142.66666666666666,24.94438257849294,116.0,176.0,404.0,37.66519171153476,356.0,448.0,660.0,66.69332800213226,568.0,724.0,978.6666666666666,19.955506062794353,952.0,1000.0,1,rt_er_d8_s1,best_final_mean
continous_random_topologies,local_continuous_random_topologies_v2,continuous,Rastrigin,30,1000,36,rt_ws_k4_p010_s1,maxDistance,BEZ,20,2,3,1;2;3,True,67.73497534671789,2.986037769911834,64.97593597967929,71.88314247499402,92.25036281588488,3.635337793660549,88.68480622179972,97.24072991790341,92.08340094046773,2.7568683631145916,89.1494831003645,95.77400086975537,118.71510825908543,9.782223660373658,106.80312256579391,130.7634157105817,12.448519420001562,1.9712496787218636,10.179476969585831,14.985653461509816,67.73497534671789,2.986037769911834,64.97593597967929,71.88314247499402,322.39439270747226,15.005715213929324,309.3935351395009,343.42033389189726,246.0,0.0,246.0,246.0,322.39439270747226,15.005715213929324,309.3935351395009,343.42033389189726,134923.87106106975,5122.7923906163405,128576.88496154948,141122.48037395225,137.67741945007117,5.2273391740983115,131.20090302198926,144.00253099382883,180.76393389354337,8.314572846078871,173.06650201354984,192.31072357044164,108.68368401103103,14.03200944725583,93.11683850798882,127.12548020811718,83.4782972264452,3.48046531945095,79.44159319449552,87.93575229040349,67.73497534671789,2.986037769911834,64.97593597967929,71.88314247499402,61.333333333333336,4.988876515698588,56.0,68.0,140.0,9.797958971132712,128.0,152.0,344.0,36.368484525295614,296.0,384.0,546.6666666666666,78.67796529030363,436.0,612.0,948.0,67.96077299933151,852.0,1000.0,2,rt_ws_k4_p010_s1,best_final_mean
continous_random_topologies,local_continuous_random_topologies_v2,continuous,Rastrigin,30,1000,36,rt_er_d4_s1,maxDistance,BEZ,20,2,3,1;2;3,True,71.57742977814607,5.280146139666417,67.56603040919592,79.03761580062228,94.06799752130135,2.505048647270899,90.73006729477142,96.76485827124546,92.42256093111828,2.834383259708624,88.81244505408154,95.73622425546495,124.9692998781947,5.9771986396044126,119.01738520876269,133.1434674040999,12.436279314653994,1.2124066749672455,10.722773265997045,13.346114201890018,71.57742977814607,5.280146139666417,67.56603040919592,79.03761580062228,309.46778267941824,6.365899642532726,301.83864749446485,317.4217028342502,246.0,0.0,246.0,246.0,309.46778267941824,6.365899642532726,301.83864749446485,317.4217028342502,135520.24139408363,1312.0275953347957,133779.45610418252,136946.8485185544,138.28596060620777,1.338803668708978,136.50964908590052,139.7416821617902,168.85981305330623,7.9356482403542214,158.89794952175532,178.31653812597406,120.60959984212323,1.112172688952673,119.11741451021908,121.78630757575861,88.77326963175025,7.465152120557866,78.21622120112094,94.11729651582667,71.57742977814607,5.280146139666417,67.56603040919592,79.03761580062228,56.0,17.281975195754296,32.0,72.0,136.0,26.733250207684563,100.0,164.0,317.3333333333333,39.37286149395573,272.0,368.0,625.3333333333334,88.26223553832195,520.0,736.0,978.6666666666666,6.79869268479038,972.0,988.0,3,rt_er_d4_s1,best_final_mean
continous_random_topologies,local_continuous_random_topologies_v2,continuous,Ackley,30,1000,12,rt_ws_k4_p010_s1,random,BEZ,20,2,3,1;2;3,True,9.025522728962143,1.5544918137380124,7.152912334949688,10.959156824900479,14.838135777354529,0.7328777685274707,13.836205888380547,15.56881164580498,15.301794480440732,1.2258145907364657,13.868038720549524,16.86258611902978,18.341418065911824,0.3620486816617141,17.956317707448296,18.826187610129764,2.6242720093939425,0.2698050045841801,2.309043324937694,2.968072463134154,9.025522728962143,1.5544918137380124,7.152912334949688,10.959156824900479,11.464271984541755,1.5866090292638304,9.531823716635962,13.41803097181032,246.0,0.0,246.0,246.0,11.464271984541755,1.5866090292638304,9.531823716635962,13.41803097181032,14484.518373639126,758.9958516249319,13491.8516427104,15334.50640845799,14.78012078942768,0.7744855628825836,13.767195553786124,15.647455518834684,17.708715721974905,0.26628165242150503,17.335186120404288,17.936900387407064,15.08424826213908,0.749488030758866,14.1689181007297,16.00475941238192,12.086429508642487,1.2989191031835539,10.484991285800568,13.666464325498952,9.025522728962143,1.5544918137380124,7.152912334949688,10.959156824900479,262.6666666666667,35.97530016861877,220.0,308.0,526.6666666666666,6.79869268479038,520.0,536.0,774.6666666666666,19.136933459209764,748.0,792.0,925.3333333333334,6.79869268479038,916.0,932.0,997.3333333333334,1.8856180831641267,996.0,1000.0,1,rt_ws_k4_p010_s1,best_final_mean
continous_random_topologies,local_continuous_random_topologies_v2,continuous,Ackley,30,1000,12,rt_er_d8_s1,random,BEZ,20,2,3,1;2;3,True,10.387365233227028,0.9072447779350623,9.332885471096354,11.547609027454273,15.166328679611249,0.6038756680630466,14.399065590862438,15.874735913039826,15.928848797772044,0.7578552615450704,14.902391926149644,16.709110216942392,18.75106053633387,0.5916020520943663,17.915905887240434,19.211962405155315,2.906912238307033,0.13007839023803508,2.812731636947008,3.0908531588467154,10.387365233227028,0.9072447779350623,9.332885471096354,11.547609027454273,10.007531397410139,0.7837618813704874,8.979087644929914,10.879735977174324,246.0,0.0,246.0,246.0,10.007531397410139,0.7837618813704874,8.979087644929914,10.879735977174324,15039.73753201937,461.844345104037,14554.771473419763,15661.1087244513,15.346670951040172,0.47126973990207915,14.851807625938534,15.980723188215613,17.527863365629532,0.5321314158043018,16.783483620364834,17.995812632884984,15.518039824210145,0.465447787508605,14.935244451467755,16.074436811481412,13.350104209863206,0.47405055476649255,12.895113179918457,14.004007117728799,10.387365233227028,0.9072447779350623,9.332885471096354,11.547609027454273,218.66666666666666,58.08805576211191,156.0,296.0,518.6666666666666,67.11846905948383,440.0,604.0,793.3333333333334,28.158282775923833,756.0,824.0,906.6666666666666,12.364824660660938,896.0,924.0,996.0,3.265986323710904,992.0,1000.0,2,rt_er_d8_s1,best_final_mean
continous_random_topologies,local_continuous_random_topologies_v2,continuous,Ackley,30,1000,12,rt_er_d4_s1,random,BEZ,20,2,3,1;2;3,True,10.578848812318624,1.1371313986870366,9.0103466873115,11.670431193932375,14.448853660868304,0.24274881314586907,14.122362860155565,14.703986477191487,14.811240639909757,0.8473958510663808,13.687137370427402,15.73303311506398,18.085139727499318,0.41414360459964916,17.617597147800133,18.62440298119143,2.5330326112065897,0.31634143019006666,2.0943797267772433,2.8284877990986095,10.578848812318624,1.1371313986870366,9.0103466873115,11.670431193932375,9.922993040899822,1.2907915461202917,8.482552640729542,11.614327453357216,246.0,0.0,246.0,246.0,9.922993040899822,1.2907915461202917,8.482552640729542,11.614327453357216,15426.610921716898,347.07462306006977,15071.436447913567,15897.591258106826,15.741439716037652,0.3541577786327245,15.379016783585273,16.222031896027374,18.103739376436955,0.2509174101629331,17.75790897161157,18.34550454913318,16.16404577686565,0.34052137350804984,15.810453723425148,16.62397022591667,13.519836104482803,0.8314501134070517,12.644442784303878,14.637406898413587,10.578848812318624,1.1371313986870366,9.0103466873115,11.670431193932375,276.0,61.013659672786936,196.0,344.0,550.6666666666666,42.62497963505542,492.0,592.0,793.3333333333334,47.59084879353266,732.0,848.0,946.6666666666666,26.398653164297773,912.0,976.0,992.0,3.265986323710904,988.0,996.0,3,rt_er_d4_s1,best_final_mean
continous_random_topologies,local_continuous_random_topologies_v2,continuous,Ackley,30,1000,12,rt_ws_k4_p010_s1,best,BEZ,20,2,3,1;2;3,True,9.308351030026422,0.953427281274158,8.357761694577425,10.611788383231342,14.808618808822755,0.7217751864189391,13.977139677875076,15.737116573347581,15.519152645181318,1.2411891048281694,13.964080270338865,17.001768985966415,18.606677354763082,0.38872922015185873,18.302518473902886,19.155343659946936,2.986870544994971,0.036380913944948134,2.9453460604931805,3.033941421557628,9.308351030026422,0.953427281274158,8.357761694577425,10.611788383231342,11.087509204696493,0.8236231713259065,9.928028035925504,11.763350033444373,246.0,0.0,246.0,246.0,11.087509204696493,0.8236231713259065,9.928028035925504,11.763350033444373,14430.167193668063,737.3365881184664,13570.79612959229,15371.329897180129,14.724660401702105,0.7523842735902716,13.847751152645195,15.685030507326662,17.59699248247964,0.38554846777954555,17.136386106509,18.079986699831117,15.185815078812995,0.916319346274094,14.12472740195597,16.36058824213358,11.927922861353421,1.1912575786625414,10.48957621156818,13.406708662690505,9.308351030026422,0.953427281274158,8.357761694577425,10.611788383231342,241.33333333333334,13.59738536958076,228.0,260.0,528.0,32.65986323710904,488.0,568.0,734.6666666666666,33.038697848970315,688.0,760.0,898.6666666666666,62.33957188032512,812.0,956.0,992.0,3.265986323710904,988.0,996.0,1,rt_ws_k4_p010_s1,best_final_mean
continous_random_topologies,local_continuous_random_topologies_v2,continuous,Ackley,30,1000,12,rt_er_d8_s1,best,BEZ,20,2,3,1;2;3,True,9.554110273768007,0.772435046593007,8.937225465800227,10.643304688368346,15.346606965490379,0.6090959992294618,14.712512222471206,16.168569970618684,15.955447735478261,0.8773748801582509,15.331147471902012,17.196234990244477,19.163405929471974,0.06069175971378971,19.077582338013254,19.207301548142546,2.9281700302449862,0.54732412706026,2.455417879401637,3.695323462943847,9.554110273768007,0.772435046593007,8.937225465800227,10.643304688368346,10.987122708606664,0.8164155701799392,9.835421656225858,11.633613798972766,246.0,0.0,246.0,246.0,10.987122708606664,0.8164155701799392,9.835421656225858,11.633613798972766,15042.723588382312,229.65926292956763,14772.020039927027,15333.493370621627,15.349717947328891,0.2343461866628245,15.073489836660231,15.646421806756763,18.09502658788215,0.11703861143139206,17.97304921763031,18.252907975047577,15.621289334254234,0.051806720324716664,15.566333409601873,15.690729054949292,13.288256812721592,0.4396909810158876,12.71521353347672,13.783843725080278,9.554110273768007,0.772435046593007,8.937225465800227,10.643304688368346,274.6666666666667,13.199326582148887,256.0,284.0,564.0,32.65986323710904,524.0,604.0,809.3333333333334,22.23110933404409,788.0,840.0,922.6666666666666,25.368396787253932,888.0,948.0,992.0,8.640987597877148,980.0,1000.0,2,rt_er_d8_s1,best_final_mean
continous_random_topologies,local_continuous_random_topologies_v2,continuous,Ackley,30,1000,12,rt_er_d4_s1,best,BEZ,20,2,3,1;2;3,True,9.564677453628514,1.068235200540462,8.057959502426579,10.413117590113036,15.26313153925391,0.3107994969638739,15.00013007089353,15.699619423490802,16.071016411040077,0.6689643964273122,15.337189606347005,16.955031071426568,18.96911208678617,0.167619462426415,18.732063268407096,19.088201787931258,3.003208210497874,0.366909877938068,2.7353674216203494,3.5220055614472736,9.564677453628514,1.068235200540462,8.057959502426579,10.413117590113036,10.864448334754034,1.2391096949464513,9.821483730725213,12.605462465062681,246.0,0.0,246.0,246.0,10.864448334754034,1.2391096949464513,9.821483730725213,12.605462465062681,14795.070140617547,713.3712558545394,13838.239236256895,15550.440080691655,15.097010347568926,0.7279298529127949,14.120652281894792,15.86779600070577,17.815556116530647,0.431834989121286,17.243133665099673,18.286081176689965,15.680093052303754,0.5809372320666503,14.86744629205898,16.19099192525141,12.442254580600533,1.4462553252399426,10.528103026105402,14.023429363211225,9.564677453628514,1.068235200540462,8.057959502426579,10.413117590113036,256.0,36.368484525295614,208.0,296.0,573.3333333333334,10.498677165349081,564.0,588.0,769.3333333333334,75.70703768841808,708.0,876.0,896.0,39.59797974644666,852.0,948.0,997.3333333333334,3.7712361663282534,992.0,1000.0,3,rt_er_d4_s1,best_final_mean
continous_random_topologies,local_continuous_random_topologies_v2,continuous,Ackley,30,1000,12,rt_er_d4_s1,worst,BEZ,20,2,3,1;2;3,True,9.740580408039083,2.665926209901068,6.07337162864026,12.332095518853688,14.925560916513854,0.5859662513534118,14.500612800882864,15.754151031459829,15.19274906360032,1.1249581607099264,14.05587674334532,16.724999153177016,18.444459819968888,0.8134799587968927,17.462634820036662,19.45464028272238,2.705478253376266,0.7904691743088933,1.785346506508819,3.715344499312474,9.740580408039083,2.665926209901068,6.07337162864026,12.332095518853688,10.734890149617257,2.639913776664793,8.050366029129286,14.324086745450913,246.0,0.0,246.0,246.0,10.734890149617257,2.639913776664793,8.050366029129286,14.324086745450913,14798.801825997285,1238.5597864934928,13062.629118646368,15867.69596031271,15.100818189793147,1.2638365168300945,13.329213386373844,16.19152649011501,17.62143108694249,0.6354556989613599,16.73900151217517,18.209936241274175,15.775267952860945,0.9956154862089298,14.383521452882189,16.65595612220541,12.598994582340469,1.8103156569657013,10.11381227987015,14.374282513553677,9.740580408039083,2.665926209901068,6.07337162864026,12.332095518853688,224.0,34.56395039150859,176.0,256.0,570.6666666666666,19.686430746977866,548.0,596.0,754.6666666666666,1.8856180831641267,752.0,756.0,912.0,19.86621923433512,884.0,928.0,998.6666666666666,1.8856180831641267,996.0,1000.0,1,rt_er_d4_s1,best_final_mean
continous_random_topologies,local_continuous_random_topologies_v2,continuous,Ackley,30,1000,12,rt_er_d8_s1,worst,BEZ,20,2,3,1;2;3,True,10.102153551807689,0.9730036224155096,8.843941516899305,11.213733330475206,15.73116012109726,0.35781003919065135,15.294642217310985,16.171074494701553,16.863206312072073,0.5779491525251046,16.07494960831215,17.444487973006098,18.87676465203203,0.1262804295393112,18.759837075540787,19.052130436491844,2.8302546333576823,0.5570410379790813,2.2532536503267475,3.583238145203516,10.102153551807689,0.9730036224155096,8.843941516899305,11.213733330475206,10.384209980144206,0.8578504624885123,9.482028050586836,11.53773382319151,246.0,0.0,246.0,246.0,10.384209980144206,0.8578504624885123,9.482028050586836,11.53773382319151,15248.156803367372,470.0331083827275,14670.578220107285,15821.900336207029,15.559343676905483,0.4796256207987015,14.969977775619679,16.144796261435744,17.946254047568967,0.21269013582232418,17.645809489074338,18.10894393554463,16.137950093355396,0.4255663536165227,15.591337497833504,16.629364357060528,13.350417747363554,0.8105206838404799,12.324279435062918,14.305862073953467,10.102153551807689,0.9730036224155096,8.843941516899305,11.213733330475206,249.33333333333334,37.85351884420904,196.0,280.0,601.3333333333334,9.977753031397176,588.0,612.0,812.0,19.86621923433512,784.0,828.0,914.6666666666666,29.63481436119049,876.0,948.0,996.0,3.265986323710904,992.0,1000.0,2,rt_er_d8_s1,best_final_mean
continous_random_topologies,local_continuous_random_topologies_v2,continuous,Ackley,30,1000,12,rt_ws_k4_p010_s1,worst,BEZ,20,2,3,1;2;3,True,10.67989719456076,1.8258293262631196,8.293884152638679,12.727705105200688,15.278823624703985,1.1383634044337567,13.86874500576872,16.65659287786911,15.378646319848004,1.0992701228860233,14.505421419086364,16.929126315820376,19.010775080224303,0.29261249240139464,18.675502832368075,19.38847666044428,2.597934451378195,0.5997577566127422,2.110248876519625,3.4427648717766397,10.67989719456076,1.8258293262631196,8.293884152638679,12.727705105200688,9.791715965056081,1.8811610313122604,7.724688581233256,12.27564290307587,246.0,0.0,246.0,246.0,9.791715965056081,1.8811610313122604,7.724688581233256,12.27564290307587,15491.195768252144,963.0156140609955,14167.887761420354,16431.669693264525,15.807342620665453,0.9826689939397911,14.457028327979954,16.76700989108625,18.1042539888075,0.514821359240557,17.387642535636562,18.573971414884625,16.421063041562608,0.8191550218007777,15.315780444715822,17.274179314722446,13.589186179285084,1.5612691967802648,11.381563960166988,14.726840463405706,10.67989719456076,1.8258293262631196,8.293884152638679,12.727705105200688,269.3333333333333,16.438437341250605,248.0,288.0,596.0,29.028721409436322,568.0,636.0,778.6666666666666,20.741798914805393,764.0,808.0,905.3333333333334,22.939534045447004,876.0,932.0,996.0,3.265986323710904,992.0,1000.0,3,rt_ws_k4_p010_s1,best_final_mean
continous_random_topologies,local_continuous_random_topologies_v2,continuous,Ackley,30,1000,12,rt_ws_k4_p010_s1,maxDistance,BEZ,20,2,3,1;2;3,True,8.728923239651719,2.492580699281155,5.873228471601255,11.946517353647508,13.727414679818102,1.2543807834811143,12.218835567991437,15.290004008384035,14.155323206262802,1.1730368520525414,12.555700539059437,15.335829531080417,18.47516936299994,0.32550081075511933,18.14783141039181,18.91913026799639,2.823529742250501,0.5720086502546101,2.0526479445986445,3.421330676125242,8.728923239651719,2.492580699281155,5.873228471601255,11.946517353647508,11.831311775555676,2.502921699888173,8.56360264305269,14.643505564049256,246.0,0.0,246.0,246.0,11.831311775555676,2.502921699888173,8.56360264305269,14.643505564049256,14119.436852430657,1621.083250856811,11947.21408429614,15840.333667577774,14.407588624929241,1.6541665825069505,12.19103477989402,16.163605783242627,17.34485695431132,0.9323141243621321,16.13304698749472,18.40070848228981,15.068489357808767,1.89798514669761,12.43346040265791,16.82870941448227,11.46274366202979,2.366528785678987,8.345270880384525,14.075856803329495,8.728923239651719,2.492580699281155,5.873228471601255,11.946517353647508,230.66666666666666,37.142368739157654,180.0,268.0,532.0,76.8027777275449,436.0,624.0,732.0,38.505410875183074,680.0,772.0,878.6666666666666,49.13473539383541,816.0,936.0,996.0,5.656854249492381,988.0,1000.0,1,rt_ws_k4_p010_s1,best_final_mean
continous_random_topologies,local_continuous_random_topologies_v2,continuous,Ackley,30,1000,12,rt_er_d4_s1,maxDistance,BEZ,20,2,3,1;2;3,True,9.436140447138087,2.3321894535401437,6.431446643207067,12.116418938488021,14.39219007454439,0.26186694939822314,14.138116298018678,14.752564349100505,14.829874494360592,0.8999113924199514,14.104681735394426,16.098192888629725,17.868198129747903,0.345217447729327,17.423226925844347,18.264646659065228,2.724298937322402,0.827430106353722,1.7926935657653076,3.8033262516957844,9.436140447138087,2.3321894535401437,6.431446643207067,12.116418938488021,10.993623153650775,2.413077174238347,8.416596068613206,14.219560430276857,246.0,0.0,246.0,246.0,10.993623153650775,2.413077174238347,8.416596068613206,14.219560430276857,14553.83784636523,1417.6638246076693,12611.197548773887,15954.421999047243,14.850854945270642,1.4465957393955806,12.868568927320293,16.28002244800739,17.372436383718448,0.6813195691630177,16.4128485634798,17.9276487559273,14.89238806296927,1.5285915310453588,12.795548258150596,16.39614874750929,12.494523874804054,2.386289242689347,9.319544601877135,15.072566128257488,9.436140447138087,2.3321894535401437,6.431446643207067,12.116418938488021,218.66666666666666,60.69230227595222,168.0,304.0,534.6666666666666,51.67419300020293,480.0,604.0,814.6666666666666,64.85539470408165,724.0,872.0,920.0,42.708313008125245,860.0,956.0,996.0,3.265986323710904,992.0,1000.0,2,rt_er_d4_s1,best_final_mean
continous_random_topologies,local_continuous_random_topologies_v2,continuous,Ackley,30,1000,12,rt_er_d8_s1,maxDistance,BEZ,20,2,3,1;2;3,True,9.872718369968377,1.5248264348138145,8.785241987053578,12.02912200159383,15.164881790467458,0.7661525129562257,14.099225460783888,15.867318180103076,14.990112476016419,0.906072686884967,13.81674117428021,16.02272571301799,19.058906310417665,0.45702104290154516,18.559722840673338,19.66404585941999,2.9939440176318954,0.5861738025270828,2.1688054399883607,3.4755012468265467,9.872718369968377,1.5248264348138145,8.785241987053578,12.02912200159383,10.438474416265228,1.4890108722636124,8.338150619566559,11.619823312235628,246.0,0.0,246.0,246.0,10.438474416265228,1.4890108722636124,8.338150619566559,11.619823312235628,15291.498197611383,847.2749471558334,14332.031976473858,16392.826580032288,15.60356958939937,0.8645662726079927,14.624522424973325,16.727374061257436,17.95860509923108,0.5404967641664559,17.298271526821583,18.62220075037301,16.289218861723878,0.8273911074477743,15.357896219010938,17.36834792339203,13.419342324695254,1.3844613383434026,11.668611980930404,15.053856522538435,9.872718369968377,1.5248264348138145,8.785241987053578,12.02912200159383,280.0,24.657656011875904,248.0,308.0,617.3333333333334,19.136933459209764,600.0,644.0,826.6666666666666,47.59084879353266,760.0,868.0,958.6666666666666,28.534579412043595,920.0,988.0,998.6666666666666,1.8856180831641267,996.0,1000.0,3,rt_er_d8_s1,best_final_mean
continous_random_topologies,local_continuous_random_topologies_v2,continuous,Ackley,30,1000,24,rt_ws_k4_p010_s1,random,BEZ,20,2,3,1;2;3,True,9.03653258579524,0.9566636578120349,7.871878783748743,10.215092807173392,14.528041249855644,0.6369761348737594,13.88631080553445,15.396395670285543,14.936770439861327,1.1678280226892737,13.710145711651283,16.507828734772236,19.13390152322562,0.07072742535957582,19.048407448270375,19.22161104959845,2.9911427996523874,0.06423337702979941,2.9019044143865216,3.0504682165911787,9.03653258579524,0.9566636578120349,7.871878783748743,10.215092807173392,11.329853236735392,1.0069013184975437,10.08168389006866,12.547512134003133,246.0,0.0,246.0,246.0,11.329853236735392,1.0069013184975437,10.08168389006866,12.547512134003133,14165.044613613887,745.5678080842081,13127.112835472251,14844.72843142958,14.454127156748864,0.7607834776369473,13.395013097420664,15.147682072887326,17.20343879609636,0.22935815703360193,16.972550755993495,17.516178991984702,14.803177031385943,0.6599728344967009,13.888483418791273,15.421296688996234,11.963656165332578,1.5823217696019505,9.72602375464012,13.101555604114736,9.03653258579524,0.9566636578120349,7.871878783748743,10.215092807173392,208.0,8.640987597877148,200.0,220.0,520.0,46.3033476111609,476.0,584.0,753.3333333333334,74.49981357172797,648.0,808.0,864.0,60.486913185140025,780.0,920.0,996.0,5.656854249492381,988.0,1000.0,1,rt_ws_k4_p010_s1,best_final_mean
continous_random_topologies,local_continuous_random_topologies_v2,continuous,Ackley,30,1000,24,rt_er_d8_s1,random,BEZ,20,2,3,1;2;3,True,9.148673491738545,1.8387092964081742,7.6357357636491,11.736683343104989,15.1823304227811,0.2687037826173291,14.923854940089777,15.552805397622976,15.575943760686469,0.5327168927047,15.000946952442806,16.28500465666642,19.086809990194443,0.11593581253896196,18.990890926584523,19.24992732186876,2.6438800950678054,0.213044367202787,2.3466849418367937,2.835351139787145,9.148673491738545,1.8387092964081742,7.6357357636491,11.736683343104989,11.287613521827,1.6673100666568967,8.930899970409254,12.531622525115031,246.0,0.0,246.0,246.0,11.287613521827,1.6673100666568967,8.930899970409254,12.531622525115031,14565.73729074988,801.8556368118172,13793.635270700686,15671.060534638187,14.86299723545906,0.8182200375630789,14.075138031327231,15.99087809656958,17.569438013347735,0.37579238188412445,17.06121972083824,17.95814098112585,15.311677280055447,0.8782190769009406,14.339331979726008,16.467037185959956,12.113643052969916,1.1472574721342161,11.232919093068336,13.73406585376561,9.148673491738545,1.8387092964081742,7.6357357636491,11.736683343104989,248.0,77.21830525637472,180.0,356.0,544.0,40.13311184877976,508.0,600.0,756.0,31.15552385479446,720.0,796.0,874.6666666666666,31.04119127152751,836.0,912.0,994.6666666666666,3.7712361663282534,992.0,1000.0,2,rt_er_d8_s1,best_final_mean
continous_random_topologies,local_continuous_random_topologies_v2,continuous,Ackley,30,1000,24,rt_er_d4_s1,random,BEZ,20,2,3,1;2;3,True,9.202799480316962,0.3326859326477245,8.766313662670242,9.573127868123311,14.744689942543218,0.4148645324835144,14.176369164436801,15.155054492972093,15.78684878697097,0.38696357855565516,15.295385173405224,16.24104846681483,18.53804811375898,0.2156597481255347,18.294125106227995,18.81856517636784,2.8552818043669546,0.12330015207796123,2.6943426729076387,2.993874844076695,9.202799480316962,0.3326859326477245,8.766313662670242,9.573127868123311,11.106249196386564,0.20746103349732883,10.86222378775452,11.369325080115722,246.0,0.0,246.0,246.0,11.106249196386564,0.20746103349732883,10.86222378775452,11.369325080115722,14399.255157607506,188.7643878593547,14149.617456725819,14605.98099743115,14.693117507762762,0.1926167223054638,14.438385159924305,14.904062242276684,17.42839504033579,0.12354453445595714,17.28029607437415,17.58272465910205,15.020512255691758,0.53997497726301,14.265727303720704,15.498324955306906,12.258617661306335,0.09720582831106062,12.12265061509019,12.344156278942823,9.202799480316962,0.3326859326477245,8.766313662670242,9.573127868123311,241.33333333333334,24.513035081133648,212.0,272.0,525.3333333333334,45.7626728046147,468.0,580.0,769.3333333333334,21.746008573733455,752.0,800.0,914.6666666666666,23.626726862225798,896.0,948.0,996.0,3.265986323710904,992.0,1000.0,3,rt_er_d4_s1,best_final_mean
continous_random_topologies,local_continuous_random_topologies_v2,continuous,Ackley,30,1000,24,rt_er_d8_s1,best,BEZ,20,2,3,1;2;3,True,6.790039057028522,0.2194343254758242,6.562194016235395,7.086422841355347,14.409022722534388,0.26629417929669175,14.078225040818335,14.730301501868832,14.451684081698813,0.5546361710937435,14.055469141163439,15.23604423989271,18.688467314623875,0.18753891000311274,18.505331735861045,18.94617445512698,3.0793373241446225,0.21820296429299058,2.794387441204793,3.3243865001903083,6.790039057028522,0.2194343254758242,6.562194016235395,7.086422841355347,13.566200070359054,0.20928284575338052,13.27061334025063,13.727044413453516,246.0,0.0,246.0,246.0,13.566200070359054,0.20928284575338052,13.27061334025063,13.727044413453516,13087.301089529388,177.27133570266807,12839.613220376068,13244.696913746244,13.354388866866723,0.1808891180639469,13.101646143240886,13.514996850761474,16.79629344073336,0.3984926022624838,16.23298706451459,17.092402630030705,14.160554877288744,0.3636214313660465,13.646329560187572,14.420839359003985,9.803941716342713,0.42407960273943457,9.204336435850422,10.114716817287132,6.790039057028522,0.2194343254758242,6.562194016235395,7.086422841355347,240.0,52.56107558513873,168.0,292.0,533.3333333333334,36.709066394496546,484.0,572.0,736.0,22.861904265976328,716.0,768.0,852.0,11.775681155103795,836.0,864.0,988.0,6.531972647421808,980.0,996.0,1,rt_er_d8_s1,best_final_mean
continous_random_topologies,local_continuous_random_topologies_v2,continuous,Ackley,30,1000,24,rt_ws_k4_p010_s1,best,BEZ,20,2,3,1;2;3,True,8.903196822637774,1.8359857971199816,6.306726577943568,10.206172425197336,15.161839879732815,1.0988626387322358,14.129294305663109,16.683913778471247,15.4137683311737,1.145988147646319,14.151504535575516,16.92521314751955,18.799646884691526,0.5554616727936509,18.082074217513174,19.435242909951697,2.4930610994187536,0.5447974985472366,2.006194975257876,3.253628094338078,8.903196822637774,1.8359857971199816,6.306726577943568,10.206172425197336,11.49104623671672,1.834624351999006,10.063286451187402,14.081064787880756,246.0,0.0,246.0,246.0,11.49104623671672,1.834624351999006,10.063286451187402,14.081064787880756,14444.809099279588,830.5443929165804,13277.768071670365,15143.29662059228,14.739601121713866,0.8474942784863062,13.548742930275884,15.452343490400287,17.389244042776102,0.27188610766043386,17.025214779792023,17.67847390208846,15.125088652206466,0.9163771342616664,13.832025635901754,15.846530808434753,12.265459696866362,1.1691111715186226,10.679121561460594,13.462212568967393,8.903196822637774,1.8359857971199816,6.306726577943568,10.206172425197336,222.66666666666666,41.61196409153929,164.0,256.0,536.0,20.396078054371138,516.0,564.0,789.3333333333334,35.22625283632775,740.0,820.0,929.3333333333334,27.39018477889885,908.0,968.0,994.6666666666666,7.542472332656507,984.0,1000.0,2,rt_ws_k4_p010_s1,best_final_mean
continous_random_topologies,local_continuous_random_topologies_v2,continuous,Ackley,30,1000,24,rt_er_d4_s1,best,BEZ,20,2,3,1;2;3,True,9.159182978751337,1.4261130526274342,7.660171736145797,11.077201171325017,15.140972073809394,0.19001523742398366,14.888694000436145,15.347270426556289,15.434122317324988,0.3453078626564394,15.125350875632902,15.916153315284987,18.970068372232667,0.34023501219172103,18.5634262869473,19.396148154631454,2.790596915189502,0.42792014470667544,2.1861770581954296,3.1189019145261083,9.159182978751337,1.4261130526274342,7.660171736145797,11.077201171325017,11.302936060250449,1.320847318685181,9.494707961230686,12.612870039474581,246.0,0.0,246.0,246.0,11.302936060250449,1.320847318685181,9.494707961230686,12.612870039474581,14677.697529016667,495.886527815431,14154.71110822126,15343.812878515746,14.977242376547618,0.5060066610361545,14.443582763491081,15.656951916852803,17.696009243024143,0.2980254839358472,17.40262618350105,18.104757195911407,15.541775963959441,0.46538382434195813,15.110489739038268,16.18796210572564,12.22986616278757,0.5109669356513996,11.603064371383514,12.854667844797167,9.159182978751337,1.4261130526274342,7.660171736145797,11.077201171325017,258.6666666666667,32.71425105702746,228.0,304.0,570.6666666666666,28.534579412043595,532.0,600.0,765.3333333333334,41.09609335312651,712.0,812.0,889.3333333333334,32.87687468250121,852.0,932.0,989.3333333333334,15.084944665313014,968.0,1000.0,3,rt_er_d4_s1,best_final_mean
continous_random_topologies,local_continuous_random_topologies_v2,continuous,Ackley,30,1000,24,rt_ws_k4_p010_s1,worst,BEZ,20,2,3,1;2;3,True,7.053767184237169,1.4989643133826474,5.187092079950265,8.857153045653545,14.623070527658422,0.49400383022946703,14.035551143032702,15.244206770656938,15.414365278401599,0.5354090209008318,14.786023973569002,16.09443842189159,19.00158439388357,0.35187677895303365,18.614984321518584,19.46623510610186,3.0588286639692113,0.2759690457649364,2.687934565160228,3.3494733698690764,7.053767184237169,1.4989643133826474,5.187092079950265,8.857153045653545,13.314174322291315,1.3927529422336664,11.661898491971757,15.068821565652573,246.0,0.0,246.0,246.0,13.314174322291315,1.3927529422336664,11.661898491971757,15.068821565652573,13309.458016325141,1084.9081805995893,11862.74637477543,14475.315486985364,13.581079608495042,1.1070491638771323,12.104843239566765,14.770730088760576,16.706905828128708,1.1387431451907104,15.097971343910983,17.571383862596345,14.1214105210774,0.8419644447467071,12.948209363836156,14.884236730104895,10.599680156768017,1.8026477291611718,8.322202037069081,12.730451632365249,7.053767184237169,1.4989643133826474,5.187092079950265,8.857153045653545,237.33333333333334,47.59084879353266,176.0,292.0,546.6666666666666,18.571184369578827,528.0,572.0,769.3333333333334,50.63156678946007,708.0,832.0,913.3333333333334,16.110727964792762,900.0,936.0,986.6666666666666,7.542472332656507,976.0,992.0,1,rt_ws_k4_p010_s1,best_final_mean
continous_random_topologies,local_continuous_random_topologies_v2,continuous,Ackley,30,1000,24,rt_er_d4_s1,worst,BEZ,20,2,3,1;2;3,True,8.4682458803194,1.096834037353187,7.163956926224481,9.847501147696796,14.420330512314619,0.7238689383441458,13.42110182096303,15.112651569430527,14.51998442897859,1.007275688717854,13.101167268327831,15.33950598812677,19.130641794091368,0.40239446659442657,18.6508005151682,19.63550812685585,3.1198906198723084,0.5683180617839656,2.563858263171497,3.9004992203215068,8.4682458803194,1.096834037353187,7.163956926224481,9.847501147696796,11.838054327723743,1.0428280598834538,10.640231946136659,13.182050547455068,246.0,0.0,246.0,246.0,11.838054327723743,1.0428280598834538,10.640231946136659,13.182050547455068,14087.433684207183,804.2869376076818,12975.651469399727,14851.342692614371,14.374932330823656,0.8207009567425326,13.240460683060945,15.154431318994256,17.1066862203858,0.581706667103502,16.28485927516979,17.54960475379189,14.85914664705661,0.705913505834418,13.903230402254541,15.586381555925602,11.703898994451322,1.2806421170279507,9.991664504217525,13.07114844917656,8.4682458803194,1.096834037353187,7.163956926224481,9.847501147696796,229.33333333333334,56.31656555184767,168.0,304.0,542.6666666666666,58.08805576211191,492.0,624.0,785.3333333333334,40.83571421630281,728.0,820.0,908.0,32.16623488483952,864.0,940.0,993.3333333333334,1.8856180831641267,992.0,996.0,2,rt_er_d4_s1,best_final_mean
continous_random_topologies,local_continuous_random_topologies_v2,continuous,Ackley,30,1000,24,rt_er_d8_s1,worst,BEZ,20,2,3,1;2;3,True,8.94549020750412,1.019812002472502,7.6722974371682895,10.168823252302138,14.506918340987518,0.4860189310652823,13.835746656373436,14.970832003193365,14.780668755962612,0.396876754794393,14.30916818745504,15.28010853217042,18.42117950444654,0.7470775229296064,17.365249989478954,18.97991571729395,2.7309245396006396,0.22431633181817895,2.532351860054854,3.0444616513302516,8.94549020750412,1.019812002472502,7.6722974371682895,10.168823252302138,11.423492699011144,0.980820172386235,10.32729912974874,12.707647945906356,246.0,0.0,246.0,246.0,11.423492699011144,0.980820172386235,10.32729912974874,12.707647945906356,13807.118581423649,662.79987089581,13145.085128339855,14712.799804465647,14.088896511656785,0.6763263988732761,13.413352171775362,15.013061024964946,16.51116445290511,0.4100115263510687,16.07904619263494,17.062066134796854,14.160672162983287,0.5419055506234262,13.598839089369447,14.89297560338837,11.681550608584182,1.193151363087675,10.617227214544274,13.347655446829256,8.94549020750412,1.019812002472502,7.6722974371682895,10.168823252302138,141.33333333333334,13.59738536958076,128.0,160.0,448.0,17.281975195754296,424.0,464.0,748.0,25.92296279363144,724.0,784.0,909.3333333333334,30.8688984074406,880.0,952.0,990.6666666666666,7.542472332656507,980.0,996.0,3,rt_er_d8_s1,best_final_mean
continous_random_topologies,local_continuous_random_topologies_v2,continuous,Ackley,30,1000,24,rt_er_d4_s1,maxDistance,BEZ,20,2,3,1;2;3,True,8.112399123084565,0.4414033821507425,7.668054368952182,8.714273650878726,14.418927418219017,0.32988715861384116,14.184645144703449,14.885456832348485,14.320373995409563,0.3467882156346253,13.888826066034728,14.737934699611227,18.97460575328676,0.21360524189091668,18.792554991846316,19.274398802095533,2.9352846960925842,0.24064033953569025,2.5996177503674525,3.1516716001258662,8.112399123084565,0.4414033821507425,7.668054368952182,8.714273650878726,12.242776293742052,0.41799253286200366,11.655663590216017,12.595919903466418,246.0,0.0,246.0,246.0,12.242776293742052,0.41799253286200366,11.655663590216017,12.595919903466418,14500.976541261782,329.718980668934,14171.733115842004,14951.554517119428,14.796914838022225,0.33644793945809565,14.460952159022453,15.256688282774926,17.710358678232033,0.32153972185387714,17.311521841633187,18.098929343210347,15.441482284657704,0.17514532582375783,15.233687369450701,15.662126402373824,12.387491825546256,0.7062202110064191,11.412431802843908,13.062275525103296,8.112399123084565,0.4414033821507425,7.668054368952182,8.714273650878726,290.6666666666667,50.63156678946007,228.0,352.0,602.6666666666666,42.499673201357936,552.0,656.0,816.0,63.58196809368727,728.0,876.0,918.6666666666666,38.134265722866914,868.0,960.0,993.3333333333334,6.79869268479038,984.0,1000.0,1,rt_er_d4_s1,best_final_mean
continous_random_topologies,local_continuous_random_topologies_v2,continuous,Ackley,30,1000,24,rt_ws_k4_p010_s1,maxDistance,BEZ,20,2,3,1;2;3,True,8.209557670637984,1.538142493623259,6.0441444709607595,9.47132502003411,15.030006029669824,0.956620573165906,13.677442383786095,15.731048090528304,15.871652576974842,1.1409273335756587,14.273008490903063,16.860251098477782,19.057269541626066,0.22921714911593163,18.79634952251624,19.354316795272624,2.982787679953485,0.21869482371183577,2.7214353737937573,3.2566852278257135,8.209557670637984,1.538142493623259,6.0441444709607595,9.47132502003411,12.05438789873598,1.6659973637935686,10.743376295823113,14.405257158870686,246.0,0.0,246.0,246.0,12.05438789873598,1.6659973637935686,10.743376295823113,14.405257158870686,14161.569047332876,1208.4961948318942,12475.248875327505,15245.431828585493,14.450580660543752,1.2331593824815248,12.729845791150515,15.556563090393361,17.40550975469238,0.534661087195487,16.661427161716063,17.8939535355347,14.813060765269633,1.4359925344776066,12.82041318984509,16.148690563434336,12.224343324604531,1.3923783145514508,10.268047237994445,13.39679852780147,8.209557670637984,1.538142493623259,6.0441444709607595,9.47132502003411,278.6666666666667,41.09609335312651,232.0,332.0,554.6666666666666,86.79989759338558,444.0,656.0,805.3333333333334,30.34615113797611,780.0,848.0,929.3333333333334,22.23110933404409,908.0,960.0,998.6666666666666,1.8856180831641267,996.0,1000.0,2,rt_ws_k4_p010_s1,best_final_mean
continous_random_topologies,local_continuous_random_topologies_v2,continuous,Ackley,30,1000,24,rt_er_d8_s1,maxDistance,BEZ,20,2,3,1;2;3,True,9.376799356020213,1.1239109650581662,8.453312391726335,10.95887433203467,14.973732929619802,0.3827809293360537,14.585609212221803,15.49460030355673,15.80562893678749,0.573678410238957,15.055548655235825,16.448428402297264,18.856769376600315,0.4214199688555181,18.319424827119704,19.348685490187044,2.7424108641241967,0.1899075832114185,2.587358617447247,3.0098486401913167,9.376799356020213,1.1239109650581662,8.453312391726335,10.95887433203467,10.948266329029552,1.0086149719208604,9.562876235730988,11.935031026300965,246.0,0.0,246.0,246.0,10.948266329029552,1.0086149719208604,9.562876235730988,11.935031026300965,14745.886709372835,652.0460870330704,13977.117636978986,15571.283415946875,15.046823172829423,0.6653531500337452,14.262364935692844,15.889064710149873,17.43881828808696,0.6381873039801687,16.624460809246088,18.182955444725557,15.224301130869149,0.9368761886738298,14.055541582449134,16.349149523815512,13.01062002375725,0.6100689792899446,12.24315916091305,13.735714054937203,9.376799356020213,1.1239109650581662,8.453312391726335,10.95887433203467,236.0,28.472208672083497,196.0,260.0,576.0,80.86202240030029,464.0,652.0,810.6666666666666,34.30581421404962,768.0,852.0,917.3333333333334,34.92213560989012,880.0,964.0,997.3333333333334,3.7712361663282534,992.0,1000.0,3,rt_er_d8_s1,best_final_mean
continous_random_topologies,local_continuous_random_topologies_v2,continuous,Ackley,30,1000,36,rt_er_d8_s1,random,BEZ,20,2,3,1;2;3,True,7.016116557267895,0.6953050116456815,6.099469280742351,7.782647782488109,14.910400896521342,0.3863389285502488,14.501442557811474,15.428649821381455,15.550192123776908,0.6223526952123614,14.682135156150425,16.11008617704213,18.89384184755,0.42055324669792954,18.487732256048965,19.47319944654599,2.8474097847144972,0.30965066035632227,2.589322585086371,3.282833124768909,7.016116557267895,0.6953050116456815,6.099469280742351,7.782647782488109,13.283695480010927,0.7635431054569763,12.329515207023036,14.198566515833395,246.0,0.0,246.0,246.0,13.283695480010927,0.7635431054569763,12.329515207023036,14.198566515833395,13287.564330700072,978.535200926056,11944.96128224327,14249.312923915184,13.558739112959257,0.9985053070674037,12.188736002289051,14.540115228484881,17.016400043722296,0.7412220754429372,15.985699076820813,17.697149696781487,14.36095540993702,1.1928943506517686,12.790338848245177,15.679525455613149,10.333346282396075,1.2242541143144425,8.804915410505766,11.801920651707757,7.016116557267895,0.6953050116456815,6.099469280742351,7.782647782488109,272.0,71.62867209900423,176.0,348.0,533.3333333333334,43.8583578757294,472.0,572.0,740.0,44.181444068749045,684.0,792.0,884.0,42.45782220824175,824.0,916.0,993.3333333333334,1.8856180831641267,992.0,996.0,1,rt_er_d8_s1,best_final_mean
continous_random_topologies,local_continuous_random_topologies_v2,continuous,Ackley,30,1000,36,rt_er_d4_s1,random,BEZ,20,2,3,1;2;3,True,7.610336954269771,1.4161343403117164,6.016277061801649,9.457311898650659,14.625555801578795,0.32201267550096585,14.250893861590356,15.037073229277333,14.925957022973394,0.23780652970443641,14.590502141227454,15.114431393491808,19.021307532117792,0.237274902388169,18.686015060510567,19.200498802248365,2.799474325859359,0.3641611709835442,2.4138094838747,3.2878858562638222,7.610336954269771,1.4161343403117164,6.016277061801649,9.457311898650659,12.848383607506408,1.40276456286721,11.014872260461743,14.421111638257226,246.0,0.0,246.0,246.0,12.848383607506408,1.40276456286721,11.014872260461743,14.421111638257226,13860.11847715055,737.8978032256039,13082.356184141527,14851.539343248523,14.142978037908724,0.7529569420669422,13.349343045042374,15.154631982906656,17.236678398901873,0.2310373975733148,16.918463991619326,17.45998927739543,14.59774504925808,0.6874207187680291,13.709798699620363,15.384478091930688,11.044940392866895,1.6320121130624903,9.132309049853301,13.119994780547202,7.610336954269771,1.4161343403117164,6.016277061801649,9.457311898650659,258.6666666666667,52.085399958998956,216.0,332.0,556.0,25.92296279363144,532.0,592.0,782.6666666666666,49.99555535800713,736.0,852.0,918.6666666666666,34.92213560989012,892.0,968.0,992.0,8.640987597877148,980.0,1000.0,2,rt_er_d4_s1,best_final_mean
continous_random_topologies,local_continuous_random_topologies_v2,continuous,Ackley,30,1000,36,rt_ws_k4_p010_s1,random,BEZ,20,2,3,1;2;3,True,9.15395777626781,1.3466721645438529,7.324363272114377,10.526714459860578,15.072496925157193,0.24371585320891592,14.805344697169726,15.394668879425902,15.449705997783052,0.3575988562126109,15.06072707351853,15.924082866393995,19.026833349623395,0.2455908103161459,18.715312900470252,19.31559179406467,2.739313888878034,0.19891470641604758,2.4638558432730546,2.9264669895827713,9.15395777626781,1.3466721645438529,7.324363272114377,10.526714459860578,11.236061354676046,1.3744705161133723,9.851560849353302,13.109887911504119,246.0,0.0,246.0,246.0,11.236061354676046,1.3744705161133723,9.851560849353302,13.109887911504119,14668.29194416031,616.7513027536613,13949.545881389007,15455.597595371291,14.967644840979908,0.6293380640343486,14.234230491213273,15.771017954460502,17.618683893485073,0.30973154482466686,17.24209366662262,18.000719285544612,15.59616177637271,0.5350966606782789,15.215221701198956,16.35289690095377,12.533110952952404,0.9795317497612848,11.382975828041419,13.776845524479004,9.15395777626781,1.3466721645438529,7.324363272114377,10.526714459860578,252.0,5.656854249492381,244.0,256.0,568.0,37.66519171153476,524.0,616.0,800.0,28.472208672083497,776.0,840.0,918.6666666666666,31.721006008987516,876.0,952.0,988.0,0.0,988.0,988.0,3,rt_ws_k4_p010_s1,best_final_mean
continous_random_topologies,local_continuous_random_topologies_v2,continuous,Ackley,30,1000,36,rt_er_d4_s1,best,BEZ,20,2,3,1;2;3,True,8.202281930531118,1.2374715795992761,6.56083631137987,9.5485959072707,14.633853757097967,0.3722668791063339,14.10750383322519,14.906555636095794,15.299629037192693,0.6833017560928626,14.361145789258593,15.968342037125526,18.872644289204743,0.18884309429999344,18.630233170857544,19.090907607848873,3.008689044377652,0.1894747845987456,2.7407312404434214,3.1427177576876812,8.202281930531118,1.2374715795992761,6.56083631137987,9.5485959072707,11.999676378060112,1.196546144006606,10.771034153505662,13.621674385545834,246.0,0.0,246.0,246.0,11.999676378060112,1.196546144006606,10.771034153505662,13.621674385545834,13881.945697764995,700.3317772011206,12902.262270749374,14497.73257537098,14.165250712005097,0.714624262450123,13.165573745662627,14.793604668745898,17.181487825829148,0.4575137220814242,16.535989877229145,17.542675161229607,14.693935359483548,0.5655751696053345,13.90117592342197,15.182305653730879,11.179737576872277,1.3205297261958824,9.375553128746056,12.49942648974538,8.202281930531118,1.2374715795992761,6.56083631137987,9.5485959072707,229.33333333333334,24.513035081133648,200.0,260.0,538.6666666666666,18.571184369578827,520.0,564.0,764.0,18.184242262647807,744.0,788.0,922.6666666666666,27.39018477889885,884.0,944.0,986.6666666666666,6.79869268479038,980.0,996.0,1,rt_er_d4_s1,best_final_mean
continous_random_topologies,local_continuous_random_topologies_v2,continuous,Ackley,30,1000,36,rt_er_d8_s1,best,BEZ,20,2,3,1;2;3,True,8.695658635194459,0.4977790069445483,8.036806799629167,9.239820678748329,14.968723508602158,0.2966589255277936,14.629310066720828,15.35199207947314,15.589736579868019,0.9668289808174059,14.551447472808285,16.879338280060477,19.06825260336085,0.054314112297977404,19.016111034191994,19.143169849081506,2.80920839111957,0.16530953956649952,2.578834910723934,2.9588466981225903,8.695658635194459,0.4977790069445483,8.036806799629167,9.239820678748329,11.459050852325872,0.6216252758392913,10.909934438948282,12.32815119273011,246.0,0.0,246.0,246.0,11.459050852325872,0.6216252758392913,10.909934438948282,12.32815119273011,14315.088952680871,612.8067970405816,13717.373935844595,15157.408350043406,14.607233625184563,0.6253130582046752,13.997320342698567,15.466743214330007,17.31229074834659,0.5933760204824191,16.650801107485606,18.090211422106098,15.059755663298194,0.742532571480563,14.242779842313137,16.039597063767506,12.062700389781774,0.9270256648419661,11.111898224807087,13.319795982434771,8.695658635194459,0.4977790069445483,8.036806799629167,9.239820678748329,265.3333333333333,46.68571040003093,216.0,328.0,588.0,67.4882705858334,512.0,676.0,784.0,48.33218389437829,744.0,852.0,901.3333333333334,40.5736641458745,844.0,932.0,993.3333333333334,3.7712361663282534,988.0,996.0,2,rt_er_d8_s1,best_final_mean
continous_random_topologies,local_continuous_random_topologies_v2,continuous,Ackley,30,1000,36,rt_ws_k4_p010_s1,best,BEZ,20,2,3,1;2;3,True,9.51260091073476,1.084390176592225,8.014054487698925,10.544047909375884,14.973596203323487,0.3459627048119633,14.48621761435461,15.254459049457505,15.337451124402838,0.9854629260002408,13.94710888883005,16.115791459861878,19.179121529896452,0.25950661684233506,18.81393514079993,19.393253624099174,2.5761714604255608,0.1571382160271338,2.353980537236053,2.690734434591442,9.51260091073476,1.084390176592225,8.014054487698925,10.544047909375884,10.601836285820125,1.0649399030401758,9.568884677050978,12.067471574215027,246.0,0.0,246.0,246.0,10.601836285820125,1.0649399030401758,9.568884677050978,12.067471574215027,14305.894182192778,738.0022955082261,13262.523068012633,14850.021237316152,14.597851206319161,0.7530635668451289,13.533186804094523,15.153082895220564,17.534488304674305,0.3612137875681508,17.024440474808483,17.81403789861654,14.844732278155988,0.6248347456707716,13.995608365438791,15.481117568297872,11.969351064354658,1.3817755265606408,10.019662646181473,13.058176468091554,9.51260091073476,1.084390176592225,8.014054487698925,10.544047909375884,268.0,19.86621923433512,240.0,284.0,508.0,43.93935214209088,464.0,568.0,738.6666666666666,36.417334089993766,688.0,772.0,866.6666666666666,41.354833118055524,812.0,912.0,996.0,3.265986323710904,992.0,1000.0,3,rt_ws_k4_p010_s1,best_final_mean
continous_random_topologies,local_continuous_random_topologies_v2,continuous,Ackley,30,1000,36,rt_ws_k4_p010_s1,worst,BEZ,20,2,3,1;2;3,True,7.055992313732897,0.7030520834402225,6.230676982685132,7.948821095940817,14.333125934039163,0.22425554064423564,14.022894464955977,14.545278042565466,14.617459461076773,0.5243852944452149,14.081980550568318,15.329514860053596,18.94906165617616,0.19813050948434383,18.722573655779886,19.20517250851349,3.2459878514072824,0.20147988892516192,2.967703701902302,3.438136223546598,7.055992313732897,0.7030520834402225,6.230676982685132,7.948821095940817,13.359112256624035,0.6637574012230325,12.51025804707528,14.130592282025873,246.0,0.0,246.0,246.0,13.359112256624035,0.6637574012230325,12.51025804707528,14.130592282025873,13407.398934562289,731.3227829220245,12374.4577870811,13968.857935830505,13.681019320981926,0.7462477376755352,12.62699774191949,14.2539366692148,17.215288718339654,0.17626162097323875,16.979611307849574,17.403443546776238,14.033693276475676,1.0469251931259138,12.553531117678999,14.804081578649606,10.74698172287247,1.1953904261959485,9.063435087780112,11.721760499567129,7.055992313732897,0.7030520834402225,6.230676982685132,7.948821095940817,257.3333333333333,18.571184369578827,232.0,276.0,524.0,46.07240678178932,464.0,576.0,765.3333333333334,71.13055289786207,668.0,836.0,901.3333333333334,33.51948023993743,856.0,936.0,990.6666666666666,8.219218670625303,980.0,1000.0,1,rt_ws_k4_p010_s1,best_final_mean
continous_random_topologies,local_continuous_random_topologies_v2,continuous,Ackley,30,1000,36,rt_er_d4_s1,worst,BEZ,20,2,3,1;2;3,True,7.806630122551348,1.2881696702095629,6.867381149977694,9.628079366161113,14.540631763039416,0.2961860286559086,14.212965691037478,14.930441466642494,14.691975299135951,0.5077264159083158,14.220822824279425,15.396796333225918,19.044098680942813,0.14540398423166329,18.84533118065631,19.18911233978698,3.146562117857513,0.3242391924732239,2.68856830186369,3.394996857191659,7.806630122551348,1.2881696702095629,6.867381149977694,9.628079366161113,12.594793521072951,1.3150361611809311,10.738914246614986,13.626484046482481,246.0,0.0,246.0,246.0,12.594793521072951,1.3150361611809311,10.738914246614986,13.626484046482481,13885.687227145027,680.8908081833068,13288.522280641022,14838.45924403322,14.169068599127579,0.6947865389625578,13.559716612899003,15.14128494289104,17.26699357131377,0.27793553937656307,16.89737608689772,17.567601417504832,14.127210130704587,0.7914883371593889,13.11653837512542,15.049184501248856,11.735539702170257,0.7779830328729029,10.996494475062926,12.810927397290213,7.806630122551348,1.2881696702095629,6.867381149977694,9.628079366161113,237.33333333333334,14.727148022916348,220.0,256.0,521.3333333333334,38.134265722866914,480.0,572.0,812.0,35.92584956081995,768.0,856.0,942.6666666666666,21.746008573733455,912.0,960.0,988.0,6.531972647421808,980.0,996.0,2,rt_er_d4_s1,best_final_mean
continous_random_topologies,local_continuous_random_topologies_v2,continuous,Ackley,30,1000,36,rt_er_d8_s1,worst,BEZ,20,2,3,1;2;3,True,8.373382712802474,0.6477101441020089,7.707194661914832,9.250937716462238,15.136406575034652,0.3632110606639001,14.678876188971982,15.567366899696056,15.627778763836272,0.6432267921012537,14.768174517845754,16.315304506862,19.150771968070003,0.1782149625583332,18.97114445821553,19.393691332290672,2.880635129481209,0.18094787136398519,2.665689337876622,3.1083657827478097,8.373382712802474,0.6477101441020089,7.707194661914832,9.250937716462238,11.868445401610577,0.6805720019074087,10.967336123126275,12.61186336365453,246.0,0.0,246.0,246.0,11.868445401610577,0.6805720019074087,10.967336123126275,12.61186336365453,13858.297330886282,359.97181810650187,13538.099126670924,14361.141815543888,14.141119725394164,0.36731818174132846,13.814386863949922,14.654226342391722,17.034909747691582,0.4233979801255805,16.578132565417288,17.59858139637384,14.352097100988159,0.4060021571560703,13.78537051790374,14.715287470907121,11.513602817873341,0.6236002468488575,10.782008840424654,12.305889655158634,8.373382712802474,0.6477101441020089,7.707194661914832,9.250937716462238,224.0,26.733250207684563,196.0,260.0,506.6666666666667,20.997354330698162,488.0,536.0,766.6666666666666,32.71425105702746,736.0,812.0,888.0,18.184242262647807,864.0,908.0,984.0,14.236104336041748,964.0,996.0,3,rt_er_d8_s1,best_final_mean
continous_random_topologies,local_continuous_random_topologies_v2,continuous,Ackley,30,1000,36,rt_er_d4_s1,maxDistance,BEZ,20,2,3,1;2;3,True,8.16319855396353,0.6657408531985788,7.2268356767577036,8.716437308944734,14.656625563063885,0.21848021566825507,14.362226605226105,14.88504909738321,14.902729493422227,0.0760579801233087,14.832679414104286,15.008443742309474,18.953057620784893,0.13293478779131127,18.832658880277425,19.1382993605413,2.947156706495099,0.25698053626402684,2.6918249666643934,3.2987930454551204,8.16319855396353,0.6657408531985788,7.2268356767577036,8.716437308944734,12.134506088034618,0.6644327147253101,11.663096949563297,13.074154061756863,246.0,0.0,246.0,246.0,12.134506088034618,0.6644327147253101,11.663096949563297,13.074154061756863,14190.364805083756,440.1832891858839,13577.63250648055,14591.922024366102,14.479964086820159,0.44916662161824866,13.854727047429133,14.889716351393982,17.474913544222392,0.21399081351106378,17.187776724824396,17.701261405539483,14.715381982093149,0.32784051711541756,14.260339766838957,15.01985465725577,12.101568426457765,0.6735816691724243,11.158350694085211,12.688605320311273,8.16319855396353,0.6657408531985788,7.2268356767577036,8.716437308944734,285.3333333333333,30.34615113797611,260.0,328.0,552.0,17.281975195754296,528.0,568.0,802.6666666666666,27.19477073916152,776.0,840.0,920.0,8.640987597877148,908.0,928.0,984.0,8.640987597877148,976.0,996.0,1,rt_er_d4_s1,best_final_mean
continous_random_topologies,local_continuous_random_topologies_v2,continuous,Ackley,30,1000,36,rt_er_d8_s1,maxDistance,BEZ,20,2,3,1;2;3,True,8.843576078468326,0.20939511211475184,8.577136317790623,9.0887194144089,14.842626330194518,0.3130044491271911,14.596085946938496,15.284284739770532,15.339106827557556,0.5131294510452395,14.619466951081574,15.779806840190963,19.330586456999956,0.21962046431821228,19.02627959725193,19.536570397309426,2.824091698550935,0.11309993297763474,2.6642891043842836,2.909887097136999,8.843576078468326,0.20939511211475184,8.577136317790623,9.0887194144089,11.327815082921514,0.3618728703850408,10.966528654115418,11.822356447608163,246.0,0.0,246.0,246.0,11.327815082921514,0.3618728703850408,10.966528654115418,11.822356447608163,14323.213266887802,316.0226698749444,13935.452838837853,14709.543161715896,14.615523741722248,0.32247211211728977,14.21984983554883,15.00973792011826,17.566253850039544,0.11193269779456927,17.408201879492033,17.65290047884858,15.191874287137288,0.35722936667535354,14.689478091380993,15.489091701504417,11.819449705558737,0.7533159214913205,10.977435746853452,12.805688218327171,8.843576078468326,0.20939511211475184,8.577136317790623,9.0887194144089,273.3333333333333,3.7712361663282534,268.0,276.0,556.0,32.16623488483952,524.0,600.0,762.6666666666666,59.53896949804295,684.0,828.0,900.0,53.466500415369126,828.0,956.0,990.6666666666666,1.8856180831641267,988.0,992.0,2,rt_er_d8_s1,best_final_mean
continous_random_topologies,local_continuous_random_topologies_v2,continuous,Ackley,30,1000,36,rt_ws_k4_p010_s1,maxDistance,BEZ,20,2,3,1;2;3,True,8.914978526170081,0.6632887352113325,8.092178587935072,9.716478630660188,15.134891280641515,0.4036516966463854,14.56942395068682,15.485352800846156,15.683407649842344,0.7750552993171039,14.761905528539105,16.658154290070783,19.087939203895573,0.1420520862535744,18.89614307141069,19.235595124482746,2.596590027314504,0.3125009104870654,2.1546507495739973,2.819135951538654,8.914978526170081,0.6632887352113325,8.092178587935072,9.716478630660188,11.450073466547583,0.6084963649090492,10.821480369611862,12.273344256038365,246.0,0.0,246.0,246.0,11.450073466547583,0.6084963649090492,10.821480369611862,12.273344256038365,14435.94491822894,430.9470825566242,13945.68772041685,14994.61616485803,14.730556039009123,0.43974192097614706,14.230293592262091,15.30062873965105,17.556640383262927,0.26745489561565083,17.192657650898074,17.827713788534776,15.169823900958944,0.43151222191520644,14.646693183227512,15.703519533071951,12.203787246323538,0.8946516433558092,11.121310566210282,13.312287009532765,8.914978526170081,0.6632887352113325,8.092178587935072,9.716478630660188,257.3333333333333,19.136933459209764,240.0,284.0,556.0,17.281975195754296,532.0,572.0,766.6666666666666,23.626726862225798,748.0,800.0,908.0,8.640987597877148,900.0,920.0,989.3333333333334,6.79869268479038,980.0,996.0,3,rt_ws_k4_p010_s1,best_final_mean
