result_dir,summary_csv,benchmark_name,experiment_key,experiment_name,problem_kind,job_index,repeat,run_dir,problem,number_of_variables,number_of_eval,population_size,offspring_population_size,number_of_islands,topology,migrant_selection_strategy,migrant_acceptation_strategy,migration_interval,number_of_emigrants,island_result_count,best_final,mean_final,median_final,worst_final,std_final,mean_minus_median,outlier_count_robust,outlier_values_robust,winner_island,winner_reached_count,reported_average_result,reported_best_result,curve_file_count,first_step,last_step,global_best_start,global_best_end,global_best_improvement,first_step_global_best_le_1,first_step_global_best_le_0.1,first_step_global_best_le_0.01,convergence_start_best,convergence_end_best,convergence_improvement,convergence_eval_min,convergence_eval_max,auc_global_best_so_far,mean_global_best_so_far,best_at_25pct_budget,best_at_50pct_budget,best_at_75pct_budget,best_at_100pct_budget,eval_to_final_best,eval_to_25pct_improvement,eval_to_50pct_improvement,eval_to_75pct_improvement,eval_to_90pct_improvement,topology_edge_count_directed,topology_self_loops,topology_density_directed_no_self,topology_min_out_degree,topology_max_out_degree,topology_avg_out_degree,topology_min_in_degree,topology_max_in_degree,topology_avg_in_degree,topology_weak_component_count,topology_weak_component_sizes
/home/maja/Studia/Magisterskie/Islands/islandsEA_student_fork/more_local_matrix_computation/results/continous_fixed_toplogies/more_local_40bench_continuous_fixed_v1/j0001_more_continuous_c01_elliptic_ring_12_random_r1,/home/maja/Studia/Magisterskie/Islands/islandsEA_student_fork/more_local_matrix_computation/results/continous_fixed_toplogies/more_local_40bench_continuous_fixed_v1/j0001_more_continuous_c01_elliptic_ring_12_random_r1/summary.csv,more_continuous_c01_elliptic_ring_12_random_r1,continous_fixed_toplogies,more_local_40bench_continuous_fixed_v1,continuous,1,1,/home/maja/Studia/Magisterskie/Islands/islandsEA_student_fork/islands_desync/logs/more_local_40bench_continuous_fixed_v1/c01_30/j0001 12rr-co20ilu2,c01_elliptic,30,1000,16,4,12,ring,random,plain,20,2,12,50296263.51294618,113594238.08836484,102673586.76418428,233243628.13660508,64342815.174068525,10920651.324180558,0,,1,1,113594238.08836484,50296263.51294618,12,1,246,777432818.6843565,50296263.51294618,727136555.1714103,,,,777432818.6843565,50296263.51294618,727136555.1714103,20.0,1000.0,172032539927.1126,175543408.0888904,267491728.97007945,106830595.93886566,62351420.60433584,50296263.51294618,984.0,60.0,112.0,272.0,428.0,24,12,0.09090909090909091,2,2,2.0,2,2,2.0,1,12
/home/maja/Studia/Magisterskie/Islands/islandsEA_student_fork/more_local_matrix_computation/results/continous_fixed_toplogies/more_local_40bench_continuous_fixed_v1/j0002_more_continuous_c01_elliptic_ring_12_best_r1,/home/maja/Studia/Magisterskie/Islands/islandsEA_student_fork/more_local_matrix_computation/results/continous_fixed_toplogies/more_local_40bench_continuous_fixed_v1/j0002_more_continuous_c01_elliptic_ring_12_best_r1/summary.csv,more_continuous_c01_elliptic_ring_12_best_r1,continous_fixed_toplogies,more_local_40bench_continuous_fixed_v1,continuous,2,1,/home/maja/Studia/Magisterskie/Islands/islandsEA_student_fork/islands_desync/logs/more_local_40bench_continuous_fixed_v1/c01_30/j0002 12br-co20ilu2,c01_elliptic,30,1000,16,4,12,ring,best,plain,20,2,12,35750839.70883921,105949620.00841752,50674099.95981047,366760626.0435522,116009168.93376006,55275520.048607044,2,356855880.187;366760626.044,1,1,105949620.00841752,35750839.70883921,12,1,246,2220547224.8387594,35750839.70883921,2184796385.12992,,,,2220547224.8387594,35750839.70883921,2184796385.12992,20.0,1000.0,151078751570.09454,154161991.39805564,180139316.98156264,65555519.46731117,43420786.44170621,35750839.70883921,992.0,28.0,32.0,52.0,172.0,24,12,0.09090909090909091,2,2,2.0,2,2,2.0,1,12
/home/maja/Studia/Magisterskie/Islands/islandsEA_student_fork/more_local_matrix_computation/results/continous_fixed_toplogies/more_local_40bench_continuous_fixed_v1/j0003_more_continuous_c01_elliptic_ring_12_worst_r1,/home/maja/Studia/Magisterskie/Islands/islandsEA_student_fork/more_local_matrix_computation/results/continous_fixed_toplogies/more_local_40bench_continuous_fixed_v1/j0003_more_continuous_c01_elliptic_ring_12_worst_r1/summary.csv,more_continuous_c01_elliptic_ring_12_worst_r1,continous_fixed_toplogies,more_local_40bench_continuous_fixed_v1,continuous,3,1,/home/maja/Studia/Magisterskie/Islands/islandsEA_student_fork/islands_desync/logs/more_local_40bench_continuous_fixed_v1/c01_30/j0003 12wr-co20ilu2,c01_elliptic,30,1000,16,4,12,ring,worst,plain,20,2,12,65210521.75304531,139581178.75909594,72766196.46574183,485062856.3092744,139400899.21716556,66814982.29335411,2,410989605.524;485062856.309,4,1,139581178.75909594,65210521.75304531,12,1,246,1037906888.633216,65210521.75304531,972696366.8801707,,,,1037906888.633216,65210521.75304531,972696366.8801707,20.0,1000.0,175285667039.4457,178862925.5504548,192205251.6239358,102204913.49217659,75803238.28140628,65210521.75304531,968.0,44.0,68.0,176.0,324.0,24,12,0.09090909090909091,2,2,2.0,2,2,2.0,1,12
/home/maja/Studia/Magisterskie/Islands/islandsEA_student_fork/more_local_matrix_computation/results/continous_fixed_toplogies/more_local_40bench_continuous_fixed_v1/j0004_more_continuous_c01_elliptic_ring_12_maxDistance_r1,/home/maja/Studia/Magisterskie/Islands/islandsEA_student_fork/more_local_matrix_computation/results/continous_fixed_toplogies/more_local_40bench_continuous_fixed_v1/j0004_more_continuous_c01_elliptic_ring_12_maxDistance_r1/summary.csv,more_continuous_c01_elliptic_ring_12_maxDistance_r1,continous_fixed_toplogies,more_local_40bench_continuous_fixed_v1,continuous,4,1,/home/maja/Studia/Magisterskie/Islands/islandsEA_student_fork/islands_desync/logs/more_local_40bench_continuous_fixed_v1/c01_30/j0004 12mr-co20ilu2,c01_elliptic,30,1000,16,4,12,ring,maxDistance,plain,20,2,12,102210697.56718302,117264642.59718554,116003079.9864347,148035071.426581,11039758.745775957,1261562.610750839,1,148035071.427,4,1,117264642.59718554,102210697.56718302,12,1,246,832761923.9704945,102210697.56718302,730551226.4033115,,,,832761923.9704945,102210697.56718302,730551226.4033115,20.0,1000.0,247386252525.00723,252434951.55612984,309305954.54215,202574662.2679336,150294010.24819693,102210697.56718302,1000.0,88.0,92.0,272.0,632.0,24,12,0.09090909090909091,2,2,2.0,2,2,2.0,1,12
/home/maja/Studia/Magisterskie/Islands/islandsEA_student_fork/more_local_matrix_computation/results/continous_fixed_toplogies/more_local_40bench_continuous_fixed_v1/j0005_more_continuous_c01_elliptic_torus_12_random_r1,/home/maja/Studia/Magisterskie/Islands/islandsEA_student_fork/more_local_matrix_computation/results/continous_fixed_toplogies/more_local_40bench_continuous_fixed_v1/j0005_more_continuous_c01_elliptic_torus_12_random_r1/summary.csv,more_continuous_c01_elliptic_torus_12_random_r1,continous_fixed_toplogies,more_local_40bench_continuous_fixed_v1,continuous,5,1,/home/maja/Studia/Magisterskie/Islands/islandsEA_student_fork/islands_desync/logs/more_local_40bench_continuous_fixed_v1/c01_30/j0005 12rt-co20ilu2,c01_elliptic,30,1000,16,4,12,torus,random,plain,20,2,12,81092813.8912896,88706109.16498762,89320643.44271986,95081562.14073183,4412073.798444214,-614534.2777322382,0,,3,1,88706109.16498762,81092813.8912896,12,1,246,1618372432.0796425,81092813.8912896,1537279618.1883528,,,,1618372432.0796425,81092813.8912896,1537279618.1883528,20.0,1000.0,229651641951.9862,234338410.15508798,246158405.20528167,125532163.82865883,100249807.11507857,81092813.8912896,1000.0,36.0,68.0,144.0,268.0,48,24,0.18181818181818182,4,4,4.0,4,4,4.0,1,12
/home/maja/Studia/Magisterskie/Islands/islandsEA_student_fork/more_local_matrix_computation/results/continous_fixed_toplogies/more_local_40bench_continuous_fixed_v1/j0006_more_continuous_c01_elliptic_torus_12_best_r1,/home/maja/Studia/Magisterskie/Islands/islandsEA_student_fork/more_local_matrix_computation/results/continous_fixed_toplogies/more_local_40bench_continuous_fixed_v1/j0006_more_continuous_c01_elliptic_torus_12_best_r1/summary.csv,more_continuous_c01_elliptic_torus_12_best_r1,continous_fixed_toplogies,more_local_40bench_continuous_fixed_v1,continuous,6,1,/home/maja/Studia/Magisterskie/Islands/islandsEA_student_fork/islands_desync/logs/more_local_40bench_continuous_fixed_v1/c01_30/j0006 12bt-co20ilu2,c01_elliptic,30,1000,16,4,12,torus,best,plain,20,2,12,54523197.84603547,63509131.78818261,62723038.96412966,74646112.55644573,6156819.066007763,786092.8240529522,0,,11,1,63509131.78818261,54523197.84603547,12,1,246,2004458011.8743687,54523197.84603547,1949934814.0283332,,,,2004458011.8743687,54523197.84603547,1949934814.0283332,20.0,1000.0,191966341434.0823,195884021.87151256,225095321.35010698,128398481.29219534,75676909.12909977,54523197.84603547,992.0,24.0,48.0,80.0,220.0,48,24,0.18181818181818182,4,4,4.0,4,4,4.0,1,12
/home/maja/Studia/Magisterskie/Islands/islandsEA_student_fork/more_local_matrix_computation/results/continous_fixed_toplogies/more_local_40bench_continuous_fixed_v1/j0007_more_continuous_c01_elliptic_torus_12_worst_r1,/home/maja/Studia/Magisterskie/Islands/islandsEA_student_fork/more_local_matrix_computation/results/continous_fixed_toplogies/more_local_40bench_continuous_fixed_v1/j0007_more_continuous_c01_elliptic_torus_12_worst_r1/summary.csv,more_continuous_c01_elliptic_torus_12_worst_r1,continous_fixed_toplogies,more_local_40bench_continuous_fixed_v1,continuous,7,1,/home/maja/Studia/Magisterskie/Islands/islandsEA_student_fork/islands_desync/logs/more_local_40bench_continuous_fixed_v1/c01_30/j0007 12wt-co20ilu2,c01_elliptic,30,1000,16,4,12,torus,worst,plain,20,2,12,134113901.51663952,151690617.4404447,151039140.18277287,170804803.2544709,11693864.748896439,651477.257671833,0,,8,1,151690617.4404447,134113901.51663952,12,1,246,1558204467.4288294,134113901.51663952,1424090565.91219,,,,1558204467.4288294,134113901.51663952,1424090565.91219,20.0,1000.0,267279656737.5542,272734343.6097492,339734202.4926292,223202859.45219716,172709525.7727464,134113901.51663952,996.0,36.0,36.0,48.0,360.0,48,24,0.18181818181818182,4,4,4.0,4,4,4.0,1,12
/home/maja/Studia/Magisterskie/Islands/islandsEA_student_fork/more_local_matrix_computation/results/continous_fixed_toplogies/more_local_40bench_continuous_fixed_v1/j0008_more_continuous_c01_elliptic_torus_12_maxDistance_r1,/home/maja/Studia/Magisterskie/Islands/islandsEA_student_fork/more_local_matrix_computation/results/continous_fixed_toplogies/more_local_40bench_continuous_fixed_v1/j0008_more_continuous_c01_elliptic_torus_12_maxDistance_r1/summary.csv,more_continuous_c01_elliptic_torus_12_maxDistance_r1,continous_fixed_toplogies,more_local_40bench_continuous_fixed_v1,continuous,8,1,/home/maja/Studia/Magisterskie/Islands/islandsEA_student_fork/islands_desync/logs/more_local_40bench_continuous_fixed_v1/c01_30/j0008 12mt-co20ilu2,c01_elliptic,30,1000,16,4,12,torus,maxDistance,plain,20,2,12,49785767.9146789,52813224.493065454,53310655.45885485,55435987.54904339,1911970.1187824635,-497430.9657893926,0,,4,1,52813224.493065454,49785767.9146789,12,1,246,1689508410.0436175,49785767.9146789,1639722642.1289387,,,,1689508410.0436175,49785767.9146789,1639722642.1289387,20.0,1000.0,171150743672.3649,174643615.99220908,253707122.2480671,66145874.4980019,52746924.329027764,49785767.9146789,996.0,36.0,52.0,96.0,296.0,48,24,0.18181818181818182,4,4,4.0,4,4,4.0,1,12
/home/maja/Studia/Magisterskie/Islands/islandsEA_student_fork/more_local_matrix_computation/results/continous_fixed_toplogies/more_local_40bench_continuous_fixed_v1/j0009_more_continuous_c01_elliptic_complete_12_random_r1,/home/maja/Studia/Magisterskie/Islands/islandsEA_student_fork/more_local_matrix_computation/results/continous_fixed_toplogies/more_local_40bench_continuous_fixed_v1/j0009_more_continuous_c01_elliptic_complete_12_random_r1/summary.csv,more_continuous_c01_elliptic_complete_12_random_r1,continous_fixed_toplogies,more_local_40bench_continuous_fixed_v1,continuous,9,1,/home/maja/Studia/Magisterskie/Islands/islandsEA_student_fork/islands_desync/logs/more_local_40bench_continuous_fixed_v1/c01_30/j0009 12rc-co20ilu2,c01_elliptic,30,1000,16,4,12,complete,random,plain,20,2,12,63573069.37965299,70648288.87604767,70161738.3867712,77201123.46194248,4411836.338280336,486550.48927646875,0,,4,1,70648288.87604767,63573069.37965299,12,1,246,1797164978.7349515,63573069.37965299,1733591909.3552985,,,,1797164978.7349515,63573069.37965299,1733591909.3552985,20.0,1000.0,257485345951.40225,262740148.9300023,341336143.999219,133208933.2717781,78265207.97609988,63573069.37965299,996.0,48.0,60.0,192.0,368.0,132,0,1.0,11,11,11.0,11,11,11.0,1,12
/home/maja/Studia/Magisterskie/Islands/islandsEA_student_fork/more_local_matrix_computation/results/continous_fixed_toplogies/more_local_40bench_continuous_fixed_v1/j0010_more_continuous_c01_elliptic_complete_12_best_r1,/home/maja/Studia/Magisterskie/Islands/islandsEA_student_fork/more_local_matrix_computation/results/continous_fixed_toplogies/more_local_40bench_continuous_fixed_v1/j0010_more_continuous_c01_elliptic_complete_12_best_r1/summary.csv,more_continuous_c01_elliptic_complete_12_best_r1,continous_fixed_toplogies,more_local_40bench_continuous_fixed_v1,continuous,10,1,/home/maja/Studia/Magisterskie/Islands/islandsEA_student_fork/islands_desync/logs/more_local_40bench_continuous_fixed_v1/c01_30/j0010 12bc-co20ilu2,c01_elliptic,30,1000,16,4,12,complete,best,plain,20,2,12,25850858.69963021,32377415.267029032,33141653.831687458,36221548.02710768,2925678.6084209117,-764238.5646584257,0,,2,1,32377415.267029032,25850858.69963021,12,1,246,1623587713.1288576,25850858.69963021,1597736854.4292274,,,,1623587713.1288576,25850858.69963021,1597736854.4292274,20.0,1000.0,132003409582.11194,134697356.71644077,145048222.0101528,68597642.31692114,38728793.268481724,25850858.69963021,996.0,28.0,44.0,92.0,180.0,132,0,1.0,11,11,11.0,11,11,11.0,1,12
/home/maja/Studia/Magisterskie/Islands/islandsEA_student_fork/more_local_matrix_computation/results/continous_fixed_toplogies/more_local_40bench_continuous_fixed_v1/j0011_more_continuous_c01_elliptic_complete_12_worst_r1,/home/maja/Studia/Magisterskie/Islands/islandsEA_student_fork/more_local_matrix_computation/results/continous_fixed_toplogies/more_local_40bench_continuous_fixed_v1/j0011_more_continuous_c01_elliptic_complete_12_worst_r1/summary.csv,more_continuous_c01_elliptic_complete_12_worst_r1,continous_fixed_toplogies,more_local_40bench_continuous_fixed_v1,continuous,11,1,/home/maja/Studia/Magisterskie/Islands/islandsEA_student_fork/islands_desync/logs/more_local_40bench_continuous_fixed_v1/c01_30/j0011 12wc-co20ilu2,c01_elliptic,30,1000,16,4,12,complete,worst,plain,20,2,12,160807268.8643623,170557184.49613076,169116578.22666204,185070936.51058137,8116660.442813825,1440606.2694687247,0,,10,1,170557184.49613076,160807268.8643623,12,1,246,642732785.5320613,160807268.8643623,481925516.66769904,,,,642732785.5320613,160807268.8643623,481925516.66769904,20.0,1000.0,304207042661.9208,310415349.6550212,418466716.7230503,267039166.66654563,195667528.1964234,160807268.8643623,992.0,100.0,280.0,448.0,684.0,132,0,1.0,11,11,11.0,11,11,11.0,1,12
/home/maja/Studia/Magisterskie/Islands/islandsEA_student_fork/more_local_matrix_computation/results/continous_fixed_toplogies/more_local_40bench_continuous_fixed_v1/j0012_more_continuous_c01_elliptic_complete_12_maxDistance_r1,/home/maja/Studia/Magisterskie/Islands/islandsEA_student_fork/more_local_matrix_computation/results/continous_fixed_toplogies/more_local_40bench_continuous_fixed_v1/j0012_more_continuous_c01_elliptic_complete_12_maxDistance_r1/summary.csv,more_continuous_c01_elliptic_complete_12_maxDistance_r1,continous_fixed_toplogies,more_local_40bench_continuous_fixed_v1,continuous,12,1,/home/maja/Studia/Magisterskie/Islands/islandsEA_student_fork/islands_desync/logs/more_local_40bench_continuous_fixed_v1/c01_30/j0012 12mc-co20ilu2,c01_elliptic,30,1000,16,4,12,complete,maxDistance,plain,20,2,12,22764116.567366768,24167055.059791893,24336211.305652544,25488733.65592013,807037.443708991,-169156.24586065114,0,,2,1,24167055.059791893,22764116.567366768,12,1,246,2014553783.1405015,22764116.567366768,1991789666.5731347,,,,2014553783.1405015,22764116.567366768,1991789666.5731347,20.0,1000.0,126658604245.60117,129243473.72000119,124758297.44172345,38529412.78964973,27866169.803227965,22764116.567366768,1000.0,28.0,28.0,96.0,140.0,132,0,1.0,11,11,11.0,11,11,11.0,1,12
/home/maja/Studia/Magisterskie/Islands/islandsEA_student_fork/more_local_matrix_computation/results/continous_fixed_toplogies/more_local_40bench_continuous_fixed_v1/j0013_more_continuous_c02_bent_cigar_ring_12_random_r1,/home/maja/Studia/Magisterskie/Islands/islandsEA_student_fork/more_local_matrix_computation/results/continous_fixed_toplogies/more_local_40bench_continuous_fixed_v1/j0013_more_continuous_c02_bent_cigar_ring_12_random_r1/summary.csv,more_continuous_c02_bent_cigar_ring_12_random_r1,continous_fixed_toplogies,more_local_40bench_continuous_fixed_v1,continuous,13,1,/home/maja/Studia/Magisterskie/Islands/islandsEA_student_fork/islands_desync/logs/more_local_40bench_continuous_fixed_v1/c02_30/j0013 12rr-co20ilu2,c02_bent_cigar,30,1000,16,4,12,ring,random,plain,20,2,12,388275361.2058991,4046049182.7817645,1784460757.1721258,19707411381.235466,5471773235.928933,2261588425.6096387,1,19707411381.2,2,1,4046049182.7817645,388275361.2058991,12,1,246,92566660585.529,388275361.2058991,92178385224.3231,,,,92566660585.529,388275361.2058991,92178385224.3231,20.0,1000.0,8242827072992.905,8411048033.66623,7052192408.846074,3038299062.678319,1218247286.3162403,388275361.2058991,968.0,36.0,52.0,128.0,212.0,24,12,0.09090909090909091,2,2,2.0,2,2,2.0,1,12
/home/maja/Studia/Magisterskie/Islands/islandsEA_student_fork/more_local_matrix_computation/results/continous_fixed_toplogies/more_local_40bench_continuous_fixed_v1/j0014_more_continuous_c02_bent_cigar_ring_12_best_r1,/home/maja/Studia/Magisterskie/Islands/islandsEA_student_fork/more_local_matrix_computation/results/continous_fixed_toplogies/more_local_40bench_continuous_fixed_v1/j0014_more_continuous_c02_bent_cigar_ring_12_best_r1/summary.csv,more_continuous_c02_bent_cigar_ring_12_best_r1,continous_fixed_toplogies,more_local_40bench_continuous_fixed_v1,continuous,14,1,/home/maja/Studia/Magisterskie/Islands/islandsEA_student_fork/islands_desync/logs/more_local_40bench_continuous_fixed_v1/c02_30/j0014 12br-co20ilu2,c02_bent_cigar,30,1000,16,4,12,ring,best,plain,20,2,12,204932522.73235565,3724198828.226199,1472304332.130373,15278473032.901875,4327304152.612814,2251894496.095826,1,15278473032.9,0,1,3724198828.226199,204932522.73235565,12,1,246,79992004128.57507,204932522.73235565,79787071605.84271,,,,79992004128.57507,204932522.73235565,79787071605.84271,20.0,1000.0,8928045586781.09,9110250598.756214,10835658619.07112,2322795176.619907,931236006.9555213,204932522.73235565,1000.0,36.0,96.0,152.0,316.0,24,12,0.09090909090909091,2,2,2.0,2,2,2.0,1,12
/home/maja/Studia/Magisterskie/Islands/islandsEA_student_fork/more_local_matrix_computation/results/continous_fixed_toplogies/more_local_40bench_continuous_fixed_v1/j0015_more_continuous_c02_bent_cigar_ring_12_worst_r1,/home/maja/Studia/Magisterskie/Islands/islandsEA_student_fork/more_local_matrix_computation/results/continous_fixed_toplogies/more_local_40bench_continuous_fixed_v1/j0015_more_continuous_c02_bent_cigar_ring_12_worst_r1/summary.csv,more_continuous_c02_bent_cigar_ring_12_worst_r1,continous_fixed_toplogies,more_local_40bench_continuous_fixed_v1,continuous,15,1,/home/maja/Studia/Magisterskie/Islands/islandsEA_student_fork/islands_desync/logs/more_local_40bench_continuous_fixed_v1/c02_30/j0015 12wr-co20ilu2,c02_bent_cigar,30,1000,16,4,12,ring,worst,plain,20,2,12,2295257413.3061213,5932607353.552254,4402454840.679677,17858196393.091118,4172669159.0006614,1530152512.8725767,1,17858196393.1,0,1,5932607353.552254,2295257413.3061213,12,1,246,77255524362.7799,2295257413.3061213,74960266949.47379,,,,77255524362.7799,2295257413.3061213,74960266949.47379,20.0,1000.0,13770982870452.428,14052023337.196354,15091015492.658596,9966896179.470812,4506327736.757654,2295257413.3061213,992.0,52.0,84.0,180.0,516.0,24,12,0.09090909090909091,2,2,2.0,2,2,2.0,1,12
/home/maja/Studia/Magisterskie/Islands/islandsEA_student_fork/more_local_matrix_computation/results/continous_fixed_toplogies/more_local_40bench_continuous_fixed_v1/j0016_more_continuous_c02_bent_cigar_ring_12_maxDistance_r1,/home/maja/Studia/Magisterskie/Islands/islandsEA_student_fork/more_local_matrix_computation/results/continous_fixed_toplogies/more_local_40bench_continuous_fixed_v1/j0016_more_continuous_c02_bent_cigar_ring_12_maxDistance_r1/summary.csv,more_continuous_c02_bent_cigar_ring_12_maxDistance_r1,continous_fixed_toplogies,more_local_40bench_continuous_fixed_v1,continuous,16,1,/home/maja/Studia/Magisterskie/Islands/islandsEA_student_fork/islands_desync/logs/more_local_40bench_continuous_fixed_v1/c02_30/j0016 12mr-co20ilu2,c02_bent_cigar,30,1000,16,4,12,ring,maxDistance,plain,20,2,12,407923693.8269638,6339181737.721303,3400599849.7544727,26691041911.50789,7562803393.131988,2938581887.9668303,1,26691041911.5,2,1,6339181737.721303,407923693.8269638,12,1,246,91974961053.17767,407923693.8269638,91567037359.35071,,,,91974961053.17767,407923693.8269638,91567037359.35071,20.0,1000.0,9441477313981.941,9634160524.471369,12856069300.7594,4088538495.9926214,1444194981.1387303,407923693.8269638,1000.0,36.0,72.0,124.0,260.0,24,12,0.09090909090909091,2,2,2.0,2,2,2.0,1,12
/home/maja/Studia/Magisterskie/Islands/islandsEA_student_fork/more_local_matrix_computation/results/continous_fixed_toplogies/more_local_40bench_continuous_fixed_v1/j0017_more_continuous_c02_bent_cigar_torus_12_random_r1,/home/maja/Studia/Magisterskie/Islands/islandsEA_student_fork/more_local_matrix_computation/results/continous_fixed_toplogies/more_local_40bench_continuous_fixed_v1/j0017_more_continuous_c02_bent_cigar_torus_12_random_r1/summary.csv,more_continuous_c02_bent_cigar_torus_12_random_r1,continous_fixed_toplogies,more_local_40bench_continuous_fixed_v1,continuous,17,1,/home/maja/Studia/Magisterskie/Islands/islandsEA_student_fork/islands_desync/logs/more_local_40bench_continuous_fixed_v1/c02_30/j0017 12rt-co20ilu2,c02_bent_cigar,30,1000,16,4,12,torus,random,plain,20,2,12,86416337.94526266,203065104.00467712,159351849.10449195,546023175.8094565,120734699.6209236,43713254.90018517,1,546023175.809,8,1,203065104.00467712,86416337.94526266,12,1,246,80186556943.34639,86416337.94526266,80100140605.40112,,,,80186556943.34639,86416337.94526266,80100140605.40112,20.0,1000.0,8505279570978.401,8678856705.080002,11057427854.006975,2112119667.897291,546023175.8094565,86416337.94526266,988.0,40.0,88.0,152.0,304.0,48,24,0.18181818181818182,4,4,4.0,4,4,4.0,1,12
/home/maja/Studia/Magisterskie/Islands/islandsEA_student_fork/more_local_matrix_computation/results/continous_fixed_toplogies/more_local_40bench_continuous_fixed_v1/j0018_more_continuous_c02_bent_cigar_torus_12_best_r1,/home/maja/Studia/Magisterskie/Islands/islandsEA_student_fork/more_local_matrix_computation/results/continous_fixed_toplogies/more_local_40bench_continuous_fixed_v1/j0018_more_continuous_c02_bent_cigar_torus_12_best_r1/summary.csv,more_continuous_c02_bent_cigar_torus_12_best_r1,continous_fixed_toplogies,more_local_40bench_continuous_fixed_v1,continuous,18,1,/home/maja/Studia/Magisterskie/Islands/islandsEA_student_fork/islands_desync/logs/more_local_40bench_continuous_fixed_v1/c02_30/j0018 12bt-co20ilu2,c02_bent_cigar,30,1000,16,4,12,torus,best,plain,20,2,12,90748765.48717648,219809702.40822136,223900381.58979127,365038579.74789613,89316045.3315857,-4090679.181569904,0,,6,1,219809702.40822136,90748765.48717648,12,1,246,68926421088.0768,90748765.48717648,68835672322.58961,,,,68926421088.0768,90748765.48717648,68835672322.58961,20.0,1000.0,6275459015929.844,6403529608.091678,6377832991.024706,2363486947.6238356,446292770.95577973,90748765.48717648,996.0,44.0,68.0,104.0,236.0,48,24,0.18181818181818182,4,4,4.0,4,4,4.0,1,12
/home/maja/Studia/Magisterskie/Islands/islandsEA_student_fork/more_local_matrix_computation/results/continous_fixed_toplogies/more_local_40bench_continuous_fixed_v1/j0019_more_continuous_c02_bent_cigar_torus_12_worst_r1,/home/maja/Studia/Magisterskie/Islands/islandsEA_student_fork/more_local_matrix_computation/results/continous_fixed_toplogies/more_local_40bench_continuous_fixed_v1/j0019_more_continuous_c02_bent_cigar_torus_12_worst_r1/summary.csv,more_continuous_c02_bent_cigar_torus_12_worst_r1,continous_fixed_toplogies,more_local_40bench_continuous_fixed_v1,continuous,19,1,/home/maja/Studia/Magisterskie/Islands/islandsEA_student_fork/islands_desync/logs/more_local_40bench_continuous_fixed_v1/c02_30/j0019 12wt-co20ilu2,c02_bent_cigar,30,1000,16,4,12,torus,worst,plain,20,2,12,184489261.47804484,321588004.90012956,311581620.2674253,570358672.7268542,102259112.94283003,10006384.632704258,1,570358672.727,4,1,321588004.90012956,184489261.47804484,12,1,246,73529091223.28258,184489261.47804484,73344601961.80453,,,,73529091223.28258,184489261.47804484,73344601961.80453,20.0,1000.0,8107224192552.29,8272677747.5023365,8754851118.0027,3203559610.645189,868082037.135282,184489261.47804484,996.0,36.0,76.0,180.0,304.0,48,24,0.18181818181818182,4,4,4.0,4,4,4.0,1,12
/home/maja/Studia/Magisterskie/Islands/islandsEA_student_fork/more_local_matrix_computation/results/continous_fixed_toplogies/more_local_40bench_continuous_fixed_v1/j0020_more_continuous_c02_bent_cigar_torus_12_maxDistance_r1,/home/maja/Studia/Magisterskie/Islands/islandsEA_student_fork/more_local_matrix_computation/results/continous_fixed_toplogies/more_local_40bench_continuous_fixed_v1/j0020_more_continuous_c02_bent_cigar_torus_12_maxDistance_r1/summary.csv,more_continuous_c02_bent_cigar_torus_12_maxDistance_r1,continous_fixed_toplogies,more_local_40bench_continuous_fixed_v1,continuous,20,1,/home/maja/Studia/Magisterskie/Islands/islandsEA_student_fork/islands_desync/logs/more_local_40bench_continuous_fixed_v1/c02_30/j0020 12mt-co20ilu2,c02_bent_cigar,30,1000,16,4,12,torus,maxDistance,plain,20,2,12,62946823.819246165,116357746.59939773,111750775.90110162,187435410.989983,37597953.1922809,4606970.698296115,0,,6,1,116357746.59939773,62946823.819246165,12,1,246,60438655223.69029,62946823.819246165,60375708399.87105,,,,60438655223.69029,62946823.819246165,60375708399.87105,20.0,1000.0,7923465633007.898,8085169013.273366,9923694981.255234,1749312085.0835876,372709888.0822761,62946823.819246165,992.0,64.0,120.0,208.0,332.0,48,24,0.18181818181818182,4,4,4.0,4,4,4.0,1,12
/home/maja/Studia/Magisterskie/Islands/islandsEA_student_fork/more_local_matrix_computation/results/continous_fixed_toplogies/more_local_40bench_continuous_fixed_v1/j0021_more_continuous_c02_bent_cigar_complete_12_random_r1,/home/maja/Studia/Magisterskie/Islands/islandsEA_student_fork/more_local_matrix_computation/results/continous_fixed_toplogies/more_local_40bench_continuous_fixed_v1/j0021_more_continuous_c02_bent_cigar_complete_12_random_r1/summary.csv,more_continuous_c02_bent_cigar_complete_12_random_r1,continous_fixed_toplogies,more_local_40bench_continuous_fixed_v1,continuous,21,1,/home/maja/Studia/Magisterskie/Islands/islandsEA_student_fork/islands_desync/logs/more_local_40bench_continuous_fixed_v1/c02_30/j0021 12rc-co20ilu2,c02_bent_cigar,30,1000,16,4,12,complete,random,plain,20,2,12,92400204.00741398,218809862.57003754,178510421.08962882,428345158.0153476,109749693.35241161,40299441.48040873,0,,5,1,218809862.57003754,92400204.00741398,12,1,246,86097261149.53342,92400204.00741398,86004860945.526,,,,86097261149.53342,92400204.00741398,86004860945.526,20.0,1000.0,7721707227483.981,7879293089.269369,7922341582.76358,2499349012.3527465,724108638.4994802,92400204.00741398,988.0,36.0,80.0,140.0,232.0,132,0,1.0,11,11,11.0,11,11,11.0,1,12
/home/maja/Studia/Magisterskie/Islands/islandsEA_student_fork/more_local_matrix_computation/results/continous_fixed_toplogies/more_local_40bench_continuous_fixed_v1/j0022_more_continuous_c02_bent_cigar_complete_12_best_r1,/home/maja/Studia/Magisterskie/Islands/islandsEA_student_fork/more_local_matrix_computation/results/continous_fixed_toplogies/more_local_40bench_continuous_fixed_v1/j0022_more_continuous_c02_bent_cigar_complete_12_best_r1/summary.csv,more_continuous_c02_bent_cigar_complete_12_best_r1,continous_fixed_toplogies,more_local_40bench_continuous_fixed_v1,continuous,22,1,/home/maja/Studia/Magisterskie/Islands/islandsEA_student_fork/islands_desync/logs/more_local_40bench_continuous_fixed_v1/c02_30/j0022 12bc-co20ilu2,c02_bent_cigar,30,1000,16,4,12,complete,best,plain,20,2,12,26449677.649652246,46097056.30722143,45516995.375801,74881336.33918239,14236846.862534607,580060.9314204305,0,,9,1,46097056.30722143,26449677.649652246,12,1,246,78739113553.46774,26449677.649652246,78712663875.81808,,,,78739113553.46774,26449677.649652246,78712663875.81808,20.0,1000.0,6022923029984.842,6145839826.515144,4590843341.408086,1181742383.3619916,163274797.8346478,26449677.649652246,996.0,44.0,80.0,108.0,184.0,132,0,1.0,11,11,11.0,11,11,11.0,1,12
/home/maja/Studia/Magisterskie/Islands/islandsEA_student_fork/more_local_matrix_computation/results/continous_fixed_toplogies/more_local_40bench_continuous_fixed_v1/j0023_more_continuous_c02_bent_cigar_complete_12_worst_r1,/home/maja/Studia/Magisterskie/Islands/islandsEA_student_fork/more_local_matrix_computation/results/continous_fixed_toplogies/more_local_40bench_continuous_fixed_v1/j0023_more_continuous_c02_bent_cigar_complete_12_worst_r1/summary.csv,more_continuous_c02_bent_cigar_complete_12_worst_r1,continous_fixed_toplogies,more_local_40bench_continuous_fixed_v1,continuous,23,1,/home/maja/Studia/Magisterskie/Islands/islandsEA_student_fork/islands_desync/logs/more_local_40bench_continuous_fixed_v1/c02_30/j0023 12wc-co20ilu2,c02_bent_cigar,30,1000,16,4,12,complete,worst,plain,20,2,12,50502100.39822378,185439825.61855948,168029366.1334495,317727786.56452966,78045329.87162133,17410459.485109985,0,,8,1,185439825.61855948,50502100.39822378,12,1,246,81314260030.59639,50502100.39822378,81263757930.19817,,,,81314260030.59639,50502100.39822378,81263757930.19817,20.0,1000.0,7356858677184.824,7506998650.188596,7460198874.350265,892123436.6331292,115930504.65813404,50502100.39822378,1000.0,36.0,64.0,152.0,216.0,132,0,1.0,11,11,11.0,11,11,11.0,1,12
/home/maja/Studia/Magisterskie/Islands/islandsEA_student_fork/more_local_matrix_computation/results/continous_fixed_toplogies/more_local_40bench_continuous_fixed_v1/j0024_more_continuous_c02_bent_cigar_complete_12_maxDistance_r1,/home/maja/Studia/Magisterskie/Islands/islandsEA_student_fork/more_local_matrix_computation/results/continous_fixed_toplogies/more_local_40bench_continuous_fixed_v1/j0024_more_continuous_c02_bent_cigar_complete_12_maxDistance_r1/summary.csv,more_continuous_c02_bent_cigar_complete_12_maxDistance_r1,continous_fixed_toplogies,more_local_40bench_continuous_fixed_v1,continuous,24,1,/home/maja/Studia/Magisterskie/Islands/islandsEA_student_fork/islands_desync/logs/more_local_40bench_continuous_fixed_v1/c02_30/j0024 12mc-co20ilu2,c02_bent_cigar,30,1000,16,4,12,complete,maxDistance,plain,20,2,12,46902392.36136596,96309488.41225351,70685833.59916048,248032443.48438185,59565097.19898093,25623654.813093036,2,248032443.484;194659716.461,6,1,96309488.41225351,46902392.36136596,12,1,246,84937018095.72179,46902392.36136596,84890115703.36043,,,,84937018095.72179,46902392.36136596,84890115703.36043,20.0,1000.0,8819507949326.512,8999497907.476032,11471514593.405758,1792882054.3059227,355948895.39971894,46902392.36136596,992.0,44.0,68.0,176.0,304.0,132,0,1.0,11,11,11.0,11,11,11.0,1,12
/home/maja/Studia/Magisterskie/Islands/islandsEA_student_fork/more_local_matrix_computation/results/continous_fixed_toplogies/more_local_40bench_continuous_fixed_v1/j0025_more_continuous_c03_discus_ring_12_random_r1,/home/maja/Studia/Magisterskie/Islands/islandsEA_student_fork/more_local_matrix_computation/results/continous_fixed_toplogies/more_local_40bench_continuous_fixed_v1/j0025_more_continuous_c03_discus_ring_12_random_r1/summary.csv,more_continuous_c03_discus_ring_12_random_r1,continous_fixed_toplogies,more_local_40bench_continuous_fixed_v1,continuous,25,1,/home/maja/Studia/Magisterskie/Islands/islandsEA_student_fork/islands_desync/logs/more_local_40bench_continuous_fixed_v1/c03_30/j0025 12rr-co20ilu2,c03_discus,30,1000,16,4,12,ring,random,plain,20,2,12,94802.91667157218,119322.96084146781,123410.55104902493,128029.17339108887,11433.301564983747,-4087.590207557121,0,,0,1,119322.96084146781,94802.91667157218,12,1,246,197533.2115774338,94802.91667157218,102730.29490586162,,,,197533.2115774338,94802.91667157218,102730.29490586162,20.0,1000.0,101591146.06467743,103664.43475987493,98995.87824914687,97516.59580451105,95455.17679862413,94802.91667157218,920.0,36.0,60.0,164.0,164.0,24,12,0.09090909090909091,2,2,2.0,2,2,2.0,1,12
/home/maja/Studia/Magisterskie/Islands/islandsEA_student_fork/more_local_matrix_computation/results/continous_fixed_toplogies/more_local_40bench_continuous_fixed_v1/j0026_more_continuous_c03_discus_ring_12_best_r1,/home/maja/Studia/Magisterskie/Islands/islandsEA_student_fork/more_local_matrix_computation/results/continous_fixed_toplogies/more_local_40bench_continuous_fixed_v1/j0026_more_continuous_c03_discus_ring_12_best_r1/summary.csv,more_continuous_c03_discus_ring_12_best_r1,continous_fixed_toplogies,more_local_40bench_continuous_fixed_v1,continuous,26,1,/home/maja/Studia/Magisterskie/Islands/islandsEA_student_fork/islands_desync/logs/more_local_40bench_continuous_fixed_v1/c03_30/j0026 12br-co20ilu2,c03_discus,30,1000,16,4,12,ring,best,plain,20,2,12,108947.05840337578,123907.24725742641,110806.78764739097,190915.87130193846,29898.016037635254,13100.45961003544,2,190546.029465;190915.871302,0,1,123907.24725742641,108947.05840337578,12,1,246,361742.3741375676,108947.05840337578,252795.3157341918,,,,361742.3741375676,108947.05840337578,252795.3157341918,20.0,1000.0,115708079.17494707,118069.46854586435,114560.51736583162,111619.48263321035,109778.32931091053,108947.05840337578,968.0,28.0,36.0,68.0,84.0,24,12,0.09090909090909091,2,2,2.0,2,2,2.0,1,12
/home/maja/Studia/Magisterskie/Islands/islandsEA_student_fork/more_local_matrix_computation/results/continous_fixed_toplogies/more_local_40bench_continuous_fixed_v1/j0027_more_continuous_c03_discus_ring_12_worst_r1,/home/maja/Studia/Magisterskie/Islands/islandsEA_student_fork/more_local_matrix_computation/results/continous_fixed_toplogies/more_local_40bench_continuous_fixed_v1/j0027_more_continuous_c03_discus_ring_12_worst_r1/summary.csv,more_continuous_c03_discus_ring_12_worst_r1,continous_fixed_toplogies,more_local_40bench_continuous_fixed_v1,continuous,27,1,/home/maja/Studia/Magisterskie/Islands/islandsEA_student_fork/islands_desync/logs/more_local_40bench_continuous_fixed_v1/c03_30/j0027 12wr-co20ilu2,c03_discus,30,1000,16,4,12,ring,worst,plain,20,2,12,109303.59440257333,118370.19529115836,111222.20634585954,196829.08495611648,23679.88216489185,7147.988945298828,2,113975.42782;196829.084956,2,1,118370.19529115836,109303.59440257333,12,1,246,476749.90895448613,109303.59440257333,367446.31455191283,,,,476749.90895448613,109303.59440257333,367446.31455191283,20.0,1000.0,120418451.12235974,122875.97053302014,112728.30057725558,111226.64221633374,111189.1442251937,109303.59440257333,948.0,44.0,44.0,44.0,96.0,24,12,0.09090909090909091,2,2,2.0,2,2,2.0,1,12
/home/maja/Studia/Magisterskie/Islands/islandsEA_student_fork/more_local_matrix_computation/results/continous_fixed_toplogies/more_local_40bench_continuous_fixed_v1/j0028_more_continuous_c03_discus_ring_12_maxDistance_r1,/home/maja/Studia/Magisterskie/Islands/islandsEA_student_fork/more_local_matrix_computation/results/continous_fixed_toplogies/more_local_40bench_continuous_fixed_v1/j0028_more_continuous_c03_discus_ring_12_maxDistance_r1/summary.csv,more_continuous_c03_discus_ring_12_maxDistance_r1,continous_fixed_toplogies,more_local_40bench_continuous_fixed_v1,continuous,28,1,/home/maja/Studia/Magisterskie/Islands/islandsEA_student_fork/islands_desync/logs/more_local_40bench_continuous_fixed_v1/c03_30/j0028 12mr-co20ilu2,c03_discus,30,1000,16,4,12,ring,maxDistance,plain,20,2,12,103202.55460309425,130975.16856944314,133990.40097040456,168132.68423598772,21165.736951047315,-3015.232400961424,0,,1,1,130975.16856944314,103202.55460309425,12,1,246,163928.7829355184,103202.55460309425,60726.22833242414,,,,163928.7829355184,103202.55460309425,60726.22833242414,20.0,1000.0,106417545.92740716,108589.3325789869,105923.34607746608,105546.31963296048,105007.87886406327,103202.55460309425,992.0,68.0,80.0,80.0,80.0,24,12,0.09090909090909091,2,2,2.0,2,2,2.0,1,12
/home/maja/Studia/Magisterskie/Islands/islandsEA_student_fork/more_local_matrix_computation/results/continous_fixed_toplogies/more_local_40bench_continuous_fixed_v1/j0029_more_continuous_c03_discus_torus_12_random_r1,/home/maja/Studia/Magisterskie/Islands/islandsEA_student_fork/more_local_matrix_computation/results/continous_fixed_toplogies/more_local_40bench_continuous_fixed_v1/j0029_more_continuous_c03_discus_torus_12_random_r1/summary.csv,more_continuous_c03_discus_torus_12_random_r1,continous_fixed_toplogies,more_local_40bench_continuous_fixed_v1,continuous,29,1,/home/maja/Studia/Magisterskie/Islands/islandsEA_student_fork/islands_desync/logs/more_local_40bench_continuous_fixed_v1/c03_30/j0029 12rt-co20ilu2,c03_discus,30,1000,16,4,12,torus,random,plain,20,2,12,105857.97899445394,106862.7417016196,107031.58984087926,107403.1967357891,472.35542276281325,-168.84813925965864,0,,11,1,106862.7417016196,105857.97899445394,12,1,246,261258.14630011196,105857.97899445394,155400.16730565802,,,,261258.14630011196,105857.97899445394,155400.16730565802,20.0,1000.0,116816395.24974415,119200.40331606545,121460.58056279492,108444.95276474743,107521.50205085886,105857.97899445394,992.0,52.0,80.0,100.0,260.0,48,24,0.18181818181818182,4,4,4.0,4,4,4.0,1,12
/home/maja/Studia/Magisterskie/Islands/islandsEA_student_fork/more_local_matrix_computation/results/continous_fixed_toplogies/more_local_40bench_continuous_fixed_v1/j0030_more_continuous_c03_discus_torus_12_best_r1,/home/maja/Studia/Magisterskie/Islands/islandsEA_student_fork/more_local_matrix_computation/results/continous_fixed_toplogies/more_local_40bench_continuous_fixed_v1/j0030_more_continuous_c03_discus_torus_12_best_r1/summary.csv,more_continuous_c03_discus_torus_12_best_r1,continous_fixed_toplogies,more_local_40bench_continuous_fixed_v1,continuous,30,1,/home/maja/Studia/Magisterskie/Islands/islandsEA_student_fork/islands_desync/logs/more_local_40bench_continuous_fixed_v1/c03_30/j0030 12bt-co20ilu2,c03_discus,30,1000,16,4,12,torus,best,plain,20,2,12,108602.51797637656,110319.0202898511,110492.34687503497,111628.04272304112,880.9236841047307,-173.32658518386597,0,,0,1,110319.0202898511,108602.51797637656,12,1,246,249966.59098281403,108602.51797637656,141364.07300643745,,,,249966.59098281403,108602.51797637656,141364.07300643745,20.0,1000.0,114529805.77057998,116867.14874548977,117685.25729495547,114073.20558414243,111399.79694193402,108602.51797637656,980.0,32.0,32.0,76.0,84.0,48,24,0.18181818181818182,4,4,4.0,4,4,4.0,1,12
/home/maja/Studia/Magisterskie/Islands/islandsEA_student_fork/more_local_matrix_computation/results/continous_fixed_toplogies/more_local_40bench_continuous_fixed_v1/j0031_more_continuous_c03_discus_torus_12_worst_r1,/home/maja/Studia/Magisterskie/Islands/islandsEA_student_fork/more_local_matrix_computation/results/continous_fixed_toplogies/more_local_40bench_continuous_fixed_v1/j0031_more_continuous_c03_discus_torus_12_worst_r1/summary.csv,more_continuous_c03_discus_torus_12_worst_r1,continous_fixed_toplogies,more_local_40bench_continuous_fixed_v1,continuous,31,1,/home/maja/Studia/Magisterskie/Islands/islandsEA_student_fork/islands_desync/logs/more_local_40bench_continuous_fixed_v1/c03_30/j0031 12wt-co20ilu2,c03_discus,30,1000,16,4,12,torus,worst,plain,20,2,12,100032.21588273197,139511.52216419825,137839.95746952054,155187.2742201681,14311.93669104872,1671.5646946777124,0,,9,1,139511.52216419825,100032.21588273197,12,1,246,160188.66446881797,100032.21588273197,60156.448586086,,,,160188.66446881797,100032.21588273197,60156.448586086,20.0,1000.0,136223730.62886205,139003.80676414495,147186.36997229268,138410.55567110731,129811.8078528151,100032.21588273197,1000.0,436.0,676.0,912.0,960.0,48,24,0.18181818181818182,4,4,4.0,4,4,4.0,1,12
/home/maja/Studia/Magisterskie/Islands/islandsEA_student_fork/more_local_matrix_computation/results/continous_fixed_toplogies/more_local_40bench_continuous_fixed_v1/j0032_more_continuous_c03_discus_torus_12_maxDistance_r1,/home/maja/Studia/Magisterskie/Islands/islandsEA_student_fork/more_local_matrix_computation/results/continous_fixed_toplogies/more_local_40bench_continuous_fixed_v1/j0032_more_continuous_c03_discus_torus_12_maxDistance_r1/summary.csv,more_continuous_c03_discus_torus_12_maxDistance_r1,continous_fixed_toplogies,more_local_40bench_continuous_fixed_v1,continuous,32,1,/home/maja/Studia/Magisterskie/Islands/islandsEA_student_fork/islands_desync/logs/more_local_40bench_continuous_fixed_v1/c03_30/j0032 12mt-co20ilu2,c03_discus,30,1000,16,4,12,torus,maxDistance,plain,20,2,12,114619.66075665946,115856.44852756293,115367.00411757104,117705.43272679277,1085.2859231018192,489.444409991891,0,,6,1,115856.44852756293,114619.66075665946,12,1,246,221086.97423758576,114619.66075665946,106467.3134809263,,,,221086.97423758576,114619.66075665946,106467.3134809263,20.0,1000.0,119697390.99003372,122140.1948877895,121004.64827491494,118026.26281121749,115690.84716815184,114619.66075665946,824.0,40.0,64.0,64.0,136.0,48,24,0.18181818181818182,4,4,4.0,4,4,4.0,1,12
/home/maja/Studia/Magisterskie/Islands/islandsEA_student_fork/more_local_matrix_computation/results/continous_fixed_toplogies/more_local_40bench_continuous_fixed_v1/j0033_more_continuous_c03_discus_complete_12_random_r1,/home/maja/Studia/Magisterskie/Islands/islandsEA_student_fork/more_local_matrix_computation/results/continous_fixed_toplogies/more_local_40bench_continuous_fixed_v1/j0033_more_continuous_c03_discus_complete_12_random_r1/summary.csv,more_continuous_c03_discus_complete_12_random_r1,continous_fixed_toplogies,more_local_40bench_continuous_fixed_v1,continuous,33,1,/home/maja/Studia/Magisterskie/Islands/islandsEA_student_fork/islands_desync/logs/more_local_40bench_continuous_fixed_v1/c03_30/j0033 12rc-co20ilu2,c03_discus,30,1000,16,4,12,complete,random,plain,20,2,12,98600.38208476992,98961.63881659198,98851.67993251982,99777.80754784247,339.4345122287708,109.95888407215534,0,,7,1,98961.63881659198,98600.38208476992,12,1,246,103958.12214303197,98600.38208476992,5357.740058262047,,,,103958.12214303197,98600.38208476992,5357.740058262047,20.0,1000.0,99309044.60982554,101335.75980594443,102845.59073129896,101932.4781909648,99673.39145479875,98600.38208476992,996.0,324.0,608.0,648.0,832.0,132,0,1.0,11,11,11.0,11,11,11.0,1,12
/home/maja/Studia/Magisterskie/Islands/islandsEA_student_fork/more_local_matrix_computation/results/continous_fixed_toplogies/more_local_40bench_continuous_fixed_v1/j0034_more_continuous_c03_discus_complete_12_best_r1,/home/maja/Studia/Magisterskie/Islands/islandsEA_student_fork/more_local_matrix_computation/results/continous_fixed_toplogies/more_local_40bench_continuous_fixed_v1/j0034_more_continuous_c03_discus_complete_12_best_r1/summary.csv,more_continuous_c03_discus_complete_12_best_r1,continous_fixed_toplogies,more_local_40bench_continuous_fixed_v1,continuous,34,1,/home/maja/Studia/Magisterskie/Islands/islandsEA_student_fork/islands_desync/logs/more_local_40bench_continuous_fixed_v1/c03_30/j0034 12bc-co20ilu2,c03_discus,30,1000,16,4,12,complete,best,plain,20,2,12,109779.79701895437,110262.4040159853,110253.99463011816,110578.6843078086,250.2501835454644,8.409385867140372,0,,7,1,110262.4040159853,109779.79701895437,12,1,246,230993.82066953563,109779.79701895437,121214.02365058126,,,,230993.82066953563,109779.79701895437,121214.02365058126,20.0,1000.0,114786384.9597276,117128.96424462,115355.14924852455,112915.59121221464,110873.99550154597,109779.79701895437,988.0,40.0,40.0,80.0,108.0,132,0,1.0,11,11,11.0,11,11,11.0,1,12
/home/maja/Studia/Magisterskie/Islands/islandsEA_student_fork/more_local_matrix_computation/results/continous_fixed_toplogies/more_local_40bench_continuous_fixed_v1/j0035_more_continuous_c03_discus_complete_12_worst_r1,/home/maja/Studia/Magisterskie/Islands/islandsEA_student_fork/more_local_matrix_computation/results/continous_fixed_toplogies/more_local_40bench_continuous_fixed_v1/j0035_more_continuous_c03_discus_complete_12_worst_r1/summary.csv,more_continuous_c03_discus_complete_12_worst_r1,continous_fixed_toplogies,more_local_40bench_continuous_fixed_v1,continuous,35,1,/home/maja/Studia/Magisterskie/Islands/islandsEA_student_fork/islands_desync/logs/more_local_40bench_continuous_fixed_v1/c03_30/j0035 12wc-co20ilu2,c03_discus,30,1000,16,4,12,complete,worst,plain,20,2,12,111098.80038822965,111610.07191040441,111720.07254305512,111865.07622014229,252.05904924690833,-110.00063265071367,0,,1,1,111610.07191040441,111098.80038822965,12,1,246,169499.86286765887,111098.80038822965,58401.06247942922,,,,169499.86286765887,111098.80038822965,58401.06247942922,20.0,1000.0,112532500.57965344,114829.08222413616,113956.61536599933,111948.30403672543,111800.99325285699,111098.80038822965,940.0,36.0,68.0,68.0,76.0,132,0,1.0,11,11,11.0,11,11,11.0,1,12
/home/maja/Studia/Magisterskie/Islands/islandsEA_student_fork/more_local_matrix_computation/results/continous_fixed_toplogies/more_local_40bench_continuous_fixed_v1/j0036_more_continuous_c03_discus_complete_12_maxDistance_r1,/home/maja/Studia/Magisterskie/Islands/islandsEA_student_fork/more_local_matrix_computation/results/continous_fixed_toplogies/more_local_40bench_continuous_fixed_v1/j0036_more_continuous_c03_discus_complete_12_maxDistance_r1/summary.csv,more_continuous_c03_discus_complete_12_maxDistance_r1,continous_fixed_toplogies,more_local_40bench_continuous_fixed_v1,continuous,36,1,/home/maja/Studia/Magisterskie/Islands/islandsEA_student_fork/islands_desync/logs/more_local_40bench_continuous_fixed_v1/c03_30/j0036 12mc-co20ilu2,c03_discus,30,1000,16,4,12,complete,maxDistance,plain,20,2,12,72850.71371417651,73304.58263106989,73328.14449369772,73874.3559777483,265.860734063903,-23.561862627830124,1,73874.3559777,2,1,73304.58263106989,72850.71371417651,12,1,246,394149.5328116151,72850.71371417651,321298.8190974386,,,,394149.5328116151,72850.71371417651,321298.8190974386,20.0,1000.0,86400966.84828484,88164.25188600495,76157.59308993441,75172.98930970089,74177.95960378148,72850.71371417651,1000.0,40.0,40.0,40.0,188.0,132,0,1.0,11,11,11.0,11,11,11.0,1,12
/home/maja/Studia/Magisterskie/Islands/islandsEA_student_fork/more_local_matrix_computation/results/continous_fixed_toplogies/more_local_40bench_continuous_fixed_v1/j0037_more_continuous_c04_rosenbrock_ring_12_random_r1,/home/maja/Studia/Magisterskie/Islands/islandsEA_student_fork/more_local_matrix_computation/results/continous_fixed_toplogies/more_local_40bench_continuous_fixed_v1/j0037_more_continuous_c04_rosenbrock_ring_12_random_r1/summary.csv,more_continuous_c04_rosenbrock_ring_12_random_r1,continous_fixed_toplogies,more_local_40bench_continuous_fixed_v1,continuous,37,1,/home/maja/Studia/Magisterskie/Islands/islandsEA_student_fork/islands_desync/logs/more_local_40bench_continuous_fixed_v1/c04_30/j0037 12rr-co20ilu2,c04_rosenbrock,30,1000,16,4,12,ring,random,plain,20,2,12,738.3049814412743,1927.4666193434496,1723.3831960142707,4812.645332110262,1131.4733703256816,204.0834233291789,1,4812.64533211,0,1,1927.4666193434496,738.3049814412743,12,1,246,21238.906563809367,738.3049814412743,20500.601582368094,,,,21238.906563809367,738.3049814412743,20500.601582368094,20.0,1000.0,2359417.17424048,2407.568545143347,3182.736945520465,1157.19503467175,869.3085724488114,738.3049814412743,980.0,24.0,52.0,96.0,324.0,24,12,0.09090909090909091,2,2,2.0,2,2,2.0,1,12
/home/maja/Studia/Magisterskie/Islands/islandsEA_student_fork/more_local_matrix_computation/results/continous_fixed_toplogies/more_local_40bench_continuous_fixed_v1/j0038_more_continuous_c04_rosenbrock_ring_12_best_r1,/home/maja/Studia/Magisterskie/Islands/islandsEA_student_fork/more_local_matrix_computation/results/continous_fixed_toplogies/more_local_40bench_continuous_fixed_v1/j0038_more_continuous_c04_rosenbrock_ring_12_best_r1/summary.csv,more_continuous_c04_rosenbrock_ring_12_best_r1,continous_fixed_toplogies,more_local_40bench_continuous_fixed_v1,continuous,38,1,/home/maja/Studia/Magisterskie/Islands/islandsEA_student_fork/islands_desync/logs/more_local_40bench_continuous_fixed_v1/c04_30/j0038 12br-co20ilu2,c04_rosenbrock,30,1000,16,4,12,ring,best,plain,20,2,12,753.079539522343,1577.4363794464962,1144.3579377975973,4320.319263852641,1056.7612898268505,433.0784416488989,1,4320.31926385,1,1,1577.4363794464962,753.079539522343,12,1,246,12462.022581654526,753.079539522343,11708.943042132183,,,,12462.022581654526,753.079539522343,11708.943042132183,20.0,1000.0,1946691.3799835201,1986.419775493388,1731.9321528339365,1018.3434101166653,829.217289139003,753.079539522343,992.0,56.0,76.0,148.0,236.0,24,12,0.09090909090909091,2,2,2.0,2,2,2.0,1,12
/home/maja/Studia/Magisterskie/Islands/islandsEA_student_fork/more_local_matrix_computation/results/continous_fixed_toplogies/more_local_40bench_continuous_fixed_v1/j0039_more_continuous_c04_rosenbrock_ring_12_worst_r1,/home/maja/Studia/Magisterskie/Islands/islandsEA_student_fork/more_local_matrix_computation/results/continous_fixed_toplogies/more_local_40bench_continuous_fixed_v1/j0039_more_continuous_c04_rosenbrock_ring_12_worst_r1/summary.csv,more_continuous_c04_rosenbrock_ring_12_worst_r1,continous_fixed_toplogies,more_local_40bench_continuous_fixed_v1,continuous,39,1,/home/maja/Studia/Magisterskie/Islands/islandsEA_student_fork/islands_desync/logs/more_local_40bench_continuous_fixed_v1/c04_30/j0039 12wr-co20ilu2,c04_rosenbrock,30,1000,16,4,12,ring,worst,plain,20,2,12,797.0259299253352,1418.790070823498,1079.3227116446208,3327.7518214645647,765.0180249823807,339.46735917887713,1,3327.75182146,2,1,1418.790070823498,797.0259299253352,12,1,246,19573.938348525844,797.0259299253352,18776.91241860051,,,,19573.938348525844,797.0259299253352,18776.91241860051,20.0,1000.0,2030502.243734395,2071.941065035097,2292.230904704332,1184.366449731861,927.8317301328293,797.0259299253352,1000.0,24.0,48.0,68.0,208.0,24,12,0.09090909090909091,2,2,2.0,2,2,2.0,1,12
/home/maja/Studia/Magisterskie/Islands/islandsEA_student_fork/more_local_matrix_computation/results/continous_fixed_toplogies/more_local_40bench_continuous_fixed_v1/j0040_more_continuous_c04_rosenbrock_ring_12_maxDistance_r1,/home/maja/Studia/Magisterskie/Islands/islandsEA_student_fork/more_local_matrix_computation/results/continous_fixed_toplogies/more_local_40bench_continuous_fixed_v1/j0040_more_continuous_c04_rosenbrock_ring_12_maxDistance_r1/summary.csv,more_continuous_c04_rosenbrock_ring_12_maxDistance_r1,continous_fixed_toplogies,more_local_40bench_continuous_fixed_v1,continuous,40,1,/home/maja/Studia/Magisterskie/Islands/islandsEA_student_fork/islands_desync/logs/more_local_40bench_continuous_fixed_v1/c04_30/j0040 12mr-co20ilu2,c04_rosenbrock,30,1000,16,4,12,ring,maxDistance,plain,20,2,12,823.1849408967938,1175.068350817597,1078.2170323367109,2535.3539754928343,446.1131636930709,96.85131848088622,1,2535.35397549,1,1,1175.068350817597,823.1849408967938,12,1,246,23931.127543527,823.1849408967938,23107.942602630206,,,,23931.127543527,823.1849408967938,23107.942602630206,20.0,1000.0,2315071.5753139784,2362.3179339938556,1871.4232896466826,1332.7361343745697,1036.3760469242807,823.1849408967938,1000.0,36.0,56.0,100.0,152.0,24,12,0.09090909090909091,2,2,2.0,2,2,2.0,1,12
/home/maja/Studia/Magisterskie/Islands/islandsEA_student_fork/more_local_matrix_computation/results/continous_fixed_toplogies/more_local_40bench_continuous_fixed_v1/j0041_more_continuous_c04_rosenbrock_torus_12_random_r1,/home/maja/Studia/Magisterskie/Islands/islandsEA_student_fork/more_local_matrix_computation/results/continous_fixed_toplogies/more_local_40bench_continuous_fixed_v1/j0041_more_continuous_c04_rosenbrock_torus_12_random_r1/summary.csv,more_continuous_c04_rosenbrock_torus_12_random_r1,continous_fixed_toplogies,more_local_40bench_continuous_fixed_v1,continuous,41,1,/home/maja/Studia/Magisterskie/Islands/islandsEA_student_fork/islands_desync/logs/more_local_40bench_continuous_fixed_v1/c04_30/j0041 12rt-co20ilu2,c04_rosenbrock,30,1000,16,4,12,torus,random,plain,20,2,12,597.1743563817175,625.4517697517515,626.5300822252423,645.6914442895427,13.685687852469119,-1.0783124734907688,0,,5,1,625.4517697517515,597.1743563817175,12,1,246,20934.080982635012,597.1743563817175,20336.906626253294,,,,20934.080982635012,597.1743563817175,20336.906626253294,20.0,1000.0,1860225.069363758,1898.188846289549,1271.8837382010474,782.4838986988691,656.5662564310992,597.1743563817175,988.0,32.0,60.0,104.0,152.0,48,24,0.18181818181818182,4,4,4.0,4,4,4.0,1,12
/home/maja/Studia/Magisterskie/Islands/islandsEA_student_fork/more_local_matrix_computation/results/continous_fixed_toplogies/more_local_40bench_continuous_fixed_v1/j0042_more_continuous_c04_rosenbrock_torus_12_best_r1,/home/maja/Studia/Magisterskie/Islands/islandsEA_student_fork/more_local_matrix_computation/results/continous_fixed_toplogies/more_local_40bench_continuous_fixed_v1/j0042_more_continuous_c04_rosenbrock_torus_12_best_r1/summary.csv,more_continuous_c04_rosenbrock_torus_12_best_r1,continous_fixed_toplogies,more_local_40bench_continuous_fixed_v1,continuous,42,1,/home/maja/Studia/Magisterskie/Islands/islandsEA_student_fork/islands_desync/logs/more_local_40bench_continuous_fixed_v1/c04_30/j0042 12bt-co20ilu2,c04_rosenbrock,30,1000,16,4,12,torus,best,plain,20,2,12,538.7851436679069,542.657926522553,542.9665755033269,547.0920417354694,2.5479993838705126,-0.3086489807739099,0,,0,1,542.657926522553,538.7851436679069,12,1,246,12532.992371720737,538.7851436679069,11994.20722805283,,,,12532.992371720737,538.7851436679069,11994.20722805283,20.0,1000.0,1322146.2575723962,1349.1288342575472,1069.4788427787707,643.1940224572099,555.7021302545513,538.7851436679069,992.0,44.0,48.0,100.0,180.0,48,24,0.18181818181818182,4,4,4.0,4,4,4.0,1,12
/home/maja/Studia/Magisterskie/Islands/islandsEA_student_fork/more_local_matrix_computation/results/continous_fixed_toplogies/more_local_40bench_continuous_fixed_v1/j0043_more_continuous_c04_rosenbrock_torus_12_worst_r1,/home/maja/Studia/Magisterskie/Islands/islandsEA_student_fork/more_local_matrix_computation/results/continous_fixed_toplogies/more_local_40bench_continuous_fixed_v1/j0043_more_continuous_c04_rosenbrock_torus_12_worst_r1/summary.csv,more_continuous_c04_rosenbrock_torus_12_worst_r1,continous_fixed_toplogies,more_local_40bench_continuous_fixed_v1,continuous,43,1,/home/maja/Studia/Magisterskie/Islands/islandsEA_student_fork/islands_desync/logs/more_local_40bench_continuous_fixed_v1/c04_30/j0043 12wt-co20ilu2,c04_rosenbrock,30,1000,16,4,12,torus,worst,plain,20,2,12,605.5008468430422,642.5277543654013,635.7456804230906,688.2815379737692,27.619486731075053,6.782073942310717,0,,3,1,642.5277543654013,605.5008468430422,12,1,246,11874.177368036817,605.5008468430422,11268.676521193775,,,,11874.177368036817,605.5008468430422,11268.676521193775,20.0,1000.0,1651131.9650888648,1684.828535804964,1478.9205192594186,880.6888497537691,671.6219539063719,605.5008468430422,1000.0,56.0,64.0,116.0,208.0,48,24,0.18181818181818182,4,4,4.0,4,4,4.0,1,12
/home/maja/Studia/Magisterskie/Islands/islandsEA_student_fork/more_local_matrix_computation/results/continous_fixed_toplogies/more_local_40bench_continuous_fixed_v1/j0044_more_continuous_c04_rosenbrock_torus_12_maxDistance_r1,/home/maja/Studia/Magisterskie/Islands/islandsEA_student_fork/more_local_matrix_computation/results/continous_fixed_toplogies/more_local_40bench_continuous_fixed_v1/j0044_more_continuous_c04_rosenbrock_torus_12_maxDistance_r1/summary.csv,more_continuous_c04_rosenbrock_torus_12_maxDistance_r1,continous_fixed_toplogies,more_local_40bench_continuous_fixed_v1,continuous,44,1,/home/maja/Studia/Magisterskie/Islands/islandsEA_student_fork/islands_desync/logs/more_local_40bench_continuous_fixed_v1/c04_30/j0044 12mt-co20ilu2,c04_rosenbrock,30,1000,16,4,12,torus,maxDistance,plain,20,2,12,571.0250349965977,589.0200908187664,589.4682493627331,615.69686322687,12.882663188021311,-0.448158543966656,0,,6,1,589.0200908187664,571.0250349965977,12,1,246,12638.093608601785,571.0250349965977,12067.068573605187,,,,12638.093608601785,571.0250349965977,12067.068573605187,20.0,1000.0,1715612.669046215,1750.6251724961378,1684.9479000508707,711.1784942182223,602.7761253740739,571.0250349965977,1000.0,52.0,80.0,148.0,208.0,48,24,0.18181818181818182,4,4,4.0,4,4,4.0,1,12
/home/maja/Studia/Magisterskie/Islands/islandsEA_student_fork/more_local_matrix_computation/results/continous_fixed_toplogies/more_local_40bench_continuous_fixed_v1/j0045_more_continuous_c04_rosenbrock_complete_12_random_r1,/home/maja/Studia/Magisterskie/Islands/islandsEA_student_fork/more_local_matrix_computation/results/continous_fixed_toplogies/more_local_40bench_continuous_fixed_v1/j0045_more_continuous_c04_rosenbrock_complete_12_random_r1/summary.csv,more_continuous_c04_rosenbrock_complete_12_random_r1,continous_fixed_toplogies,more_local_40bench_continuous_fixed_v1,continuous,45,1,/home/maja/Studia/Magisterskie/Islands/islandsEA_student_fork/islands_desync/logs/more_local_40bench_continuous_fixed_v1/c04_30/j0045 12rc-co20ilu2,c04_rosenbrock,30,1000,16,4,12,complete,random,plain,20,2,12,570.4530676192721,576.5849884268215,576.2193132975947,586.4395003888897,4.649453142710651,0.36567512922681544,0,,0,1,576.5849884268215,570.4530676192721,12,1,246,20136.739779326308,570.4530676192721,19566.286711707035,,,,20136.739779326308,570.4530676192721,19566.286711707035,20.0,1000.0,1774296.7086072236,1810.5068455175751,1042.2827775835844,678.5712511062932,589.7808206727959,570.4530676192721,996.0,48.0,48.0,116.0,140.0,132,0,1.0,11,11,11.0,11,11,11.0,1,12
/home/maja/Studia/Magisterskie/Islands/islandsEA_student_fork/more_local_matrix_computation/results/continous_fixed_toplogies/more_local_40bench_continuous_fixed_v1/j0046_more_continuous_c04_rosenbrock_complete_12_best_r1,/home/maja/Studia/Magisterskie/Islands/islandsEA_student_fork/more_local_matrix_computation/results/continous_fixed_toplogies/more_local_40bench_continuous_fixed_v1/j0046_more_continuous_c04_rosenbrock_complete_12_best_r1/summary.csv,more_continuous_c04_rosenbrock_complete_12_best_r1,continous_fixed_toplogies,more_local_40bench_continuous_fixed_v1,continuous,46,1,/home/maja/Studia/Magisterskie/Islands/islandsEA_student_fork/islands_desync/logs/more_local_40bench_continuous_fixed_v1/c04_30/j0046 12bc-co20ilu2,c04_rosenbrock,30,1000,16,4,12,complete,best,plain,20,2,12,698.2913483928033,709.144971788193,709.2056160939062,718.9686104019722,5.381920171908486,-0.06064430571325374,0,,6,1,709.144971788193,698.2913483928033,12,1,246,14395.40985884902,698.2913483928033,13697.118510456216,,,,14395.40985884902,698.2913483928033,13697.118510456216,20.0,1000.0,1654115.8630631333,1687.8733296562584,1272.516070640743,827.7111166328827,727.3137808637097,698.2913483928033,1000.0,48.0,68.0,88.0,180.0,132,0,1.0,11,11,11.0,11,11,11.0,1,12
/home/maja/Studia/Magisterskie/Islands/islandsEA_student_fork/more_local_matrix_computation/results/continous_fixed_toplogies/more_local_40bench_continuous_fixed_v1/j0047_more_continuous_c04_rosenbrock_complete_12_worst_r1,/home/maja/Studia/Magisterskie/Islands/islandsEA_student_fork/more_local_matrix_computation/results/continous_fixed_toplogies/more_local_40bench_continuous_fixed_v1/j0047_more_continuous_c04_rosenbrock_complete_12_worst_r1/summary.csv,more_continuous_c04_rosenbrock_complete_12_worst_r1,continous_fixed_toplogies,more_local_40bench_continuous_fixed_v1,continuous,47,1,/home/maja/Studia/Magisterskie/Islands/islandsEA_student_fork/islands_desync/logs/more_local_40bench_continuous_fixed_v1/c04_30/j0047 12wc-co20ilu2,c04_rosenbrock,30,1000,16,4,12,complete,worst,plain,20,2,12,553.2780851618063,562.5549619919021,562.6433944492189,571.390913640055,5.322152957356285,-0.08843245731679872,0,,0,1,562.5549619919021,553.2780851618063,12,1,246,18934.037115858373,553.2780851618063,18380.759030696565,,,,18934.037115858373,553.2780851618063,18380.759030696565,20.0,1000.0,1609883.300215364,1642.7380614442488,1560.4333881720272,703.9725229707058,582.375618590902,553.2780851618063,992.0,36.0,48.0,88.0,136.0,132,0,1.0,11,11,11.0,11,11,11.0,1,12
/home/maja/Studia/Magisterskie/Islands/islandsEA_student_fork/more_local_matrix_computation/results/continous_fixed_toplogies/more_local_40bench_continuous_fixed_v1/j0048_more_continuous_c04_rosenbrock_complete_12_maxDistance_r1,/home/maja/Studia/Magisterskie/Islands/islandsEA_student_fork/more_local_matrix_computation/results/continous_fixed_toplogies/more_local_40bench_continuous_fixed_v1/j0048_more_continuous_c04_rosenbrock_complete_12_maxDistance_r1/summary.csv,more_continuous_c04_rosenbrock_complete_12_maxDistance_r1,continous_fixed_toplogies,more_local_40bench_continuous_fixed_v1,continuous,48,1,/home/maja/Studia/Magisterskie/Islands/islandsEA_student_fork/islands_desync/logs/more_local_40bench_continuous_fixed_v1/c04_30/j0048 12mc-co20ilu2,c04_rosenbrock,30,1000,16,4,12,complete,maxDistance,plain,20,2,12,621.6325885640881,634.1089072802974,634.6497415864444,651.5801895453444,7.9034579747191,-0.5408343061469623,1,651.580189545,0,1,634.1089072802974,621.6325885640881,12,1,246,16039.8232446314,621.6325885640881,15418.190656067312,,,,16039.8232446314,621.6325885640881,15418.190656067312,20.0,1000.0,2091522.794374144,2134.206933034841,1967.316816779451,743.3951161144196,657.1322641783995,621.6325885640881,992.0,60.0,84.0,156.0,248.0,132,0,1.0,11,11,11.0,11,11,11.0,1,12
/home/maja/Studia/Magisterskie/Islands/islandsEA_student_fork/more_local_matrix_computation/results/continous_fixed_toplogies/more_local_40bench_continuous_fixed_v1/j0049_more_continuous_c05_ackley_ring_12_random_r1,/home/maja/Studia/Magisterskie/Islands/islandsEA_student_fork/more_local_matrix_computation/results/continous_fixed_toplogies/more_local_40bench_continuous_fixed_v1/j0049_more_continuous_c05_ackley_ring_12_random_r1/summary.csv,more_continuous_c05_ackley_ring_12_random_r1,continous_fixed_toplogies,more_local_40bench_continuous_fixed_v1,continuous,49,1,/home/maja/Studia/Magisterskie/Islands/islandsEA_student_fork/islands_desync/logs/more_local_40bench_continuous_fixed_v1/c05_30/j0049 12rr-co20ilu2,c05_ackley,30,1000,16,4,12,ring,random,plain,20,2,12,520.6578328286258,520.8196851496809,520.8474287329699,520.921156483237,0.07671808570772341,-0.027743583288952323,0,,4,1,520.8196851496809,520.6578328286258,12,1,246,521.3172977894538,520.6578328286258,0.6594649608280179,,,,521.3172977894538,520.6578328286258,0.6594649608280179,20.0,1000.0,510520.7272940626,520.9395176470026,521.1473814849886,520.886424341166,520.8227333294592,520.6578328286258,984.0,240.0,408.0,792.0,908.0,24,12,0.09090909090909091,2,2,2.0,2,2,2.0,1,12
/home/maja/Studia/Magisterskie/Islands/islandsEA_student_fork/more_local_matrix_computation/results/continous_fixed_toplogies/more_local_40bench_continuous_fixed_v1/j0050_more_continuous_c05_ackley_ring_12_best_r1,/home/maja/Studia/Magisterskie/Islands/islandsEA_student_fork/more_local_matrix_computation/results/continous_fixed_toplogies/more_local_40bench_continuous_fixed_v1/j0050_more_continuous_c05_ackley_ring_12_best_r1/summary.csv,more_continuous_c05_ackley_ring_12_best_r1,continous_fixed_toplogies,more_local_40bench_continuous_fixed_v1,continuous,50,1,/home/maja/Studia/Magisterskie/Islands/islandsEA_student_fork/islands_desync/logs/more_local_40bench_continuous_fixed_v1/c05_30/j0050 12br-co20ilu2,c05_ackley,30,1000,16,4,12,ring,best,plain,20,2,12,520.5921246150035,520.6665246190739,520.6410795397492,520.9267781699966,0.08433735277564118,0.02544507932475426,1,520.92677817,6,1,520.6665246190739,520.5921246150035,12,1,246,521.3919670653473,520.5921246150035,0.7998424503438173,,,,521.3919670653473,520.5921246150035,0.7998424503438173,20.0,1000.0,510475.61197394115,520.8934816060624,521.0968802077616,520.9263171899231,520.6320713184778,520.5921246150035,956.0,144.0,412.0,652.0,728.0,24,12,0.09090909090909091,2,2,2.0,2,2,2.0,1,12
/home/maja/Studia/Magisterskie/Islands/islandsEA_student_fork/more_local_matrix_computation/results/continous_fixed_toplogies/more_local_40bench_continuous_fixed_v1/j0051_more_continuous_c05_ackley_ring_12_worst_r1,/home/maja/Studia/Magisterskie/Islands/islandsEA_student_fork/more_local_matrix_computation/results/continous_fixed_toplogies/more_local_40bench_continuous_fixed_v1/j0051_more_continuous_c05_ackley_ring_12_worst_r1/summary.csv,more_continuous_c05_ackley_ring_12_worst_r1,continous_fixed_toplogies,more_local_40bench_continuous_fixed_v1,continuous,51,1,/home/maja/Studia/Magisterskie/Islands/islandsEA_student_fork/islands_desync/logs/more_local_40bench_continuous_fixed_v1/c05_30/j0051 12wr-co20ilu2,c05_ackley,30,1000,16,4,12,ring,worst,plain,20,2,12,520.7281774693436,520.8554614937786,520.8404702942788,521.0256934282256,0.08269247950707835,0.014991199499831964,1,521.025693428,8,1,520.8554614937786,520.7281774693436,12,1,246,521.2544745904603,520.7281774693436,0.5262971211167269,,,,521.2544745904603,520.7281774693436,0.5262971211167269,20.0,1000.0,510550.1266883828,520.9695170289621,521.0773352795776,520.9680182136927,520.8271184221062,520.7281774693436,976.0,160.0,488.0,732.0,928.0,24,12,0.09090909090909091,2,2,2.0,2,2,2.0,1,12
/home/maja/Studia/Magisterskie/Islands/islandsEA_student_fork/more_local_matrix_computation/results/continous_fixed_toplogies/more_local_40bench_continuous_fixed_v1/j0052_more_continuous_c05_ackley_ring_12_maxDistance_r1,/home/maja/Studia/Magisterskie/Islands/islandsEA_student_fork/more_local_matrix_computation/results/continous_fixed_toplogies/more_local_40bench_continuous_fixed_v1/j0052_more_continuous_c05_ackley_ring_12_maxDistance_r1/summary.csv,more_continuous_c05_ackley_ring_12_maxDistance_r1,continous_fixed_toplogies,more_local_40bench_continuous_fixed_v1,continuous,52,1,/home/maja/Studia/Magisterskie/Islands/islandsEA_student_fork/islands_desync/logs/more_local_40bench_continuous_fixed_v1/c05_30/j0052 12mr-co20ilu2,c05_ackley,30,1000,16,4,12,ring,maxDistance,plain,20,2,12,520.5456193686574,520.6663960887342,520.6490817011677,520.898412709527,0.09753458571999658,0.017314387566557343,0,,0,2,520.6663960887342,520.5456193686574,12,1,246,521.308696815211,520.5456193686574,0.7630774465535524,,,,521.308696815211,520.5456193686574,0.7630774465535524,20.0,1000.0,510399.99159198743,520.8163179510076,520.9991514497369,520.7426859842457,520.671985719767,520.5456193686574,864.0,140.0,384.0,504.0,768.0,24,12,0.09090909090909091,2,2,2.0,2,2,2.0,1,12
/home/maja/Studia/Magisterskie/Islands/islandsEA_student_fork/more_local_matrix_computation/results/continous_fixed_toplogies/more_local_40bench_continuous_fixed_v1/j0053_more_continuous_c05_ackley_torus_12_random_r1,/home/maja/Studia/Magisterskie/Islands/islandsEA_student_fork/more_local_matrix_computation/results/continous_fixed_toplogies/more_local_40bench_continuous_fixed_v1/j0053_more_continuous_c05_ackley_torus_12_random_r1/summary.csv,more_continuous_c05_ackley_torus_12_random_r1,continous_fixed_toplogies,more_local_40bench_continuous_fixed_v1,continuous,53,1,/home/maja/Studia/Magisterskie/Islands/islandsEA_student_fork/islands_desync/logs/more_local_40bench_continuous_fixed_v1/c05_30/j0053 12rt-co20ilu2,c05_ackley,30,1000,16,4,12,torus,random,plain,20,2,12,520.6720661733818,520.7376476691886,520.7091044182787,520.835288033447,0.05602968055741494,0.028543250909933704,0,,0,2,520.7376476691886,520.6720661733818,12,1,246,521.3129957639115,520.6720661733818,0.6409295905297085,,,,521.3129957639115,520.6720661733818,0.6409295905297085,20.0,1000.0,510538.02918496646,520.9571726377209,521.1181471928098,520.9979827834026,520.7385769517805,520.6720661733818,904.0,216.0,564.0,564.0,860.0,48,24,0.18181818181818182,4,4,4.0,4,4,4.0,1,12
/home/maja/Studia/Magisterskie/Islands/islandsEA_student_fork/more_local_matrix_computation/results/continous_fixed_toplogies/more_local_40bench_continuous_fixed_v1/j0054_more_continuous_c05_ackley_torus_12_best_r1,/home/maja/Studia/Magisterskie/Islands/islandsEA_student_fork/more_local_matrix_computation/results/continous_fixed_toplogies/more_local_40bench_continuous_fixed_v1/j0054_more_continuous_c05_ackley_torus_12_best_r1/summary.csv,more_continuous_c05_ackley_torus_12_best_r1,continous_fixed_toplogies,more_local_40bench_continuous_fixed_v1,continuous,54,1,/home/maja/Studia/Magisterskie/Islands/islandsEA_student_fork/islands_desync/logs/more_local_40bench_continuous_fixed_v1/c05_30/j0054 12bt-co20ilu2,c05_ackley,30,1000,16,4,12,torus,best,plain,20,2,12,520.2110603435514,520.2456742862215,520.2507969156346,520.2643685272104,0.016420153484892844,-0.0051226294131083705,0,,7,1,520.2456742862215,520.2110603435514,12,1,246,521.2829329623887,520.2110603435514,1.0718726188373466,,,,521.2829329623887,520.2110603435514,1.0718726188373466,20.0,1000.0,510204.69206644304,520.6170327208603,520.9693691856979,520.5272828535092,520.2815606291094,520.2110603435514,992.0,196.0,380.0,536.0,700.0,48,24,0.18181818181818182,4,4,4.0,4,4,4.0,1,12
/home/maja/Studia/Magisterskie/Islands/islandsEA_student_fork/more_local_matrix_computation/results/continous_fixed_toplogies/more_local_40bench_continuous_fixed_v1/j0055_more_continuous_c05_ackley_torus_12_worst_r1,/home/maja/Studia/Magisterskie/Islands/islandsEA_student_fork/more_local_matrix_computation/results/continous_fixed_toplogies/more_local_40bench_continuous_fixed_v1/j0055_more_continuous_c05_ackley_torus_12_worst_r1/summary.csv,more_continuous_c05_ackley_torus_12_worst_r1,continous_fixed_toplogies,more_local_40bench_continuous_fixed_v1,continuous,55,1,/home/maja/Studia/Magisterskie/Islands/islandsEA_student_fork/islands_desync/logs/more_local_40bench_continuous_fixed_v1/c05_30/j0055 12wt-co20ilu2,c05_ackley,30,1000,16,4,12,torus,worst,plain,20,2,12,520.6834847448648,520.7980904351471,520.7953238395651,520.901157056396,0.06455423197421037,0.0027665955819884402,0,,2,1,520.7980904351471,520.6834847448648,12,1,246,521.1979004177359,520.6834847448648,0.5144156728711096,,,,521.1979004177359,520.6834847448648,0.5144156728711096,20.0,1000.0,510553.29367775883,520.9727486507743,521.0892585930383,521.0000277070799,520.840705155508,520.6834847448648,992.0,424.0,664.0,784.0,828.0,48,24,0.18181818181818182,4,4,4.0,4,4,4.0,1,12
/home/maja/Studia/Magisterskie/Islands/islandsEA_student_fork/more_local_matrix_computation/results/continous_fixed_toplogies/more_local_40bench_continuous_fixed_v1/j0056_more_continuous_c05_ackley_torus_12_maxDistance_r1,/home/maja/Studia/Magisterskie/Islands/islandsEA_student_fork/more_local_matrix_computation/results/continous_fixed_toplogies/more_local_40bench_continuous_fixed_v1/j0056_more_continuous_c05_ackley_torus_12_maxDistance_r1/summary.csv,more_continuous_c05_ackley_torus_12_maxDistance_r1,continous_fixed_toplogies,more_local_40bench_continuous_fixed_v1,continuous,56,1,/home/maja/Studia/Magisterskie/Islands/islandsEA_student_fork/islands_desync/logs/more_local_40bench_continuous_fixed_v1/c05_30/j0056 12mt-co20ilu2,c05_ackley,30,1000,16,4,12,torus,maxDistance,plain,20,2,12,520.5332200691042,520.6403555351851,520.6515001583102,520.7422040671979,0.05714753841656393,-0.011144623125119324,0,,0,1,520.6403555351851,520.5332200691042,12,1,246,521.3560297334669,520.5332200691042,0.8228096643626941,,,,521.3560297334669,520.5332200691042,0.8228096643626941,20.0,1000.0,510515.0897306491,520.9337650312746,521.1444395536672,520.9130603154464,520.7599052140182,520.5332200691042,952.0,228.0,480.0,816.0,904.0,48,24,0.18181818181818182,4,4,4.0,4,4,4.0,1,12
/home/maja/Studia/Magisterskie/Islands/islandsEA_student_fork/more_local_matrix_computation/results/continous_fixed_toplogies/more_local_40bench_continuous_fixed_v1/j0057_more_continuous_c05_ackley_complete_12_random_r1,/home/maja/Studia/Magisterskie/Islands/islandsEA_student_fork/more_local_matrix_computation/results/continous_fixed_toplogies/more_local_40bench_continuous_fixed_v1/j0057_more_continuous_c05_ackley_complete_12_random_r1/summary.csv,more_continuous_c05_ackley_complete_12_random_r1,continous_fixed_toplogies,more_local_40bench_continuous_fixed_v1,continuous,57,1,/home/maja/Studia/Magisterskie/Islands/islandsEA_student_fork/islands_desync/logs/more_local_40bench_continuous_fixed_v1/c05_30/j0057 12rc-co20ilu2,c05_ackley,30,1000,16,4,12,complete,random,plain,20,2,12,520.4627103377974,520.5372596451134,520.5385210805791,520.6134826751002,0.03802942019033318,-0.0012614354657216609,0,,0,1,520.5372596451134,520.4627103377974,12,1,246,521.3519174860984,520.4627103377974,0.8892071483010113,,,,521.3519174860984,520.4627103377974,0.8892071483010113,20.0,1000.0,510495.50194530527,520.9137774952095,521.1829446483084,520.9552199190794,520.6455619070965,520.4627103377974,1000.0,316.0,512.0,748.0,856.0,132,0,1.0,11,11,11.0,11,11,11.0,1,12
/home/maja/Studia/Magisterskie/Islands/islandsEA_student_fork/more_local_matrix_computation/results/continous_fixed_toplogies/more_local_40bench_continuous_fixed_v1/j0058_more_continuous_c05_ackley_complete_12_best_r1,/home/maja/Studia/Magisterskie/Islands/islandsEA_student_fork/more_local_matrix_computation/results/continous_fixed_toplogies/more_local_40bench_continuous_fixed_v1/j0058_more_continuous_c05_ackley_complete_12_best_r1/summary.csv,more_continuous_c05_ackley_complete_12_best_r1,continous_fixed_toplogies,more_local_40bench_continuous_fixed_v1,continuous,58,1,/home/maja/Studia/Magisterskie/Islands/islandsEA_student_fork/islands_desync/logs/more_local_40bench_continuous_fixed_v1/c05_30/j0058 12bc-co20ilu2,c05_ackley,30,1000,16,4,12,complete,best,plain,20,2,12,520.2481731996567,520.3090938719811,520.3177752572105,520.3465572347561,0.030805480801680097,-0.008681385229465377,0,,10,1,520.3090938719811,520.2481731996567,12,1,246,521.2058254134437,520.2481731996567,0.9576522137870143,,,,521.2058254134437,520.2481731996567,0.9576522137870143,20.0,1000.0,510239.6353789818,520.6526891622264,520.9920426815686,520.5619874185325,520.3465572347561,520.2481731996567,988.0,272.0,448.0,556.0,772.0,132,0,1.0,11,11,11.0,11,11,11.0,1,12
/home/maja/Studia/Magisterskie/Islands/islandsEA_student_fork/more_local_matrix_computation/results/continous_fixed_toplogies/more_local_40bench_continuous_fixed_v1/j0059_more_continuous_c05_ackley_complete_12_worst_r1,/home/maja/Studia/Magisterskie/Islands/islandsEA_student_fork/more_local_matrix_computation/results/continous_fixed_toplogies/more_local_40bench_continuous_fixed_v1/j0059_more_continuous_c05_ackley_complete_12_worst_r1/summary.csv,more_continuous_c05_ackley_complete_12_worst_r1,continous_fixed_toplogies,more_local_40bench_continuous_fixed_v1,continuous,59,1,/home/maja/Studia/Magisterskie/Islands/islandsEA_student_fork/islands_desync/logs/more_local_40bench_continuous_fixed_v1/c05_30/j0059 12wc-co20ilu2,c05_ackley,30,1000,16,4,12,complete,worst,plain,20,2,12,520.3430957051178,520.4005961277468,520.3888326157191,520.4788563210129,0.03767579557314145,0.01176351202764181,2,520.478856321;520.467408948,3,1,520.4005961277468,520.3430957051178,12,1,246,521.2619535328599,520.3430957051178,0.9188578277421584,,,,521.2619535328599,520.3430957051178,0.9188578277421584,20.0,1000.0,510362.17687872396,520.777731508902,521.0103512016573,520.7155986690547,520.4139564973729,520.3430957051178,992.0,240.0,488.0,656.0,716.0,132,0,1.0,11,11,11.0,11,11,11.0,1,12
/home/maja/Studia/Magisterskie/Islands/islandsEA_student_fork/more_local_matrix_computation/results/continous_fixed_toplogies/more_local_40bench_continuous_fixed_v1/j0060_more_continuous_c05_ackley_complete_12_maxDistance_r1,/home/maja/Studia/Magisterskie/Islands/islandsEA_student_fork/more_local_matrix_computation/results/continous_fixed_toplogies/more_local_40bench_continuous_fixed_v1/j0060_more_continuous_c05_ackley_complete_12_maxDistance_r1/summary.csv,more_continuous_c05_ackley_complete_12_maxDistance_r1,continous_fixed_toplogies,more_local_40bench_continuous_fixed_v1,continuous,60,1,/home/maja/Studia/Magisterskie/Islands/islandsEA_student_fork/islands_desync/logs/more_local_40bench_continuous_fixed_v1/c05_30/j0060 12mc-co20ilu2,c05_ackley,30,1000,16,4,12,complete,maxDistance,plain,20,2,12,520.427211337162,520.4626914770431,520.4580082812163,520.504137564715,0.025629072945756587,0.004683195826828523,0,,5,1,520.4626914770431,520.427211337162,12,1,246,521.3258803061009,520.427211337162,0.898668968938864,,,,521.3258803061009,520.427211337162,0.898668968938864,20.0,1000.0,510399.2161323125,520.815526665625,521.103807228835,520.8315781484293,520.5653684696102,520.427211337162,936.0,312.0,468.0,632.0,824.0,132,0,1.0,11,11,11.0,11,11,11.0,1,12
/home/maja/Studia/Magisterskie/Islands/islandsEA_student_fork/more_local_matrix_computation/results/continous_fixed_toplogies/more_local_40bench_continuous_fixed_v1/j0061_more_continuous_c06_weierstrass_ring_12_random_r1,/home/maja/Studia/Magisterskie/Islands/islandsEA_student_fork/more_local_matrix_computation/results/continous_fixed_toplogies/more_local_40bench_continuous_fixed_v1/j0061_more_continuous_c06_weierstrass_ring_12_random_r1/summary.csv,more_continuous_c06_weierstrass_ring_12_random_r1,continous_fixed_toplogies,more_local_40bench_continuous_fixed_v1,continuous,61,1,/home/maja/Studia/Magisterskie/Islands/islandsEA_student_fork/islands_desync/logs/more_local_40bench_continuous_fixed_v1/c06_30/j0061 12rr-co20ilu2,c06_weierstrass,30,1000,16,4,12,ring,random,plain,20,2,12,636.0639235990259,637.685930463746,636.7929506191438,643.4142156284382,1.9579152779657465,0.8929798446022232,1,643.414215628,2,1,637.685930463746,636.0639235990259,12,1,246,647.1128711988031,636.0639235990259,11.048947599777193,,,,647.1128711988031,636.0639235990259,11.048947599777193,20.0,1000.0,625480.9111767033,638.2458277313299,640.0215067465726,637.1719310992669,636.1883241802568,636.0639235990259,760.0,92.0,160.0,324.0,508.0,24,12,0.09090909090909091,2,2,2.0,2,2,2.0,1,12
/home/maja/Studia/Magisterskie/Islands/islandsEA_student_fork/more_local_matrix_computation/results/continous_fixed_toplogies/more_local_40bench_continuous_fixed_v1/j0062_more_continuous_c06_weierstrass_ring_12_best_r1,/home/maja/Studia/Magisterskie/Islands/islandsEA_student_fork/more_local_matrix_computation/results/continous_fixed_toplogies/more_local_40bench_continuous_fixed_v1/j0062_more_continuous_c06_weierstrass_ring_12_best_r1/summary.csv,more_continuous_c06_weierstrass_ring_12_best_r1,continous_fixed_toplogies,more_local_40bench_continuous_fixed_v1,continuous,62,1,/home/maja/Studia/Magisterskie/Islands/islandsEA_student_fork/islands_desync/logs/more_local_40bench_continuous_fixed_v1/c06_30/j0062 12br-co20ilu2,c06_weierstrass,30,1000,16,4,12,ring,best,plain,20,2,12,635.1828303338493,637.3197181321716,635.5754038643515,645.1744209296007,3.5388441155915356,1.744314267820073,2,645.124772407;645.17442093,4,1,637.3197181321716,635.1828303338493,12,1,246,648.275634311399,635.1828303338493,13.092803977549693,,,,648.275634311399,635.1828303338493,13.092803977549693,20.0,1000.0,624328.3159802892,637.0697101839686,637.9929189707779,636.2070224310027,635.6660011130275,635.1828303338493,916.0,36.0,64.0,216.0,364.0,24,12,0.09090909090909091,2,2,2.0,2,2,2.0,1,12
/home/maja/Studia/Magisterskie/Islands/islandsEA_student_fork/more_local_matrix_computation/results/continous_fixed_toplogies/more_local_40bench_continuous_fixed_v1/j0063_more_continuous_c06_weierstrass_ring_12_worst_r1,/home/maja/Studia/Magisterskie/Islands/islandsEA_student_fork/more_local_matrix_computation/results/continous_fixed_toplogies/more_local_40bench_continuous_fixed_v1/j0063_more_continuous_c06_weierstrass_ring_12_worst_r1/summary.csv,more_continuous_c06_weierstrass_ring_12_worst_r1,continous_fixed_toplogies,more_local_40bench_continuous_fixed_v1,continuous,63,1,/home/maja/Studia/Magisterskie/Islands/islandsEA_student_fork/islands_desync/logs/more_local_40bench_continuous_fixed_v1/c06_30/j0063 12wr-co20ilu2,c06_weierstrass,30,1000,16,4,12,ring,worst,plain,20,2,12,631.7975526356815,633.4780745708283,632.3460456264561,637.6262474207784,2.012596586016325,1.1320289443722231,2,637.626247421;637.615047555,5,1,633.4780745708283,631.7975526356815,12,1,246,645.3159354720943,631.7975526356815,13.518382836412798,,,,645.3159354720943,631.7975526356815,13.518382836412798,20.0,1000.0,621966.6265045586,634.6598229638353,636.0553716316911,633.1026667334582,632.3472228886661,631.7975526356815,1000.0,76.0,172.0,332.0,500.0,24,12,0.09090909090909091,2,2,2.0,2,2,2.0,1,12
/home/maja/Studia/Magisterskie/Islands/islandsEA_student_fork/more_local_matrix_computation/results/continous_fixed_toplogies/more_local_40bench_continuous_fixed_v1/j0064_more_continuous_c06_weierstrass_ring_12_maxDistance_r1,/home/maja/Studia/Magisterskie/Islands/islandsEA_student_fork/more_local_matrix_computation/results/continous_fixed_toplogies/more_local_40bench_continuous_fixed_v1/j0064_more_continuous_c06_weierstrass_ring_12_maxDistance_r1/summary.csv,more_continuous_c06_weierstrass_ring_12_maxDistance_r1,continous_fixed_toplogies,more_local_40bench_continuous_fixed_v1,continuous,64,1,/home/maja/Studia/Magisterskie/Islands/islandsEA_student_fork/islands_desync/logs/more_local_40bench_continuous_fixed_v1/c06_30/j0064 12mr-co20ilu2,c06_weierstrass,30,1000,16,4,12,ring,maxDistance,plain,20,2,12,629.2576136008496,630.5128623768926,629.7737335560319,634.972033418104,1.6724023398509578,0.739128820860742,2,632.951029582;634.972033418,1,1,630.5128623768926,629.2576136008496,12,1,246,642.2068963194639,629.2576136008496,12.949282718614313,,,,642.2068963194639,629.2576136008496,12.949282718614313,20.0,1000.0,620255.6381911959,632.9139165216285,635.1322051794542,632.1405501241976,629.7166063951757,629.2576136008496,924.0,92.0,216.0,484.0,648.0,24,12,0.09090909090909091,2,2,2.0,2,2,2.0,1,12
/home/maja/Studia/Magisterskie/Islands/islandsEA_student_fork/more_local_matrix_computation/results/continous_fixed_toplogies/more_local_40bench_continuous_fixed_v1/j0065_more_continuous_c06_weierstrass_torus_12_random_r1,/home/maja/Studia/Magisterskie/Islands/islandsEA_student_fork/more_local_matrix_computation/results/continous_fixed_toplogies/more_local_40bench_continuous_fixed_v1/j0065_more_continuous_c06_weierstrass_torus_12_random_r1/summary.csv,more_continuous_c06_weierstrass_torus_12_random_r1,continous_fixed_toplogies,more_local_40bench_continuous_fixed_v1,continuous,65,1,/home/maja/Studia/Magisterskie/Islands/islandsEA_student_fork/islands_desync/logs/more_local_40bench_continuous_fixed_v1/c06_30/j0065 12rt-co20ilu2,c06_weierstrass,30,1000,16,4,12,torus,random,plain,20,2,12,631.3159039646957,631.6685135182245,631.4413475185477,632.3228490446933,0.39858343219926634,0.2271659996767994,0,,1,1,631.6685135182245,631.3159039646957,12,1,246,645.0743468096407,631.3159039646957,13.758442844944966,,,,645.0743468096407,631.3159039646957,13.758442844944966,20.0,1000.0,621389.8297919563,634.0712548897513,636.369612922356,632.365750695968,631.3764235336257,631.3159039646957,952.0,84.0,152.0,344.0,476.0,48,24,0.18181818181818182,4,4,4.0,4,4,4.0,1,12
/home/maja/Studia/Magisterskie/Islands/islandsEA_student_fork/more_local_matrix_computation/results/continous_fixed_toplogies/more_local_40bench_continuous_fixed_v1/j0066_more_continuous_c06_weierstrass_torus_12_best_r1,/home/maja/Studia/Magisterskie/Islands/islandsEA_student_fork/more_local_matrix_computation/results/continous_fixed_toplogies/more_local_40bench_continuous_fixed_v1/j0066_more_continuous_c06_weierstrass_torus_12_best_r1/summary.csv,more_continuous_c06_weierstrass_torus_12_best_r1,continous_fixed_toplogies,more_local_40bench_continuous_fixed_v1,continuous,66,1,/home/maja/Studia/Magisterskie/Islands/islandsEA_student_fork/islands_desync/logs/more_local_40bench_continuous_fixed_v1/c06_30/j0066 12bt-co20ilu2,c06_weierstrass,30,1000,16,4,12,torus,best,plain,20,2,12,632.3041267314018,632.4869251805314,632.4854364642999,632.6132322907157,0.07673159504733656,0.0014887162315062596,0,,11,1,632.4869251805314,632.3041267314018,12,1,246,647.9036677118924,632.3041267314018,15.599540980490588,,,,647.9036677118924,632.3041267314018,15.599540980490588,20.0,1000.0,622262.5178813116,634.9617529401139,636.7936325916037,633.3406167297818,632.5995006387607,632.3041267314018,932.0,40.0,128.0,288.0,432.0,48,24,0.18181818181818182,4,4,4.0,4,4,4.0,1,12
/home/maja/Studia/Magisterskie/Islands/islandsEA_student_fork/more_local_matrix_computation/results/continous_fixed_toplogies/more_local_40bench_continuous_fixed_v1/j0067_more_continuous_c06_weierstrass_torus_12_worst_r1,/home/maja/Studia/Magisterskie/Islands/islandsEA_student_fork/more_local_matrix_computation/results/continous_fixed_toplogies/more_local_40bench_continuous_fixed_v1/j0067_more_continuous_c06_weierstrass_torus_12_worst_r1/summary.csv,more_continuous_c06_weierstrass_torus_12_worst_r1,continous_fixed_toplogies,more_local_40bench_continuous_fixed_v1,continuous,67,1,/home/maja/Studia/Magisterskie/Islands/islandsEA_student_fork/islands_desync/logs/more_local_40bench_continuous_fixed_v1/c06_30/j0067 12wt-co20ilu2,c06_weierstrass,30,1000,16,4,12,torus,worst,plain,20,2,12,628.4817662936841,629.3824240551646,629.4270776670633,629.7989430384184,0.3377027596597439,-0.0446536118986387,0,,3,1,629.3824240551646,628.4817662936841,12,1,246,644.8251785495695,628.4817662936841,16.34341225588537,,,,644.8251785495695,628.4817662936841,16.34341225588537,20.0,1000.0,620394.7947227524,633.0559129824004,637.8160126078083,631.3892891367099,629.7314029457959,628.4817662936841,912.0,96.0,252.0,408.0,668.0,48,24,0.18181818181818182,4,4,4.0,4,4,4.0,1,12
/home/maja/Studia/Magisterskie/Islands/islandsEA_student_fork/more_local_matrix_computation/results/continous_fixed_toplogies/more_local_40bench_continuous_fixed_v1/j0068_more_continuous_c06_weierstrass_torus_12_maxDistance_r1,/home/maja/Studia/Magisterskie/Islands/islandsEA_student_fork/more_local_matrix_computation/results/continous_fixed_toplogies/more_local_40bench_continuous_fixed_v1/j0068_more_continuous_c06_weierstrass_torus_12_maxDistance_r1/summary.csv,more_continuous_c06_weierstrass_torus_12_maxDistance_r1,continous_fixed_toplogies,more_local_40bench_continuous_fixed_v1,continuous,68,1,/home/maja/Studia/Magisterskie/Islands/islandsEA_student_fork/islands_desync/logs/more_local_40bench_continuous_fixed_v1/c06_30/j0068 12mt-co20ilu2,c06_weierstrass,30,1000,16,4,12,torus,maxDistance,plain,20,2,12,627.6016586019103,627.95257907171,628.0216002371542,628.3064324037605,0.2309112379018823,-0.06902116544415549,0,,6,1,627.95257907171,627.6016586019103,12,1,246,645.445902658747,627.6016586019103,17.8442440568366,,,,645.445902658747,627.6016586019103,17.8442440568366,20.0,1000.0,618091.1050347448,630.7052092191274,632.0782046117528,629.4414956554658,627.8309812457799,627.6016586019103,976.0,44.0,128.0,260.0,512.0,48,24,0.18181818181818182,4,4,4.0,4,4,4.0,1,12
/home/maja/Studia/Magisterskie/Islands/islandsEA_student_fork/more_local_matrix_computation/results/continous_fixed_toplogies/more_local_40bench_continuous_fixed_v1/j0069_more_continuous_c06_weierstrass_complete_12_random_r1,/home/maja/Studia/Magisterskie/Islands/islandsEA_student_fork/more_local_matrix_computation/results/continous_fixed_toplogies/more_local_40bench_continuous_fixed_v1/j0069_more_continuous_c06_weierstrass_complete_12_random_r1/summary.csv,more_continuous_c06_weierstrass_complete_12_random_r1,continous_fixed_toplogies,more_local_40bench_continuous_fixed_v1,continuous,69,1,/home/maja/Studia/Magisterskie/Islands/islandsEA_student_fork/islands_desync/logs/more_local_40bench_continuous_fixed_v1/c06_30/j0069 12rc-co20ilu2,c06_weierstrass,30,1000,16,4,12,complete,random,plain,20,2,12,631.7243729586713,631.969553769797,631.9659679299339,632.1976219696974,0.16064661361434157,0.0035858398631489763,0,,1,1,631.969553769797,631.7243729586713,12,1,246,643.602369925709,631.7243729586713,11.877996967037689,,,,643.602369925709,631.7243729586713,11.877996967037689,20.0,1000.0,622090.6333763778,634.7863605881406,636.4752662727104,634.2181991427351,632.2044636158175,631.7243729586713,996.0,100.0,208.0,404.0,636.0,132,0,1.0,11,11,11.0,11,11,11.0,1,12
/home/maja/Studia/Magisterskie/Islands/islandsEA_student_fork/more_local_matrix_computation/results/continous_fixed_toplogies/more_local_40bench_continuous_fixed_v1/j0070_more_continuous_c06_weierstrass_complete_12_best_r1,/home/maja/Studia/Magisterskie/Islands/islandsEA_student_fork/more_local_matrix_computation/results/continous_fixed_toplogies/more_local_40bench_continuous_fixed_v1/j0070_more_continuous_c06_weierstrass_complete_12_best_r1/summary.csv,more_continuous_c06_weierstrass_complete_12_best_r1,continous_fixed_toplogies,more_local_40bench_continuous_fixed_v1,continuous,70,1,/home/maja/Studia/Magisterskie/Islands/islandsEA_student_fork/islands_desync/logs/more_local_40bench_continuous_fixed_v1/c06_30/j0070 12bc-co20ilu2,c06_weierstrass,30,1000,16,4,12,complete,best,plain,20,2,12,633.0334179299581,633.0979721973649,633.1203182047182,633.1247213743058,0.03381557338756434,-0.02234600735323511,0,,2,2,633.0979721973649,633.0334179299581,12,1,246,646.9651612380399,633.0334179299581,13.931743308081764,,,,646.9651612380399,633.0334179299581,13.931743308081764,20.0,1000.0,621909.471537058,634.6015015684266,635.2402127872231,633.3976162816699,633.1247213743058,633.0334179299581,908.0,36.0,52.0,208.0,276.0,132,0,1.0,11,11,11.0,11,11,11.0,1,12
/home/maja/Studia/Magisterskie/Islands/islandsEA_student_fork/more_local_matrix_computation/results/continous_fixed_toplogies/more_local_40bench_continuous_fixed_v1/j0071_more_continuous_c06_weierstrass_complete_12_worst_r1,/home/maja/Studia/Magisterskie/Islands/islandsEA_student_fork/more_local_matrix_computation/results/continous_fixed_toplogies/more_local_40bench_continuous_fixed_v1/j0071_more_continuous_c06_weierstrass_complete_12_worst_r1/summary.csv,more_continuous_c06_weierstrass_complete_12_worst_r1,continous_fixed_toplogies,more_local_40bench_continuous_fixed_v1,continuous,71,1,/home/maja/Studia/Magisterskie/Islands/islandsEA_student_fork/islands_desync/logs/more_local_40bench_continuous_fixed_v1/c06_30/j0071 12wc-co20ilu2,c06_weierstrass,30,1000,16,4,12,complete,worst,plain,20,2,12,632.3108035422649,632.4651355066472,632.4530782388119,632.6806715430369,0.11176498144709826,0.01205726783530281,0,,4,1,632.4651355066472,632.3108035422649,12,1,246,646.8639414867324,632.3108035422649,14.553137944467494,,,,646.8639414867324,632.3108035422649,14.553137944467494,20.0,1000.0,622027.8824646826,634.7223290455945,635.1153196587867,633.5025957918001,632.4812459620008,632.3108035422649,856.0,68.0,112.0,228.0,412.0,132,0,1.0,11,11,11.0,11,11,11.0,1,12
/home/maja/Studia/Magisterskie/Islands/islandsEA_student_fork/more_local_matrix_computation/results/continous_fixed_toplogies/more_local_40bench_continuous_fixed_v1/j0072_more_continuous_c06_weierstrass_complete_12_maxDistance_r1,/home/maja/Studia/Magisterskie/Islands/islandsEA_student_fork/more_local_matrix_computation/results/continous_fixed_toplogies/more_local_40bench_continuous_fixed_v1/j0072_more_continuous_c06_weierstrass_complete_12_maxDistance_r1/summary.csv,more_continuous_c06_weierstrass_complete_12_maxDistance_r1,continous_fixed_toplogies,more_local_40bench_continuous_fixed_v1,continuous,72,1,/home/maja/Studia/Magisterskie/Islands/islandsEA_student_fork/islands_desync/logs/more_local_40bench_continuous_fixed_v1/c06_30/j0072 12mc-co20ilu2,c06_weierstrass,30,1000,16,4,12,complete,maxDistance,plain,20,2,12,628.0156429300996,628.642718645804,628.7099586764982,629.3959455457904,0.41054211697505233,-0.0672400306941654,0,,3,1,628.642718645804,628.0156429300996,12,1,246,641.2859705932708,628.0156429300996,13.270327663171201,,,,641.2859705932708,628.0156429300996,13.270327663171201,20.0,1000.0,619572.8266187819,632.2171700191652,634.957930273408,631.2914532986919,629.3551267065534,628.0156429300996,968.0,136.0,260.0,488.0,756.0,132,0,1.0,11,11,11.0,11,11,11.0,1,12
/home/maja/Studia/Magisterskie/Islands/islandsEA_student_fork/more_local_matrix_computation/results/continous_fixed_toplogies/more_local_40bench_continuous_fixed_v1/j0073_more_continuous_c07_griewank_ring_12_random_r1,/home/maja/Studia/Magisterskie/Islands/islandsEA_student_fork/more_local_matrix_computation/results/continous_fixed_toplogies/more_local_40bench_continuous_fixed_v1/j0073_more_continuous_c07_griewank_ring_12_random_r1/summary.csv,more_continuous_c07_griewank_ring_12_random_r1,continous_fixed_toplogies,more_local_40bench_continuous_fixed_v1,continuous,73,1,/home/maja/Studia/Magisterskie/Islands/islandsEA_student_fork/islands_desync/logs/more_local_40bench_continuous_fixed_v1/c07_30/j0073 12rr-co20ilu2,c07_griewank,30,1000,16,4,12,ring,random,plain,20,2,12,705.8980955256776,739.4741267835143,731.1561139500185,822.8039704565377,35.90194603058855,8.3180128334958,2,803.075643629;822.803970457,1,1,739.4741267835143,705.8980955256776,12,1,246,1541.5553811245268,705.8980955256776,835.6572855988492,,,,1541.5553811245268,705.8980955256776,835.6572855988492,20.0,1000.0,784054.1200143768,800.0552245044662,835.9143093201388,754.5505713277377,713.4099330016151,705.8980955256776,996.0,32.0,52.0,176.0,352.0,24,12,0.09090909090909091,2,2,2.0,2,2,2.0,1,12
/home/maja/Studia/Magisterskie/Islands/islandsEA_student_fork/more_local_matrix_computation/results/continous_fixed_toplogies/more_local_40bench_continuous_fixed_v1/j0074_more_continuous_c07_griewank_ring_12_best_r1,/home/maja/Studia/Magisterskie/Islands/islandsEA_student_fork/more_local_matrix_computation/results/continous_fixed_toplogies/more_local_40bench_continuous_fixed_v1/j0074_more_continuous_c07_griewank_ring_12_best_r1/summary.csv,more_continuous_c07_griewank_ring_12_best_r1,continous_fixed_toplogies,more_local_40bench_continuous_fixed_v1,continuous,74,1,/home/maja/Studia/Magisterskie/Islands/islandsEA_student_fork/islands_desync/logs/more_local_40bench_continuous_fixed_v1/c07_30/j0074 12br-co20ilu2,c07_griewank,30,1000,16,4,12,ring,best,plain,20,2,12,704.5088204674095,745.5069794292663,712.8433932121906,923.5680877076305,68.50218028073871,32.663586217075704,2,863.471495584;923.568087708,0,1,745.5069794292663,704.5088204674095,12,1,246,1460.4616325091097,704.5088204674095,755.9528120417002,,,,1460.4616325091097,704.5088204674095,755.9528120417002,20.0,1000.0,756606.7916996315,772.047746632277,774.223411215564,726.526857610938,712.3229844168078,704.5088204674095,1000.0,24.0,56.0,124.0,224.0,24,12,0.09090909090909091,2,2,2.0,2,2,2.0,1,12
/home/maja/Studia/Magisterskie/Islands/islandsEA_student_fork/more_local_matrix_computation/results/continous_fixed_toplogies/more_local_40bench_continuous_fixed_v1/j0075_more_continuous_c07_griewank_ring_12_worst_r1,/home/maja/Studia/Magisterskie/Islands/islandsEA_student_fork/more_local_matrix_computation/results/continous_fixed_toplogies/more_local_40bench_continuous_fixed_v1/j0075_more_continuous_c07_griewank_ring_12_worst_r1/summary.csv,more_continuous_c07_griewank_ring_12_worst_r1,continous_fixed_toplogies,more_local_40bench_continuous_fixed_v1,continuous,75,1,/home/maja/Studia/Magisterskie/Islands/islandsEA_student_fork/islands_desync/logs/more_local_40bench_continuous_fixed_v1/c07_30/j0075 12wr-co20ilu2,c07_griewank,30,1000,16,4,12,ring,worst,plain,20,2,12,711.5983707020432,744.4052999838175,729.6477603784087,850.9779405036616,40.916901609026525,14.757539605408738,1,850.977940504,2,1,744.4052999838175,711.5983707020432,12,1,246,1556.8322335225057,711.5983707020432,845.2338628204625,,,,1556.8322335225057,711.5983707020432,845.2338628204625,20.0,1000.0,805053.6329504043,821.483298928984,860.7425497000396,755.0824594876983,728.7835353432188,711.5983707020432,1000.0,36.0,80.0,188.0,372.0,24,12,0.09090909090909091,2,2,2.0,2,2,2.0,1,12
/home/maja/Studia/Magisterskie/Islands/islandsEA_student_fork/more_local_matrix_computation/results/continous_fixed_toplogies/more_local_40bench_continuous_fixed_v1/j0076_more_continuous_c07_griewank_ring_12_maxDistance_r1,/home/maja/Studia/Magisterskie/Islands/islandsEA_student_fork/more_local_matrix_computation/results/continous_fixed_toplogies/more_local_40bench_continuous_fixed_v1/j0076_more_continuous_c07_griewank_ring_12_maxDistance_r1/summary.csv,more_continuous_c07_griewank_ring_12_maxDistance_r1,continous_fixed_toplogies,more_local_40bench_continuous_fixed_v1,continuous,76,1,/home/maja/Studia/Magisterskie/Islands/islandsEA_student_fork/islands_desync/logs/more_local_40bench_continuous_fixed_v1/c07_30/j0076 12mr-co20ilu2,c07_griewank,30,1000,16,4,12,ring,maxDistance,plain,20,2,12,708.4480300499866,772.4074558289032,725.6465224604974,988.4766539374863,89.82872922496442,46.760933368405745,2,912.810629646;988.476653937,1,1,772.4074558289032,708.4480300499866,12,1,246,1460.2385622239935,708.4480300499866,751.7905321740069,,,,1460.2385622239935,708.4480300499866,751.7905321740069,20.0,1000.0,773211.9349060883,788.991770312335,784.1066464659448,734.3681291589168,717.0874867539735,708.4480300499866,984.0,36.0,72.0,160.0,272.0,24,12,0.09090909090909091,2,2,2.0,2,2,2.0,1,12
/home/maja/Studia/Magisterskie/Islands/islandsEA_student_fork/more_local_matrix_computation/results/continous_fixed_toplogies/more_local_40bench_continuous_fixed_v1/j0077_more_continuous_c07_griewank_torus_12_random_r1,/home/maja/Studia/Magisterskie/Islands/islandsEA_student_fork/more_local_matrix_computation/results/continous_fixed_toplogies/more_local_40bench_continuous_fixed_v1/j0077_more_continuous_c07_griewank_torus_12_random_r1/summary.csv,more_continuous_c07_griewank_torus_12_random_r1,continous_fixed_toplogies,more_local_40bench_continuous_fixed_v1,continuous,77,1,/home/maja/Studia/Magisterskie/Islands/islandsEA_student_fork/islands_desync/logs/more_local_40bench_continuous_fixed_v1/c07_30/j0077 12rt-co20ilu2,c07_griewank,30,1000,16,4,12,torus,random,plain,20,2,12,701.632174371663,702.3829712058653,702.3312304050288,703.527343642402,0.6076681763859523,0.05174080083645549,0,,4,1,702.3829712058653,701.632174371663,12,1,246,1480.3091335773188,701.632174371663,778.6769592056557,,,,1480.3091335773188,701.632174371663,778.6769592056557,20.0,1000.0,767355.3450467011,783.0156582109196,804.4330911227833,718.2259915258473,704.6316109955362,701.632174371663,976.0,56.0,84.0,132.0,288.0,48,24,0.18181818181818182,4,4,4.0,4,4,4.0,1,12
/home/maja/Studia/Magisterskie/Islands/islandsEA_student_fork/more_local_matrix_computation/results/continous_fixed_toplogies/more_local_40bench_continuous_fixed_v1/j0078_more_continuous_c07_griewank_torus_12_best_r1,/home/maja/Studia/Magisterskie/Islands/islandsEA_student_fork/more_local_matrix_computation/results/continous_fixed_toplogies/more_local_40bench_continuous_fixed_v1/j0078_more_continuous_c07_griewank_torus_12_best_r1/summary.csv,more_continuous_c07_griewank_torus_12_best_r1,continous_fixed_toplogies,more_local_40bench_continuous_fixed_v1,continuous,78,1,/home/maja/Studia/Magisterskie/Islands/islandsEA_student_fork/islands_desync/logs/more_local_40bench_continuous_fixed_v1/c07_30/j0078 12bt-co20ilu2,c07_griewank,30,1000,16,4,12,torus,best,plain,20,2,12,701.1930762904792,701.5374269344886,701.3222949849619,702.7510785324894,0.4327024292885254,0.21513194952672166,1,702.751078532,5,1,701.5374269344886,701.1930762904792,12,1,246,1370.4380928085768,701.1930762904792,669.2450165180976,,,,1370.4380928085768,701.1930762904792,669.2450165180976,20.0,1000.0,740062.6542865997,755.1659737618364,752.4427172570201,709.3451422793611,702.0583105978345,701.1930762904792,996.0,32.0,56.0,112.0,240.0,48,24,0.18181818181818182,4,4,4.0,4,4,4.0,1,12
/home/maja/Studia/Magisterskie/Islands/islandsEA_student_fork/more_local_matrix_computation/results/continous_fixed_toplogies/more_local_40bench_continuous_fixed_v1/j0079_more_continuous_c07_griewank_torus_12_worst_r1,/home/maja/Studia/Magisterskie/Islands/islandsEA_student_fork/more_local_matrix_computation/results/continous_fixed_toplogies/more_local_40bench_continuous_fixed_v1/j0079_more_continuous_c07_griewank_torus_12_worst_r1/summary.csv,more_continuous_c07_griewank_torus_12_worst_r1,continous_fixed_toplogies,more_local_40bench_continuous_fixed_v1,continuous,79,1,/home/maja/Studia/Magisterskie/Islands/islandsEA_student_fork/islands_desync/logs/more_local_40bench_continuous_fixed_v1/c07_30/j0079 12wt-co20ilu2,c07_griewank,30,1000,16,4,12,torus,worst,plain,20,2,12,705.1837150327594,707.500807126674,707.5892630466303,709.0278826944141,1.1558931957208598,-0.0884559199563455,0,,0,1,707.500807126674,705.1837150327594,12,1,246,1448.4477934409952,705.1837150327594,743.2640784082357,,,,1448.4477934409952,705.1837150327594,743.2640784082357,20.0,1000.0,771806.5930459878,787.5577480061099,772.7740093130566,730.9183767903684,711.0883538176066,705.1837150327594,992.0,56.0,88.0,136.0,244.0,48,24,0.18181818181818182,4,4,4.0,4,4,4.0,1,12
/home/maja/Studia/Magisterskie/Islands/islandsEA_student_fork/more_local_matrix_computation/results/continous_fixed_toplogies/more_local_40bench_continuous_fixed_v1/j0080_more_continuous_c07_griewank_torus_12_maxDistance_r1,/home/maja/Studia/Magisterskie/Islands/islandsEA_student_fork/more_local_matrix_computation/results/continous_fixed_toplogies/more_local_40bench_continuous_fixed_v1/j0080_more_continuous_c07_griewank_torus_12_maxDistance_r1/summary.csv,more_continuous_c07_griewank_torus_12_maxDistance_r1,continous_fixed_toplogies,more_local_40bench_continuous_fixed_v1,continuous,80,1,/home/maja/Studia/Magisterskie/Islands/islandsEA_student_fork/islands_desync/logs/more_local_40bench_continuous_fixed_v1/c07_30/j0080 12mt-co20ilu2,c07_griewank,30,1000,16,4,12,torus,maxDistance,plain,20,2,12,701.4829237016011,702.2486708296184,702.0638446890165,704.4384102259262,0.7472318057314126,0.18482614060189917,1,704.438410226,0,1,702.2486708296184,701.4829237016011,12,1,246,1633.054949431968,701.4829237016011,931.5720257303669,,,,1633.054949431968,701.4829237016011,931.5720257303669,20.0,1000.0,764322.9361567097,779.9213634252139,771.7775426943144,718.9904670060681,703.5053529315278,701.4829237016011,1000.0,28.0,44.0,124.0,232.0,48,24,0.18181818181818182,4,4,4.0,4,4,4.0,1,12
/home/maja/Studia/Magisterskie/Islands/islandsEA_student_fork/more_local_matrix_computation/results/continous_fixed_toplogies/more_local_40bench_continuous_fixed_v1/j0081_more_continuous_c07_griewank_complete_12_random_r1,/home/maja/Studia/Magisterskie/Islands/islandsEA_student_fork/more_local_matrix_computation/results/continous_fixed_toplogies/more_local_40bench_continuous_fixed_v1/j0081_more_continuous_c07_griewank_complete_12_random_r1/summary.csv,more_continuous_c07_griewank_complete_12_random_r1,continous_fixed_toplogies,more_local_40bench_continuous_fixed_v1,continuous,81,1,/home/maja/Studia/Magisterskie/Islands/islandsEA_student_fork/islands_desync/logs/more_local_40bench_continuous_fixed_v1/c07_30/j0081 12rc-co20ilu2,c07_griewank,30,1000,16,4,12,complete,random,plain,20,2,12,701.5493794346795,702.0160645322934,701.8031160950095,703.8206660124675,0.6049842484906203,0.21294843728389878,3,702.489419399;703.820666012;702.294702364,5,1,702.0160645322934,701.5493794346795,12,1,246,1480.1133477631947,701.5493794346795,778.5639683285152,,,,1480.1133477631947,701.5493794346795,778.5639683285152,20.0,1000.0,756996.9004228624,772.4458167580228,766.9166768097057,716.0585112573812,705.6377493927304,701.5493794346795,1000.0,40.0,64.0,128.0,236.0,132,0,1.0,11,11,11.0,11,11,11.0,1,12
/home/maja/Studia/Magisterskie/Islands/islandsEA_student_fork/more_local_matrix_computation/results/continous_fixed_toplogies/more_local_40bench_continuous_fixed_v1/j0082_more_continuous_c07_griewank_complete_12_best_r1,/home/maja/Studia/Magisterskie/Islands/islandsEA_student_fork/more_local_matrix_computation/results/continous_fixed_toplogies/more_local_40bench_continuous_fixed_v1/j0082_more_continuous_c07_griewank_complete_12_best_r1/summary.csv,more_continuous_c07_griewank_complete_12_best_r1,continous_fixed_toplogies,more_local_40bench_continuous_fixed_v1,continuous,82,1,/home/maja/Studia/Magisterskie/Islands/islandsEA_student_fork/islands_desync/logs/more_local_40bench_continuous_fixed_v1/c07_30/j0082 12bc-co20ilu2,c07_griewank,30,1000,16,4,12,complete,best,plain,20,2,12,701.0727772936015,701.1905471539982,701.1229152429097,701.5395405762775,0.13104438880333516,0.06763191108848332,1,701.539540576,5,1,701.1905471539982,701.0727772936015,12,1,246,1501.7797185139652,701.0727772936015,800.7069412203638,,,,1501.7797185139652,701.0727772936015,800.7069412203638,20.0,1000.0,728662.3665251479,743.5330270664775,730.8773101042121,704.2556206082984,701.2057107352239,701.0727772936015,996.0,36.0,52.0,80.0,152.0,132,0,1.0,11,11,11.0,11,11,11.0,1,12
/home/maja/Studia/Magisterskie/Islands/islandsEA_student_fork/more_local_matrix_computation/results/continous_fixed_toplogies/more_local_40bench_continuous_fixed_v1/j0083_more_continuous_c07_griewank_complete_12_worst_r1,/home/maja/Studia/Magisterskie/Islands/islandsEA_student_fork/more_local_matrix_computation/results/continous_fixed_toplogies/more_local_40bench_continuous_fixed_v1/j0083_more_continuous_c07_griewank_complete_12_worst_r1/summary.csv,more_continuous_c07_griewank_complete_12_worst_r1,continous_fixed_toplogies,more_local_40bench_continuous_fixed_v1,continuous,83,1,/home/maja/Studia/Magisterskie/Islands/islandsEA_student_fork/islands_desync/logs/more_local_40bench_continuous_fixed_v1/c07_30/j0083 12wc-co20ilu2,c07_griewank,30,1000,16,4,12,complete,worst,plain,20,2,12,701.5505843603363,702.44366769903,702.1993326681895,704.101608063273,0.7601865333509459,0.2443350308404888,0,,2,1,702.44366769903,701.5505843603363,12,1,246,1532.0689672922724,701.5505843603363,830.5183829319361,,,,1532.0689672922724,701.5505843603363,830.5183829319361,20.0,1000.0,768176.5469346287,783.8536193210498,796.8177438395642,714.7715887718962,704.0303107139506,701.5505843603363,992.0,48.0,64.0,148.0,252.0,132,0,1.0,11,11,11.0,11,11,11.0,1,12
/home/maja/Studia/Magisterskie/Islands/islandsEA_student_fork/more_local_matrix_computation/results/continous_fixed_toplogies/more_local_40bench_continuous_fixed_v1/j0084_more_continuous_c07_griewank_complete_12_maxDistance_r1,/home/maja/Studia/Magisterskie/Islands/islandsEA_student_fork/more_local_matrix_computation/results/continous_fixed_toplogies/more_local_40bench_continuous_fixed_v1/j0084_more_continuous_c07_griewank_complete_12_maxDistance_r1/summary.csv,more_continuous_c07_griewank_complete_12_maxDistance_r1,continous_fixed_toplogies,more_local_40bench_continuous_fixed_v1,continuous,84,1,/home/maja/Studia/Magisterskie/Islands/islandsEA_student_fork/islands_desync/logs/more_local_40bench_continuous_fixed_v1/c07_30/j0084 12mc-co20ilu2,c07_griewank,30,1000,16,4,12,complete,maxDistance,plain,20,2,12,701.3981574498393,701.8434514175267,701.6841750205137,702.4086856728245,0.39469798453085475,0.15927639701294538,0,,1,1,701.8434514175267,701.3981574498393,12,1,246,1510.942368003473,701.3981574498393,809.5442105536335,,,,1510.942368003473,701.3981574498393,809.5442105536335,20.0,1000.0,761157.813049068,776.6916459684367,769.1896528523594,715.7815304866083,704.1698848306414,701.3981574498393,996.0,52.0,80.0,136.0,240.0,132,0,1.0,11,11,11.0,11,11,11.0,1,12
/home/maja/Studia/Magisterskie/Islands/islandsEA_student_fork/more_local_matrix_computation/results/continous_fixed_toplogies/more_local_40bench_continuous_fixed_v1/j0085_more_continuous_c08_rastrigin_ring_12_random_r1,/home/maja/Studia/Magisterskie/Islands/islandsEA_student_fork/more_local_matrix_computation/results/continous_fixed_toplogies/more_local_40bench_continuous_fixed_v1/j0085_more_continuous_c08_rastrigin_ring_12_random_r1/summary.csv,more_continuous_c08_rastrigin_ring_12_random_r1,continous_fixed_toplogies,more_local_40bench_continuous_fixed_v1,continuous,85,1,/home/maja/Studia/Magisterskie/Islands/islandsEA_student_fork/islands_desync/logs/more_local_40bench_continuous_fixed_v1/c08_30/j0085 12rr-co20ilu2,c08_rastrigin,30,1000,16,4,12,ring,random,plain,20,2,12,839.2461120859301,888.8676352811159,854.2311508963935,1025.5658799634064,57.720293226585696,34.636484384722394,1,1025.56587996,0,1,888.8676352811159,839.2461120859301,12,1,246,1299.6073368198195,839.2461120859301,460.36122473388934,,,,1299.6073368198195,839.2461120859301,460.36122473388934,20.0,1000.0,899527.7095153404,917.8854178727963,964.1276251946687,861.2839179438255,843.787227795228,839.2461120859301,1000.0,52.0,140.0,280.0,400.0,24,12,0.09090909090909091,2,2,2.0,2,2,2.0,1,12
/home/maja/Studia/Magisterskie/Islands/islandsEA_student_fork/more_local_matrix_computation/results/continous_fixed_toplogies/more_local_40bench_continuous_fixed_v1/j0086_more_continuous_c08_rastrigin_ring_12_best_r1,/home/maja/Studia/Magisterskie/Islands/islandsEA_student_fork/more_local_matrix_computation/results/continous_fixed_toplogies/more_local_40bench_continuous_fixed_v1/j0086_more_continuous_c08_rastrigin_ring_12_best_r1/summary.csv,more_continuous_c08_rastrigin_ring_12_best_r1,continous_fixed_toplogies,more_local_40bench_continuous_fixed_v1,continuous,86,1,/home/maja/Studia/Magisterskie/Islands/islandsEA_student_fork/islands_desync/logs/more_local_40bench_continuous_fixed_v1/c08_30/j0086 12br-co20ilu2,c08_rastrigin,30,1000,16,4,12,ring,best,plain,20,2,12,810.3622656352645,853.0682682768401,826.6049773919113,961.2992122725269,46.63110303646859,26.46329088492871,1,961.299212273,1,1,853.0682682768401,810.3622656352645,12,1,246,1326.9135377902185,810.3622656352645,516.551272154954,,,,1326.9135377902185,810.3622656352645,516.551272154954,20.0,1000.0,863316.1288820764,880.9348253898738,900.4916080017495,836.8881979540499,814.7750315506458,810.3622656352645,992.0,56.0,96.0,212.0,356.0,24,12,0.09090909090909091,2,2,2.0,2,2,2.0,1,12
/home/maja/Studia/Magisterskie/Islands/islandsEA_student_fork/more_local_matrix_computation/results/continous_fixed_toplogies/more_local_40bench_continuous_fixed_v1/j0087_more_continuous_c08_rastrigin_ring_12_worst_r1,/home/maja/Studia/Magisterskie/Islands/islandsEA_student_fork/more_local_matrix_computation/results/continous_fixed_toplogies/more_local_40bench_continuous_fixed_v1/j0087_more_continuous_c08_rastrigin_ring_12_worst_r1/summary.csv,more_continuous_c08_rastrigin_ring_12_worst_r1,continous_fixed_toplogies,more_local_40bench_continuous_fixed_v1,continuous,87,1,/home/maja/Studia/Magisterskie/Islands/islandsEA_student_fork/islands_desync/logs/more_local_40bench_continuous_fixed_v1/c08_30/j0087 12wr-co20ilu2,c08_rastrigin,30,1000,16,4,12,ring,worst,plain,20,2,12,835.2920299530555,872.7216408531762,867.0661413230957,942.2432556186473,35.5396418666338,5.655499530080419,0,,1,1,872.7216408531762,835.2920299530555,12,1,246,1326.089009145747,835.2920299530555,490.79697919269154,,,,1326.089009145747,835.2920299530555,490.79697919269154,20.0,1000.0,910078.986779455,928.6520273259745,1008.0962858901855,874.2833475212217,851.3993320484202,835.2920299530555,972.0,44.0,160.0,280.0,464.0,24,12,0.09090909090909091,2,2,2.0,2,2,2.0,1,12
/home/maja/Studia/Magisterskie/Islands/islandsEA_student_fork/more_local_matrix_computation/results/continous_fixed_toplogies/more_local_40bench_continuous_fixed_v1/j0088_more_continuous_c08_rastrigin_ring_12_maxDistance_r1,/home/maja/Studia/Magisterskie/Islands/islandsEA_student_fork/more_local_matrix_computation/results/continous_fixed_toplogies/more_local_40bench_continuous_fixed_v1/j0088_more_continuous_c08_rastrigin_ring_12_maxDistance_r1/summary.csv,more_continuous_c08_rastrigin_ring_12_maxDistance_r1,continous_fixed_toplogies,more_local_40bench_continuous_fixed_v1,continuous,88,1,/home/maja/Studia/Magisterskie/Islands/islandsEA_student_fork/islands_desync/logs/more_local_40bench_continuous_fixed_v1/c08_30/j0088 12mr-co20ilu2,c08_rastrigin,30,1000,16,4,12,ring,maxDistance,plain,20,2,12,843.6565669144873,889.2558168185859,871.4095090850535,1026.4131431146295,51.69781562077774,17.8463077335324,1,1026.41314311,0,1,889.2558168185859,843.6565669144873,12,1,246,1263.424461652146,843.6565669144873,419.7678947376587,,,,1263.424461652146,843.6565669144873,419.7678947376587,20.0,1000.0,919453.0826762085,938.2174313022535,993.0747448497893,891.1542067830017,854.210902156844,843.6565669144873,1000.0,100.0,156.0,348.0,508.0,24,12,0.09090909090909091,2,2,2.0,2,2,2.0,1,12
/home/maja/Studia/Magisterskie/Islands/islandsEA_student_fork/more_local_matrix_computation/results/continous_fixed_toplogies/more_local_40bench_continuous_fixed_v1/j0089_more_continuous_c08_rastrigin_torus_12_random_r1,/home/maja/Studia/Magisterskie/Islands/islandsEA_student_fork/more_local_matrix_computation/results/continous_fixed_toplogies/more_local_40bench_continuous_fixed_v1/j0089_more_continuous_c08_rastrigin_torus_12_random_r1/summary.csv,more_continuous_c08_rastrigin_torus_12_random_r1,continous_fixed_toplogies,more_local_40bench_continuous_fixed_v1,continuous,89,1,/home/maja/Studia/Magisterskie/Islands/islandsEA_student_fork/islands_desync/logs/more_local_40bench_continuous_fixed_v1/c08_30/j0089 12rt-co20ilu2,c08_rastrigin,30,1000,16,4,12,torus,random,plain,20,2,12,818.6051086151505,820.1925533419205,819.6877009050377,823.5343980564375,1.3994452008718956,0.5048524368828566,0,,8,1,820.1925533419205,818.6051086151505,12,1,246,1315.7792853366718,818.6051086151505,497.17417672152135,,,,1315.7792853366718,818.6051086151505,497.17417672152135,20.0,1000.0,880201.9314761724,898.165236200176,946.024824649425,848.7327215555166,827.0790480954855,818.6051086151505,964.0,52.0,112.0,252.0,432.0,48,24,0.18181818181818182,4,4,4.0,4,4,4.0,1,12
/home/maja/Studia/Magisterskie/Islands/islandsEA_student_fork/more_local_matrix_computation/results/continous_fixed_toplogies/more_local_40bench_continuous_fixed_v1/j0090_more_continuous_c08_rastrigin_torus_12_best_r1,/home/maja/Studia/Magisterskie/Islands/islandsEA_student_fork/more_local_matrix_computation/results/continous_fixed_toplogies/more_local_40bench_continuous_fixed_v1/j0090_more_continuous_c08_rastrigin_torus_12_best_r1/summary.csv,more_continuous_c08_rastrigin_torus_12_best_r1,continous_fixed_toplogies,more_local_40bench_continuous_fixed_v1,continuous,90,1,/home/maja/Studia/Magisterskie/Islands/islandsEA_student_fork/islands_desync/logs/more_local_40bench_continuous_fixed_v1/c08_30/j0090 12bt-co20ilu2,c08_rastrigin,30,1000,16,4,12,torus,best,plain,20,2,12,814.0526902773604,814.4613242754925,814.3681355618224,815.1989001062716,0.3764952044013629,0.09318871367008796,0,,8,2,814.4613242754925,814.0526902773604,12,1,246,1288.1356740990386,814.0526902773604,474.0829838216782,,,,1288.1356740990386,814.0526902773604,474.0829838216782,20.0,1000.0,857906.2362470968,875.4145267827519,888.5283596022477,825.2701617459239,815.1941600772126,814.0526902773604,972.0,52.0,108.0,212.0,308.0,48,24,0.18181818181818182,4,4,4.0,4,4,4.0,1,12
/home/maja/Studia/Magisterskie/Islands/islandsEA_student_fork/more_local_matrix_computation/results/continous_fixed_toplogies/more_local_40bench_continuous_fixed_v1/j0091_more_continuous_c08_rastrigin_torus_12_worst_r1,/home/maja/Studia/Magisterskie/Islands/islandsEA_student_fork/more_local_matrix_computation/results/continous_fixed_toplogies/more_local_40bench_continuous_fixed_v1/j0091_more_continuous_c08_rastrigin_torus_12_worst_r1/summary.csv,more_continuous_c08_rastrigin_torus_12_worst_r1,continous_fixed_toplogies,more_local_40bench_continuous_fixed_v1,continuous,91,1,/home/maja/Studia/Magisterskie/Islands/islandsEA_student_fork/islands_desync/logs/more_local_40bench_continuous_fixed_v1/c08_30/j0091 12wt-co20ilu2,c08_rastrigin,30,1000,16,4,12,torus,worst,plain,20,2,12,816.1633128100946,822.882346892155,822.1298543535886,834.6990303077897,5.05263834286433,0.7524925385664574,0,,7,1,822.882346892155,816.1633128100946,12,1,246,1219.529782240084,816.1633128100946,403.36646942998937,,,,1219.529782240084,816.1633128100946,403.36646942998937,20.0,1000.0,881806.6530220038,899.80270716531,937.0038667869629,854.5080298278708,821.9947913942473,816.1633128100946,992.0,96.0,172.0,336.0,484.0,48,24,0.18181818181818182,4,4,4.0,4,4,4.0,1,12
/home/maja/Studia/Magisterskie/Islands/islandsEA_student_fork/more_local_matrix_computation/results/continous_fixed_toplogies/more_local_40bench_continuous_fixed_v1/j0092_more_continuous_c08_rastrigin_torus_12_maxDistance_r1,/home/maja/Studia/Magisterskie/Islands/islandsEA_student_fork/more_local_matrix_computation/results/continous_fixed_toplogies/more_local_40bench_continuous_fixed_v1/j0092_more_continuous_c08_rastrigin_torus_12_maxDistance_r1/summary.csv,more_continuous_c08_rastrigin_torus_12_maxDistance_r1,continous_fixed_toplogies,more_local_40bench_continuous_fixed_v1,continuous,92,1,/home/maja/Studia/Magisterskie/Islands/islandsEA_student_fork/islands_desync/logs/more_local_40bench_continuous_fixed_v1/c08_30/j0092 12mt-co20ilu2,c08_rastrigin,30,1000,16,4,12,torus,maxDistance,plain,20,2,12,816.4749137738877,819.7942296712333,819.7562324093317,825.3028784100702,2.6627175694056526,0.0379972619016371,0,,2,1,819.7942296712333,816.4749137738877,12,1,246,1257.763651585284,816.4749137738877,441.28873781139623,,,,1257.763651585284,816.4749137738877,441.28873781139623,20.0,1000.0,884971.6913408987,903.0323381029579,966.1953627298972,863.662637820582,830.6713871995113,816.4749137738877,988.0,68.0,172.0,252.0,540.0,48,24,0.18181818181818182,4,4,4.0,4,4,4.0,1,12
/home/maja/Studia/Magisterskie/Islands/islandsEA_student_fork/more_local_matrix_computation/results/continous_fixed_toplogies/more_local_40bench_continuous_fixed_v1/j0093_more_continuous_c08_rastrigin_complete_12_random_r1,/home/maja/Studia/Magisterskie/Islands/islandsEA_student_fork/more_local_matrix_computation/results/continous_fixed_toplogies/more_local_40bench_continuous_fixed_v1/j0093_more_continuous_c08_rastrigin_complete_12_random_r1/summary.csv,more_continuous_c08_rastrigin_complete_12_random_r1,continous_fixed_toplogies,more_local_40bench_continuous_fixed_v1,continuous,93,1,/home/maja/Studia/Magisterskie/Islands/islandsEA_student_fork/islands_desync/logs/more_local_40bench_continuous_fixed_v1/c08_30/j0093 12rc-co20ilu2,c08_rastrigin,30,1000,16,4,12,complete,random,plain,20,2,12,825.2503470148125,826.1504484922705,825.9406325443063,828.2044833077111,0.829986748762304,0.20981594796421632,0,,9,1,826.1504484922705,825.2503470148125,12,1,246,1300.6165438902703,825.2503470148125,475.36619687545783,,,,1300.6165438902703,825.2503470148125,475.36619687545783,20.0,1000.0,879847.4742325566,897.8035451352619,940.2044387285805,848.6163883915108,828.2735104826596,825.2503470148125,996.0,64.0,116.0,236.0,360.0,132,0,1.0,11,11,11.0,11,11,11.0,1,12
/home/maja/Studia/Magisterskie/Islands/islandsEA_student_fork/more_local_matrix_computation/results/continous_fixed_toplogies/more_local_40bench_continuous_fixed_v1/j0094_more_continuous_c08_rastrigin_complete_12_best_r1,/home/maja/Studia/Magisterskie/Islands/islandsEA_student_fork/more_local_matrix_computation/results/continous_fixed_toplogies/more_local_40bench_continuous_fixed_v1/j0094_more_continuous_c08_rastrigin_complete_12_best_r1/summary.csv,more_continuous_c08_rastrigin_complete_12_best_r1,continous_fixed_toplogies,more_local_40bench_continuous_fixed_v1,continuous,94,1,/home/maja/Studia/Magisterskie/Islands/islandsEA_student_fork/islands_desync/logs/more_local_40bench_continuous_fixed_v1/c08_30/j0094 12bc-co20ilu2,c08_rastrigin,30,1000,16,4,12,complete,best,plain,20,2,12,825.1408486217679,825.3140094057192,825.3310598478238,825.4810053845167,0.12370478692035841,-0.017050442104618924,0,,9,1,825.3140094057192,825.1408486217679,12,1,246,1317.7317465398291,825.1408486217679,492.5908979180613,,,,1317.7317465398291,825.1408486217679,492.5908979180613,20.0,1000.0,856182.5508402564,873.6556641227106,870.4648453440851,831.5650792963759,825.9391842584794,825.1408486217679,932.0,40.0,72.0,156.0,248.0,132,0,1.0,11,11,11.0,11,11,11.0,1,12
/home/maja/Studia/Magisterskie/Islands/islandsEA_student_fork/more_local_matrix_computation/results/continous_fixed_toplogies/more_local_40bench_continuous_fixed_v1/j0095_more_continuous_c08_rastrigin_complete_12_worst_r1,/home/maja/Studia/Magisterskie/Islands/islandsEA_student_fork/more_local_matrix_computation/results/continous_fixed_toplogies/more_local_40bench_continuous_fixed_v1/j0095_more_continuous_c08_rastrigin_complete_12_worst_r1/summary.csv,more_continuous_c08_rastrigin_complete_12_worst_r1,continous_fixed_toplogies,more_local_40bench_continuous_fixed_v1,continuous,95,1,/home/maja/Studia/Magisterskie/Islands/islandsEA_student_fork/islands_desync/logs/more_local_40bench_continuous_fixed_v1/c08_30/j0095 12wc-co20ilu2,c08_rastrigin,30,1000,16,4,12,complete,worst,plain,20,2,12,820.4183008138606,821.0390347888984,820.8543292261202,822.0503627107247,0.48196648902306183,0.18470556277827654,1,822.050362711,1,1,821.0390347888984,820.4183008138606,12,1,246,1251.1061016729286,820.4183008138606,430.68780085906803,,,,1251.1061016729286,820.4183008138606,430.68780085906803,20.0,1000.0,872223.5760511417,890.0240571950426,934.6299629528828,836.0821717177438,823.5171089246619,820.4183008138606,992.0,64.0,152.0,252.0,356.0,132,0,1.0,11,11,11.0,11,11,11.0,1,12
/home/maja/Studia/Magisterskie/Islands/islandsEA_student_fork/more_local_matrix_computation/results/continous_fixed_toplogies/more_local_40bench_continuous_fixed_v1/j0096_more_continuous_c08_rastrigin_complete_12_maxDistance_r1,/home/maja/Studia/Magisterskie/Islands/islandsEA_student_fork/more_local_matrix_computation/results/continous_fixed_toplogies/more_local_40bench_continuous_fixed_v1/j0096_more_continuous_c08_rastrigin_complete_12_maxDistance_r1/summary.csv,more_continuous_c08_rastrigin_complete_12_maxDistance_r1,continous_fixed_toplogies,more_local_40bench_continuous_fixed_v1,continuous,96,1,/home/maja/Studia/Magisterskie/Islands/islandsEA_student_fork/islands_desync/logs/more_local_40bench_continuous_fixed_v1/c08_30/j0096 12mc-co20ilu2,c08_rastrigin,30,1000,16,4,12,complete,maxDistance,plain,20,2,12,825.8718472813176,826.9991676265206,826.8633924147285,828.1124501951156,0.6794035926194532,0.13577521179206542,0,,7,1,826.9991676265206,825.8718472813176,12,1,246,1276.123865787717,825.8718472813176,450.2520185063994,,,,1276.123865787717,825.8718472813176,450.2520185063994,20.0,1000.0,869347.2331443771,887.0890134126297,912.2734719859626,839.3861481142002,827.8765254690219,825.8718472813176,972.0,56.0,136.0,192.0,328.0,132,0,1.0,11,11,11.0,11,11,11.0,1,12
/home/maja/Studia/Magisterskie/Islands/islandsEA_student_fork/more_local_matrix_computation/results/continous_fixed_toplogies/more_local_40bench_continuous_fixed_v1/j0097_more_continuous_c09_rot_rastrigin_ring_12_random_r1,/home/maja/Studia/Magisterskie/Islands/islandsEA_student_fork/more_local_matrix_computation/results/continous_fixed_toplogies/more_local_40bench_continuous_fixed_v1/j0097_more_continuous_c09_rot_rastrigin_ring_12_random_r1/summary.csv,more_continuous_c09_rot_rastrigin_ring_12_random_r1,continous_fixed_toplogies,more_local_40bench_continuous_fixed_v1,continuous,97,1,/home/maja/Studia/Magisterskie/Islands/islandsEA_student_fork/islands_desync/logs/more_local_40bench_continuous_fixed_v1/c09_30/j0097 12rr-co20ilu2,c09_rot_rastrigin,30,1000,16,4,12,ring,random,plain,20,2,12,998.6433155115661,1019.5180477418862,1009.7502954809408,1085.03406674097,22.26764353344018,9.767752260945372,1,1085.03406674,7,1,1019.5180477418862,998.6433155115661,12,1,246,1382.2256934068246,998.6433155115661,383.58237789525845,,,,1382.2256934068246,998.6433155115661,383.58237789525845,20.0,1000.0,1066745.8298311017,1088.5161528888793,1151.9445603491763,1059.7848848294097,1017.5860551462608,998.6433155115661,984.0,68.0,164.0,396.0,636.0,24,12,0.09090909090909091,2,2,2.0,2,2,2.0,1,12
/home/maja/Studia/Magisterskie/Islands/islandsEA_student_fork/more_local_matrix_computation/results/continous_fixed_toplogies/more_local_40bench_continuous_fixed_v1/j0098_more_continuous_c09_rot_rastrigin_ring_12_best_r1,/home/maja/Studia/Magisterskie/Islands/islandsEA_student_fork/more_local_matrix_computation/results/continous_fixed_toplogies/more_local_40bench_continuous_fixed_v1/j0098_more_continuous_c09_rot_rastrigin_ring_12_best_r1/summary.csv,more_continuous_c09_rot_rastrigin_ring_12_best_r1,continous_fixed_toplogies,more_local_40bench_continuous_fixed_v1,continuous,98,1,/home/maja/Studia/Magisterskie/Islands/islandsEA_student_fork/islands_desync/logs/more_local_40bench_continuous_fixed_v1/c09_30/j0098 12br-co20ilu2,c09_rot_rastrigin,30,1000,16,4,12,ring,best,plain,20,2,12,1014.0480397716435,1023.6696243377737,1017.3948119409608,1093.9317517104996,21.23965062970652,6.274812396812877,1,1093.93175171,8,1,1023.6696243377737,1014.0480397716435,12,1,246,1336.560634100374,1014.0480397716435,322.51259432873053,,,,1336.560634100374,1014.0480397716435,322.51259432873053,20.0,1000.0,1061479.193835082,1083.1420345255938,1120.261424502639,1042.1573361837036,1021.046060463613,1014.0480397716435,996.0,80.0,204.0,288.0,476.0,24,12,0.09090909090909091,2,2,2.0,2,2,2.0,1,12
/home/maja/Studia/Magisterskie/Islands/islandsEA_student_fork/more_local_matrix_computation/results/continous_fixed_toplogies/more_local_40bench_continuous_fixed_v1/j0099_more_continuous_c09_rot_rastrigin_ring_12_worst_r1,/home/maja/Studia/Magisterskie/Islands/islandsEA_student_fork/more_local_matrix_computation/results/continous_fixed_toplogies/more_local_40bench_continuous_fixed_v1/j0099_more_continuous_c09_rot_rastrigin_ring_12_worst_r1/summary.csv,more_continuous_c09_rot_rastrigin_ring_12_worst_r1,continous_fixed_toplogies,more_local_40bench_continuous_fixed_v1,continuous,99,1,/home/maja/Studia/Magisterskie/Islands/islandsEA_student_fork/islands_desync/logs/more_local_40bench_continuous_fixed_v1/c09_30/j0099 12wr-co20ilu2,c09_rot_rastrigin,30,1000,16,4,12,ring,worst,plain,20,2,12,985.511510916303,1037.7453980467783,1071.9150183887346,1075.2420027303974,41.89079038632351,-34.16962034195626,0,,1,1,1037.7453980467783,985.511510916303,12,1,246,1404.1423360640379,985.511510916303,418.63082514773487,,,,1404.1423360640379,985.511510916303,418.63082514773487,20.0,1000.0,1041934.7164828404,1063.1986902886126,1125.8091603198159,1020.3175638291028,993.0736266662462,985.511510916303,988.0,28.0,176.0,280.0,468.0,24,12,0.09090909090909091,2,2,2.0,2,2,2.0,1,12
/home/maja/Studia/Magisterskie/Islands/islandsEA_student_fork/more_local_matrix_computation/results/continous_fixed_toplogies/more_local_40bench_continuous_fixed_v1/j0100_more_continuous_c09_rot_rastrigin_ring_12_maxDistance_r1,/home/maja/Studia/Magisterskie/Islands/islandsEA_student_fork/more_local_matrix_computation/results/continous_fixed_toplogies/more_local_40bench_continuous_fixed_v1/j0100_more_continuous_c09_rot_rastrigin_ring_12_maxDistance_r1/summary.csv,more_continuous_c09_rot_rastrigin_ring_12_maxDistance_r1,continous_fixed_toplogies,more_local_40bench_continuous_fixed_v1,continuous,100,1,/home/maja/Studia/Magisterskie/Islands/islandsEA_student_fork/islands_desync/logs/more_local_40bench_continuous_fixed_v1/c09_30/j0100 12mr-co20ilu2,c09_rot_rastrigin,30,1000,16,4,12,ring,maxDistance,plain,20,2,12,1013.8847071692483,1041.5858014504443,1020.5837569579724,1184.1143172192453,46.52755632614233,21.002044492471896,1,1184.11431722,3,1,1041.5858014504443,1013.8847071692483,12,1,246,1358.7358821934458,1013.8847071692483,344.8511750241976,,,,1358.7358821934458,1013.8847071692483,344.8511750241976,20.0,1000.0,1073565.0842895822,1095.474575805696,1151.346517104262,1060.6187464436043,1025.4337167452427,1013.8847071692483,1000.0,80.0,212.0,360.0,576.0,24,12,0.09090909090909091,2,2,2.0,2,2,2.0,1,12
/home/maja/Studia/Magisterskie/Islands/islandsEA_student_fork/more_local_matrix_computation/results/continous_fixed_toplogies/more_local_40bench_continuous_fixed_v1/j0101_more_continuous_c09_rot_rastrigin_torus_12_random_r1,/home/maja/Studia/Magisterskie/Islands/islandsEA_student_fork/more_local_matrix_computation/results/continous_fixed_toplogies/more_local_40bench_continuous_fixed_v1/j0101_more_continuous_c09_rot_rastrigin_torus_12_random_r1/summary.csv,more_continuous_c09_rot_rastrigin_torus_12_random_r1,continous_fixed_toplogies,more_local_40bench_continuous_fixed_v1,continuous,101,1,/home/maja/Studia/Magisterskie/Islands/islandsEA_student_fork/islands_desync/logs/more_local_40bench_continuous_fixed_v1/c09_30/j0101 12rt-co20ilu2,c09_rot_rastrigin,30,1000,16,4,12,torus,random,plain,20,2,12,992.7511421333279,995.0930988438378,994.3455271746304,1000.5999713930737,2.4032803229743203,0.747571669207332,2,999.692274904;1000.59997139,8,1,995.0930988438378,992.7511421333279,12,1,246,1417.6052423016154,992.7511421333279,424.85410016828746,,,,1417.6052423016154,992.7511421333279,424.85410016828746,20.0,1000.0,1044200.5037410024,1065.5107181030637,1112.4710104024452,1028.9212797319813,998.9670004684981,992.7511421333279,956.0,36.0,124.0,272.0,500.0,48,24,0.18181818181818182,4,4,4.0,4,4,4.0,1,12
/home/maja/Studia/Magisterskie/Islands/islandsEA_student_fork/more_local_matrix_computation/results/continous_fixed_toplogies/more_local_40bench_continuous_fixed_v1/j0102_more_continuous_c09_rot_rastrigin_torus_12_best_r1,/home/maja/Studia/Magisterskie/Islands/islandsEA_student_fork/more_local_matrix_computation/results/continous_fixed_toplogies/more_local_40bench_continuous_fixed_v1/j0102_more_continuous_c09_rot_rastrigin_torus_12_best_r1/summary.csv,more_continuous_c09_rot_rastrigin_torus_12_best_r1,continous_fixed_toplogies,more_local_40bench_continuous_fixed_v1,continuous,102,1,/home/maja/Studia/Magisterskie/Islands/islandsEA_student_fork/islands_desync/logs/more_local_40bench_continuous_fixed_v1/c09_30/j0102 12bt-co20ilu2,c09_rot_rastrigin,30,1000,16,4,12,torus,best,plain,20,2,12,1003.4328183574283,1004.4492336161021,1004.4456965880622,1005.6269802353546,0.5901634100894175,0.003537028039886536,0,,1,1,1004.4492336161021,1003.4328183574283,12,1,246,1405.6607442972606,1003.4328183574283,402.2279259398323,,,,1405.6607442972606,1003.4328183574283,402.2279259398323,20.0,1000.0,1048547.0306342464,1069.945949626782,1124.2640428000195,1021.4344314640175,1005.7789888774813,1003.4328183574283,988.0,48.0,128.0,288.0,412.0,48,24,0.18181818181818182,4,4,4.0,4,4,4.0,1,12
/home/maja/Studia/Magisterskie/Islands/islandsEA_student_fork/more_local_matrix_computation/results/continous_fixed_toplogies/more_local_40bench_continuous_fixed_v1/j0103_more_continuous_c09_rot_rastrigin_torus_12_worst_r1,/home/maja/Studia/Magisterskie/Islands/islandsEA_student_fork/more_local_matrix_computation/results/continous_fixed_toplogies/more_local_40bench_continuous_fixed_v1/j0103_more_continuous_c09_rot_rastrigin_torus_12_worst_r1/summary.csv,more_continuous_c09_rot_rastrigin_torus_12_worst_r1,continous_fixed_toplogies,more_local_40bench_continuous_fixed_v1,continuous,103,1,/home/maja/Studia/Magisterskie/Islands/islandsEA_student_fork/islands_desync/logs/more_local_40bench_continuous_fixed_v1/c09_30/j0103 12wt-co20ilu2,c09_rot_rastrigin,30,1000,16,4,12,torus,worst,plain,20,2,12,1018.0591416463881,1025.12961806036,1023.1696395701533,1033.3705476819664,4.652028872419606,1.9599784902065949,0,,3,1,1025.12961806036,1018.0591416463881,12,1,246,1358.7270484919634,1018.0591416463881,340.6679068455753,,,,1358.7270484919634,1018.0591416463881,340.6679068455753,20.0,1000.0,1078466.3445895803,1100.4758618261023,1192.418389050907,1062.1579433296538,1029.4011042694428,1018.0591416463881,996.0,84.0,252.0,388.0,516.0,48,24,0.18181818181818182,4,4,4.0,4,4,4.0,1,12
/home/maja/Studia/Magisterskie/Islands/islandsEA_student_fork/more_local_matrix_computation/results/continous_fixed_toplogies/more_local_40bench_continuous_fixed_v1/j0104_more_continuous_c09_rot_rastrigin_torus_12_maxDistance_r1,/home/maja/Studia/Magisterskie/Islands/islandsEA_student_fork/more_local_matrix_computation/results/continous_fixed_toplogies/more_local_40bench_continuous_fixed_v1/j0104_more_continuous_c09_rot_rastrigin_torus_12_maxDistance_r1/summary.csv,more_continuous_c09_rot_rastrigin_torus_12_maxDistance_r1,continous_fixed_toplogies,more_local_40bench_continuous_fixed_v1,continuous,104,1,/home/maja/Studia/Magisterskie/Islands/islandsEA_student_fork/islands_desync/logs/more_local_40bench_continuous_fixed_v1/c09_30/j0104 12mt-co20ilu2,c09_rot_rastrigin,30,1000,16,4,12,torus,maxDistance,plain,20,2,12,1003.9991710242684,1007.1750579712094,1006.4517875878905,1012.3545157597509,2.58711288225051,0.7232703833188907,0,,7,1,1007.1750579712094,1003.9991710242684,12,1,246,1404.0987292064822,1003.9991710242684,400.09955818221374,,,,1404.0987292064822,1003.9991710242684,400.09955818221374,20.0,1000.0,1054628.5494003799,1076.151581020796,1117.3357801218071,1040.8289908156241,1012.4549417431441,1003.9991710242684,992.0,56.0,108.0,316.0,496.0,48,24,0.18181818181818182,4,4,4.0,4,4,4.0,1,12
/home/maja/Studia/Magisterskie/Islands/islandsEA_student_fork/more_local_matrix_computation/results/continous_fixed_toplogies/more_local_40bench_continuous_fixed_v1/j0105_more_continuous_c09_rot_rastrigin_complete_12_random_r1,/home/maja/Studia/Magisterskie/Islands/islandsEA_student_fork/more_local_matrix_computation/results/continous_fixed_toplogies/more_local_40bench_continuous_fixed_v1/j0105_more_continuous_c09_rot_rastrigin_complete_12_random_r1/summary.csv,more_continuous_c09_rot_rastrigin_complete_12_random_r1,continous_fixed_toplogies,more_local_40bench_continuous_fixed_v1,continuous,105,1,/home/maja/Studia/Magisterskie/Islands/islandsEA_student_fork/islands_desync/logs/more_local_40bench_continuous_fixed_v1/c09_30/j0105 12rc-co20ilu2,c09_rot_rastrigin,30,1000,16,4,12,complete,random,plain,20,2,12,989.1408223165523,990.8799729702816,990.4245109954471,993.5170067323128,1.401606155614504,0.45546197483452033,0,,2,1,990.8799729702816,989.1408223165523,12,1,246,1374.8553598250835,989.1408223165523,385.7145375085312,,,,1374.8553598250835,989.1408223165523,385.7145375085312,20.0,1000.0,1054122.31722008,1075.6350175715102,1165.558805336213,1042.2902040747776,998.2186608578469,989.1408223165523,988.0,68.0,164.0,340.0,536.0,132,0,1.0,11,11,11.0,11,11,11.0,1,12
/home/maja/Studia/Magisterskie/Islands/islandsEA_student_fork/more_local_matrix_computation/results/continous_fixed_toplogies/more_local_40bench_continuous_fixed_v1/j0106_more_continuous_c09_rot_rastrigin_complete_12_best_r1,/home/maja/Studia/Magisterskie/Islands/islandsEA_student_fork/more_local_matrix_computation/results/continous_fixed_toplogies/more_local_40bench_continuous_fixed_v1/j0106_more_continuous_c09_rot_rastrigin_complete_12_best_r1/summary.csv,more_continuous_c09_rot_rastrigin_complete_12_best_r1,continous_fixed_toplogies,more_local_40bench_continuous_fixed_v1,continuous,106,1,/home/maja/Studia/Magisterskie/Islands/islandsEA_student_fork/islands_desync/logs/more_local_40bench_continuous_fixed_v1/c09_30/j0106 12bc-co20ilu2,c09_rot_rastrigin,30,1000,16,4,12,complete,best,plain,20,2,12,1027.668157678308,1028.3868939982747,1028.4295157595755,1029.2628555280248,0.53214621833248,-0.042621761300779326,0,,9,1,1028.3868939982747,1027.668157678308,12,1,246,1415.0856179785428,1027.668157678308,387.4174603002348,,,,1415.0856179785428,1027.668157678308,387.4174603002348,20.0,1000.0,1059207.2627795562,1080.8237375301594,1097.101525728529,1044.1334020568665,1030.6910285276479,1027.668157678308,992.0,48.0,88.0,224.0,320.0,132,0,1.0,11,11,11.0,11,11,11.0,1,12
/home/maja/Studia/Magisterskie/Islands/islandsEA_student_fork/more_local_matrix_computation/results/continous_fixed_toplogies/more_local_40bench_continuous_fixed_v1/j0107_more_continuous_c09_rot_rastrigin_complete_12_worst_r1,/home/maja/Studia/Magisterskie/Islands/islandsEA_student_fork/more_local_matrix_computation/results/continous_fixed_toplogies/more_local_40bench_continuous_fixed_v1/j0107_more_continuous_c09_rot_rastrigin_complete_12_worst_r1/summary.csv,more_continuous_c09_rot_rastrigin_complete_12_worst_r1,continous_fixed_toplogies,more_local_40bench_continuous_fixed_v1,continuous,107,1,/home/maja/Studia/Magisterskie/Islands/islandsEA_student_fork/islands_desync/logs/more_local_40bench_continuous_fixed_v1/c09_30/j0107 12wc-co20ilu2,c09_rot_rastrigin,30,1000,16,4,12,complete,worst,plain,20,2,12,1022.0248514908178,1023.7263212839554,1023.6061534090368,1025.433887798911,0.921033275840382,0.12016787491859304,0,,2,1,1023.7263212839554,1022.0248514908178,12,1,246,1280.0530498700161,1022.0248514908178,258.02819837919833,,,,1280.0530498700161,1022.0248514908178,258.02819837919833,20.0,1000.0,1065196.5698678875,1086.9352753753953,1143.5746045138544,1056.6507871475483,1025.4093224312926,1022.0248514908178,992.0,144.0,240.0,348.0,516.0,132,0,1.0,11,11,11.0,11,11,11.0,1,12
/home/maja/Studia/Magisterskie/Islands/islandsEA_student_fork/more_local_matrix_computation/results/continous_fixed_toplogies/more_local_40bench_continuous_fixed_v1/j0108_more_continuous_c09_rot_rastrigin_complete_12_maxDistance_r1,/home/maja/Studia/Magisterskie/Islands/islandsEA_student_fork/more_local_matrix_computation/results/continous_fixed_toplogies/more_local_40bench_continuous_fixed_v1/j0108_more_continuous_c09_rot_rastrigin_complete_12_maxDistance_r1/summary.csv,more_continuous_c09_rot_rastrigin_complete_12_maxDistance_r1,continous_fixed_toplogies,more_local_40bench_continuous_fixed_v1,continuous,108,1,/home/maja/Studia/Magisterskie/Islands/islandsEA_student_fork/islands_desync/logs/more_local_40bench_continuous_fixed_v1/c09_30/j0108 12mc-co20ilu2,c09_rot_rastrigin,30,1000,16,4,12,complete,maxDistance,plain,20,2,12,983.719927167817,987.0524433925682,987.264482200294,991.2309439010568,2.0289366220877185,-0.21203880772577577,0,,5,1,987.0524433925682,983.719927167817,12,1,246,1395.5990960719387,983.719927167817,411.8791689041217,,,,1395.5990960719387,983.719927167817,411.8791689041217,20.0,1000.0,1033865.0507148926,1054.9643374641762,1092.7003760187322,1017.6532254155926,992.535751266069,983.719927167817,988.0,68.0,152.0,256.0,444.0,132,0,1.0,11,11,11.0,11,11,11.0,1,12
/home/maja/Studia/Magisterskie/Islands/islandsEA_student_fork/more_local_matrix_computation/results/continous_fixed_toplogies/more_local_40bench_continuous_fixed_v1/j0109_more_continuous_c10_schwefel_ring_12_random_r1,/home/maja/Studia/Magisterskie/Islands/islandsEA_student_fork/more_local_matrix_computation/results/continous_fixed_toplogies/more_local_40bench_continuous_fixed_v1/j0109_more_continuous_c10_schwefel_ring_12_random_r1/summary.csv,more_continuous_c10_schwefel_ring_12_random_r1,continous_fixed_toplogies,more_local_40bench_continuous_fixed_v1,continuous,109,1,/home/maja/Studia/Magisterskie/Islands/islandsEA_student_fork/islands_desync/logs/more_local_40bench_continuous_fixed_v1/c10_30/j0109 12rr-co20ilu2,c10_schwefel,30,1000,16,4,12,ring,random,plain,20,2,12,1717.025239758812,2598.366819987186,2242.646680661035,5109.3234884353005,986.623840032062,355.72013932615073,1,5109.32348844,1,1,2598.366819987186,1717.025239758812,12,1,246,10091.048238017647,1717.025239758812,8374.022998258835,,,,10091.048238017647,1717.025239758812,8374.022998258835,20.0,1000.0,3009370.560618666,3070.7862863455775,3622.104652250897,2059.429610230225,1826.882526903104,1717.025239758812,992.0,80.0,140.0,232.0,400.0,24,12,0.09090909090909091,2,2,2.0,2,2,2.0,1,12
/home/maja/Studia/Magisterskie/Islands/islandsEA_student_fork/more_local_matrix_computation/results/continous_fixed_toplogies/more_local_40bench_continuous_fixed_v1/j0110_more_continuous_c10_schwefel_ring_12_best_r1,/home/maja/Studia/Magisterskie/Islands/islandsEA_student_fork/more_local_matrix_computation/results/continous_fixed_toplogies/more_local_40bench_continuous_fixed_v1/j0110_more_continuous_c10_schwefel_ring_12_best_r1/summary.csv,more_continuous_c10_schwefel_ring_12_best_r1,continous_fixed_toplogies,more_local_40bench_continuous_fixed_v1,continuous,110,1,/home/maja/Studia/Magisterskie/Islands/islandsEA_student_fork/islands_desync/logs/more_local_40bench_continuous_fixed_v1/c10_30/j0110 12br-co20ilu2,c10_schwefel,30,1000,16,4,12,ring,best,plain,20,2,12,1093.3874031313408,2470.068335631111,2373.329273633528,4563.367659682268,1098.2431440765074,96.73906199758312,0,,1,1,2470.068335631111,1093.3874031313408,12,1,246,10423.496824854405,1093.3874031313408,9330.109421723064,,,,10423.496824854405,1093.3874031313408,9330.109421723064,20.0,1000.0,2618038.516444142,2671.4678739225938,4136.411261298001,1491.9840793949625,1151.773327165427,1093.3874031313408,976.0,56.0,132.0,292.0,388.0,24,12,0.09090909090909091,2,2,2.0,2,2,2.0,1,12
/home/maja/Studia/Magisterskie/Islands/islandsEA_student_fork/more_local_matrix_computation/results/continous_fixed_toplogies/more_local_40bench_continuous_fixed_v1/j0111_more_continuous_c10_schwefel_ring_12_worst_r1,/home/maja/Studia/Magisterskie/Islands/islandsEA_student_fork/more_local_matrix_computation/results/continous_fixed_toplogies/more_local_40bench_continuous_fixed_v1/j0111_more_continuous_c10_schwefel_ring_12_worst_r1/summary.csv,more_continuous_c10_schwefel_ring_12_worst_r1,continous_fixed_toplogies,more_local_40bench_continuous_fixed_v1,continuous,111,1,/home/maja/Studia/Magisterskie/Islands/islandsEA_student_fork/islands_desync/logs/more_local_40bench_continuous_fixed_v1/c10_30/j0111 12wr-co20ilu2,c10_schwefel,30,1000,16,4,12,ring,worst,plain,20,2,12,1140.1851112977965,2030.432421595318,1367.423904348825,4921.684107622354,1192.9239283169982,663.0085172464928,2,4005.41802636;4921.68410762,0,1,2030.432421595318,1140.1851112977965,12,1,246,9795.999935483069,1140.1851112977965,8655.814824185272,,,,9795.999935483069,1140.1851112977965,8655.814824185272,20.0,1000.0,3126834.774638505,3190.6477292229647,4253.870793745997,2087.8520538449065,1336.2237399998921,1140.1851112977965,944.0,116.0,192.0,364.0,516.0,24,12,0.09090909090909091,2,2,2.0,2,2,2.0,1,12
/home/maja/Studia/Magisterskie/Islands/islandsEA_student_fork/more_local_matrix_computation/results/continous_fixed_toplogies/more_local_40bench_continuous_fixed_v1/j0112_more_continuous_c10_schwefel_ring_12_maxDistance_r1,/home/maja/Studia/Magisterskie/Islands/islandsEA_student_fork/more_local_matrix_computation/results/continous_fixed_toplogies/more_local_40bench_continuous_fixed_v1/j0112_more_continuous_c10_schwefel_ring_12_maxDistance_r1/summary.csv,more_continuous_c10_schwefel_ring_12_maxDistance_r1,continous_fixed_toplogies,more_local_40bench_continuous_fixed_v1,continuous,112,1,/home/maja/Studia/Magisterskie/Islands/islandsEA_student_fork/islands_desync/logs/more_local_40bench_continuous_fixed_v1/c10_30/j0112 12mr-co20ilu2,c10_schwefel,30,1000,16,4,12,ring,maxDistance,plain,20,2,12,1358.4905747130506,1876.2011989647817,1410.4412248861336,4316.933994873909,859.1939732014356,465.75997407864816,2,2930.81080825;4316.93399487,5,1,1876.2011989647817,1358.4905747130506,12,1,246,10279.520671509643,1358.4905747130506,8921.030096796592,,,,10279.520671509643,1358.4905747130506,8921.030096796592,20.0,1000.0,2963789.3533209744,3024.2748503275247,3811.4984696649153,2159.1731950061967,1509.3261430733728,1358.4905747130506,996.0,80.0,112.0,268.0,492.0,24,12,0.09090909090909091,2,2,2.0,2,2,2.0,1,12
/home/maja/Studia/Magisterskie/Islands/islandsEA_student_fork/more_local_matrix_computation/results/continous_fixed_toplogies/more_local_40bench_continuous_fixed_v1/j0113_more_continuous_c10_schwefel_torus_12_random_r1,/home/maja/Studia/Magisterskie/Islands/islandsEA_student_fork/more_local_matrix_computation/results/continous_fixed_toplogies/more_local_40bench_continuous_fixed_v1/j0113_more_continuous_c10_schwefel_torus_12_random_r1/summary.csv,more_continuous_c10_schwefel_torus_12_random_r1,continous_fixed_toplogies,more_local_40bench_continuous_fixed_v1,continuous,113,1,/home/maja/Studia/Magisterskie/Islands/islandsEA_student_fork/islands_desync/logs/more_local_40bench_continuous_fixed_v1/c10_30/j0113 12rt-co20ilu2,c10_schwefel,30,1000,16,4,12,torus,random,plain,20,2,12,1172.4819971782617,1202.8609660803677,1201.5899945431938,1236.2547088840383,19.235770772116478,1.270971537173864,0,,5,1,1202.8609660803677,1172.4819971782617,12,1,246,9931.797315141479,1172.4819971782617,8759.315317963217,,,,9931.797315141479,1172.4819971782617,8759.315317963217,20.0,1000.0,2656270.8133381805,2710.4804217736537,3720.7455348130134,1574.7988975593307,1247.3536676645854,1172.4819971782617,1000.0,88.0,152.0,272.0,364.0,48,24,0.18181818181818182,4,4,4.0,4,4,4.0,1,12
/home/maja/Studia/Magisterskie/Islands/islandsEA_student_fork/more_local_matrix_computation/results/continous_fixed_toplogies/more_local_40bench_continuous_fixed_v1/j0114_more_continuous_c10_schwefel_torus_12_best_r1,/home/maja/Studia/Magisterskie/Islands/islandsEA_student_fork/more_local_matrix_computation/results/continous_fixed_toplogies/more_local_40bench_continuous_fixed_v1/j0114_more_continuous_c10_schwefel_torus_12_best_r1/summary.csv,more_continuous_c10_schwefel_torus_12_best_r1,continous_fixed_toplogies,more_local_40bench_continuous_fixed_v1,continuous,114,1,/home/maja/Studia/Magisterskie/Islands/islandsEA_student_fork/islands_desync/logs/more_local_40bench_continuous_fixed_v1/c10_30/j0114 12bt-co20ilu2,c10_schwefel,30,1000,16,4,12,torus,best,plain,20,2,12,1036.529302025183,1045.0712894477092,1044.6240273370122,1052.9936236167086,5.471914253747317,0.44726211069701094,0,,11,1,1045.0712894477092,1036.529302025183,12,1,246,9619.652081833234,1036.529302025183,8583.12277980805,,,,9619.652081833234,1036.529302025183,8583.12277980805,20.0,1000.0,2160559.091489123,2204.6521341725747,2659.135617098749,1183.621694174104,1074.5961826234834,1036.529302025183,924.0,80.0,112.0,212.0,292.0,48,24,0.18181818181818182,4,4,4.0,4,4,4.0,1,12
/home/maja/Studia/Magisterskie/Islands/islandsEA_student_fork/more_local_matrix_computation/results/continous_fixed_toplogies/more_local_40bench_continuous_fixed_v1/j0115_more_continuous_c10_schwefel_torus_12_worst_r1,/home/maja/Studia/Magisterskie/Islands/islandsEA_student_fork/more_local_matrix_computation/results/continous_fixed_toplogies/more_local_40bench_continuous_fixed_v1/j0115_more_continuous_c10_schwefel_torus_12_worst_r1/summary.csv,more_continuous_c10_schwefel_torus_12_worst_r1,continous_fixed_toplogies,more_local_40bench_continuous_fixed_v1,continuous,115,1,/home/maja/Studia/Magisterskie/Islands/islandsEA_student_fork/islands_desync/logs/more_local_40bench_continuous_fixed_v1/c10_30/j0115 12wt-co20ilu2,c10_schwefel,30,1000,16,4,12,torus,worst,plain,20,2,12,1232.56066343147,1261.7131729020732,1259.560777989318,1293.558578385935,15.197649142913976,2.1523949127551987,0,,4,1,1261.7131729020732,1232.56066343147,12,1,246,9475.91068918728,1232.56066343147,8243.35002575581,,,,9475.91068918728,1232.56066343147,8243.35002575581,20.0,1000.0,2847419.7451642426,2905.530352208411,4016.245969290396,2075.593616574335,1288.132642689132,1232.56066343147,1000.0,60.0,156.0,352.0,504.0,48,24,0.18181818181818182,4,4,4.0,4,4,4.0,1,12
/home/maja/Studia/Magisterskie/Islands/islandsEA_student_fork/more_local_matrix_computation/results/continous_fixed_toplogies/more_local_40bench_continuous_fixed_v1/j0116_more_continuous_c10_schwefel_torus_12_maxDistance_r1,/home/maja/Studia/Magisterskie/Islands/islandsEA_student_fork/more_local_matrix_computation/results/continous_fixed_toplogies/more_local_40bench_continuous_fixed_v1/j0116_more_continuous_c10_schwefel_torus_12_maxDistance_r1/summary.csv,more_continuous_c10_schwefel_torus_12_maxDistance_r1,continous_fixed_toplogies,more_local_40bench_continuous_fixed_v1,continuous,116,1,/home/maja/Studia/Magisterskie/Islands/islandsEA_student_fork/islands_desync/logs/more_local_40bench_continuous_fixed_v1/c10_30/j0116 12mt-co20ilu2,c10_schwefel,30,1000,16,4,12,torus,maxDistance,plain,20,2,12,1070.0538329472638,1101.685725645745,1103.1097198546677,1130.463405316299,17.1117822338001,-1.4239942089227497,0,,10,1,1101.685725645745,1070.0538329472638,12,1,246,9569.690698498787,1070.0538329472638,8499.636865551523,,,,9569.690698498787,1070.0538329472638,8499.636865551523,20.0,1000.0,2344281.199979325,2392.1236734482904,3111.2751863947215,1367.534358987201,1102.5615980261446,1070.0538329472638,988.0,84.0,112.0,232.0,352.0,48,24,0.18181818181818182,4,4,4.0,4,4,4.0,1,12
/home/maja/Studia/Magisterskie/Islands/islandsEA_student_fork/more_local_matrix_computation/results/continous_fixed_toplogies/more_local_40bench_continuous_fixed_v1/j0117_more_continuous_c10_schwefel_complete_12_random_r1,/home/maja/Studia/Magisterskie/Islands/islandsEA_student_fork/more_local_matrix_computation/results/continous_fixed_toplogies/more_local_40bench_continuous_fixed_v1/j0117_more_continuous_c10_schwefel_complete_12_random_r1/summary.csv,more_continuous_c10_schwefel_complete_12_random_r1,continous_fixed_toplogies,more_local_40bench_continuous_fixed_v1,continuous,117,1,/home/maja/Studia/Magisterskie/Islands/islandsEA_student_fork/islands_desync/logs/more_local_40bench_continuous_fixed_v1/c10_30/j0117 12rc-co20ilu2,c10_schwefel,30,1000,16,4,12,complete,random,plain,20,2,12,1175.4030842608263,1182.183393631542,1179.3981985169048,1202.840144988124,8.311989977500147,2.7851951146371903,2,1202.84014499;1195.98775419,6,1,1182.183393631542,1175.4030842608263,12,1,246,10049.138169860144,1175.4030842608263,8873.735085599317,,,,10049.138169860144,1175.4030842608263,8873.735085599317,20.0,1000.0,1985338.3416657494,2025.8554506793362,1716.443527791871,1311.4737962238742,1193.6260616241107,1175.4030842608263,1000.0,56.0,100.0,136.0,220.0,132,0,1.0,11,11,11.0,11,11,11.0,1,12
/home/maja/Studia/Magisterskie/Islands/islandsEA_student_fork/more_local_matrix_computation/results/continous_fixed_toplogies/more_local_40bench_continuous_fixed_v1/j0118_more_continuous_c10_schwefel_complete_12_best_r1,/home/maja/Studia/Magisterskie/Islands/islandsEA_student_fork/more_local_matrix_computation/results/continous_fixed_toplogies/more_local_40bench_continuous_fixed_v1/j0118_more_continuous_c10_schwefel_complete_12_best_r1/summary.csv,more_continuous_c10_schwefel_complete_12_best_r1,continous_fixed_toplogies,more_local_40bench_continuous_fixed_v1,continuous,118,1,/home/maja/Studia/Magisterskie/Islands/islandsEA_student_fork/islands_desync/logs/more_local_40bench_continuous_fixed_v1/c10_30/j0118 12bc-co20ilu2,c10_schwefel,30,1000,16,4,12,complete,best,plain,20,2,12,1029.2119081047822,1031.0142664863063,1030.884044715278,1032.9646720720266,0.9842311587813217,0.13022177102834576,0,,4,1,1031.0142664863063,1029.2119081047822,12,1,246,10915.900212543844,1029.2119081047822,9886.688304439062,,,,10915.900212543844,1029.2119081047822,9886.688304439062,20.0,1000.0,2046872.3865421796,2088.645292389979,1895.0556745219292,1128.0324219637296,1035.8605151179527,1029.2119081047822,888.0,52.0,108.0,172.0,248.0,132,0,1.0,11,11,11.0,11,11,11.0,1,12
/home/maja/Studia/Magisterskie/Islands/islandsEA_student_fork/more_local_matrix_computation/results/continous_fixed_toplogies/more_local_40bench_continuous_fixed_v1/j0119_more_continuous_c10_schwefel_complete_12_worst_r1,/home/maja/Studia/Magisterskie/Islands/islandsEA_student_fork/more_local_matrix_computation/results/continous_fixed_toplogies/more_local_40bench_continuous_fixed_v1/j0119_more_continuous_c10_schwefel_complete_12_worst_r1/summary.csv,more_continuous_c10_schwefel_complete_12_worst_r1,continous_fixed_toplogies,more_local_40bench_continuous_fixed_v1,continuous,119,1,/home/maja/Studia/Magisterskie/Islands/islandsEA_student_fork/islands_desync/logs/more_local_40bench_continuous_fixed_v1/c10_30/j0119 12wc-co20ilu2,c10_schwefel,30,1000,16,4,12,complete,worst,plain,20,2,12,1084.8588566643502,1124.1303485543551,1126.3110205033545,1165.139725849167,23.324661408258162,-2.180671948999361,0,,6,1,1124.1303485543551,1084.8588566643502,12,1,246,10016.173084774044,1084.8588566643502,8931.314228109693,,,,10016.173084774044,1084.8588566643502,8931.314228109693,20.0,1000.0,2444216.9761812203,2494.0989552869596,2945.0936699871036,1465.188011203989,1149.060715016818,1084.8588566643502,972.0,76.0,144.0,228.0,356.0,132,0,1.0,11,11,11.0,11,11,11.0,1,12
/home/maja/Studia/Magisterskie/Islands/islandsEA_student_fork/more_local_matrix_computation/results/continous_fixed_toplogies/more_local_40bench_continuous_fixed_v1/j0120_more_continuous_c10_schwefel_complete_12_maxDistance_r1,/home/maja/Studia/Magisterskie/Islands/islandsEA_student_fork/more_local_matrix_computation/results/continous_fixed_toplogies/more_local_40bench_continuous_fixed_v1/j0120_more_continuous_c10_schwefel_complete_12_maxDistance_r1/summary.csv,more_continuous_c10_schwefel_complete_12_maxDistance_r1,continous_fixed_toplogies,more_local_40bench_continuous_fixed_v1,continuous,120,1,/home/maja/Studia/Magisterskie/Islands/islandsEA_student_fork/islands_desync/logs/more_local_40bench_continuous_fixed_v1/c10_30/j0120 12mc-co20ilu2,c10_schwefel,30,1000,16,4,12,complete,maxDistance,plain,20,2,12,1309.7382148160777,1342.2252231832201,1331.0853147576918,1406.6744186466221,32.11872811810341,11.139908425528347,2,1406.67441865;1401.10600655,9,1,1342.2252231832201,1309.7382148160777,12,1,246,10005.339488283926,1309.7382148160777,8695.601273467848,,,,10005.339488283926,1309.7382148160777,8695.601273467848,20.0,1000.0,2533177.576536549,2584.875078098519,3109.256856195103,1538.6824152693298,1336.9294453170078,1309.7382148160777,980.0,64.0,136.0,216.0,336.0,132,0,1.0,11,11,11.0,11,11,11.0,1,12
/home/maja/Studia/Magisterskie/Islands/islandsEA_student_fork/more_local_matrix_computation/results/continous_fixed_toplogies/more_local_40bench_continuous_fixed_v1/j0121_more_continuous_c11_rot_schwefel_ring_12_random_r1,/home/maja/Studia/Magisterskie/Islands/islandsEA_student_fork/more_local_matrix_computation/results/continous_fixed_toplogies/more_local_40bench_continuous_fixed_v1/j0121_more_continuous_c11_rot_schwefel_ring_12_random_r1/summary.csv,more_continuous_c11_rot_schwefel_ring_12_random_r1,continous_fixed_toplogies,more_local_40bench_continuous_fixed_v1,continuous,121,1,/home/maja/Studia/Magisterskie/Islands/islandsEA_student_fork/islands_desync/logs/more_local_40bench_continuous_fixed_v1/c11_30/j0121 12rr-co20ilu2,c11_rot_schwefel,30,1000,16,4,12,ring,random,plain,20,2,12,5316.980838438698,5623.478273337837,5422.651521851228,6198.270940999559,326.72001438079906,200.82675148660928,0,,3,1,5623.478273337837,5316.980838438698,12,1,246,9321.674912861126,5316.980838438698,4004.6940744224285,,,,9321.674912861126,5316.980838438698,4004.6940744224285,20.0,1000.0,6188153.362868278,6314.442207008447,7450.247177442586,5806.581691313387,5364.659946433376,5316.980838438698,948.0,104.0,256.0,376.0,536.0,24,12,0.09090909090909091,2,2,2.0,2,2,2.0,1,12
/home/maja/Studia/Magisterskie/Islands/islandsEA_student_fork/more_local_matrix_computation/results/continous_fixed_toplogies/more_local_40bench_continuous_fixed_v1/j0122_more_continuous_c11_rot_schwefel_ring_12_best_r1,/home/maja/Studia/Magisterskie/Islands/islandsEA_student_fork/more_local_matrix_computation/results/continous_fixed_toplogies/more_local_40bench_continuous_fixed_v1/j0122_more_continuous_c11_rot_schwefel_ring_12_best_r1/summary.csv,more_continuous_c11_rot_schwefel_ring_12_best_r1,continous_fixed_toplogies,more_local_40bench_continuous_fixed_v1,continuous,122,1,/home/maja/Studia/Magisterskie/Islands/islandsEA_student_fork/islands_desync/logs/more_local_40bench_continuous_fixed_v1/c11_30/j0122 12br-co20ilu2,c11_rot_schwefel,30,1000,16,4,12,ring,best,plain,20,2,12,3968.933195400261,5083.249972842973,5254.61253822357,5538.283679605081,503.27645209166025,-171.3625653805966,1,5538.28367961,0,1,5083.249972842973,3968.933195400261,12,1,246,9368.285579771955,3968.933195400261,5399.352384371694,,,,9368.285579771955,3968.933195400261,5399.352384371694,20.0,1000.0,5079357.235963068,5183.017587717416,6072.4661460612815,4385.568367604061,4004.5268639865662,3968.933195400261,980.0,124.0,192.0,336.0,472.0,24,12,0.09090909090909091,2,2,2.0,2,2,2.0,1,12
/home/maja/Studia/Magisterskie/Islands/islandsEA_student_fork/more_local_matrix_computation/results/continous_fixed_toplogies/more_local_40bench_continuous_fixed_v1/j0123_more_continuous_c11_rot_schwefel_ring_12_worst_r1,/home/maja/Studia/Magisterskie/Islands/islandsEA_student_fork/more_local_matrix_computation/results/continous_fixed_toplogies/more_local_40bench_continuous_fixed_v1/j0123_more_continuous_c11_rot_schwefel_ring_12_worst_r1/summary.csv,more_continuous_c11_rot_schwefel_ring_12_worst_r1,continous_fixed_toplogies,more_local_40bench_continuous_fixed_v1,continuous,123,1,/home/maja/Studia/Magisterskie/Islands/islandsEA_student_fork/islands_desync/logs/more_local_40bench_continuous_fixed_v1/c11_30/j0123 12wr-co20ilu2,c11_rot_schwefel,30,1000,16,4,12,ring,worst,plain,20,2,12,3941.096154668432,4401.570758474424,4041.253867077321,5759.324921494655,574.6748239832662,360.31689139710306,0,,5,1,4401.570758474424,3941.096154668432,12,1,246,10512.887595351784,3941.096154668432,6571.7914406833515,,,,10512.887595351784,3941.096154668432,6571.7914406833515,20.0,1000.0,5828964.714215157,5947.923177770568,7496.320386692289,5331.199090592971,4141.996271369768,3941.096154668432,992.0,100.0,272.0,496.0,620.0,24,12,0.09090909090909091,2,2,2.0,2,2,2.0,1,12
/home/maja/Studia/Magisterskie/Islands/islandsEA_student_fork/more_local_matrix_computation/results/continous_fixed_toplogies/more_local_40bench_continuous_fixed_v1/j0124_more_continuous_c11_rot_schwefel_ring_12_maxDistance_r1,/home/maja/Studia/Magisterskie/Islands/islandsEA_student_fork/more_local_matrix_computation/results/continous_fixed_toplogies/more_local_40bench_continuous_fixed_v1/j0124_more_continuous_c11_rot_schwefel_ring_12_maxDistance_r1/summary.csv,more_continuous_c11_rot_schwefel_ring_12_maxDistance_r1,continous_fixed_toplogies,more_local_40bench_continuous_fixed_v1,continuous,124,1,/home/maja/Studia/Magisterskie/Islands/islandsEA_student_fork/islands_desync/logs/more_local_40bench_continuous_fixed_v1/c11_30/j0124 12mr-co20ilu2,c11_rot_schwefel,30,1000,16,4,12,ring,maxDistance,plain,20,2,12,3850.5149726360905,4475.7008088728935,4079.2454618053616,6375.6462386714475,719.234045720892,396.4553470675319,1,6375.64623867,1,1,4475.7008088728935,3850.5149726360905,12,1,246,8833.287273879594,3850.5149726360905,4982.7723012435035,,,,8833.287273879594,3850.5149726360905,4982.7723012435035,20.0,1000.0,5780042.2398293605,5898.002285540164,7653.867860224164,5546.904942530876,4249.744275184614,3850.5149726360905,1000.0,264.0,392.0,548.0,720.0,24,12,0.09090909090909091,2,2,2.0,2,2,2.0,1,12
/home/maja/Studia/Magisterskie/Islands/islandsEA_student_fork/more_local_matrix_computation/results/continous_fixed_toplogies/more_local_40bench_continuous_fixed_v1/j0125_more_continuous_c11_rot_schwefel_torus_12_random_r1,/home/maja/Studia/Magisterskie/Islands/islandsEA_student_fork/more_local_matrix_computation/results/continous_fixed_toplogies/more_local_40bench_continuous_fixed_v1/j0125_more_continuous_c11_rot_schwefel_torus_12_random_r1/summary.csv,more_continuous_c11_rot_schwefel_torus_12_random_r1,continous_fixed_toplogies,more_local_40bench_continuous_fixed_v1,continuous,125,1,/home/maja/Studia/Magisterskie/Islands/islandsEA_student_fork/islands_desync/logs/more_local_40bench_continuous_fixed_v1/c11_30/j0125 12rt-co20ilu2,c11_rot_schwefel,30,1000,16,4,12,torus,random,plain,20,2,12,4936.9601432066775,4993.361630841543,4964.0481777150635,5178.970560372931,66.0358060464366,29.313453126479544,1,5178.97056037,8,1,4993.361630841543,4936.9601432066775,12,1,246,10407.827192160814,4936.9601432066775,5470.867048954136,,,,10407.827192160814,4936.9601432066775,5470.867048954136,20.0,1000.0,6096374.27814163,6220.790079736357,7303.419814751197,5354.089831144145,5042.293031952444,4936.9601432066775,1000.0,132.0,232.0,320.0,464.0,48,24,0.18181818181818182,4,4,4.0,4,4,4.0,1,12
/home/maja/Studia/Magisterskie/Islands/islandsEA_student_fork/more_local_matrix_computation/results/continous_fixed_toplogies/more_local_40bench_continuous_fixed_v1/j0126_more_continuous_c11_rot_schwefel_torus_12_best_r1,/home/maja/Studia/Magisterskie/Islands/islandsEA_student_fork/more_local_matrix_computation/results/continous_fixed_toplogies/more_local_40bench_continuous_fixed_v1/j0126_more_continuous_c11_rot_schwefel_torus_12_best_r1/summary.csv,more_continuous_c11_rot_schwefel_torus_12_best_r1,continous_fixed_toplogies,more_local_40bench_continuous_fixed_v1,continuous,126,1,/home/maja/Studia/Magisterskie/Islands/islandsEA_student_fork/islands_desync/logs/more_local_40bench_continuous_fixed_v1/c11_30/j0126 12bt-co20ilu2,c11_rot_schwefel,30,1000,16,4,12,torus,best,plain,20,2,12,5129.88152492008,5151.92217277281,5150.408853506706,5191.080935949598,16.195089371754786,1.5133192661041903,1,5191.08093595,5,1,5151.92217277281,5129.88152492008,12,1,246,9905.228851953687,5129.88152492008,4775.347327033607,,,,9905.228851953687,5129.88152492008,4775.347327033607,20.0,1000.0,6001733.191813143,6124.217542666473,6454.907424446317,5441.4784198739035,5184.352444962373,5129.88152492008,992.0,128.0,168.0,288.0,392.0,48,24,0.18181818181818182,4,4,4.0,4,4,4.0,1,12
/home/maja/Studia/Magisterskie/Islands/islandsEA_student_fork/more_local_matrix_computation/results/continous_fixed_toplogies/more_local_40bench_continuous_fixed_v1/j0127_more_continuous_c11_rot_schwefel_torus_12_worst_r1,/home/maja/Studia/Magisterskie/Islands/islandsEA_student_fork/more_local_matrix_computation/results/continous_fixed_toplogies/more_local_40bench_continuous_fixed_v1/j0127_more_continuous_c11_rot_schwefel_torus_12_worst_r1/summary.csv,more_continuous_c11_rot_schwefel_torus_12_worst_r1,continous_fixed_toplogies,more_local_40bench_continuous_fixed_v1,continuous,127,1,/home/maja/Studia/Magisterskie/Islands/islandsEA_student_fork/islands_desync/logs/more_local_40bench_continuous_fixed_v1/c11_30/j0127 12wt-co20ilu2,c11_rot_schwefel,30,1000,16,4,12,torus,worst,plain,20,2,12,5143.645516326154,5213.073191518309,5201.491932380176,5344.427593059823,54.36279514370492,11.581259138132737,0,,8,1,5213.073191518309,5143.645516326154,12,1,246,9909.635795728205,5143.645516326154,4765.990279402051,,,,9909.635795728205,5143.645516326154,4765.990279402051,20.0,1000.0,6563097.150165872,6697.037908332522,8298.815723554133,5885.126406534606,5307.7905847301645,5143.645516326154,976.0,200.0,304.0,464.0,592.0,48,24,0.18181818181818182,4,4,4.0,4,4,4.0,1,12
/home/maja/Studia/Magisterskie/Islands/islandsEA_student_fork/more_local_matrix_computation/results/continous_fixed_toplogies/more_local_40bench_continuous_fixed_v1/j0128_more_continuous_c11_rot_schwefel_torus_12_maxDistance_r1,/home/maja/Studia/Magisterskie/Islands/islandsEA_student_fork/more_local_matrix_computation/results/continous_fixed_toplogies/more_local_40bench_continuous_fixed_v1/j0128_more_continuous_c11_rot_schwefel_torus_12_maxDistance_r1/summary.csv,more_continuous_c11_rot_schwefel_torus_12_maxDistance_r1,continous_fixed_toplogies,more_local_40bench_continuous_fixed_v1,continuous,128,1,/home/maja/Studia/Magisterskie/Islands/islandsEA_student_fork/islands_desync/logs/more_local_40bench_continuous_fixed_v1/c11_30/j0128 12mt-co20ilu2,c11_rot_schwefel,30,1000,16,4,12,torus,maxDistance,plain,20,2,12,4313.126506620967,4377.157267611281,4370.479207359932,4500.939198193535,48.02481101714606,6.678060251349052,1,4500.93919819,7,1,4377.157267611281,4313.126506620967,12,1,246,9841.040925632142,4313.126506620967,5527.914419011175,,,,9841.040925632142,4313.126506620967,5527.914419011175,20.0,1000.0,5601384.92441951,5715.698902468888,6811.2379509683615,4779.288822205466,4380.141275707949,4313.126506620967,1000.0,144.0,232.0,428.0,488.0,48,24,0.18181818181818182,4,4,4.0,4,4,4.0,1,12
/home/maja/Studia/Magisterskie/Islands/islandsEA_student_fork/more_local_matrix_computation/results/continous_fixed_toplogies/more_local_40bench_continuous_fixed_v1/j0129_more_continuous_c11_rot_schwefel_complete_12_random_r1,/home/maja/Studia/Magisterskie/Islands/islandsEA_student_fork/more_local_matrix_computation/results/continous_fixed_toplogies/more_local_40bench_continuous_fixed_v1/j0129_more_continuous_c11_rot_schwefel_complete_12_random_r1/summary.csv,more_continuous_c11_rot_schwefel_complete_12_random_r1,continous_fixed_toplogies,more_local_40bench_continuous_fixed_v1,continuous,129,1,/home/maja/Studia/Magisterskie/Islands/islandsEA_student_fork/islands_desync/logs/more_local_40bench_continuous_fixed_v1/c11_30/j0129 12rc-co20ilu2,c11_rot_schwefel,30,1000,16,4,12,complete,random,plain,20,2,12,4554.837954280174,4579.614101192878,4582.488447986093,4597.74989848019,13.311744664944076,-2.874346793215409,0,,5,1,4579.614101192878,4554.837954280174,12,1,246,9708.655329547319,4554.837954280174,5153.817375267145,,,,9708.655329547319,4554.837954280174,5153.817375267145,20.0,1000.0,5718868.839850756,5835.5804488273025,6871.670812663317,5131.657508108647,4692.964334088027,4554.837954280174,960.0,160.0,220.0,324.0,544.0,132,0,1.0,11,11,11.0,11,11,11.0,1,12
/home/maja/Studia/Magisterskie/Islands/islandsEA_student_fork/more_local_matrix_computation/results/continous_fixed_toplogies/more_local_40bench_continuous_fixed_v1/j0130_more_continuous_c11_rot_schwefel_complete_12_best_r1,/home/maja/Studia/Magisterskie/Islands/islandsEA_student_fork/more_local_matrix_computation/results/continous_fixed_toplogies/more_local_40bench_continuous_fixed_v1/j0130_more_continuous_c11_rot_schwefel_complete_12_best_r1/summary.csv,more_continuous_c11_rot_schwefel_complete_12_best_r1,continous_fixed_toplogies,more_local_40bench_continuous_fixed_v1,continuous,130,1,/home/maja/Studia/Magisterskie/Islands/islandsEA_student_fork/islands_desync/logs/more_local_40bench_continuous_fixed_v1/c11_30/j0130 12bc-co20ilu2,c11_rot_schwefel,30,1000,16,4,12,complete,best,plain,20,2,12,4528.212696124116,4544.534923814978,4543.668551397626,4560.347981927027,10.367398010597995,0.8663724173520677,0,,9,1,4544.534923814978,4528.212696124116,12,1,246,10200.519670163125,4528.212696124116,5672.306974039009,,,,10200.519670163125,4528.212696124116,5672.306974039009,20.0,1000.0,5460880.4895989075,5572.327030202967,6110.563170452844,4785.623869158178,4594.63979140059,4528.212696124116,952.0,124.0,164.0,292.0,332.0,132,0,1.0,11,11,11.0,11,11,11.0,1,12
/home/maja/Studia/Magisterskie/Islands/islandsEA_student_fork/more_local_matrix_computation/results/continous_fixed_toplogies/more_local_40bench_continuous_fixed_v1/j0131_more_continuous_c11_rot_schwefel_complete_12_worst_r1,/home/maja/Studia/Magisterskie/Islands/islandsEA_student_fork/more_local_matrix_computation/results/continous_fixed_toplogies/more_local_40bench_continuous_fixed_v1/j0131_more_continuous_c11_rot_schwefel_complete_12_worst_r1/summary.csv,more_continuous_c11_rot_schwefel_complete_12_worst_r1,continous_fixed_toplogies,more_local_40bench_continuous_fixed_v1,continuous,131,1,/home/maja/Studia/Magisterskie/Islands/islandsEA_student_fork/islands_desync/logs/more_local_40bench_continuous_fixed_v1/c11_30/j0131 12wc-co20ilu2,c11_rot_schwefel,30,1000,16,4,12,complete,worst,plain,20,2,12,3917.9327705240503,4041.650546787353,4008.133302129635,4223.201763983623,105.2949193931509,33.51724465771804,0,,7,1,4041.650546787353,3917.9327705240503,12,1,246,10077.136182651928,3917.9327705240503,6159.2034121278775,,,,10077.136182651928,3917.9327705240503,6159.2034121278775,20.0,1000.0,5598192.304774416,5712.4411273208325,6955.297461310129,5097.008908034362,4189.341270176417,3917.9327705240503,968.0,124.0,244.0,448.0,640.0,132,0,1.0,11,11,11.0,11,11,11.0,1,12
/home/maja/Studia/Magisterskie/Islands/islandsEA_student_fork/more_local_matrix_computation/results/continous_fixed_toplogies/more_local_40bench_continuous_fixed_v1/j0132_more_continuous_c11_rot_schwefel_complete_12_maxDistance_r1,/home/maja/Studia/Magisterskie/Islands/islandsEA_student_fork/more_local_matrix_computation/results/continous_fixed_toplogies/more_local_40bench_continuous_fixed_v1/j0132_more_continuous_c11_rot_schwefel_complete_12_maxDistance_r1/summary.csv,more_continuous_c11_rot_schwefel_complete_12_maxDistance_r1,continous_fixed_toplogies,more_local_40bench_continuous_fixed_v1,continuous,132,1,/home/maja/Studia/Magisterskie/Islands/islandsEA_student_fork/islands_desync/logs/more_local_40bench_continuous_fixed_v1/c11_30/j0132 12mc-co20ilu2,c11_rot_schwefel,30,1000,16,4,12,complete,maxDistance,plain,20,2,12,4609.423483949711,4643.372387194335,4639.314947573418,4712.6593292389025,27.778342527267203,4.057439620916739,1,4712.65932924,7,1,4643.372387194335,4609.423483949711,12,1,246,9340.374008371358,4609.423483949711,4730.950524421647,,,,9340.374008371358,4609.423483949711,4730.950524421647,20.0,1000.0,5870286.044973433,5990.087800993299,7225.86647184045,4947.79264311199,4695.132246204275,4609.423483949711,992.0,188.0,280.0,372.0,476.0,132,0,1.0,11,11,11.0,11,11,11.0,1,12
/home/maja/Studia/Magisterskie/Islands/islandsEA_student_fork/more_local_matrix_computation/results/continous_fixed_toplogies/more_local_40bench_continuous_fixed_v1/j0133_more_continuous_c12_katsuura_ring_12_random_r1,/home/maja/Studia/Magisterskie/Islands/islandsEA_student_fork/more_local_matrix_computation/results/continous_fixed_toplogies/more_local_40bench_continuous_fixed_v1/j0133_more_continuous_c12_katsuura_ring_12_random_r1/summary.csv,more_continuous_c12_katsuura_ring_12_random_r1,continous_fixed_toplogies,more_local_40bench_continuous_fixed_v1,continuous,133,1,/home/maja/Studia/Magisterskie/Islands/islandsEA_student_fork/islands_desync/logs/more_local_40bench_continuous_fixed_v1/c12_30/j0133 12rr-co20ilu2,c12_katsuura,30,1000,16,4,12,ring,random,plain,20,2,12,1200.7359485472114,1201.3060868660536,1201.2417278404064,1201.8005230607139,0.3790107002168311,0.06435902564726348,0,,7,1,1201.3060868660536,1200.7359485472114,12,1,246,1205.9265252459336,1200.7359485472114,5.190576698722225,,,,1205.9265252459336,1200.7359485472114,5.190576698722225,20.0,1000.0,1177585.3248338073,1201.6176784018442,1201.8745928400754,1200.950003826028,1200.950003826028,1200.7359485472114,928.0,72.0,172.0,240.0,312.0,24,12,0.09090909090909091,2,2,2.0,2,2,2.0,1,12
/home/maja/Studia/Magisterskie/Islands/islandsEA_student_fork/more_local_matrix_computation/results/continous_fixed_toplogies/more_local_40bench_continuous_fixed_v1/j0134_more_continuous_c12_katsuura_ring_12_best_r1,/home/maja/Studia/Magisterskie/Islands/islandsEA_student_fork/more_local_matrix_computation/results/continous_fixed_toplogies/more_local_40bench_continuous_fixed_v1/j0134_more_continuous_c12_katsuura_ring_12_best_r1/summary.csv,more_continuous_c12_katsuura_ring_12_best_r1,continous_fixed_toplogies,more_local_40bench_continuous_fixed_v1,continuous,134,1,/home/maja/Studia/Magisterskie/Islands/islandsEA_student_fork/islands_desync/logs/more_local_40bench_continuous_fixed_v1/c12_30/j0134 12br-co20ilu2,c12_katsuura,30,1000,16,4,12,ring,best,plain,20,2,12,1201.1849224621367,1201.410158532217,1201.4411436212924,1201.764285932368,0.1524602173108306,-0.030985089075329597,0,,4,1,1201.410158532217,1201.1849224621367,12,1,246,1204.4370086612735,1201.1849224621367,3.2520861991367838,,,,1204.4370086612735,1201.1849224621367,3.2520861991367838,20.0,1000.0,1177792.005067264,1201.828576599249,1201.8616820570653,1201.6191424498122,1201.2400311844292,1201.1849224621367,916.0,84.0,144.0,204.0,584.0,24,12,0.09090909090909091,2,2,2.0,2,2,2.0,1,12
/home/maja/Studia/Magisterskie/Islands/islandsEA_student_fork/more_local_matrix_computation/results/continous_fixed_toplogies/more_local_40bench_continuous_fixed_v1/j0135_more_continuous_c12_katsuura_ring_12_worst_r1,/home/maja/Studia/Magisterskie/Islands/islandsEA_student_fork/more_local_matrix_computation/results/continous_fixed_toplogies/more_local_40bench_continuous_fixed_v1/j0135_more_continuous_c12_katsuura_ring_12_worst_r1/summary.csv,more_continuous_c12_katsuura_ring_12_worst_r1,continous_fixed_toplogies,more_local_40bench_continuous_fixed_v1,continuous,135,1,/home/maja/Studia/Magisterskie/Islands/islandsEA_student_fork/islands_desync/logs/more_local_40bench_continuous_fixed_v1/c12_30/j0135 12wr-co20ilu2,c12_katsuura,30,1000,16,4,12,ring,worst,plain,20,2,12,1201.054677601107,1201.6880388289464,1201.324950031877,1202.8897493049942,0.5474855162553196,0.3630887970693948,0,,0,1,1201.6880388289464,1201.054677601107,12,1,246,1205.8341904755862,1201.054677601107,4.779512874479224,,,,1205.8341904755862,1201.054677601107,4.779512874479224,20.0,1000.0,1177953.7628824413,1201.9936355943278,1202.4268008920496,1201.3606762758589,1201.324950031877,1201.054677601107,936.0,28.0,96.0,388.0,496.0,24,12,0.09090909090909091,2,2,2.0,2,2,2.0,1,12
/home/maja/Studia/Magisterskie/Islands/islandsEA_student_fork/more_local_matrix_computation/results/continous_fixed_toplogies/more_local_40bench_continuous_fixed_v1/j0136_more_continuous_c12_katsuura_ring_12_maxDistance_r1,/home/maja/Studia/Magisterskie/Islands/islandsEA_student_fork/more_local_matrix_computation/results/continous_fixed_toplogies/more_local_40bench_continuous_fixed_v1/j0136_more_continuous_c12_katsuura_ring_12_maxDistance_r1/summary.csv,more_continuous_c12_katsuura_ring_12_maxDistance_r1,continous_fixed_toplogies,more_local_40bench_continuous_fixed_v1,continuous,136,1,/home/maja/Studia/Magisterskie/Islands/islandsEA_student_fork/islands_desync/logs/more_local_40bench_continuous_fixed_v1/c12_30/j0136 12mr-co20ilu2,c12_katsuura,30,1000,16,4,12,ring,maxDistance,plain,20,2,12,1200.4417486959048,1201.4504446496019,1201.7791655870485,1202.349250057119,0.6105850932480791,-0.3287209374466329,0,,3,1,1201.4504446496019,1200.4417486959048,12,1,246,1205.9610635610902,1200.4417486959048,5.519314865185379,,,,1205.9610635610902,1200.4417486959048,5.519314865185379,20.0,1000.0,1177199.3247358114,1201.223800750828,1201.1655278681183,1200.8174250329046,1200.4596627144279,1200.4417486959048,808.0,48.0,80.0,184.0,440.0,24,12,0.09090909090909091,2,2,2.0,2,2,2.0,1,12
/home/maja/Studia/Magisterskie/Islands/islandsEA_student_fork/more_local_matrix_computation/results/continous_fixed_toplogies/more_local_40bench_continuous_fixed_v1/j0137_more_continuous_c12_katsuura_torus_12_random_r1,/home/maja/Studia/Magisterskie/Islands/islandsEA_student_fork/more_local_matrix_computation/results/continous_fixed_toplogies/more_local_40bench_continuous_fixed_v1/j0137_more_continuous_c12_katsuura_torus_12_random_r1/summary.csv,more_continuous_c12_katsuura_torus_12_random_r1,continous_fixed_toplogies,more_local_40bench_continuous_fixed_v1,continuous,137,1,/home/maja/Studia/Magisterskie/Islands/islandsEA_student_fork/islands_desync/logs/more_local_40bench_continuous_fixed_v1/c12_30/j0137 12rt-co20ilu2,c12_katsuura,30,1000,16,4,12,torus,random,plain,20,2,12,1200.5171617263245,1200.6576504945608,1200.5656544338979,1201.0202011547442,0.16500542811653077,0.09199606066295019,0,,9,1,1200.6576504945608,1200.5171617263245,12,1,246,1206.2159592811756,1200.5171617263245,5.698797554851126,,,,1206.2159592811756,1200.5171617263245,5.698797554851126,20.0,1000.0,1177613.2871969328,1201.6462114254416,1202.609504820615,1201.0957325139814,1200.6729677819576,1200.5171617263245,960.0,40.0,180.0,300.0,504.0,48,24,0.18181818181818182,4,4,4.0,4,4,4.0,1,12
/home/maja/Studia/Magisterskie/Islands/islandsEA_student_fork/more_local_matrix_computation/results/continous_fixed_toplogies/more_local_40bench_continuous_fixed_v1/j0138_more_continuous_c12_katsuura_torus_12_best_r1,/home/maja/Studia/Magisterskie/Islands/islandsEA_student_fork/more_local_matrix_computation/results/continous_fixed_toplogies/more_local_40bench_continuous_fixed_v1/j0138_more_continuous_c12_katsuura_torus_12_best_r1/summary.csv,more_continuous_c12_katsuura_torus_12_best_r1,continous_fixed_toplogies,more_local_40bench_continuous_fixed_v1,continuous,138,1,/home/maja/Studia/Magisterskie/Islands/islandsEA_student_fork/islands_desync/logs/more_local_40bench_continuous_fixed_v1/c12_30/j0138 12bt-co20ilu2,c12_katsuura,30,1000,16,4,12,torus,best,plain,20,2,12,1200.4381751270128,1200.4759165326757,1200.4621640654677,1200.5289819642255,0.03182993192606777,0.013752467207950758,0,,10,1,1200.4759165326757,1200.4381751270128,12,1,246,1205.0983499250397,1200.4381751270128,4.660174798026901,,,,1205.0983499250397,1200.4381751270128,4.660174798026901,20.0,1000.0,1177097.1962251395,1201.1195879848362,1201.125329178217,1200.6697932824216,1200.4508827313048,1200.4381751270128,916.0,92.0,124.0,192.0,324.0,48,24,0.18181818181818182,4,4,4.0,4,4,4.0,1,12
/home/maja/Studia/Magisterskie/Islands/islandsEA_student_fork/more_local_matrix_computation/results/continous_fixed_toplogies/more_local_40bench_continuous_fixed_v1/j0139_more_continuous_c12_katsuura_torus_12_worst_r1,/home/maja/Studia/Magisterskie/Islands/islandsEA_student_fork/more_local_matrix_computation/results/continous_fixed_toplogies/more_local_40bench_continuous_fixed_v1/j0139_more_continuous_c12_katsuura_torus_12_worst_r1/summary.csv,more_continuous_c12_katsuura_torus_12_worst_r1,continous_fixed_toplogies,more_local_40bench_continuous_fixed_v1,continuous,139,1,/home/maja/Studia/Magisterskie/Islands/islandsEA_student_fork/islands_desync/logs/more_local_40bench_continuous_fixed_v1/c12_30/j0139 12wt-co20ilu2,c12_katsuura,30,1000,16,4,12,torus,worst,plain,20,2,12,1200.590703872941,1200.956593905549,1200.762301840822,1201.9795158976556,0.38426501069764685,0.19429206472705118,1,1201.9795159,1,1,1200.956593905549,1200.590703872941,12,1,246,1204.3008109878162,1200.590703872941,3.7101071148752,,,,1204.3008109878162,1200.590703872941,3.7101071148752,20.0,1000.0,1177458.3890001934,1201.4881520410138,1202.2477456595198,1200.8794560364602,1200.7115000464187,1200.590703872941,996.0,100.0,248.0,324.0,396.0,48,24,0.18181818181818182,4,4,4.0,4,4,4.0,1,12
/home/maja/Studia/Magisterskie/Islands/islandsEA_student_fork/more_local_matrix_computation/results/continous_fixed_toplogies/more_local_40bench_continuous_fixed_v1/j0140_more_continuous_c12_katsuura_torus_12_maxDistance_r1,/home/maja/Studia/Magisterskie/Islands/islandsEA_student_fork/more_local_matrix_computation/results/continous_fixed_toplogies/more_local_40bench_continuous_fixed_v1/j0140_more_continuous_c12_katsuura_torus_12_maxDistance_r1/summary.csv,more_continuous_c12_katsuura_torus_12_maxDistance_r1,continous_fixed_toplogies,more_local_40bench_continuous_fixed_v1,continuous,140,1,/home/maja/Studia/Magisterskie/Islands/islandsEA_student_fork/islands_desync/logs/more_local_40bench_continuous_fixed_v1/c12_30/j0140 12mt-co20ilu2,c12_katsuura,30,1000,16,4,12,torus,maxDistance,plain,20,2,12,1201.3592208363943,1201.404239165638,1201.4188517119628,1201.4470451415707,0.031761838373768114,-0.014612546324769937,0,,2,1,1201.404239165638,1201.3592208363943,12,1,246,1204.6637877229698,1201.3592208363943,3.304566886575458,,,,1204.6637877229698,1201.3592208363943,3.304566886575458,20.0,1000.0,1177980.1676349256,1202.020579219312,1202.7184027742733,1201.4470451415707,1201.3636716422795,1201.3592208363943,956.0,140.0,196.0,292.0,292.0,48,24,0.18181818181818182,4,4,4.0,4,4,4.0,1,12
/home/maja/Studia/Magisterskie/Islands/islandsEA_student_fork/more_local_matrix_computation/results/continous_fixed_toplogies/more_local_40bench_continuous_fixed_v1/j0141_more_continuous_c12_katsuura_complete_12_random_r1,/home/maja/Studia/Magisterskie/Islands/islandsEA_student_fork/more_local_matrix_computation/results/continous_fixed_toplogies/more_local_40bench_continuous_fixed_v1/j0141_more_continuous_c12_katsuura_complete_12_random_r1/summary.csv,more_continuous_c12_katsuura_complete_12_random_r1,continous_fixed_toplogies,more_local_40bench_continuous_fixed_v1,continuous,141,1,/home/maja/Studia/Magisterskie/Islands/islandsEA_student_fork/islands_desync/logs/more_local_40bench_continuous_fixed_v1/c12_30/j0141 12rc-co20ilu2,c12_katsuura,30,1000,16,4,12,complete,random,plain,20,2,12,1201.4355411929039,1201.5769994924974,1201.5471524258128,1201.7238177457684,0.07847163742742504,0.029847066684624224,0,,0,1,1201.5769994924974,1201.4355411929039,12,1,246,1204.2479156834645,1201.4355411929039,2.8123744905606145,,,,1204.2479156834645,1201.4355411929039,2.8123744905606145,20.0,1000.0,1178156.4857366546,1202.2004956496476,1202.3998753186474,1202.1492028255266,1201.7238177457684,1201.4355411929039,960.0,116.0,184.0,564.0,796.0,132,0,1.0,11,11,11.0,11,11,11.0,1,12
/home/maja/Studia/Magisterskie/Islands/islandsEA_student_fork/more_local_matrix_computation/results/continous_fixed_toplogies/more_local_40bench_continuous_fixed_v1/j0142_more_continuous_c12_katsuura_complete_12_best_r1,/home/maja/Studia/Magisterskie/Islands/islandsEA_student_fork/more_local_matrix_computation/results/continous_fixed_toplogies/more_local_40bench_continuous_fixed_v1/j0142_more_continuous_c12_katsuura_complete_12_best_r1/summary.csv,more_continuous_c12_katsuura_complete_12_best_r1,continous_fixed_toplogies,more_local_40bench_continuous_fixed_v1,continuous,142,1,/home/maja/Studia/Magisterskie/Islands/islandsEA_student_fork/islands_desync/logs/more_local_40bench_continuous_fixed_v1/c12_30/j0142 12bc-co20ilu2,c12_katsuura,30,1000,16,4,12,complete,best,plain,20,2,12,1201.0762492207607,1201.083093859991,1201.0819390282527,1201.0932977476891,0.006850287052398692,0.0011548317384040274,0,,0,4,1201.083093859991,1201.0762492207607,12,1,246,1205.934854081785,1201.0762492207607,4.858604861024332,,,,1205.934854081785,1201.0762492207607,4.858604861024332,20.0,1000.0,1177703.426559748,1201.7381903670896,1201.7056689899325,1201.119721313247,1201.087489309822,1201.0762492207607,900.0,72.0,148.0,184.0,256.0,132,0,1.0,11,11,11.0,11,11,11.0,1,12
/home/maja/Studia/Magisterskie/Islands/islandsEA_student_fork/more_local_matrix_computation/results/continous_fixed_toplogies/more_local_40bench_continuous_fixed_v1/j0143_more_continuous_c12_katsuura_complete_12_worst_r1,/home/maja/Studia/Magisterskie/Islands/islandsEA_student_fork/more_local_matrix_computation/results/continous_fixed_toplogies/more_local_40bench_continuous_fixed_v1/j0143_more_continuous_c12_katsuura_complete_12_worst_r1/summary.csv,more_continuous_c12_katsuura_complete_12_worst_r1,continous_fixed_toplogies,more_local_40bench_continuous_fixed_v1,continuous,143,1,/home/maja/Studia/Magisterskie/Islands/islandsEA_student_fork/islands_desync/logs/more_local_40bench_continuous_fixed_v1/c12_30/j0143 12wc-co20ilu2,c12_katsuura,30,1000,16,4,12,complete,worst,plain,20,2,12,1200.9985394473158,1201.334711982351,1201.145401859932,1202.0953563037356,0.3306236043072805,0.1893101224191014,0,,0,1,1201.334711982351,1200.9985394473158,12,1,246,1205.9317362143606,1200.9985394473158,4.933196767044819,,,,1205.9317362143606,1200.9985394473158,4.933196767044819,20.0,1000.0,1177945.709804303,1201.9854181676562,1202.5821225640161,1201.1706465301988,1201.110673505265,1200.9985394473158,964.0,104.0,192.0,304.0,412.0,132,0,1.0,11,11,11.0,11,11,11.0,1,12
/home/maja/Studia/Magisterskie/Islands/islandsEA_student_fork/more_local_matrix_computation/results/continous_fixed_toplogies/more_local_40bench_continuous_fixed_v1/j0144_more_continuous_c12_katsuura_complete_12_maxDistance_r1,/home/maja/Studia/Magisterskie/Islands/islandsEA_student_fork/more_local_matrix_computation/results/continous_fixed_toplogies/more_local_40bench_continuous_fixed_v1/j0144_more_continuous_c12_katsuura_complete_12_maxDistance_r1/summary.csv,more_continuous_c12_katsuura_complete_12_maxDistance_r1,continous_fixed_toplogies,more_local_40bench_continuous_fixed_v1,continuous,144,1,/home/maja/Studia/Magisterskie/Islands/islandsEA_student_fork/islands_desync/logs/more_local_40bench_continuous_fixed_v1/c12_30/j0144 12mc-co20ilu2,c12_katsuura,30,1000,16,4,12,complete,maxDistance,plain,20,2,12,1200.8375339719669,1200.850971040214,1200.8430133775375,1200.8928935484296,0.016493118239114167,0.00795766267651743,0,,11,1,1200.850971040214,1200.8375339719669,12,1,246,1205.2617588432543,1200.8375339719669,4.424224871287379,,,,1205.2617588432543,1200.8375339719669,4.424224871287379,20.0,1000.0,1177674.4779121068,1201.7086509307212,1202.4439387216833,1200.9387938730565,1200.8381678041562,1200.8375339719669,972.0,100.0,176.0,264.0,456.0,132,0,1.0,11,11,11.0,11,11,11.0,1,12
/home/maja/Studia/Magisterskie/Islands/islandsEA_student_fork/more_local_matrix_computation/results/continous_fixed_toplogies/more_local_40bench_continuous_fixed_v1/j0145_more_continuous_c13_happycat_ring_12_random_r1,/home/maja/Studia/Magisterskie/Islands/islandsEA_student_fork/more_local_matrix_computation/results/continous_fixed_toplogies/more_local_40bench_continuous_fixed_v1/j0145_more_continuous_c13_happycat_ring_12_random_r1/summary.csv,more_continuous_c13_happycat_ring_12_random_r1,continous_fixed_toplogies,more_local_40bench_continuous_fixed_v1,continuous,145,1,/home/maja/Studia/Magisterskie/Islands/islandsEA_student_fork/islands_desync/logs/more_local_40bench_continuous_fixed_v1/c13_30/j0145 12rr-co20ilu2,c13_happycat,30,1000,16,4,12,ring,random,plain,20,2,12,1300.466977966792,1301.310749029111,1300.5851527861882,1303.5538271728074,1.1372845976598838,0.7255962429228475,0,,3,2,1301.310749029111,1300.466977966792,12,1,246,1306.0361103953014,1300.466977966792,5.56913242850942,,,,1306.0361103953014,1300.466977966792,5.56913242850942,20.0,1000.0,1275454.040286684,1301.483714578249,1302.2353548659178,1300.781082388829,1300.52195711519,1300.466977966792,844.0,64.0,200.0,288.0,332.0,24,12,0.09090909090909091,2,2,2.0,2,2,2.0,1,12
/home/maja/Studia/Magisterskie/Islands/islandsEA_student_fork/more_local_matrix_computation/results/continous_fixed_toplogies/more_local_40bench_continuous_fixed_v1/j0146_more_continuous_c13_happycat_ring_12_best_r1,/home/maja/Studia/Magisterskie/Islands/islandsEA_student_fork/more_local_matrix_computation/results/continous_fixed_toplogies/more_local_40bench_continuous_fixed_v1/j0146_more_continuous_c13_happycat_ring_12_best_r1/summary.csv,more_continuous_c13_happycat_ring_12_best_r1,continous_fixed_toplogies,more_local_40bench_continuous_fixed_v1,continuous,146,1,/home/maja/Studia/Magisterskie/Islands/islandsEA_student_fork/islands_desync/logs/more_local_40bench_continuous_fixed_v1/c13_30/j0146 12br-co20ilu2,c13_happycat,30,1000,16,4,12,ring,best,plain,20,2,12,1300.4392701198883,1301.6058640864223,1300.6414575366057,1304.727915664179,1.4591957962547586,0.9644065498166583,0,,4,1,1301.6058640864223,1300.4392701198883,12,1,246,1307.3479054365278,1300.4392701198883,6.908635316639447,,,,1307.3479054365278,1300.4392701198883,6.908635316639447,20.0,1000.0,1275354.7081562404,1301.38235526147,1302.1823251699554,1300.5721511548484,1300.4509287082305,1300.4392701198883,908.0,64.0,124.0,256.0,308.0,24,12,0.09090909090909091,2,2,2.0,2,2,2.0,1,12
/home/maja/Studia/Magisterskie/Islands/islandsEA_student_fork/more_local_matrix_computation/results/continous_fixed_toplogies/more_local_40bench_continuous_fixed_v1/j0147_more_continuous_c13_happycat_ring_12_worst_r1,/home/maja/Studia/Magisterskie/Islands/islandsEA_student_fork/more_local_matrix_computation/results/continous_fixed_toplogies/more_local_40bench_continuous_fixed_v1/j0147_more_continuous_c13_happycat_ring_12_worst_r1/summary.csv,more_continuous_c13_happycat_ring_12_worst_r1,continous_fixed_toplogies,more_local_40bench_continuous_fixed_v1,continuous,147,1,/home/maja/Studia/Magisterskie/Islands/islandsEA_student_fork/islands_desync/logs/more_local_40bench_continuous_fixed_v1/c13_30/j0147 12wr-co20ilu2,c13_happycat,30,1000,16,4,12,ring,worst,plain,20,2,12,1300.505078477231,1300.9148433158475,1300.8394487841456,1302.532700391773,0.5060228347797565,0.07539453170193156,1,1302.53270039,2,1,1300.9148433158475,1300.505078477231,12,1,246,1307.3800442706386,1300.505078477231,6.874965793407455,,,,1307.3800442706386,1300.505078477231,6.874965793407455,20.0,1000.0,1275506.0849940346,1301.5368214224843,1302.145910764702,1300.9777479259476,1300.5981261668353,1300.505078477231,872.0,40.0,116.0,248.0,356.0,24,12,0.09090909090909091,2,2,2.0,2,2,2.0,1,12
/home/maja/Studia/Magisterskie/Islands/islandsEA_student_fork/more_local_matrix_computation/results/continous_fixed_toplogies/more_local_40bench_continuous_fixed_v1/j0148_more_continuous_c13_happycat_ring_12_maxDistance_r1,/home/maja/Studia/Magisterskie/Islands/islandsEA_student_fork/more_local_matrix_computation/results/continous_fixed_toplogies/more_local_40bench_continuous_fixed_v1/j0148_more_continuous_c13_happycat_ring_12_maxDistance_r1/summary.csv,more_continuous_c13_happycat_ring_12_maxDistance_r1,continous_fixed_toplogies,more_local_40bench_continuous_fixed_v1,continuous,148,1,/home/maja/Studia/Magisterskie/Islands/islandsEA_student_fork/islands_desync/logs/more_local_40bench_continuous_fixed_v1/c13_30/j0148 12mr-co20ilu2,c13_happycat,30,1000,16,4,12,ring,maxDistance,plain,20,2,12,1300.410522459904,1301.0686985540037,1300.6187569653493,1304.2575239380685,1.1578548713173975,0.44994158865438294,2,1302.89484888;1304.25752394,8,1,1301.0686985540037,1300.410522459904,12,1,246,1307.0342057249134,1300.410522459904,6.6236832650092765,,,,1307.0342057249134,1300.410522459904,6.6236832650092765,20.0,1000.0,1275529.530828661,1301.5607457435317,1302.6963840658123,1300.7189227061406,1300.4346321412208,1300.410522459904,980.0,52.0,180.0,284.0,324.0,24,12,0.09090909090909091,2,2,2.0,2,2,2.0,1,12
/home/maja/Studia/Magisterskie/Islands/islandsEA_student_fork/more_local_matrix_computation/results/continous_fixed_toplogies/more_local_40bench_continuous_fixed_v1/j0149_more_continuous_c13_happycat_torus_12_random_r1,/home/maja/Studia/Magisterskie/Islands/islandsEA_student_fork/more_local_matrix_computation/results/continous_fixed_toplogies/more_local_40bench_continuous_fixed_v1/j0149_more_continuous_c13_happycat_torus_12_random_r1/summary.csv,more_continuous_c13_happycat_torus_12_random_r1,continous_fixed_toplogies,more_local_40bench_continuous_fixed_v1,continuous,149,1,/home/maja/Studia/Magisterskie/Islands/islandsEA_student_fork/islands_desync/logs/more_local_40bench_continuous_fixed_v1/c13_30/j0149 12rt-co20ilu2,c13_happycat,30,1000,16,4,12,torus,random,plain,20,2,12,1300.7289509611178,1300.7359781869186,1300.731884497331,1300.7839423085957,0.014729726638807285,0.0040936895875347545,1,1300.78394231,0,6,1300.7359781869186,1300.7289509611178,12,1,246,1306.6590822163334,1300.7289509611178,5.930131255215656,,,,1306.6590822163334,1300.7289509611178,5.930131255215656,20.0,1000.0,1275283.3726746307,1301.3095639537048,1301.1986940225636,1300.7289509611178,1300.7289509611178,1300.7289509611178,312.0,32.0,100.0,176.0,244.0,48,24,0.18181818181818182,4,4,4.0,4,4,4.0,1,12
/home/maja/Studia/Magisterskie/Islands/islandsEA_student_fork/more_local_matrix_computation/results/continous_fixed_toplogies/more_local_40bench_continuous_fixed_v1/j0150_more_continuous_c13_happycat_torus_12_best_r1,/home/maja/Studia/Magisterskie/Islands/islandsEA_student_fork/more_local_matrix_computation/results/continous_fixed_toplogies/more_local_40bench_continuous_fixed_v1/j0150_more_continuous_c13_happycat_torus_12_best_r1/summary.csv,more_continuous_c13_happycat_torus_12_best_r1,continous_fixed_toplogies,more_local_40bench_continuous_fixed_v1,continuous,150,1,/home/maja/Studia/Magisterskie/Islands/islandsEA_student_fork/islands_desync/logs/more_local_40bench_continuous_fixed_v1/c13_30/j0150 12bt-co20ilu2,c13_happycat,30,1000,16,4,12,torus,best,plain,20,2,12,1300.416068003232,1300.416068003232,1300.416068003232,1300.416068003232,0,0,0,,0,12,1300.416068003232,1300.416068003232,12,1,246,1307.2972228978151,1300.416068003232,6.881154894583005,,,,1307.2972228978151,1300.416068003232,6.881154894583005,20.0,1000.0,1275121.5481212933,1301.1444368584625,1301.485662934543,1300.4773935769056,1300.416068003232,1300.416068003232,552.0,52.0,88.0,208.0,268.0,48,24,0.18181818181818182,4,4,4.0,4,4,4.0,1,12
/home/maja/Studia/Magisterskie/Islands/islandsEA_student_fork/more_local_matrix_computation/results/continous_fixed_toplogies/more_local_40bench_continuous_fixed_v1/j0151_more_continuous_c13_happycat_torus_12_worst_r1,/home/maja/Studia/Magisterskie/Islands/islandsEA_student_fork/more_local_matrix_computation/results/continous_fixed_toplogies/more_local_40bench_continuous_fixed_v1/j0151_more_continuous_c13_happycat_torus_12_worst_r1/summary.csv,more_continuous_c13_happycat_torus_12_worst_r1,continous_fixed_toplogies,more_local_40bench_continuous_fixed_v1,continuous,151,1,/home/maja/Studia/Magisterskie/Islands/islandsEA_student_fork/islands_desync/logs/more_local_40bench_continuous_fixed_v1/c13_30/j0151 12wt-co20ilu2,c13_happycat,30,1000,16,4,12,torus,worst,plain,20,2,12,1300.3465998931754,1300.4753268883117,1300.427562894618,1300.660779696222,0.11379259475468477,0.04776399369370665,0,,1,1,1300.4753268883117,1300.3465998931754,12,1,246,1306.4395767411575,1300.3465998931754,6.092976847982072,,,,1306.4395767411575,1300.3465998931754,6.092976847982072,20.0,1000.0,1275186.7225563123,1301.2109413839921,1301.5174699542292,1300.3805227048554,1300.3805227048554,1300.3465998931754,988.0,56.0,156.0,208.0,336.0,48,24,0.18181818181818182,4,4,4.0,4,4,4.0,1,12
/home/maja/Studia/Magisterskie/Islands/islandsEA_student_fork/more_local_matrix_computation/results/continous_fixed_toplogies/more_local_40bench_continuous_fixed_v1/j0152_more_continuous_c13_happycat_torus_12_maxDistance_r1,/home/maja/Studia/Magisterskie/Islands/islandsEA_student_fork/more_local_matrix_computation/results/continous_fixed_toplogies/more_local_40bench_continuous_fixed_v1/j0152_more_continuous_c13_happycat_torus_12_maxDistance_r1/summary.csv,more_continuous_c13_happycat_torus_12_maxDistance_r1,continous_fixed_toplogies,more_local_40bench_continuous_fixed_v1,continuous,152,1,/home/maja/Studia/Magisterskie/Islands/islandsEA_student_fork/islands_desync/logs/more_local_40bench_continuous_fixed_v1/c13_30/j0152 12mt-co20ilu2,c13_happycat,30,1000,16,4,12,torus,maxDistance,plain,20,2,12,1300.5275666826235,1300.5491476972197,1300.559938204518,1300.559938204518,0.015260081765928244,-0.010790507298224838,0,,1,4,1300.5491476972197,1300.5275666826235,12,1,246,1306.7471818012284,1300.5275666826235,6.2196151186049065,,,,1306.7471818012284,1300.5275666826235,6.2196151186049065,20.0,1000.0,1275389.3712224828,1301.4177257372273,1301.9804446366165,1300.587339874833,1300.5764719046622,1300.5275666826235,904.0,32.0,156.0,216.0,332.0,48,24,0.18181818181818182,4,4,4.0,4,4,4.0,1,12
/home/maja/Studia/Magisterskie/Islands/islandsEA_student_fork/more_local_matrix_computation/results/continous_fixed_toplogies/more_local_40bench_continuous_fixed_v1/j0153_more_continuous_c13_happycat_complete_12_random_r1,/home/maja/Studia/Magisterskie/Islands/islandsEA_student_fork/more_local_matrix_computation/results/continous_fixed_toplogies/more_local_40bench_continuous_fixed_v1/j0153_more_continuous_c13_happycat_complete_12_random_r1/summary.csv,more_continuous_c13_happycat_complete_12_random_r1,continous_fixed_toplogies,more_local_40bench_continuous_fixed_v1,continuous,153,1,/home/maja/Studia/Magisterskie/Islands/islandsEA_student_fork/islands_desync/logs/more_local_40bench_continuous_fixed_v1/c13_30/j0153 12rc-co20ilu2,c13_happycat,30,1000,16,4,12,complete,random,plain,20,2,12,1300.5226409786394,1300.5318547341903,1300.5226409786394,1300.5779235119458,0.020602583740233882,0.00921375555094528,2,1300.57792351;1300.57792351,0,10,1300.5318547341903,1300.5226409786394,12,1,246,1307.450796814178,1300.5226409786394,6.928155835538519,,,,1307.450796814178,1300.5226409786394,6.928155835538519,20.0,1000.0,1275388.7091068737,1301.4170501090548,1301.0818344751342,1300.6881752801642,1300.5583435191766,1300.5226409786394,756.0,48.0,128.0,236.0,240.0,132,0,1.0,11,11,11.0,11,11,11.0,1,12
/home/maja/Studia/Magisterskie/Islands/islandsEA_student_fork/more_local_matrix_computation/results/continous_fixed_toplogies/more_local_40bench_continuous_fixed_v1/j0154_more_continuous_c13_happycat_complete_12_best_r1,/home/maja/Studia/Magisterskie/Islands/islandsEA_student_fork/more_local_matrix_computation/results/continous_fixed_toplogies/more_local_40bench_continuous_fixed_v1/j0154_more_continuous_c13_happycat_complete_12_best_r1/summary.csv,more_continuous_c13_happycat_complete_12_best_r1,continous_fixed_toplogies,more_local_40bench_continuous_fixed_v1,continuous,154,1,/home/maja/Studia/Magisterskie/Islands/islandsEA_student_fork/islands_desync/logs/more_local_40bench_continuous_fixed_v1/c13_30/j0154 12bc-co20ilu2,c13_happycat,30,1000,16,4,12,complete,best,plain,20,2,12,1300.6607487337344,1300.6607487337344,1300.6607487337344,1300.6607487337344,0,0,0,,0,12,1300.6607487337344,1300.6607487337344,12,1,246,1306.3938834468786,1300.6607487337344,5.733134713144182,,,,1306.3938834468786,1300.6607487337344,5.733134713144182,20.0,1000.0,1275199.352304688,1301.2238288823346,1300.7373699090692,1300.7290089328321,1300.6607487337344,1300.6607487337344,520.0,80.0,116.0,152.0,180.0,132,0,1.0,11,11,11.0,11,11,11.0,1,12
/home/maja/Studia/Magisterskie/Islands/islandsEA_student_fork/more_local_matrix_computation/results/continous_fixed_toplogies/more_local_40bench_continuous_fixed_v1/j0155_more_continuous_c13_happycat_complete_12_worst_r1,/home/maja/Studia/Magisterskie/Islands/islandsEA_student_fork/more_local_matrix_computation/results/continous_fixed_toplogies/more_local_40bench_continuous_fixed_v1/j0155_more_continuous_c13_happycat_complete_12_worst_r1/summary.csv,more_continuous_c13_happycat_complete_12_worst_r1,continous_fixed_toplogies,more_local_40bench_continuous_fixed_v1,continuous,155,1,/home/maja/Studia/Magisterskie/Islands/islandsEA_student_fork/islands_desync/logs/more_local_40bench_continuous_fixed_v1/c13_30/j0155 12wc-co20ilu2,c13_happycat,30,1000,16,4,12,complete,worst,plain,20,2,12,1300.452480611739,1300.4550718092673,1300.452480611739,1300.4628454018523,0.004488085771493558,0.0025911975283179345,3,1300.4628454;1300.4628454;1300.4628454,0,9,1300.4550718092673,1300.452480611739,12,1,246,1306.8128930630621,1300.452480611739,6.3604124513231,,,,1306.8128930630621,1300.452480611739,6.3604124513231,20.0,1000.0,1275194.788578113,1301.2191720184828,1301.0922841081926,1300.5332190276094,1300.452480611739,1300.452480611739,628.0,56.0,136.0,200.0,252.0,132,0,1.0,11,11,11.0,11,11,11.0,1,12
/home/maja/Studia/Magisterskie/Islands/islandsEA_student_fork/more_local_matrix_computation/results/continous_fixed_toplogies/more_local_40bench_continuous_fixed_v1/j0156_more_continuous_c13_happycat_complete_12_maxDistance_r1,/home/maja/Studia/Magisterskie/Islands/islandsEA_student_fork/more_local_matrix_computation/results/continous_fixed_toplogies/more_local_40bench_continuous_fixed_v1/j0156_more_continuous_c13_happycat_complete_12_maxDistance_r1/summary.csv,more_continuous_c13_happycat_complete_12_maxDistance_r1,continous_fixed_toplogies,more_local_40bench_continuous_fixed_v1,continuous,156,1,/home/maja/Studia/Magisterskie/Islands/islandsEA_student_fork/islands_desync/logs/more_local_40bench_continuous_fixed_v1/c13_30/j0156 12mc-co20ilu2,c13_happycat,30,1000,16,4,12,complete,maxDistance,plain,20,2,12,1300.502411964019,1300.509995071055,1300.502411964019,1300.5206114209054,0.00897245324572744,0.007583107035998182,0,,2,7,1300.509995071055,1300.502411964019,12,1,246,1306.9133185030691,1300.502411964019,6.410906539050075,,,,1306.9133185030691,1300.502411964019,6.410906539050075,20.0,1000.0,1275320.6783372134,1301.3476309563403,1301.4562246244232,1300.6361410196105,1300.5206114209054,1300.502411964019,848.0,60.0,148.0,212.0,268.0,132,0,1.0,11,11,11.0,11,11,11.0,1,12
/home/maja/Studia/Magisterskie/Islands/islandsEA_student_fork/more_local_matrix_computation/results/continous_fixed_toplogies/more_local_40bench_continuous_fixed_v1/j0157_more_continuous_c14_hgbat_ring_12_random_r1,/home/maja/Studia/Magisterskie/Islands/islandsEA_student_fork/more_local_matrix_computation/results/continous_fixed_toplogies/more_local_40bench_continuous_fixed_v1/j0157_more_continuous_c14_hgbat_ring_12_random_r1/summary.csv,more_continuous_c14_hgbat_ring_12_random_r1,continous_fixed_toplogies,more_local_40bench_continuous_fixed_v1,continuous,157,1,/home/maja/Studia/Magisterskie/Islands/islandsEA_student_fork/islands_desync/logs/more_local_40bench_continuous_fixed_v1/c14_30/j0157 12rr-co20ilu2,c14_hgbat,30,1000,16,4,12,ring,random,plain,20,2,12,1400.9751835604022,1412.7940994256126,1407.943371521817,1445.9724570202093,14.020496165725007,4.850727903795587,1,1445.97245702,1,1,1412.7940994256126,1400.9751835604022,12,1,246,1599.521309405613,1400.9751835604022,198.54612584521078,,,,1599.521309405613,1400.9751835604022,198.54612584521078,20.0,1000.0,1393312.8699298198,1421.7478264589997,1432.292595003838,1407.854047485742,1401.0026608478308,1400.9751835604022,888.0,32.0,80.0,152.0,296.0,24,12,0.09090909090909091,2,2,2.0,2,2,2.0,1,12
/home/maja/Studia/Magisterskie/Islands/islandsEA_student_fork/more_local_matrix_computation/results/continous_fixed_toplogies/more_local_40bench_continuous_fixed_v1/j0158_more_continuous_c14_hgbat_ring_12_best_r1,/home/maja/Studia/Magisterskie/Islands/islandsEA_student_fork/more_local_matrix_computation/results/continous_fixed_toplogies/more_local_40bench_continuous_fixed_v1/j0158_more_continuous_c14_hgbat_ring_12_best_r1/summary.csv,more_continuous_c14_hgbat_ring_12_best_r1,continous_fixed_toplogies,more_local_40bench_continuous_fixed_v1,continuous,158,1,/home/maja/Studia/Magisterskie/Islands/islandsEA_student_fork/islands_desync/logs/more_local_40bench_continuous_fixed_v1/c14_30/j0158 12br-co20ilu2,c14_hgbat,30,1000,16,4,12,ring,best,plain,20,2,12,1400.3448240986124,1426.7981816317674,1418.2504902133676,1489.1291172124922,29.77544184773606,8.547691418399836,0,,0,2,1426.7981816317674,1400.3448240986124,12,1,246,1607.8176968310022,1400.3448240986124,207.47287273238976,,,,1607.8176968310022,1400.3448240986124,207.47287273238976,20.0,1000.0,1396253.4110509166,1424.7483786233843,1432.6765075946444,1410.1023836600637,1400.6955470575251,1400.3448240986124,848.0,44.0,84.0,196.0,316.0,24,12,0.09090909090909091,2,2,2.0,2,2,2.0,1,12
/home/maja/Studia/Magisterskie/Islands/islandsEA_student_fork/more_local_matrix_computation/results/continous_fixed_toplogies/more_local_40bench_continuous_fixed_v1/j0159_more_continuous_c14_hgbat_ring_12_worst_r1,/home/maja/Studia/Magisterskie/Islands/islandsEA_student_fork/more_local_matrix_computation/results/continous_fixed_toplogies/more_local_40bench_continuous_fixed_v1/j0159_more_continuous_c14_hgbat_ring_12_worst_r1/summary.csv,more_continuous_c14_hgbat_ring_12_worst_r1,continous_fixed_toplogies,more_local_40bench_continuous_fixed_v1,continuous,159,1,/home/maja/Studia/Magisterskie/Islands/islandsEA_student_fork/islands_desync/logs/more_local_40bench_continuous_fixed_v1/c14_30/j0159 12wr-co20ilu2,c14_hgbat,30,1000,16,4,12,ring,worst,plain,20,2,12,1400.3699266121737,1417.1997984913794,1400.4662512195998,1478.3911999795796,28.326985468362345,16.73354727177957,3,1447.12785625;1468.89235377;1478.39119998,0,2,1417.1997984913794,1400.3699266121737,12,1,246,1594.084453257535,1400.3699266121737,193.71452664536127,,,,1594.084453257535,1400.3699266121737,193.71452664536127,20.0,1000.0,1389399.6551852652,1417.7547501890463,1430.2486028588967,1407.5483583024104,1400.6820889322387,1400.3699266121737,852.0,32.0,56.0,96.0,288.0,24,12,0.09090909090909091,2,2,2.0,2,2,2.0,1,12
/home/maja/Studia/Magisterskie/Islands/islandsEA_student_fork/more_local_matrix_computation/results/continous_fixed_toplogies/more_local_40bench_continuous_fixed_v1/j0160_more_continuous_c14_hgbat_ring_12_maxDistance_r1,/home/maja/Studia/Magisterskie/Islands/islandsEA_student_fork/more_local_matrix_computation/results/continous_fixed_toplogies/more_local_40bench_continuous_fixed_v1/j0160_more_continuous_c14_hgbat_ring_12_maxDistance_r1/summary.csv,more_continuous_c14_hgbat_ring_12_maxDistance_r1,continous_fixed_toplogies,more_local_40bench_continuous_fixed_v1,continuous,160,1,/home/maja/Studia/Magisterskie/Islands/islandsEA_student_fork/islands_desync/logs/more_local_40bench_continuous_fixed_v1/c14_30/j0160 12mr-co20ilu2,c14_hgbat,30,1000,16,4,12,ring,maxDistance,plain,20,2,12,1400.3704631456253,1418.5317502386238,1401.0855735998389,1508.3924025777828,31.655508277538704,17.44617663878489,2,1454.20351823;1508.39240258,0,2,1418.5317502386238,1400.3704631456253,12,1,246,1624.6688218465536,1400.3704631456253,224.29835870092825,,,,1624.6688218465536,1400.3704631456253,224.29835870092825,20.0,1000.0,1397369.083303729,1425.8868196976828,1424.4052402378675,1403.644502845708,1400.5500962878502,1400.3704631456253,784.0,40.0,76.0,188.0,264.0,24,12,0.09090909090909091,2,2,2.0,2,2,2.0,1,12
/home/maja/Studia/Magisterskie/Islands/islandsEA_student_fork/more_local_matrix_computation/results/continous_fixed_toplogies/more_local_40bench_continuous_fixed_v1/j0161_more_continuous_c14_hgbat_torus_12_random_r1,/home/maja/Studia/Magisterskie/Islands/islandsEA_student_fork/more_local_matrix_computation/results/continous_fixed_toplogies/more_local_40bench_continuous_fixed_v1/j0161_more_continuous_c14_hgbat_torus_12_random_r1/summary.csv,more_continuous_c14_hgbat_torus_12_random_r1,continous_fixed_toplogies,more_local_40bench_continuous_fixed_v1,continuous,161,1,/home/maja/Studia/Magisterskie/Islands/islandsEA_student_fork/islands_desync/logs/more_local_40bench_continuous_fixed_v1/c14_30/j0161 12rt-co20ilu2,c14_hgbat,30,1000,16,4,12,torus,random,plain,20,2,12,1400.4243844637326,1400.4452531690154,1400.442346997606,1400.4665996041751,0.011724209734904137,0.0029061714094495983,1,1400.4665996,2,1,1400.4452531690154,1400.4243844637326,12,1,246,1629.270565187326,1400.4243844637326,228.8461807235933,,,,1629.270565187326,1400.4243844637326,228.8461807235933,20.0,1000.0,1392116.106207063,1420.5266389867988,1425.0281989998844,1401.2414652432121,1400.4657637937282,1400.4243844637326,924.0,28.0,76.0,140.0,256.0,48,24,0.18181818181818182,4,4,4.0,4,4,4.0,1,12
/home/maja/Studia/Magisterskie/Islands/islandsEA_student_fork/more_local_matrix_computation/results/continous_fixed_toplogies/more_local_40bench_continuous_fixed_v1/j0162_more_continuous_c14_hgbat_torus_12_best_r1,/home/maja/Studia/Magisterskie/Islands/islandsEA_student_fork/more_local_matrix_computation/results/continous_fixed_toplogies/more_local_40bench_continuous_fixed_v1/j0162_more_continuous_c14_hgbat_torus_12_best_r1/summary.csv,more_continuous_c14_hgbat_torus_12_best_r1,continous_fixed_toplogies,more_local_40bench_continuous_fixed_v1,continuous,162,1,/home/maja/Studia/Magisterskie/Islands/islandsEA_student_fork/islands_desync/logs/more_local_40bench_continuous_fixed_v1/c14_30/j0162 12bt-co20ilu2,c14_hgbat,30,1000,16,4,12,torus,best,plain,20,2,12,1400.8941655638178,1400.8941655638178,1400.8941655638178,1400.8941655638178,0,0,0,,0,12,1400.8941655638178,1400.8941655638178,12,1,246,1600.3805273019198,1400.8941655638178,199.486361738102,,,,1600.3805273019198,1400.8941655638178,199.486361738102,20.0,1000.0,1386106.536427794,1414.3944249263204,1410.863888904638,1400.8941655638178,1400.8941655638178,1400.8941655638178,460.0,36.0,68.0,112.0,192.0,48,24,0.18181818181818182,4,4,4.0,4,4,4.0,1,12
/home/maja/Studia/Magisterskie/Islands/islandsEA_student_fork/more_local_matrix_computation/results/continous_fixed_toplogies/more_local_40bench_continuous_fixed_v1/j0163_more_continuous_c14_hgbat_torus_12_worst_r1,/home/maja/Studia/Magisterskie/Islands/islandsEA_student_fork/more_local_matrix_computation/results/continous_fixed_toplogies/more_local_40bench_continuous_fixed_v1/j0163_more_continuous_c14_hgbat_torus_12_worst_r1/summary.csv,more_continuous_c14_hgbat_torus_12_worst_r1,continous_fixed_toplogies,more_local_40bench_continuous_fixed_v1,continuous,163,1,/home/maja/Studia/Magisterskie/Islands/islandsEA_student_fork/islands_desync/logs/more_local_40bench_continuous_fixed_v1/c14_30/j0163 12wt-co20ilu2,c14_hgbat,30,1000,16,4,12,torus,worst,plain,20,2,12,1400.5245334336635,1400.761349995634,1400.8248930544348,1400.9893649190233,0.15229141269408641,-0.06354305880086031,0,,6,3,1400.761349995634,1400.5245334336635,12,1,246,1588.5844759630456,1400.5245334336635,188.05994252938217,,,,1588.5844759630456,1400.5245334336635,188.05994252938217,20.0,1000.0,1393077.990476082,1421.5081535470226,1432.8167385014683,1408.3828796908317,1400.8447008838743,1400.5245334336635,816.0,28.0,88.0,140.0,336.0,48,24,0.18181818181818182,4,4,4.0,4,4,4.0,1,12
/home/maja/Studia/Magisterskie/Islands/islandsEA_student_fork/more_local_matrix_computation/results/continous_fixed_toplogies/more_local_40bench_continuous_fixed_v1/j0164_more_continuous_c14_hgbat_torus_12_maxDistance_r1,/home/maja/Studia/Magisterskie/Islands/islandsEA_student_fork/more_local_matrix_computation/results/continous_fixed_toplogies/more_local_40bench_continuous_fixed_v1/j0164_more_continuous_c14_hgbat_torus_12_maxDistance_r1/summary.csv,more_continuous_c14_hgbat_torus_12_maxDistance_r1,continous_fixed_toplogies,more_local_40bench_continuous_fixed_v1,continuous,164,1,/home/maja/Studia/Magisterskie/Islands/islandsEA_student_fork/islands_desync/logs/more_local_40bench_continuous_fixed_v1/c14_30/j0164 12mt-co20ilu2,c14_hgbat,30,1000,16,4,12,torus,maxDistance,plain,20,2,12,1400.431206833468,1400.4449360427502,1400.4348728377588,1400.4802010779367,0.0180062158906662,0.010063204991411112,1,1400.48020108,8,3,1400.4449360427502,1400.431206833468,12,1,246,1607.8460277644765,1400.431206833468,207.41482093100853,,,,1607.8460277644765,1400.431206833468,207.41482093100853,20.0,1000.0,1393138.831222144,1421.5702359409631,1424.6102994904697,1405.5188837357427,1400.4758121495875,1400.431206833468,832.0,44.0,76.0,132.0,280.0,48,24,0.18181818181818182,4,4,4.0,4,4,4.0,1,12
/home/maja/Studia/Magisterskie/Islands/islandsEA_student_fork/more_local_matrix_computation/results/continous_fixed_toplogies/more_local_40bench_continuous_fixed_v1/j0165_more_continuous_c14_hgbat_complete_12_random_r1,/home/maja/Studia/Magisterskie/Islands/islandsEA_student_fork/more_local_matrix_computation/results/continous_fixed_toplogies/more_local_40bench_continuous_fixed_v1/j0165_more_continuous_c14_hgbat_complete_12_random_r1/summary.csv,more_continuous_c14_hgbat_complete_12_random_r1,continous_fixed_toplogies,more_local_40bench_continuous_fixed_v1,continuous,165,1,/home/maja/Studia/Magisterskie/Islands/islandsEA_student_fork/islands_desync/logs/more_local_40bench_continuous_fixed_v1/c14_30/j0165 12rc-co20ilu2,c14_hgbat,30,1000,16,4,12,complete,random,plain,20,2,12,1400.4705948719186,1400.478747898207,1400.4828244113514,1400.4828244113514,0.005765060175831813,-0.004076513144354976,0,,2,4,1400.478747898207,1400.4705948719186,12,1,246,1630.467374000826,1400.4705948719186,229.99677912890752,,,,1630.467374000826,1400.4705948719186,229.99677912890752,20.0,1000.0,1390045.1948581673,1418.4134641409871,1413.5602181751347,1400.5409019020444,1400.4828244113514,1400.4705948719186,872.0,48.0,68.0,132.0,208.0,132,0,1.0,11,11,11.0,11,11,11.0,1,12
/home/maja/Studia/Magisterskie/Islands/islandsEA_student_fork/more_local_matrix_computation/results/continous_fixed_toplogies/more_local_40bench_continuous_fixed_v1/j0166_more_continuous_c14_hgbat_complete_12_best_r1,/home/maja/Studia/Magisterskie/Islands/islandsEA_student_fork/more_local_matrix_computation/results/continous_fixed_toplogies/more_local_40bench_continuous_fixed_v1/j0166_more_continuous_c14_hgbat_complete_12_best_r1/summary.csv,more_continuous_c14_hgbat_complete_12_best_r1,continous_fixed_toplogies,more_local_40bench_continuous_fixed_v1,continuous,166,1,/home/maja/Studia/Magisterskie/Islands/islandsEA_student_fork/islands_desync/logs/more_local_40bench_continuous_fixed_v1/c14_30/j0166 12bc-co20ilu2,c14_hgbat,30,1000,16,4,12,complete,best,plain,20,2,12,1401.0146899855793,1401.0146899855793,1401.0146899855793,1401.0146899855793,0,0,0,,0,12,1401.0146899855793,1401.0146899855793,12,1,246,1607.2955596097565,1401.0146899855793,206.28086962417729,,,,1607.2955596097565,1401.0146899855793,206.28086962417729,20.0,1000.0,1385177.7673393218,1413.446701366655,1406.0159095141719,1401.1843279884608,1401.0146899855793,1401.0146899855793,744.0,32.0,72.0,112.0,164.0,132,0,1.0,11,11,11.0,11,11,11.0,1,12
/home/maja/Studia/Magisterskie/Islands/islandsEA_student_fork/more_local_matrix_computation/results/continous_fixed_toplogies/more_local_40bench_continuous_fixed_v1/j0167_more_continuous_c14_hgbat_complete_12_worst_r1,/home/maja/Studia/Magisterskie/Islands/islandsEA_student_fork/more_local_matrix_computation/results/continous_fixed_toplogies/more_local_40bench_continuous_fixed_v1/j0167_more_continuous_c14_hgbat_complete_12_worst_r1/summary.csv,more_continuous_c14_hgbat_complete_12_worst_r1,continous_fixed_toplogies,more_local_40bench_continuous_fixed_v1,continuous,167,1,/home/maja/Studia/Magisterskie/Islands/islandsEA_student_fork/islands_desync/logs/more_local_40bench_continuous_fixed_v1/c14_30/j0167 12wc-co20ilu2,c14_hgbat,30,1000,16,4,12,complete,worst,plain,20,2,12,1400.3635994966635,1400.3853868301653,1400.3920589665613,1400.39399860557,0.012694022070750745,-0.0066721363959914015,0,,4,3,1400.3853868301653,1400.3635994966635,12,1,246,1578.899877755358,1400.3635994966635,178.53627825869444,,,,1578.899877755358,1400.3635994966635,178.53627825869444,20.0,1000.0,1388792.4748576651,1417.135178426189,1418.4449864888597,1400.5565469005674,1400.3920589665613,1400.3635994966635,912.0,48.0,84.0,120.0,256.0,132,0,1.0,11,11,11.0,11,11,11.0,1,12
/home/maja/Studia/Magisterskie/Islands/islandsEA_student_fork/more_local_matrix_computation/results/continous_fixed_toplogies/more_local_40bench_continuous_fixed_v1/j0168_more_continuous_c14_hgbat_complete_12_maxDistance_r1,/home/maja/Studia/Magisterskie/Islands/islandsEA_student_fork/more_local_matrix_computation/results/continous_fixed_toplogies/more_local_40bench_continuous_fixed_v1/j0168_more_continuous_c14_hgbat_complete_12_maxDistance_r1/summary.csv,more_continuous_c14_hgbat_complete_12_maxDistance_r1,continous_fixed_toplogies,more_local_40bench_continuous_fixed_v1,continuous,168,1,/home/maja/Studia/Magisterskie/Islands/islandsEA_student_fork/islands_desync/logs/more_local_40bench_continuous_fixed_v1/c14_30/j0168 12mc-co20ilu2,c14_hgbat,30,1000,16,4,12,complete,maxDistance,plain,20,2,12,1400.3163148743022,1400.3199609402259,1400.3163148743022,1400.3250654325188,0.004314083379702216,0.0036460659237036452,0,,2,7,1400.3199609402259,1400.3163148743022,12,1,246,1617.6696472193205,1400.3163148743022,217.35333234501832,,,,1617.6696472193205,1400.3163148743022,217.35333234501832,20.0,1000.0,1390925.0898941974,1419.311316218569,1416.6245506091361,1400.456848906707,1400.3250654325188,1400.3163148743022,856.0,44.0,84.0,136.0,232.0,132,0,1.0,11,11,11.0,11,11,11.0,1,12
/home/maja/Studia/Magisterskie/Islands/islandsEA_student_fork/more_local_matrix_computation/results/continous_fixed_toplogies/more_local_40bench_continuous_fixed_v1/j0169_more_continuous_c15_grie_rosen_ring_12_random_r1,/home/maja/Studia/Magisterskie/Islands/islandsEA_student_fork/more_local_matrix_computation/results/continous_fixed_toplogies/more_local_40bench_continuous_fixed_v1/j0169_more_continuous_c15_grie_rosen_ring_12_random_r1/summary.csv,more_continuous_c15_grie_rosen_ring_12_random_r1,continous_fixed_toplogies,more_local_40bench_continuous_fixed_v1,continuous,169,1,/home/maja/Studia/Magisterskie/Islands/islandsEA_student_fork/islands_desync/logs/more_local_40bench_continuous_fixed_v1/c15_30/j0169 12rr-co20ilu2,c15_grie_rosen,30,1000,16,4,12,ring,random,plain,20,2,12,1797.6602093342997,8292.24314856402,2039.1878307643792,71087.35255270751,18981.219551912614,6253.055317799642,2,6816.32399981;71087.3525527,1,1,8292.24314856402,1797.6602093342997,12,1,246,3534672.379576585,1797.6602093342997,3532874.7193672503,,,,3534672.379576585,1797.6602093342997,3532874.7193672503,20.0,1000.0,92249929.4727446,94132.58109463735,45396.673036154156,6054.242602938434,2268.2334537402794,1797.6602093342997,996.0,32.0,36.0,40.0,80.0,24,12,0.09090909090909091,2,2,2.0,2,2,2.0,1,12
/home/maja/Studia/Magisterskie/Islands/islandsEA_student_fork/more_local_matrix_computation/results/continous_fixed_toplogies/more_local_40bench_continuous_fixed_v1/j0170_more_continuous_c15_grie_rosen_ring_12_best_r1,/home/maja/Studia/Magisterskie/Islands/islandsEA_student_fork/more_local_matrix_computation/results/continous_fixed_toplogies/more_local_40bench_continuous_fixed_v1/j0170_more_continuous_c15_grie_rosen_ring_12_best_r1/summary.csv,more_continuous_c15_grie_rosen_ring_12_best_r1,continous_fixed_toplogies,more_local_40bench_continuous_fixed_v1,continuous,170,1,/home/maja/Studia/Magisterskie/Islands/islandsEA_student_fork/islands_desync/logs/more_local_40bench_continuous_fixed_v1/c15_30/j0170 12br-co20ilu2,c15_grie_rosen,30,1000,16,4,12,ring,best,plain,20,2,12,1572.6617352440398,7914.260803716198,1839.7346594184123,73134.62364652565,19670.73870461266,6074.526144297786,1,73134.6236465,0,1,7914.260803716198,1572.6617352440398,12,1,246,1319772.1182583394,1572.6617352440398,1318199.4565230953,,,,1319772.1182583394,1572.6617352440398,1318199.4565230953,20.0,1000.0,91099720.88910133,92958.89886642992,26474.54721317,1970.239644790769,1605.8611119392021,1572.6617352440398,988.0,72.0,88.0,100.0,120.0,24,12,0.09090909090909091,2,2,2.0,2,2,2.0,1,12
/home/maja/Studia/Magisterskie/Islands/islandsEA_student_fork/more_local_matrix_computation/results/continous_fixed_toplogies/more_local_40bench_continuous_fixed_v1/j0171_more_continuous_c15_grie_rosen_ring_12_worst_r1,/home/maja/Studia/Magisterskie/Islands/islandsEA_student_fork/more_local_matrix_computation/results/continous_fixed_toplogies/more_local_40bench_continuous_fixed_v1/j0171_more_continuous_c15_grie_rosen_ring_12_worst_r1/summary.csv,more_continuous_c15_grie_rosen_ring_12_worst_r1,continous_fixed_toplogies,more_local_40bench_continuous_fixed_v1,continuous,171,1,/home/maja/Studia/Magisterskie/Islands/islandsEA_student_fork/islands_desync/logs/more_local_40bench_continuous_fixed_v1/c15_30/j0171 12wr-co20ilu2,c15_grie_rosen,30,1000,16,4,12,ring,worst,plain,20,2,12,1757.2380756459572,12198.72000883323,2285.534152478275,120557.53751631855,32676.53293517383,9913.185856354956,1,120557.537516,2,1,12198.72000883323,1757.2380756459572,12,1,246,446419.07215776225,1757.2380756459572,444661.8340821163,,,,446419.07215776225,1757.2380756459572,444661.8340821163,20.0,1000.0,16633419.064673252,16972.876596605358,7839.0465696477695,3469.771956810665,2382.1262903039606,1757.2380756459572,992.0,24.0,24.0,60.0,128.0,24,12,0.09090909090909091,2,2,2.0,2,2,2.0,1,12
/home/maja/Studia/Magisterskie/Islands/islandsEA_student_fork/more_local_matrix_computation/results/continous_fixed_toplogies/more_local_40bench_continuous_fixed_v1/j0172_more_continuous_c15_grie_rosen_ring_12_maxDistance_r1,/home/maja/Studia/Magisterskie/Islands/islandsEA_student_fork/more_local_matrix_computation/results/continous_fixed_toplogies/more_local_40bench_continuous_fixed_v1/j0172_more_continuous_c15_grie_rosen_ring_12_maxDistance_r1/summary.csv,more_continuous_c15_grie_rosen_ring_12_maxDistance_r1,continous_fixed_toplogies,more_local_40bench_continuous_fixed_v1,continuous,172,1,/home/maja/Studia/Magisterskie/Islands/islandsEA_student_fork/islands_desync/logs/more_local_40bench_continuous_fixed_v1/c15_30/j0172 12mr-co20ilu2,c15_grie_rosen,30,1000,16,4,12,ring,maxDistance,plain,20,2,12,1614.2012004201404,7052.965641619876,1766.1328000480837,24920.3749229547,7813.394721334566,5286.832841571792,0,,2,1,7052.965641619876,1614.2012004201404,12,1,246,2472830.7216493348,1614.2012004201404,2471216.5204489147,,,,2472830.7216493348,1614.2012004201404,2471216.5204489147,20.0,1000.0,83841418.95329107,85552.46831968476,35595.84198371621,3083.183969794579,1881.1564350753458,1614.2012004201404,1000.0,36.0,40.0,56.0,88.0,24,12,0.09090909090909091,2,2,2.0,2,2,2.0,1,12
/home/maja/Studia/Magisterskie/Islands/islandsEA_student_fork/more_local_matrix_computation/results/continous_fixed_toplogies/more_local_40bench_continuous_fixed_v1/j0173_more_continuous_c15_grie_rosen_torus_12_random_r1,/home/maja/Studia/Magisterskie/Islands/islandsEA_student_fork/more_local_matrix_computation/results/continous_fixed_toplogies/more_local_40bench_continuous_fixed_v1/j0173_more_continuous_c15_grie_rosen_torus_12_random_r1/summary.csv,more_continuous_c15_grie_rosen_torus_12_random_r1,continous_fixed_toplogies,more_local_40bench_continuous_fixed_v1,continuous,173,1,/home/maja/Studia/Magisterskie/Islands/islandsEA_student_fork/islands_desync/logs/more_local_40bench_continuous_fixed_v1/c15_30/j0173 12rt-co20ilu2,c15_grie_rosen,30,1000,16,4,12,torus,random,plain,20,2,12,1557.653210010917,1585.490815187363,1577.6528734883584,1646.5166588580098,24.571898053524684,7.837941699004659,1,1646.51665886,0,1,1585.490815187363,1557.653210010917,12,1,246,6107633.47381276,1557.653210010917,6106075.820602749,,,,6107633.47381276,1557.653210010917,6106075.820602749,20.0,1000.0,175876401.88232622,179465.7162064553,7529.877328058293,2067.1512412261436,1579.1718457327893,1557.653210010917,988.0,28.0,48.0,52.0,84.0,48,24,0.18181818181818182,4,4,4.0,4,4,4.0,1,12
/home/maja/Studia/Magisterskie/Islands/islandsEA_student_fork/more_local_matrix_computation/results/continous_fixed_toplogies/more_local_40bench_continuous_fixed_v1/j0174_more_continuous_c15_grie_rosen_torus_12_best_r1,/home/maja/Studia/Magisterskie/Islands/islandsEA_student_fork/more_local_matrix_computation/results/continous_fixed_toplogies/more_local_40bench_continuous_fixed_v1/j0174_more_continuous_c15_grie_rosen_torus_12_best_r1/summary.csv,more_continuous_c15_grie_rosen_torus_12_best_r1,continous_fixed_toplogies,more_local_40bench_continuous_fixed_v1,continuous,174,1,/home/maja/Studia/Magisterskie/Islands/islandsEA_student_fork/islands_desync/logs/more_local_40bench_continuous_fixed_v1/c15_30/j0174 12bt-co20ilu2,c15_grie_rosen,30,1000,16,4,12,torus,best,plain,20,2,12,1527.5795635252512,1528.2988961773044,1528.1344704978155,1529.6884510125117,0.6020971122768118,0.1644256794888861,0,,0,2,1528.2988961773044,1527.5795635252512,12,1,246,2871764.839900952,1527.5795635252512,2870237.260337427,,,,2871764.839900952,1527.5795635252512,2870237.260337427,20.0,1000.0,82456259.7768894,84139.04058866265,2334.8208791127213,1548.5754145760823,1530.360385542028,1527.5795635252512,956.0,44.0,52.0,60.0,60.0,48,24,0.18181818181818182,4,4,4.0,4,4,4.0,1,12
/home/maja/Studia/Magisterskie/Islands/islandsEA_student_fork/more_local_matrix_computation/results/continous_fixed_toplogies/more_local_40bench_continuous_fixed_v1/j0175_more_continuous_c15_grie_rosen_torus_12_worst_r1,/home/maja/Studia/Magisterskie/Islands/islandsEA_student_fork/more_local_matrix_computation/results/continous_fixed_toplogies/more_local_40bench_continuous_fixed_v1/j0175_more_continuous_c15_grie_rosen_torus_12_worst_r1/summary.csv,more_continuous_c15_grie_rosen_torus_12_worst_r1,continous_fixed_toplogies,more_local_40bench_continuous_fixed_v1,continuous,175,1,/home/maja/Studia/Magisterskie/Islands/islandsEA_student_fork/islands_desync/logs/more_local_40bench_continuous_fixed_v1/c15_30/j0175 12wt-co20ilu2,c15_grie_rosen,30,1000,16,4,12,torus,worst,plain,20,2,12,1532.343309754224,1539.8710113434988,1537.7394833565895,1557.2034407691217,6.783076811195166,2.1315279869093047,1,1557.20344077,7,1,1539.8710113434988,1532.343309754224,12,1,246,3212959.4797697808,1532.343309754224,3211427.1364600267,,,,3212959.4797697808,1532.343309754224,3211427.1364600267,20.0,1000.0,107334705.5070788,109525.20970110082,10396.441635406916,1940.095210024694,1564.6696552398953,1532.343309754224,960.0,28.0,36.0,68.0,112.0,48,24,0.18181818181818182,4,4,4.0,4,4,4.0,1,12
/home/maja/Studia/Magisterskie/Islands/islandsEA_student_fork/more_local_matrix_computation/results/continous_fixed_toplogies/more_local_40bench_continuous_fixed_v1/j0176_more_continuous_c15_grie_rosen_torus_12_maxDistance_r1,/home/maja/Studia/Magisterskie/Islands/islandsEA_student_fork/more_local_matrix_computation/results/continous_fixed_toplogies/more_local_40bench_continuous_fixed_v1/j0176_more_continuous_c15_grie_rosen_torus_12_maxDistance_r1/summary.csv,more_continuous_c15_grie_rosen_torus_12_maxDistance_r1,continous_fixed_toplogies,more_local_40bench_continuous_fixed_v1,continuous,176,1,/home/maja/Studia/Magisterskie/Islands/islandsEA_student_fork/islands_desync/logs/more_local_40bench_continuous_fixed_v1/c15_30/j0176 12mt-co20ilu2,c15_grie_rosen,30,1000,16,4,12,torus,maxDistance,plain,20,2,12,1542.1015477368805,1547.2752181853518,1545.3020663957752,1560.601659663056,5.774191352364131,1.9731517895766046,2,1560.60165966;1558.75456986,4,1,1547.2752181853518,1542.1015477368805,12,1,246,2844692.597897923,1542.1015477368805,2843150.4963501864,,,,2844692.597897923,1542.1015477368805,2843150.4963501864,20.0,1000.0,103707097.79337507,105823.56917691334,13503.624772036434,1970.4899944883282,1559.040490201449,1542.1015477368805,1000.0,28.0,44.0,68.0,92.0,48,24,0.18181818181818182,4,4,4.0,4,4,4.0,1,12
/home/maja/Studia/Magisterskie/Islands/islandsEA_student_fork/more_local_matrix_computation/results/continous_fixed_toplogies/more_local_40bench_continuous_fixed_v1/j0177_more_continuous_c15_grie_rosen_complete_12_random_r1,/home/maja/Studia/Magisterskie/Islands/islandsEA_student_fork/more_local_matrix_computation/results/continous_fixed_toplogies/more_local_40bench_continuous_fixed_v1/j0177_more_continuous_c15_grie_rosen_complete_12_random_r1/summary.csv,more_continuous_c15_grie_rosen_complete_12_random_r1,continous_fixed_toplogies,more_local_40bench_continuous_fixed_v1,continuous,177,1,/home/maja/Studia/Magisterskie/Islands/islandsEA_student_fork/islands_desync/logs/more_local_40bench_continuous_fixed_v1/c15_30/j0177 12rc-co20ilu2,c15_grie_rosen,30,1000,16,4,12,complete,random,plain,20,2,12,1517.7455322833498,1519.9214308831272,1519.5596563633244,1522.45035338604,1.0694758694580067,0.3617745198027933,1,1522.45035339,11,1,1519.9214308831272,1517.7455322833498,12,1,246,8520880.5802827,1517.7455322833498,8519362.834750416,,,,8520880.5802827,1517.7455322833498,8519362.834750416,20.0,1000.0,106548527.00885509,108722.98674372968,2050.229318087245,1527.9268116383885,1519.9830261336283,1517.7455322833498,996.0,28.0,28.0,32.0,48.0,132,0,1.0,11,11,11.0,11,11,11.0,1,12
/home/maja/Studia/Magisterskie/Islands/islandsEA_student_fork/more_local_matrix_computation/results/continous_fixed_toplogies/more_local_40bench_continuous_fixed_v1/j0178_more_continuous_c15_grie_rosen_complete_12_best_r1,/home/maja/Studia/Magisterskie/Islands/islandsEA_student_fork/more_local_matrix_computation/results/continous_fixed_toplogies/more_local_40bench_continuous_fixed_v1/j0178_more_continuous_c15_grie_rosen_complete_12_best_r1/summary.csv,more_continuous_c15_grie_rosen_complete_12_best_r1,continous_fixed_toplogies,more_local_40bench_continuous_fixed_v1,continuous,178,1,/home/maja/Studia/Magisterskie/Islands/islandsEA_student_fork/islands_desync/logs/more_local_40bench_continuous_fixed_v1/c15_30/j0178 12bc-co20ilu2,c15_grie_rosen,30,1000,16,4,12,complete,best,plain,20,2,12,1526.7248459133973,1528.295415332751,1528.1540851434527,1530.3904469249285,1.3343368071865942,0.14133018929828722,0,,5,1,1528.295415332751,1526.7248459133973,12,1,246,4257075.0420857845,1526.7248459133973,4255548.317239871,,,,4257075.0420857845,1526.7248459133973,4255548.317239871,20.0,1000.0,79375765.24596731,80995.67882241562,2172.659166560129,1587.5213745825743,1530.3904469249285,1526.7248459133973,988.0,28.0,32.0,52.0,76.0,132,0,1.0,11,11,11.0,11,11,11.0,1,12
/home/maja/Studia/Magisterskie/Islands/islandsEA_student_fork/more_local_matrix_computation/results/continous_fixed_toplogies/more_local_40bench_continuous_fixed_v1/j0179_more_continuous_c15_grie_rosen_complete_12_worst_r1,/home/maja/Studia/Magisterskie/Islands/islandsEA_student_fork/more_local_matrix_computation/results/continous_fixed_toplogies/more_local_40bench_continuous_fixed_v1/j0179_more_continuous_c15_grie_rosen_complete_12_worst_r1/summary.csv,more_continuous_c15_grie_rosen_complete_12_worst_r1,continous_fixed_toplogies,more_local_40bench_continuous_fixed_v1,continuous,179,1,/home/maja/Studia/Magisterskie/Islands/islandsEA_student_fork/islands_desync/logs/more_local_40bench_continuous_fixed_v1/c15_30/j0179 12wc-co20ilu2,c15_grie_rosen,30,1000,16,4,12,complete,worst,plain,20,2,12,1526.2008099228576,1532.4199964032123,1532.7549848957597,1534.5188373464614,2.2256644264604164,-0.3349884925473816,0,,11,1,1532.4199964032123,1526.2008099228576,12,1,246,5582248.006265306,1526.2008099228576,5580721.805455383,,,,5582248.006265306,1526.2008099228576,5580721.805455383,20.0,1000.0,148968617.10082766,152008.79296002822,3197.4239003598605,1621.2725387465423,1541.4716325034965,1526.2008099228576,996.0,24.0,32.0,72.0,96.0,132,0,1.0,11,11,11.0,11,11,11.0,1,12
/home/maja/Studia/Magisterskie/Islands/islandsEA_student_fork/more_local_matrix_computation/results/continous_fixed_toplogies/more_local_40bench_continuous_fixed_v1/j0180_more_continuous_c15_grie_rosen_complete_12_maxDistance_r1,/home/maja/Studia/Magisterskie/Islands/islandsEA_student_fork/more_local_matrix_computation/results/continous_fixed_toplogies/more_local_40bench_continuous_fixed_v1/j0180_more_continuous_c15_grie_rosen_complete_12_maxDistance_r1/summary.csv,more_continuous_c15_grie_rosen_complete_12_maxDistance_r1,continous_fixed_toplogies,more_local_40bench_continuous_fixed_v1,continuous,180,1,/home/maja/Studia/Magisterskie/Islands/islandsEA_student_fork/islands_desync/logs/more_local_40bench_continuous_fixed_v1/c15_30/j0180 12mc-co20ilu2,c15_grie_rosen,30,1000,16,4,12,complete,maxDistance,plain,20,2,12,1532.2238117312036,1536.6316931394106,1535.506776887463,1549.1203191203704,4.342210622841482,1.1249162519475249,1,1549.12031912,7,1,1536.6316931394106,1532.2238117312036,12,1,246,5863783.929762073,1532.2238117312036,5862251.705950342,,,,5863783.929762073,1532.2238117312036,5862251.705950342,20.0,1000.0,162646639.99397507,165965.9591775256,2659.2265902098347,1592.091703890083,1538.9123267549198,1532.2238117312036,968.0,28.0,36.0,64.0,100.0,132,0,1.0,11,11,11.0,11,11,11.0,1,12
/home/maja/Studia/Magisterskie/Islands/islandsEA_student_fork/more_local_matrix_computation/results/continous_fixed_toplogies/more_local_40bench_continuous_fixed_v1/j0181_more_continuous_c16_schaffer_f6_ring_12_random_r1,/home/maja/Studia/Magisterskie/Islands/islandsEA_student_fork/more_local_matrix_computation/results/continous_fixed_toplogies/more_local_40bench_continuous_fixed_v1/j0181_more_continuous_c16_schaffer_f6_ring_12_random_r1/summary.csv,more_continuous_c16_schaffer_f6_ring_12_random_r1,continous_fixed_toplogies,more_local_40bench_continuous_fixed_v1,continuous,181,1,/home/maja/Studia/Magisterskie/Islands/islandsEA_student_fork/islands_desync/logs/more_local_40bench_continuous_fixed_v1/c16_30/j0181 12rr-co20ilu2,c16_schaffer_f6,30,1000,16,4,12,ring,random,plain,20,2,12,1612.8554544481199,1612.9279087043449,1612.890766262126,1613.117235618656,0.08123608785836928,0.03714244221896479,0,,5,1,1612.9279087043449,1612.8554544481199,12,1,246,1614.0363189751522,1612.8554544481199,1.1808645270323268,,,,1614.0363189751522,1612.8554544481199,1.1808645270323268,20.0,1000.0,1580805.1213765584,1613.0664503842434,1613.0941426489217,1613.026749647939,1612.8728543496252,1612.8554544481199,992.0,60.0,68.0,244.0,672.0,24,12,0.09090909090909091,2,2,2.0,2,2,2.0,1,12
/home/maja/Studia/Magisterskie/Islands/islandsEA_student_fork/more_local_matrix_computation/results/continous_fixed_toplogies/more_local_40bench_continuous_fixed_v1/j0182_more_continuous_c16_schaffer_f6_ring_12_best_r1,/home/maja/Studia/Magisterskie/Islands/islandsEA_student_fork/more_local_matrix_computation/results/continous_fixed_toplogies/more_local_40bench_continuous_fixed_v1/j0182_more_continuous_c16_schaffer_f6_ring_12_best_r1/summary.csv,more_continuous_c16_schaffer_f6_ring_12_best_r1,continous_fixed_toplogies,more_local_40bench_continuous_fixed_v1,continuous,182,1,/home/maja/Studia/Magisterskie/Islands/islandsEA_student_fork/islands_desync/logs/more_local_40bench_continuous_fixed_v1/c16_30/j0182 12br-co20ilu2,c16_schaffer_f6,30,1000,16,4,12,ring,best,plain,20,2,12,1611.9250650501974,1612.4856941417165,1611.9781630003085,1613.723676545205,0.6606205584990089,0.5075311414079806,0,,0,1,1612.4856941417165,1611.9250650501974,12,1,246,1613.5781439627337,1611.9250650501974,1.6530789125363299,,,,1613.5781439627337,1611.9250650501974,1.6530789125363299,20.0,1000.0,1580149.2891200015,1612.3972337959199,1612.481931520995,1612.1350327279667,1612.0210397941082,1611.9250650501974,976.0,172.0,236.0,432.0,644.0,24,12,0.09090909090909091,2,2,2.0,2,2,2.0,1,12
/home/maja/Studia/Magisterskie/Islands/islandsEA_student_fork/more_local_matrix_computation/results/continous_fixed_toplogies/more_local_40bench_continuous_fixed_v1/j0183_more_continuous_c16_schaffer_f6_ring_12_worst_r1,/home/maja/Studia/Magisterskie/Islands/islandsEA_student_fork/more_local_matrix_computation/results/continous_fixed_toplogies/more_local_40bench_continuous_fixed_v1/j0183_more_continuous_c16_schaffer_f6_ring_12_worst_r1/summary.csv,more_continuous_c16_schaffer_f6_ring_12_worst_r1,continous_fixed_toplogies,more_local_40bench_continuous_fixed_v1,continuous,183,1,/home/maja/Studia/Magisterskie/Islands/islandsEA_student_fork/islands_desync/logs/more_local_40bench_continuous_fixed_v1/c16_30/j0183 12wr-co20ilu2,c16_schaffer_f6,30,1000,16,4,12,ring,worst,plain,20,2,12,1612.892648295761,1613.0140574565153,1612.9333641584108,1613.4275873904262,0.1865047600507199,0.08069329810450654,2,1613.42446701;1613.42758739,8,1,1613.0140574565153,1612.892648295761,12,1,246,1614.1074417480168,1612.892648295761,1.2147934522556625,,,,1614.1074417480168,1612.892648295761,1.2147934522556625,20.0,1000.0,1580841.7910107714,1613.1038683783381,1613.1705890989408,1613.0513838764425,1612.9470579416168,1612.892648295761,992.0,76.0,96.0,152.0,528.0,24,12,0.09090909090909091,2,2,2.0,2,2,2.0,1,12
/home/maja/Studia/Magisterskie/Islands/islandsEA_student_fork/more_local_matrix_computation/results/continous_fixed_toplogies/more_local_40bench_continuous_fixed_v1/j0184_more_continuous_c16_schaffer_f6_ring_12_maxDistance_r1,/home/maja/Studia/Magisterskie/Islands/islandsEA_student_fork/more_local_matrix_computation/results/continous_fixed_toplogies/more_local_40bench_continuous_fixed_v1/j0184_more_continuous_c16_schaffer_f6_ring_12_maxDistance_r1/summary.csv,more_continuous_c16_schaffer_f6_ring_12_maxDistance_r1,continous_fixed_toplogies,more_local_40bench_continuous_fixed_v1,continuous,184,1,/home/maja/Studia/Magisterskie/Islands/islandsEA_student_fork/islands_desync/logs/more_local_40bench_continuous_fixed_v1/c16_30/j0184 12mr-co20ilu2,c16_schaffer_f6,30,1000,16,4,12,ring,maxDistance,plain,20,2,12,1612.581519786852,1612.7476938110447,1612.6213302765104,1613.1126380219641,0.19837228270736573,0.1263635345342209,0,,1,1,1612.7476938110447,1612.581519786852,12,1,246,1613.9304154661081,1612.581519786852,1.3488956792562021,,,,1613.9304154661081,1612.581519786852,1.3488956792562021,20.0,1000.0,1580691.6210253148,1612.9506336993009,1613.2624359012289,1612.6989810904483,1612.6108312678878,1612.581519786852,968.0,156.0,256.0,452.0,488.0,24,12,0.09090909090909091,2,2,2.0,2,2,2.0,1,12
/home/maja/Studia/Magisterskie/Islands/islandsEA_student_fork/more_local_matrix_computation/results/continous_fixed_toplogies/more_local_40bench_continuous_fixed_v1/j0185_more_continuous_c16_schaffer_f6_torus_12_random_r1,/home/maja/Studia/Magisterskie/Islands/islandsEA_student_fork/more_local_matrix_computation/results/continous_fixed_toplogies/more_local_40bench_continuous_fixed_v1/j0185_more_continuous_c16_schaffer_f6_torus_12_random_r1/summary.csv,more_continuous_c16_schaffer_f6_torus_12_random_r1,continous_fixed_toplogies,more_local_40bench_continuous_fixed_v1,continuous,185,1,/home/maja/Studia/Magisterskie/Islands/islandsEA_student_fork/islands_desync/logs/more_local_40bench_continuous_fixed_v1/c16_30/j0185 12rt-co20ilu2,c16_schaffer_f6,30,1000,16,4,12,torus,random,plain,20,2,12,1611.968995944836,1611.9822945390745,1611.9701311636966,1612.0107704739455,0.015900378811700224,0.012163375377895136,0,,6,1,1611.9822945390745,1611.968995944836,12,1,246,1614.1904298260536,1611.968995944836,2.2214338812175356,,,,1614.1904298260536,1611.968995944836,2.2214338812175356,20.0,1000.0,1580155.9349306782,1612.404015235386,1612.9986043096749,1612.1078979252359,1612.0143881869167,1611.968995944836,964.0,28.0,224.0,288.0,460.0,48,24,0.18181818181818182,4,4,4.0,4,4,4.0,1,12
/home/maja/Studia/Magisterskie/Islands/islandsEA_student_fork/more_local_matrix_computation/results/continous_fixed_toplogies/more_local_40bench_continuous_fixed_v1/j0186_more_continuous_c16_schaffer_f6_torus_12_best_r1,/home/maja/Studia/Magisterskie/Islands/islandsEA_student_fork/more_local_matrix_computation/results/continous_fixed_toplogies/more_local_40bench_continuous_fixed_v1/j0186_more_continuous_c16_schaffer_f6_torus_12_best_r1/summary.csv,more_continuous_c16_schaffer_f6_torus_12_best_r1,continous_fixed_toplogies,more_local_40bench_continuous_fixed_v1,continuous,186,1,/home/maja/Studia/Magisterskie/Islands/islandsEA_student_fork/islands_desync/logs/more_local_40bench_continuous_fixed_v1/c16_30/j0186 12bt-co20ilu2,c16_schaffer_f6,30,1000,16,4,12,torus,best,plain,20,2,12,1612.7790191767706,1612.7815991835907,1612.7810888972142,1612.785004180548,0.002090574519771773,0.0005102863765387156,0,,5,1,1612.7815991835907,1612.7790191767706,12,1,246,1614.016011329797,1612.7790191767706,1.2369921530264492,,,,1614.016011329797,1612.7790191767706,1.2369921530264492,20.0,1000.0,1580681.879707382,1612.9406935789614,1612.8384418642622,1612.8067803071096,1612.7894041504303,1612.7790191767706,1000.0,68.0,128.0,212.0,224.0,48,24,0.18181818181818182,4,4,4.0,4,4,4.0,1,12
/home/maja/Studia/Magisterskie/Islands/islandsEA_student_fork/more_local_matrix_computation/results/continous_fixed_toplogies/more_local_40bench_continuous_fixed_v1/j0187_more_continuous_c16_schaffer_f6_torus_12_worst_r1,/home/maja/Studia/Magisterskie/Islands/islandsEA_student_fork/more_local_matrix_computation/results/continous_fixed_toplogies/more_local_40bench_continuous_fixed_v1/j0187_more_continuous_c16_schaffer_f6_torus_12_worst_r1/summary.csv,more_continuous_c16_schaffer_f6_torus_12_worst_r1,continous_fixed_toplogies,more_local_40bench_continuous_fixed_v1,continuous,187,1,/home/maja/Studia/Magisterskie/Islands/islandsEA_student_fork/islands_desync/logs/more_local_40bench_continuous_fixed_v1/c16_30/j0187 12wt-co20ilu2,c16_schaffer_f6,30,1000,16,4,12,torus,worst,plain,20,2,12,1612.0580769795472,1612.180951786213,1612.1577934230352,1612.4261131354835,0.09076129307743029,0.0231583631777994,1,1612.42611314,3,1,1612.180951786213,1612.0580769795472,12,1,246,1613.9759412259655,1612.0580769795472,1.9178642464182758,,,,1613.9759412259655,1612.0580769795472,1.9178642464182758,20.0,1000.0,1580351.6971254754,1612.6037725770157,1612.9828439247408,1612.3286250783008,1612.2065024774258,1612.0580769795472,952.0,204.0,248.0,268.0,664.0,48,24,0.18181818181818182,4,4,4.0,4,4,4.0,1,12
/home/maja/Studia/Magisterskie/Islands/islandsEA_student_fork/more_local_matrix_computation/results/continous_fixed_toplogies/more_local_40bench_continuous_fixed_v1/j0188_more_continuous_c16_schaffer_f6_torus_12_maxDistance_r1,/home/maja/Studia/Magisterskie/Islands/islandsEA_student_fork/more_local_matrix_computation/results/continous_fixed_toplogies/more_local_40bench_continuous_fixed_v1/j0188_more_continuous_c16_schaffer_f6_torus_12_maxDistance_r1/summary.csv,more_continuous_c16_schaffer_f6_torus_12_maxDistance_r1,continous_fixed_toplogies,more_local_40bench_continuous_fixed_v1,continuous,188,1,/home/maja/Studia/Magisterskie/Islands/islandsEA_student_fork/islands_desync/logs/more_local_40bench_continuous_fixed_v1/c16_30/j0188 12mt-co20ilu2,c16_schaffer_f6,30,1000,16,4,12,torus,maxDistance,plain,20,2,12,1612.3173773821836,1612.3298934543805,1612.331812130631,1612.3360624153445,0.005300366146065175,-0.0019186762506251398,0,,7,1,1612.3298934543805,1612.3173773821836,12,1,246,1614.16330894113,1612.3173773821836,1.845931558946404,,,,1614.16330894113,1612.3173773821836,1.845931558946404,20.0,1000.0,1580301.1136140616,1612.5521567490425,1612.6129555018142,1612.3619399756708,1612.3345442608993,1612.3173773821836,940.0,48.0,112.0,204.0,256.0,48,24,0.18181818181818182,4,4,4.0,4,4,4.0,1,12
/home/maja/Studia/Magisterskie/Islands/islandsEA_student_fork/more_local_matrix_computation/results/continous_fixed_toplogies/more_local_40bench_continuous_fixed_v1/j0189_more_continuous_c16_schaffer_f6_complete_12_random_r1,/home/maja/Studia/Magisterskie/Islands/islandsEA_student_fork/more_local_matrix_computation/results/continous_fixed_toplogies/more_local_40bench_continuous_fixed_v1/j0189_more_continuous_c16_schaffer_f6_complete_12_random_r1/summary.csv,more_continuous_c16_schaffer_f6_complete_12_random_r1,continous_fixed_toplogies,more_local_40bench_continuous_fixed_v1,continuous,189,1,/home/maja/Studia/Magisterskie/Islands/islandsEA_student_fork/islands_desync/logs/more_local_40bench_continuous_fixed_v1/c16_30/j0189 12rc-co20ilu2,c16_schaffer_f6,30,1000,16,4,12,complete,random,plain,20,2,12,1613.071150960466,1613.074726108076,1613.074916504904,1613.0774899159876,0.0017643441815903148,-0.00019039682797483692,0,,5,1,1613.074726108076,1613.071150960466,12,1,246,1613.4424239859868,1613.071150960466,0.37127302552084984,,,,1613.4424239859868,1613.071150960466,0.37127302552084984,20.0,1000.0,1580919.255029779,1613.1829132956927,1613.224279498099,1613.1362171868109,1613.0878316346427,1613.071150960466,948.0,180.0,220.0,432.0,552.0,132,0,1.0,11,11,11.0,11,11,11.0,1,12
/home/maja/Studia/Magisterskie/Islands/islandsEA_student_fork/more_local_matrix_computation/results/continous_fixed_toplogies/more_local_40bench_continuous_fixed_v1/j0190_more_continuous_c16_schaffer_f6_complete_12_best_r1,/home/maja/Studia/Magisterskie/Islands/islandsEA_student_fork/more_local_matrix_computation/results/continous_fixed_toplogies/more_local_40bench_continuous_fixed_v1/j0190_more_continuous_c16_schaffer_f6_complete_12_best_r1/summary.csv,more_continuous_c16_schaffer_f6_complete_12_best_r1,continous_fixed_toplogies,more_local_40bench_continuous_fixed_v1,continuous,190,1,/home/maja/Studia/Magisterskie/Islands/islandsEA_student_fork/islands_desync/logs/more_local_40bench_continuous_fixed_v1/c16_30/j0190 12bc-co20ilu2,c16_schaffer_f6,30,1000,16,4,12,complete,best,plain,20,2,12,1612.3303028475807,1612.3412880292415,1612.3447074280912,1612.3515526793499,0.008001352748756121,-0.003419398849700883,0,,0,1,1612.3412880292415,1612.3303028475807,12,1,246,1613.9376242583285,1612.3303028475807,1.6073214107477725,,,,1613.9376242583285,1612.3303028475807,1.6073214107477725,20.0,1000.0,1580386.2705580988,1612.6390515898968,1612.6853673027792,1612.3903280012569,1612.3490107302737,1612.3303028475807,996.0,88.0,212.0,248.0,408.0,132,0,1.0,11,11,11.0,11,11,11.0,1,12
/home/maja/Studia/Magisterskie/Islands/islandsEA_student_fork/more_local_matrix_computation/results/continous_fixed_toplogies/more_local_40bench_continuous_fixed_v1/j0191_more_continuous_c16_schaffer_f6_complete_12_worst_r1,/home/maja/Studia/Magisterskie/Islands/islandsEA_student_fork/more_local_matrix_computation/results/continous_fixed_toplogies/more_local_40bench_continuous_fixed_v1/j0191_more_continuous_c16_schaffer_f6_complete_12_worst_r1/summary.csv,more_continuous_c16_schaffer_f6_complete_12_worst_r1,continous_fixed_toplogies,more_local_40bench_continuous_fixed_v1,continuous,191,1,/home/maja/Studia/Magisterskie/Islands/islandsEA_student_fork/islands_desync/logs/more_local_40bench_continuous_fixed_v1/c16_30/j0191 12wc-co20ilu2,c16_schaffer_f6,30,1000,16,4,12,complete,worst,plain,20,2,12,1612.3716164887426,1612.434446671948,1612.4368793349004,1612.4781557626034,0.02914603636376856,-0.002432662952287501,1,1612.47815576,4,1,1612.434446671948,1612.3716164887426,12,1,246,1613.9690466690297,1612.3716164887426,1.5974301802871196,,,,1613.9690466690297,1612.3716164887426,1.5974301802871196,20.0,1000.0,1580620.1009747775,1612.8776540558954,1613.305020531799,1612.7322969479737,1612.4621814584173,1612.3716164887426,984.0,196.0,276.0,460.0,572.0,132,0,1.0,11,11,11.0,11,11,11.0,1,12
/home/maja/Studia/Magisterskie/Islands/islandsEA_student_fork/more_local_matrix_computation/results/continous_fixed_toplogies/more_local_40bench_continuous_fixed_v1/j0192_more_continuous_c16_schaffer_f6_complete_12_maxDistance_r1,/home/maja/Studia/Magisterskie/Islands/islandsEA_student_fork/more_local_matrix_computation/results/continous_fixed_toplogies/more_local_40bench_continuous_fixed_v1/j0192_more_continuous_c16_schaffer_f6_complete_12_maxDistance_r1/summary.csv,more_continuous_c16_schaffer_f6_complete_12_maxDistance_r1,continous_fixed_toplogies,more_local_40bench_continuous_fixed_v1,continuous,192,1,/home/maja/Studia/Magisterskie/Islands/islandsEA_student_fork/islands_desync/logs/more_local_40bench_continuous_fixed_v1/c16_30/j0192 12mc-co20ilu2,c16_schaffer_f6,30,1000,16,4,12,complete,maxDistance,plain,20,2,12,1613.1883989348817,1613.2058065836263,1613.2075302129515,1613.213857626295,0.006234077987687145,-0.0017236293251698953,0,,3,1,1613.2058065836263,1613.1883989348817,12,1,246,1614.0071318876066,1613.1883989348817,0.8187329527249858,,,,1614.0071318876066,1613.1883989348817,0.8187329527249858,20.0,1000.0,1581070.888293509,1613.3376411158254,1613.4869011270796,1613.2613473705649,1613.2155847908114,1613.1883989348817,996.0,80.0,80.0,296.0,484.0,132,0,1.0,11,11,11.0,11,11,11.0,1,12
/home/maja/Studia/Magisterskie/Islands/islandsEA_student_fork/more_local_matrix_computation/results/continous_fixed_toplogies/more_local_40bench_continuous_fixed_v1/j0193_more_continuous_c17_hybrid1_ring_12_random_r1,/home/maja/Studia/Magisterskie/Islands/islandsEA_student_fork/more_local_matrix_computation/results/continous_fixed_toplogies/more_local_40bench_continuous_fixed_v1/j0193_more_continuous_c17_hybrid1_ring_12_random_r1/summary.csv,more_continuous_c17_hybrid1_ring_12_random_r1,continous_fixed_toplogies,more_local_40bench_continuous_fixed_v1,continuous,193,1,/home/maja/Studia/Magisterskie/Islands/islandsEA_student_fork/islands_desync/logs/more_local_40bench_continuous_fixed_v1/c17_30/j0193 12rr-co20ilu2,c17_hybrid1,30,1000,16,4,12,ring,random,plain,20,2,12,2074188.1565617584,2875751.413965693,2360000.294161594,7440096.350532648,1422879.5696080658,515751.1198040992,1,7440096.35053,7,1,2875751.413965693,2074188.1565617584,12,1,246,206913970.10126036,2074188.1565617584,204839781.9446986,,,,206913970.10126036,2074188.1565617584,204839781.9446986,20.0,1000.0,15766907000.045048,16088680.612290865,9806337.29451447,3485663.952067421,2357912.816707187,2074188.1565617584,960.0,24.0,80.0,84.0,196.0,24,12,0.09090909090909091,2,2,2.0,2,2,2.0,1,12
/home/maja/Studia/Magisterskie/Islands/islandsEA_student_fork/more_local_matrix_computation/results/continous_fixed_toplogies/more_local_40bench_continuous_fixed_v1/j0194_more_continuous_c17_hybrid1_ring_12_best_r1,/home/maja/Studia/Magisterskie/Islands/islandsEA_student_fork/more_local_matrix_computation/results/continous_fixed_toplogies/more_local_40bench_continuous_fixed_v1/j0194_more_continuous_c17_hybrid1_ring_12_best_r1/summary.csv,more_continuous_c17_hybrid1_ring_12_best_r1,continous_fixed_toplogies,more_local_40bench_continuous_fixed_v1,continuous,194,1,/home/maja/Studia/Magisterskie/Islands/islandsEA_student_fork/islands_desync/logs/more_local_40bench_continuous_fixed_v1/c17_30/j0194 12br-co20ilu2,c17_hybrid1,30,1000,16,4,12,ring,best,plain,20,2,12,7208326.243283376,10059839.055834241,10709633.866305187,14994755.55799396,2174722.762053253,-649794.8104709461,0,,1,1,10059839.055834241,7208326.243283376,12,1,246,136245715.40949023,7208326.243283376,129037389.16620685,,,,136245715.40949023,7208326.243283376,129037389.16620685,20.0,1000.0,18318869656.000324,18692724.13877584,23185856.803921983,9946081.710848853,7801422.957641322,7208326.243283376,1000.0,44.0,56.0,112.0,292.0,24,12,0.09090909090909091,2,2,2.0,2,2,2.0,1,12
/home/maja/Studia/Magisterskie/Islands/islandsEA_student_fork/more_local_matrix_computation/results/continous_fixed_toplogies/more_local_40bench_continuous_fixed_v1/j0195_more_continuous_c17_hybrid1_ring_12_worst_r1,/home/maja/Studia/Magisterskie/Islands/islandsEA_student_fork/more_local_matrix_computation/results/continous_fixed_toplogies/more_local_40bench_continuous_fixed_v1/j0195_more_continuous_c17_hybrid1_ring_12_worst_r1/summary.csv,more_continuous_c17_hybrid1_ring_12_worst_r1,continous_fixed_toplogies,more_local_40bench_continuous_fixed_v1,continuous,195,1,/home/maja/Studia/Magisterskie/Islands/islandsEA_student_fork/islands_desync/logs/more_local_40bench_continuous_fixed_v1/c17_30/j0195 12wr-co20ilu2,c17_hybrid1,30,1000,16,4,12,ring,worst,plain,20,2,12,3397095.458509913,12593928.813919842,12267102.137075149,35675704.21172793,7874231.654300541,326826.6768446937,1,35675704.2117,1,1,12593928.813919842,3397095.458509913,12,1,246,221588055.96157452,3397095.458509913,218190960.5030646,,,,221588055.96157452,3397095.458509913,218190960.5030646,20.0,1000.0,12093930541.710012,12340745.450724503,8021379.672644487,6642685.916882962,5121386.54395927,3397095.458509913,992.0,48.0,52.0,52.0,52.0,24,12,0.09090909090909091,2,2,2.0,2,2,2.0,1,12
/home/maja/Studia/Magisterskie/Islands/islandsEA_student_fork/more_local_matrix_computation/results/continous_fixed_toplogies/more_local_40bench_continuous_fixed_v1/j0196_more_continuous_c17_hybrid1_ring_12_maxDistance_r1,/home/maja/Studia/Magisterskie/Islands/islandsEA_student_fork/more_local_matrix_computation/results/continous_fixed_toplogies/more_local_40bench_continuous_fixed_v1/j0196_more_continuous_c17_hybrid1_ring_12_maxDistance_r1/summary.csv,more_continuous_c17_hybrid1_ring_12_maxDistance_r1,continous_fixed_toplogies,more_local_40bench_continuous_fixed_v1,continuous,196,1,/home/maja/Studia/Magisterskie/Islands/islandsEA_student_fork/islands_desync/logs/more_local_40bench_continuous_fixed_v1/c17_30/j0196 12mr-co20ilu2,c17_hybrid1,30,1000,16,4,12,ring,maxDistance,plain,20,2,12,7970947.599138998,22884795.33952839,10175900.279368069,56321083.3882223,17350407.5527732,12708895.06016032,0,,0,1,22884795.33952839,7970947.599138998,12,1,246,129140765.40921113,7970947.599138998,121169817.81007212,,,,129140765.40921113,7970947.599138998,121169817.81007212,20.0,1000.0,20587011042.902096,21007154.125410303,16953340.627507523,15558242.682976615,10237912.829043545,7970947.599138998,984.0,52.0,88.0,124.0,176.0,24,12,0.09090909090909091,2,2,2.0,2,2,2.0,1,12
/home/maja/Studia/Magisterskie/Islands/islandsEA_student_fork/more_local_matrix_computation/results/continous_fixed_toplogies/more_local_40bench_continuous_fixed_v1/j0197_more_continuous_c17_hybrid1_torus_12_random_r1,/home/maja/Studia/Magisterskie/Islands/islandsEA_student_fork/more_local_matrix_computation/results/continous_fixed_toplogies/more_local_40bench_continuous_fixed_v1/j0197_more_continuous_c17_hybrid1_torus_12_random_r1/summary.csv,more_continuous_c17_hybrid1_torus_12_random_r1,continous_fixed_toplogies,more_local_40bench_continuous_fixed_v1,continuous,197,1,/home/maja/Studia/Magisterskie/Islands/islandsEA_student_fork/islands_desync/logs/more_local_40bench_continuous_fixed_v1/c17_30/j0197 12rt-co20ilu2,c17_hybrid1,30,1000,16,4,12,torus,random,plain,20,2,12,13890928.32017402,16475401.506498206,16532918.336014874,18702486.842230372,1465747.6055211101,-57516.82951666787,0,,11,1,16475401.506498206,13890928.32017402,12,1,246,205251781.93904218,13890928.32017402,191360853.61886817,,,,205251781.93904218,13890928.32017402,191360853.61886817,20.0,1000.0,33146853474.374104,33823319.87181031,33539523.408500887,22280861.5404082,17952372.7133386,13890928.32017402,996.0,40.0,40.0,148.0,280.0,48,24,0.18181818181818182,4,4,4.0,4,4,4.0,1,12
/home/maja/Studia/Magisterskie/Islands/islandsEA_student_fork/more_local_matrix_computation/results/continous_fixed_toplogies/more_local_40bench_continuous_fixed_v1/j0198_more_continuous_c17_hybrid1_torus_12_best_r1,/home/maja/Studia/Magisterskie/Islands/islandsEA_student_fork/more_local_matrix_computation/results/continous_fixed_toplogies/more_local_40bench_continuous_fixed_v1/j0198_more_continuous_c17_hybrid1_torus_12_best_r1/summary.csv,more_continuous_c17_hybrid1_torus_12_best_r1,continous_fixed_toplogies,more_local_40bench_continuous_fixed_v1,continuous,198,1,/home/maja/Studia/Magisterskie/Islands/islandsEA_student_fork/islands_desync/logs/more_local_40bench_continuous_fixed_v1/c17_30/j0198 12bt-co20ilu2,c17_hybrid1,30,1000,16,4,12,torus,best,plain,20,2,12,1600546.5142303419,1697163.456122174,1660906.4161787978,1974866.304726747,97731.96311530097,36257.03994337609,2,1801384.44697;1974866.30473,1,1,1697163.456122174,1600546.5142303419,12,1,246,289702164.2103902,1600546.5142303419,288101617.69615984,,,,289702164.2103902,1600546.5142303419,288101617.69615984,20.0,1000.0,16127331321.330832,16456460.531970236,15086763.276980676,3215976.9481991623,1906000.1519628563,1600546.5142303419,996.0,28.0,44.0,80.0,172.0,48,24,0.18181818181818182,4,4,4.0,4,4,4.0,1,12
/home/maja/Studia/Magisterskie/Islands/islandsEA_student_fork/more_local_matrix_computation/results/continous_fixed_toplogies/more_local_40bench_continuous_fixed_v1/j0199_more_continuous_c17_hybrid1_torus_12_worst_r1,/home/maja/Studia/Magisterskie/Islands/islandsEA_student_fork/more_local_matrix_computation/results/continous_fixed_toplogies/more_local_40bench_continuous_fixed_v1/j0199_more_continuous_c17_hybrid1_torus_12_worst_r1/summary.csv,more_continuous_c17_hybrid1_torus_12_worst_r1,continous_fixed_toplogies,more_local_40bench_continuous_fixed_v1,continuous,199,1,/home/maja/Studia/Magisterskie/Islands/islandsEA_student_fork/islands_desync/logs/more_local_40bench_continuous_fixed_v1/c17_30/j0199 12wt-co20ilu2,c17_hybrid1,30,1000,16,4,12,torus,worst,plain,20,2,12,7177614.789271969,8634501.173442833,7979458.012693618,12550222.673956387,1505270.9936211111,655043.1607492147,0,,7,1,8634501.173442833,7177614.789271969,12,1,246,79143776.6729871,7177614.789271969,71966161.88371514,,,,79143776.6729871,7177614.789271969,71966161.88371514,20.0,1000.0,17814246210.484978,18177802.255596917,19008642.205842137,12628646.784705115,8182024.959603108,7177614.789271969,1000.0,48.0,128.0,180.0,412.0,48,24,0.18181818181818182,4,4,4.0,4,4,4.0,1,12
/home/maja/Studia/Magisterskie/Islands/islandsEA_student_fork/more_local_matrix_computation/results/continous_fixed_toplogies/more_local_40bench_continuous_fixed_v1/j0200_more_continuous_c17_hybrid1_torus_12_maxDistance_r1,/home/maja/Studia/Magisterskie/Islands/islandsEA_student_fork/more_local_matrix_computation/results/continous_fixed_toplogies/more_local_40bench_continuous_fixed_v1/j0200_more_continuous_c17_hybrid1_torus_12_maxDistance_r1/summary.csv,more_continuous_c17_hybrid1_torus_12_maxDistance_r1,continous_fixed_toplogies,more_local_40bench_continuous_fixed_v1,continuous,200,1,/home/maja/Studia/Magisterskie/Islands/islandsEA_student_fork/islands_desync/logs/more_local_40bench_continuous_fixed_v1/c17_30/j0200 12mt-co20ilu2,c17_hybrid1,30,1000,16,4,12,torus,maxDistance,plain,20,2,12,6669395.037980223,7120068.261088222,7145724.626365882,7815076.0262948135,340121.2176010469,-25656.36527766008,0,,11,1,7120068.261088222,6669395.037980223,12,1,246,286701408.525072,6669395.037980223,280032013.4870918,,,,286701408.525072,6669395.037980223,280032013.4870918,20.0,1000.0,14929394815.702957,15234076.342554038,11796445.332507994,8688749.951204106,7466869.25404172,6669395.037980223,1000.0,24.0,24.0,48.0,120.0,48,24,0.18181818181818182,4,4,4.0,4,4,4.0,1,12
/home/maja/Studia/Magisterskie/Islands/islandsEA_student_fork/more_local_matrix_computation/results/continous_fixed_toplogies/more_local_40bench_continuous_fixed_v1/j0201_more_continuous_c17_hybrid1_complete_12_random_r1,/home/maja/Studia/Magisterskie/Islands/islandsEA_student_fork/more_local_matrix_computation/results/continous_fixed_toplogies/more_local_40bench_continuous_fixed_v1/j0201_more_continuous_c17_hybrid1_complete_12_random_r1/summary.csv,more_continuous_c17_hybrid1_complete_12_random_r1,continous_fixed_toplogies,more_local_40bench_continuous_fixed_v1,continuous,201,1,/home/maja/Studia/Magisterskie/Islands/islandsEA_student_fork/islands_desync/logs/more_local_40bench_continuous_fixed_v1/c17_30/j0201 12rc-co20ilu2,c17_hybrid1,30,1000,16,4,12,complete,random,plain,20,2,12,2327381.2129220306,2546958.9357517934,2554026.412225454,2653226.884779427,87699.2047572368,-7067.476473660674,0,,3,1,2546958.9357517934,2327381.2129220306,12,1,246,77098984.7868665,2327381.2129220306,74771603.57394446,,,,77098984.7868665,2327381.2129220306,74771603.57394446,20.0,1000.0,16971221086.148548,17317572.536886275,20344712.57098247,3964326.5937517886,2805336.2099918076,2327381.2129220306,996.0,160.0,200.0,224.0,308.0,132,0,1.0,11,11,11.0,11,11,11.0,1,12
/home/maja/Studia/Magisterskie/Islands/islandsEA_student_fork/more_local_matrix_computation/results/continous_fixed_toplogies/more_local_40bench_continuous_fixed_v1/j0202_more_continuous_c17_hybrid1_complete_12_best_r1,/home/maja/Studia/Magisterskie/Islands/islandsEA_student_fork/more_local_matrix_computation/results/continous_fixed_toplogies/more_local_40bench_continuous_fixed_v1/j0202_more_continuous_c17_hybrid1_complete_12_best_r1/summary.csv,more_continuous_c17_hybrid1_complete_12_best_r1,continous_fixed_toplogies,more_local_40bench_continuous_fixed_v1,continuous,202,1,/home/maja/Studia/Magisterskie/Islands/islandsEA_student_fork/islands_desync/logs/more_local_40bench_continuous_fixed_v1/c17_30/j0202 12bc-co20ilu2,c17_hybrid1,30,1000,16,4,12,complete,best,plain,20,2,12,1516711.698257875,1527923.7288924537,1527426.8856965434,1534580.8520488667,4695.9062943685385,496.8431959103327,0,,9,1,1527923.7288924537,1516711.698257875,12,1,246,127138725.28862625,1516711.698257875,125622013.59036838,,,,127138725.28862625,1516711.698257875,125622013.59036838,20.0,1000.0,8887756241.806988,9069139.022252029,2436773.6305959234,1716003.2125769735,1560795.0203586998,1516711.698257875,996.0,56.0,60.0,124.0,124.0,132,0,1.0,11,11,11.0,11,11,11.0,1,12
/home/maja/Studia/Magisterskie/Islands/islandsEA_student_fork/more_local_matrix_computation/results/continous_fixed_toplogies/more_local_40bench_continuous_fixed_v1/j0203_more_continuous_c17_hybrid1_complete_12_worst_r1,/home/maja/Studia/Magisterskie/Islands/islandsEA_student_fork/more_local_matrix_computation/results/continous_fixed_toplogies/more_local_40bench_continuous_fixed_v1/j0203_more_continuous_c17_hybrid1_complete_12_worst_r1/summary.csv,more_continuous_c17_hybrid1_complete_12_worst_r1,continous_fixed_toplogies,more_local_40bench_continuous_fixed_v1,continuous,203,1,/home/maja/Studia/Magisterskie/Islands/islandsEA_student_fork/islands_desync/logs/more_local_40bench_continuous_fixed_v1/c17_30/j0203 12wc-co20ilu2,c17_hybrid1,30,1000,16,4,12,complete,worst,plain,20,2,12,3226423.354785848,3488872.5759951277,3497172.5041622017,3741840.9245646726,160387.8624299728,-8299.928167073987,0,,3,1,3488872.5759951277,3226423.354785848,12,1,246,47765566.70618506,3226423.354785848,44539143.35139921,,,,47765566.70618506,3226423.354785848,44539143.35139921,20.0,1000.0,8047583153.996445,8211819.544894331,9352952.977492174,4835224.717256504,3979540.7099992014,3226423.354785848,988.0,60.0,96.0,116.0,276.0,132,0,1.0,11,11,11.0,11,11,11.0,1,12
/home/maja/Studia/Magisterskie/Islands/islandsEA_student_fork/more_local_matrix_computation/results/continous_fixed_toplogies/more_local_40bench_continuous_fixed_v1/j0204_more_continuous_c17_hybrid1_complete_12_maxDistance_r1,/home/maja/Studia/Magisterskie/Islands/islandsEA_student_fork/more_local_matrix_computation/results/continous_fixed_toplogies/more_local_40bench_continuous_fixed_v1/j0204_more_continuous_c17_hybrid1_complete_12_maxDistance_r1/summary.csv,more_continuous_c17_hybrid1_complete_12_maxDistance_r1,continous_fixed_toplogies,more_local_40bench_continuous_fixed_v1,continuous,204,1,/home/maja/Studia/Magisterskie/Islands/islandsEA_student_fork/islands_desync/logs/more_local_40bench_continuous_fixed_v1/c17_30/j0204 12mc-co20ilu2,c17_hybrid1,30,1000,16,4,12,complete,maxDistance,plain,20,2,12,4790397.722711317,4848446.358105626,4829877.000780548,4928327.337094564,43062.378155531005,18569.35732507799,0,,2,1,4848446.358105626,4790397.722711317,12,1,246,72576440.32217242,4790397.722711317,67786042.59946111,,,,72576440.32217242,4790397.722711317,67786042.59946111,20.0,1000.0,10023925190.04447,10228495.091882112,9710819.866156833,5310900.7473484725,4953289.22626961,4790397.722711317,992.0,32.0,72.0,116.0,200.0,132,0,1.0,11,11,11.0,11,11,11.0,1,12
/home/maja/Studia/Magisterskie/Islands/islandsEA_student_fork/more_local_matrix_computation/results/continous_fixed_toplogies/more_local_40bench_continuous_fixed_v1/j0205_more_continuous_c18_hybrid2_ring_12_random_r1,/home/maja/Studia/Magisterskie/Islands/islandsEA_student_fork/more_local_matrix_computation/results/continous_fixed_toplogies/more_local_40bench_continuous_fixed_v1/j0205_more_continuous_c18_hybrid2_ring_12_random_r1/summary.csv,more_continuous_c18_hybrid2_ring_12_random_r1,continous_fixed_toplogies,more_local_40bench_continuous_fixed_v1,continuous,205,1,/home/maja/Studia/Magisterskie/Islands/islandsEA_student_fork/islands_desync/logs/more_local_40bench_continuous_fixed_v1/c18_30/j0205 12rr-co20ilu2,c18_hybrid2,30,1000,16,4,12,ring,random,plain,20,2,12,351420.43748992437,203454333.95583752,2046884.524855519,2030269622.252971,561341907.0632408,201407449.430982,2,394898536.861;2030269622.25,1,1,203454333.95583752,351420.43748992437,12,1,246,8984150118.24669,351420.43748992437,8983798697.8092,,,,8984150118.24669,351420.43748992437,8983798697.8092,20.0,1000.0,386377252470.87195,394262502.52129793,222819603.98725456,4059816.7637116713,642525.9892637203,351420.43748992437,1000.0,32.0,36.0,64.0,112.0,24,12,0.09090909090909091,2,2,2.0,2,2,2.0,1,12
/home/maja/Studia/Magisterskie/Islands/islandsEA_student_fork/more_local_matrix_computation/results/continous_fixed_toplogies/more_local_40bench_continuous_fixed_v1/j0206_more_continuous_c18_hybrid2_ring_12_best_r1,/home/maja/Studia/Magisterskie/Islands/islandsEA_student_fork/more_local_matrix_computation/results/continous_fixed_toplogies/more_local_40bench_continuous_fixed_v1/j0206_more_continuous_c18_hybrid2_ring_12_best_r1/summary.csv,more_continuous_c18_hybrid2_ring_12_best_r1,continous_fixed_toplogies,more_local_40bench_continuous_fixed_v1,continuous,206,1,/home/maja/Studia/Magisterskie/Islands/islandsEA_student_fork/islands_desync/logs/more_local_40bench_continuous_fixed_v1/c18_30/j0206 12br-co20ilu2,c18_hybrid2,30,1000,16,4,12,ring,best,plain,20,2,12,311662.084720072,421682110.4171893,794103.2208758969,3334124885.7320065,989401937.396343,420888007.1963134,3,52630003.7818;1661804215.27;3334124885.73,3,1,421682110.4171893,311662.084720072,12,1,246,6130106348.145918,311662.084720072,6129794686.061198,,,,6130106348.145918,311662.084720072,6129794686.061198,20.0,1000.0,374746151709.52875,382394032.356662,452215455.9488772,18520570.296525616,1028446.032838204,311662.084720072,988.0,28.0,36.0,68.0,216.0,24,12,0.09090909090909091,2,2,2.0,2,2,2.0,1,12
/home/maja/Studia/Magisterskie/Islands/islandsEA_student_fork/more_local_matrix_computation/results/continous_fixed_toplogies/more_local_40bench_continuous_fixed_v1/j0207_more_continuous_c18_hybrid2_ring_12_worst_r1,/home/maja/Studia/Magisterskie/Islands/islandsEA_student_fork/more_local_matrix_computation/results/continous_fixed_toplogies/more_local_40bench_continuous_fixed_v1/j0207_more_continuous_c18_hybrid2_ring_12_worst_r1/summary.csv,more_continuous_c18_hybrid2_ring_12_worst_r1,continous_fixed_toplogies,more_local_40bench_continuous_fixed_v1,continuous,207,1,/home/maja/Studia/Magisterskie/Islands/islandsEA_student_fork/islands_desync/logs/more_local_40bench_continuous_fixed_v1/c18_30/j0207 12wr-co20ilu2,c18_hybrid2,30,1000,16,4,12,ring,worst,plain,20,2,12,356252.3420705217,220978483.56716388,1478478.984116144,2244886806.092762,619608827.2299641,219500004.58304775,2,391683652.989;2244886806.09,1,1,220978483.56716388,356252.3420705217,12,1,246,5008991527.370225,356252.3420705217,5008635275.028154,,,,5008991527.370225,356252.3420705217,5008635275.028154,20.0,1000.0,484888568276.17456,494784253.3430353,553922276.6381181,34493571.11908729,3802916.6172627457,356252.3420705217,1000.0,64.0,68.0,116.0,264.0,24,12,0.09090909090909091,2,2,2.0,2,2,2.0,1,12
/home/maja/Studia/Magisterskie/Islands/islandsEA_student_fork/more_local_matrix_computation/results/continous_fixed_toplogies/more_local_40bench_continuous_fixed_v1/j0208_more_continuous_c18_hybrid2_ring_12_maxDistance_r1,/home/maja/Studia/Magisterskie/Islands/islandsEA_student_fork/more_local_matrix_computation/results/continous_fixed_toplogies/more_local_40bench_continuous_fixed_v1/j0208_more_continuous_c18_hybrid2_ring_12_maxDistance_r1/summary.csv,more_continuous_c18_hybrid2_ring_12_maxDistance_r1,continous_fixed_toplogies,more_local_40bench_continuous_fixed_v1,continuous,208,1,/home/maja/Studia/Magisterskie/Islands/islandsEA_student_fork/islands_desync/logs/more_local_40bench_continuous_fixed_v1/c18_30/j0208 12mr-co20ilu2,c18_hybrid2,30,1000,16,4,12,ring,maxDistance,plain,20,2,12,474526.8406375055,141325990.13832024,1095015.8561449244,1680624337.8312845,464117485.85527194,140230974.2821753,2,4813512.27962;1680624337.83,4,1,141325990.13832024,474526.8406375055,12,1,246,10073045482.362566,474526.8406375055,10072570955.521929,,,,10073045482.362566,474526.8406375055,10072570955.521929,20.0,1000.0,496801074519.879,506939871.95906025,557092564.9501625,47713131.51354235,1152435.436986175,474526.8406375055,1000.0,24.0,52.0,52.0,132.0,24,12,0.09090909090909091,2,2,2.0,2,2,2.0,1,12
/home/maja/Studia/Magisterskie/Islands/islandsEA_student_fork/more_local_matrix_computation/results/continous_fixed_toplogies/more_local_40bench_continuous_fixed_v1/j0209_more_continuous_c18_hybrid2_torus_12_random_r1,/home/maja/Studia/Magisterskie/Islands/islandsEA_student_fork/more_local_matrix_computation/results/continous_fixed_toplogies/more_local_40bench_continuous_fixed_v1/j0209_more_continuous_c18_hybrid2_torus_12_random_r1/summary.csv,more_continuous_c18_hybrid2_torus_12_random_r1,continous_fixed_toplogies,more_local_40bench_continuous_fixed_v1,continuous,209,1,/home/maja/Studia/Magisterskie/Islands/islandsEA_student_fork/islands_desync/logs/more_local_40bench_continuous_fixed_v1/c18_30/j0209 12rt-co20ilu2,c18_hybrid2,30,1000,16,4,12,torus,random,plain,20,2,12,75657.14455932766,114018.62433558436,114067.13834791753,161482.4740759561,20632.52923424177,-48.51401233316574,1,161482.474076,1,1,114018.62433558436,75657.14455932766,12,1,246,7624328669.463719,75657.14455932766,7624253012.31916,,,,7624328669.463719,75657.14455932766,7624253012.31916,20.0,1000.0,331284987925.0825,338045906.04600257,51631267.678235024,621301.7097213347,205150.760853283,75657.14455932766,996.0,36.0,40.0,84.0,116.0,48,24,0.18181818181818182,4,4,4.0,4,4,4.0,1,12
/home/maja/Studia/Magisterskie/Islands/islandsEA_student_fork/more_local_matrix_computation/results/continous_fixed_toplogies/more_local_40bench_continuous_fixed_v1/j0210_more_continuous_c18_hybrid2_torus_12_best_r1,/home/maja/Studia/Magisterskie/Islands/islandsEA_student_fork/more_local_matrix_computation/results/continous_fixed_toplogies/more_local_40bench_continuous_fixed_v1/j0210_more_continuous_c18_hybrid2_torus_12_best_r1/summary.csv,more_continuous_c18_hybrid2_torus_12_best_r1,continous_fixed_toplogies,more_local_40bench_continuous_fixed_v1,continuous,210,1,/home/maja/Studia/Magisterskie/Islands/islandsEA_student_fork/islands_desync/logs/more_local_40bench_continuous_fixed_v1/c18_30/j0210 12bt-co20ilu2,c18_hybrid2,30,1000,16,4,12,torus,best,plain,20,2,12,84879.14958584312,112698.86738015652,109648.19779107012,178155.47138537688,25165.743074658763,3050.669589086392,2,147430.547764;178155.471385,11,1,112698.86738015652,84879.14958584312,12,1,246,5960017128.014231,84879.14958584312,5959932248.864645,,,,5960017128.014231,84879.14958584312,5959932248.864645,20.0,1000.0,232975720164.90527,237730326.69888294,22607501.055005893,847726.9035895928,158792.95100866776,84879.14958584312,1000.0,36.0,44.0,84.0,108.0,48,24,0.18181818181818182,4,4,4.0,4,4,4.0,1,12
/home/maja/Studia/Magisterskie/Islands/islandsEA_student_fork/more_local_matrix_computation/results/continous_fixed_toplogies/more_local_40bench_continuous_fixed_v1/j0211_more_continuous_c18_hybrid2_torus_12_worst_r1,/home/maja/Studia/Magisterskie/Islands/islandsEA_student_fork/more_local_matrix_computation/results/continous_fixed_toplogies/more_local_40bench_continuous_fixed_v1/j0211_more_continuous_c18_hybrid2_torus_12_worst_r1/summary.csv,more_continuous_c18_hybrid2_torus_12_worst_r1,continous_fixed_toplogies,more_local_40bench_continuous_fixed_v1,continuous,211,1,/home/maja/Studia/Magisterskie/Islands/islandsEA_student_fork/islands_desync/logs/more_local_40bench_continuous_fixed_v1/c18_30/j0211 12wt-co20ilu2,c18_hybrid2,30,1000,16,4,12,torus,worst,plain,20,2,12,210266.31014968635,433893.95414502564,259834.99525610716,1286133.265563154,364163.5890719914,174058.95888891848,2,1191638.19706;1286133.26556,9,1,433893.95414502564,210266.31014968635,12,1,246,8425505810.66653,210266.31014968635,8425295544.3563795,,,,8425505810.66653,210266.31014968635,8425295544.3563795,20.0,1000.0,341539389334.0896,348509580.95315266,192210795.4186289,914002.0784430667,317605.0451660999,210266.31014968635,996.0,32.0,32.0,64.0,128.0,48,24,0.18181818181818182,4,4,4.0,4,4,4.0,1,12
/home/maja/Studia/Magisterskie/Islands/islandsEA_student_fork/more_local_matrix_computation/results/continous_fixed_toplogies/more_local_40bench_continuous_fixed_v1/j0212_more_continuous_c18_hybrid2_torus_12_maxDistance_r1,/home/maja/Studia/Magisterskie/Islands/islandsEA_student_fork/more_local_matrix_computation/results/continous_fixed_toplogies/more_local_40bench_continuous_fixed_v1/j0212_more_continuous_c18_hybrid2_torus_12_maxDistance_r1/summary.csv,more_continuous_c18_hybrid2_torus_12_maxDistance_r1,continous_fixed_toplogies,more_local_40bench_continuous_fixed_v1,continuous,212,1,/home/maja/Studia/Magisterskie/Islands/islandsEA_student_fork/islands_desync/logs/more_local_40bench_continuous_fixed_v1/c18_30/j0212 12mt-co20ilu2,c18_hybrid2,30,1000,16,4,12,torus,maxDistance,plain,20,2,12,172994.7681304041,269590.81392875937,233822.96271672111,438559.42040628445,86497.31886360125,35767.85121203825,0,,0,1,269590.81392875937,172994.7681304041,12,1,246,6168031084.429711,172994.7681304041,6167858089.661581,,,,6168031084.429711,172994.7681304041,6167858089.661581,20.0,1000.0,504812058879.5007,515114345.79540884,292778031.18727094,2177734.9949938925,517843.5478129804,172994.7681304041,1000.0,64.0,64.0,148.0,148.0,48,24,0.18181818181818182,4,4,4.0,4,4,4.0,1,12
/home/maja/Studia/Magisterskie/Islands/islandsEA_student_fork/more_local_matrix_computation/results/continous_fixed_toplogies/more_local_40bench_continuous_fixed_v1/j0213_more_continuous_c18_hybrid2_complete_12_random_r1,/home/maja/Studia/Magisterskie/Islands/islandsEA_student_fork/more_local_matrix_computation/results/continous_fixed_toplogies/more_local_40bench_continuous_fixed_v1/j0213_more_continuous_c18_hybrid2_complete_12_random_r1/summary.csv,more_continuous_c18_hybrid2_complete_12_random_r1,continous_fixed_toplogies,more_local_40bench_continuous_fixed_v1,continuous,213,1,/home/maja/Studia/Magisterskie/Islands/islandsEA_student_fork/islands_desync/logs/more_local_40bench_continuous_fixed_v1/c18_30/j0213 12rc-co20ilu2,c18_hybrid2,30,1000,16,4,12,complete,random,plain,20,2,12,83769.2333535977,94559.41802525276,91957.85459852732,121769.22282511849,10733.790509173226,2601.5634267254354,1,121769.222825,5,1,94559.41802525276,83769.2333535977,12,1,246,4706133941.912839,83769.2333535977,4706050172.679485,,,,4706133941.912839,83769.2333535977,4706050172.679485,20.0,1000.0,233121474059.93,237879055.16319388,48967100.318870224,471115.5325761944,127297.71649068152,83769.2333535977,996.0,24.0,72.0,96.0,140.0,132,0,1.0,11,11,11.0,11,11,11.0,1,12
/home/maja/Studia/Magisterskie/Islands/islandsEA_student_fork/more_local_matrix_computation/results/continous_fixed_toplogies/more_local_40bench_continuous_fixed_v1/j0214_more_continuous_c18_hybrid2_complete_12_best_r1,/home/maja/Studia/Magisterskie/Islands/islandsEA_student_fork/more_local_matrix_computation/results/continous_fixed_toplogies/more_local_40bench_continuous_fixed_v1/j0214_more_continuous_c18_hybrid2_complete_12_best_r1/summary.csv,more_continuous_c18_hybrid2_complete_12_best_r1,continous_fixed_toplogies,more_local_40bench_continuous_fixed_v1,continuous,214,1,/home/maja/Studia/Magisterskie/Islands/islandsEA_student_fork/islands_desync/logs/more_local_40bench_continuous_fixed_v1/c18_30/j0214 12bc-co20ilu2,c18_hybrid2,30,1000,16,4,12,complete,best,plain,20,2,12,93287.86046204483,106060.36176726891,97318.4464169897,143989.7359357702,15500.317033785674,8741.915350279218,0,,4,1,106060.36176726891,93287.86046204483,12,1,246,8770334846.256498,93287.86046204483,8770241558.396036,,,,8770334846.256498,93287.86046204483,8770241558.396036,20.0,1000.0,214220598525.77774,218592447.4752834,27570021.81371763,245456.14169033463,190663.32350195904,93287.86046204483,1000.0,28.0,28.0,60.0,88.0,132,0,1.0,11,11,11.0,11,11,11.0,1,12
/home/maja/Studia/Magisterskie/Islands/islandsEA_student_fork/more_local_matrix_computation/results/continous_fixed_toplogies/more_local_40bench_continuous_fixed_v1/j0215_more_continuous_c18_hybrid2_complete_12_worst_r1,/home/maja/Studia/Magisterskie/Islands/islandsEA_student_fork/more_local_matrix_computation/results/continous_fixed_toplogies/more_local_40bench_continuous_fixed_v1/j0215_more_continuous_c18_hybrid2_complete_12_worst_r1/summary.csv,more_continuous_c18_hybrid2_complete_12_worst_r1,continous_fixed_toplogies,more_local_40bench_continuous_fixed_v1,continuous,215,1,/home/maja/Studia/Magisterskie/Islands/islandsEA_student_fork/islands_desync/logs/more_local_40bench_continuous_fixed_v1/c18_30/j0215 12wc-co20ilu2,c18_hybrid2,30,1000,16,4,12,complete,worst,plain,20,2,12,141423.45738007364,256425.9720547926,246737.6691234472,473411.2873799985,88887.63806714876,9688.302931345388,1,473411.28738,3,1,256425.9720547926,141423.45738007364,12,1,246,6008467754.287899,141423.45738007364,6008326330.830519,,,,6008467754.287899,141423.45738007364,6008326330.830519,20.0,1000.0,290138084893.4631,296059270.2994521,270652130.1440861,3428634.000057672,493489.64326798497,141423.45738007364,1000.0,28.0,48.0,56.0,156.0,132,0,1.0,11,11,11.0,11,11,11.0,1,12
/home/maja/Studia/Magisterskie/Islands/islandsEA_student_fork/more_local_matrix_computation/results/continous_fixed_toplogies/more_local_40bench_continuous_fixed_v1/j0216_more_continuous_c18_hybrid2_complete_12_maxDistance_r1,/home/maja/Studia/Magisterskie/Islands/islandsEA_student_fork/more_local_matrix_computation/results/continous_fixed_toplogies/more_local_40bench_continuous_fixed_v1/j0216_more_continuous_c18_hybrid2_complete_12_maxDistance_r1/summary.csv,more_continuous_c18_hybrid2_complete_12_maxDistance_r1,continous_fixed_toplogies,more_local_40bench_continuous_fixed_v1,continuous,216,1,/home/maja/Studia/Magisterskie/Islands/islandsEA_student_fork/islands_desync/logs/more_local_40bench_continuous_fixed_v1/c18_30/j0216 12mc-co20ilu2,c18_hybrid2,30,1000,16,4,12,complete,maxDistance,plain,20,2,12,112974.77702877778,161846.29661641357,161255.16187806553,226099.1979752122,31313.168111743624,591.1347383480461,1,226099.197975,8,1,161846.29661641357,112974.77702877778,12,1,246,4221602773.12567,112974.77702877778,4221489798.3486414,,,,4221602773.12567,112974.77702877778,4221489798.3486414,20.0,1000.0,330653376069.49854,337401404.1525495,174205186.75527906,1599744.7962197114,269824.9123267752,112974.77702877778,988.0,64.0,64.0,132.0,176.0,132,0,1.0,11,11,11.0,11,11,11.0,1,12
/home/maja/Studia/Magisterskie/Islands/islandsEA_student_fork/more_local_matrix_computation/results/continous_fixed_toplogies/more_local_40bench_continuous_fixed_v1/j0217_more_continuous_c19_hybrid3_ring_12_random_r1,/home/maja/Studia/Magisterskie/Islands/islandsEA_student_fork/more_local_matrix_computation/results/continous_fixed_toplogies/more_local_40bench_continuous_fixed_v1/j0217_more_continuous_c19_hybrid3_ring_12_random_r1/summary.csv,more_continuous_c19_hybrid3_ring_12_random_r1,continous_fixed_toplogies,more_local_40bench_continuous_fixed_v1,continuous,217,1,/home/maja/Studia/Magisterskie/Islands/islandsEA_student_fork/islands_desync/logs/more_local_40bench_continuous_fixed_v1/c19_30/j0217 12rr-co20ilu2,c19_hybrid3,30,1000,16,4,12,ring,random,plain,20,2,12,2672.8523380757315,2584090.0842248537,215771.48032980636,19178458.032628644,5385088.513653735,2368318.603895047,3,3562780.10234;6869278.03793;19178458.0326,1,1,2584090.0842248537,2672.8523380757315,12,1,246,4114256905.297515,2672.8523380757315,4114254232.4451766,,,,4114256905.297515,2672.8523380757315,4114254232.4451766,20.0,1000.0,103777685818.57368,105895597.77405478,2462443.061641578,71530.20638026515,6448.654607492475,2672.8523380757315,988.0,28.0,44.0,52.0,68.0,24,12,0.09090909090909091,2,2,2.0,2,2,2.0,1,12
/home/maja/Studia/Magisterskie/Islands/islandsEA_student_fork/more_local_matrix_computation/results/continous_fixed_toplogies/more_local_40bench_continuous_fixed_v1/j0218_more_continuous_c19_hybrid3_ring_12_best_r1,/home/maja/Studia/Magisterskie/Islands/islandsEA_student_fork/more_local_matrix_computation/results/continous_fixed_toplogies/more_local_40bench_continuous_fixed_v1/j0218_more_continuous_c19_hybrid3_ring_12_best_r1/summary.csv,more_continuous_c19_hybrid3_ring_12_best_r1,continous_fixed_toplogies,more_local_40bench_continuous_fixed_v1,continuous,218,1,/home/maja/Studia/Magisterskie/Islands/islandsEA_student_fork/islands_desync/logs/more_local_40bench_continuous_fixed_v1/c19_30/j0218 12br-co20ilu2,c19_hybrid3,30,1000,16,4,12,ring,best,plain,20,2,12,4879.213491257093,1400378.012979248,581744.7654453828,9462842.457090838,2542940.3820335497,818633.2475338653,2,2993798.08976;9462842.45709,1,1,1400378.012979248,4879.213491257093,12,1,246,413064451.0277103,4879.213491257093,413059571.81421906,,,,413064451.0277103,4879.213491257093,413059571.81421906,20.0,1000.0,16173895154.596983,16503974.647547942,6718675.545161634,99029.4250573734,11722.401898777985,4879.213491257093,1000.0,40.0,40.0,44.0,128.0,24,12,0.09090909090909091,2,2,2.0,2,2,2.0,1,12
/home/maja/Studia/Magisterskie/Islands/islandsEA_student_fork/more_local_matrix_computation/results/continous_fixed_toplogies/more_local_40bench_continuous_fixed_v1/j0219_more_continuous_c19_hybrid3_ring_12_worst_r1,/home/maja/Studia/Magisterskie/Islands/islandsEA_student_fork/more_local_matrix_computation/results/continous_fixed_toplogies/more_local_40bench_continuous_fixed_v1/j0219_more_continuous_c19_hybrid3_ring_12_worst_r1/summary.csv,more_continuous_c19_hybrid3_ring_12_worst_r1,continous_fixed_toplogies,more_local_40bench_continuous_fixed_v1,continuous,219,1,/home/maja/Studia/Magisterskie/Islands/islandsEA_student_fork/islands_desync/logs/more_local_40bench_continuous_fixed_v1/c19_30/j0219 12wr-co20ilu2,c19_hybrid3,30,1000,16,4,12,ring,worst,plain,20,2,12,4406.50132105345,32742132.622004442,11645.621361273563,292418908.8988631,80792748.85692082,32730487.000643168,2,72351624.386;292418908.899,0,1,32742132.622004442,4406.50132105345,12,1,246,2952872365.068351,4406.50132105345,2952867958.56703,,,,2952872365.068351,4406.50132105345,2952867958.56703,20.0,1000.0,101103118340.5493,103166447.28627479,9825204.013170375,81532.10491441061,6876.207318827676,4406.50132105345,1000.0,36.0,40.0,76.0,96.0,24,12,0.09090909090909091,2,2,2.0,2,2,2.0,1,12
/home/maja/Studia/Magisterskie/Islands/islandsEA_student_fork/more_local_matrix_computation/results/continous_fixed_toplogies/more_local_40bench_continuous_fixed_v1/j0220_more_continuous_c19_hybrid3_ring_12_maxDistance_r1,/home/maja/Studia/Magisterskie/Islands/islandsEA_student_fork/more_local_matrix_computation/results/continous_fixed_toplogies/more_local_40bench_continuous_fixed_v1/j0220_more_continuous_c19_hybrid3_ring_12_maxDistance_r1/summary.csv,more_continuous_c19_hybrid3_ring_12_maxDistance_r1,continous_fixed_toplogies,more_local_40bench_continuous_fixed_v1,continuous,220,1,/home/maja/Studia/Magisterskie/Islands/islandsEA_student_fork/islands_desync/logs/more_local_40bench_continuous_fixed_v1/c19_30/j0220 12mr-co20ilu2,c19_hybrid3,30,1000,16,4,12,ring,maxDistance,plain,20,2,12,2707.917655458603,9031618.484595213,131477.08080697284,102604631.55556999,28228696.115203623,8900141.40378824,3,3305585.02704;1527146.75951;102604631.556,1,1,9031618.484595213,2707.917655458603,12,1,246,985931666.1982108,2707.917655458603,985928958.2805554,,,,985931666.1982108,2707.917655458603,985928958.2805554,20.0,1000.0,21687206184.81533,22129802.2294034,1537466.5649087068,15443.341996499403,3848.8457110991285,2707.917655458603,996.0,36.0,36.0,40.0,40.0,24,12,0.09090909090909091,2,2,2.0,2,2,2.0,1,12
/home/maja/Studia/Magisterskie/Islands/islandsEA_student_fork/more_local_matrix_computation/results/continous_fixed_toplogies/more_local_40bench_continuous_fixed_v1/j0221_more_continuous_c19_hybrid3_torus_12_random_r1,/home/maja/Studia/Magisterskie/Islands/islandsEA_student_fork/more_local_matrix_computation/results/continous_fixed_toplogies/more_local_40bench_continuous_fixed_v1/j0221_more_continuous_c19_hybrid3_torus_12_random_r1/summary.csv,more_continuous_c19_hybrid3_torus_12_random_r1,continous_fixed_toplogies,more_local_40bench_continuous_fixed_v1,continuous,221,1,/home/maja/Studia/Magisterskie/Islands/islandsEA_student_fork/islands_desync/logs/more_local_40bench_continuous_fixed_v1/c19_30/j0221 12rt-co20ilu2,c19_hybrid3,30,1000,16,4,12,torus,random,plain,20,2,12,131908.8752686999,146835.87662462133,143007.44789636257,160968.1159631276,8580.137850328982,3828.428728258761,0,,1,1,146835.87662462133,131908.8752686999,12,1,246,2757271875.2503767,131908.8752686999,2757139966.375108,,,,2757271875.2503767,131908.8752686999,2757139966.375108,20.0,1000.0,39190320675.28096,39990123.138041794,3485114.8824330755,280197.6367427375,174346.4035477333,131908.8752686999,988.0,32.0,32.0,32.0,56.0,48,24,0.18181818181818182,4,4,4.0,4,4,4.0,1,12
/home/maja/Studia/Magisterskie/Islands/islandsEA_student_fork/more_local_matrix_computation/results/continous_fixed_toplogies/more_local_40bench_continuous_fixed_v1/j0222_more_continuous_c19_hybrid3_torus_12_best_r1,/home/maja/Studia/Magisterskie/Islands/islandsEA_student_fork/more_local_matrix_computation/results/continous_fixed_toplogies/more_local_40bench_continuous_fixed_v1/j0222_more_continuous_c19_hybrid3_torus_12_best_r1/summary.csv,more_continuous_c19_hybrid3_torus_12_best_r1,continous_fixed_toplogies,more_local_40bench_continuous_fixed_v1,continuous,222,1,/home/maja/Studia/Magisterskie/Islands/islandsEA_student_fork/islands_desync/logs/more_local_40bench_continuous_fixed_v1/c19_30/j0222 12bt-co20ilu2,c19_hybrid3,30,1000,16,4,12,torus,best,plain,20,2,12,7088.510274716207,7159.593122064076,7156.212354372699,7241.964667075985,38.28859905457099,3.3807676913766045,1,7241.96466708,0,1,7159.593122064076,7088.510274716207,12,1,246,2681803089.703137,7088.510274716207,2681796001.192862,,,,2681803089.703137,7088.510274716207,2681796001.192862,20.0,1000.0,38421439901.217125,39205550.91960931,1097925.7561199407,9287.340828034688,7244.81417149291,7088.510274716207,988.0,24.0,28.0,40.0,56.0,48,24,0.18181818181818182,4,4,4.0,4,4,4.0,1,12
/home/maja/Studia/Magisterskie/Islands/islandsEA_student_fork/more_local_matrix_computation/results/continous_fixed_toplogies/more_local_40bench_continuous_fixed_v1/j0223_more_continuous_c19_hybrid3_torus_12_worst_r1,/home/maja/Studia/Magisterskie/Islands/islandsEA_student_fork/more_local_matrix_computation/results/continous_fixed_toplogies/more_local_40bench_continuous_fixed_v1/j0223_more_continuous_c19_hybrid3_torus_12_worst_r1/summary.csv,more_continuous_c19_hybrid3_torus_12_worst_r1,continous_fixed_toplogies,more_local_40bench_continuous_fixed_v1,continuous,223,1,/home/maja/Studia/Magisterskie/Islands/islandsEA_student_fork/islands_desync/logs/more_local_40bench_continuous_fixed_v1/c19_30/j0223 12wt-co20ilu2,c19_hybrid3,30,1000,16,4,12,torus,worst,plain,20,2,12,7623.525758227581,12568.503016607596,10662.355311853353,34864.60834547368,6980.844146402685,1906.147704754243,1,34864.6083455,10,1,12568.503016607596,7623.525758227581,12,1,246,1760400845.1654494,7623.525758227581,1760393221.639691,,,,1760400845.1654494,7623.525758227581,1760393221.639691,20.0,1000.0,73157003243.79681,74650003.30999675,19895072.802139185,284442.1550352018,8579.332865331486,7623.525758227581,988.0,44.0,56.0,60.0,72.0,48,24,0.18181818181818182,4,4,4.0,4,4,4.0,1,12
/home/maja/Studia/Magisterskie/Islands/islandsEA_student_fork/more_local_matrix_computation/results/continous_fixed_toplogies/more_local_40bench_continuous_fixed_v1/j0224_more_continuous_c19_hybrid3_torus_12_maxDistance_r1,/home/maja/Studia/Magisterskie/Islands/islandsEA_student_fork/more_local_matrix_computation/results/continous_fixed_toplogies/more_local_40bench_continuous_fixed_v1/j0224_more_continuous_c19_hybrid3_torus_12_maxDistance_r1/summary.csv,more_continuous_c19_hybrid3_torus_12_maxDistance_r1,continous_fixed_toplogies,more_local_40bench_continuous_fixed_v1,continuous,224,1,/home/maja/Studia/Magisterskie/Islands/islandsEA_student_fork/islands_desync/logs/more_local_40bench_continuous_fixed_v1/c19_30/j0224 12mt-co20ilu2,c19_hybrid3,30,1000,16,4,12,torus,maxDistance,plain,20,2,12,3216.260680405786,3400.165256996276,3308.8998163786864,4165.408801143067,246.8252970643871,91.26544061758977,1,4165.40880114,5,1,3400.165256996276,3216.260680405786,12,1,246,880106577.2385336,3216.260680405786,880103360.9778532,,,,880106577.2385336,3216.260680405786,880103360.9778532,20.0,1000.0,10222060196.759745,10430673.670163006,556343.466509636,7737.192863302411,3449.6961799603496,3216.260680405786,1000.0,28.0,28.0,32.0,40.0,48,24,0.18181818181818182,4,4,4.0,4,4,4.0,1,12
/home/maja/Studia/Magisterskie/Islands/islandsEA_student_fork/more_local_matrix_computation/results/continous_fixed_toplogies/more_local_40bench_continuous_fixed_v1/j0225_more_continuous_c19_hybrid3_complete_12_random_r1,/home/maja/Studia/Magisterskie/Islands/islandsEA_student_fork/more_local_matrix_computation/results/continous_fixed_toplogies/more_local_40bench_continuous_fixed_v1/j0225_more_continuous_c19_hybrid3_complete_12_random_r1/summary.csv,more_continuous_c19_hybrid3_complete_12_random_r1,continous_fixed_toplogies,more_local_40bench_continuous_fixed_v1,continuous,225,1,/home/maja/Studia/Magisterskie/Islands/islandsEA_student_fork/islands_desync/logs/more_local_40bench_continuous_fixed_v1/c19_30/j0225 12rc-co20ilu2,c19_hybrid3,30,1000,16,4,12,complete,random,plain,20,2,12,2177.06284226162,2180.5235825452683,2179.4024896404208,2185.638484032133,2.8326160249445187,1.121092904847501,0,,6,1,2180.5235825452683,2177.06284226162,12,1,246,2670649129.0003734,2177.06284226162,2670646951.937531,,,,2670649129.0003734,2177.06284226162,2670646951.937531,20.0,1000.0,39174943919.71639,39974432.57113918,387707.9628303407,2488.967886375197,2179.735334532585,2177.06284226162,996.0,24.0,24.0,44.0,48.0,132,0,1.0,11,11,11.0,11,11,11.0,1,12
/home/maja/Studia/Magisterskie/Islands/islandsEA_student_fork/more_local_matrix_computation/results/continous_fixed_toplogies/more_local_40bench_continuous_fixed_v1/j0226_more_continuous_c19_hybrid3_complete_12_best_r1,/home/maja/Studia/Magisterskie/Islands/islandsEA_student_fork/more_local_matrix_computation/results/continous_fixed_toplogies/more_local_40bench_continuous_fixed_v1/j0226_more_continuous_c19_hybrid3_complete_12_best_r1/summary.csv,more_continuous_c19_hybrid3_complete_12_best_r1,continous_fixed_toplogies,more_local_40bench_continuous_fixed_v1,continuous,226,1,/home/maja/Studia/Magisterskie/Islands/islandsEA_student_fork/islands_desync/logs/more_local_40bench_continuous_fixed_v1/c19_30/j0226 12bc-co20ilu2,c19_hybrid3,30,1000,16,4,12,complete,best,plain,20,2,12,2438.365801479999,2445.517055065556,2446.0886388135386,2446.7942351254974,2.195311874176962,-0.5715837479824586,3,2446.60336744;2446.74884604;2446.79423513,0,1,2445.517055065556,2438.365801479999,12,1,246,2119096256.046613,2438.365801479999,2119093817.6808114,,,,2119096256.046613,2438.365801479999,2119093817.6808114,20.0,1000.0,28967531405.004337,29558705.51531055,15771.9005484066,2546.053337230571,2448.421266508233,2438.365801479999,968.0,24.0,24.0,48.0,60.0,132,0,1.0,11,11,11.0,11,11,11.0,1,12
/home/maja/Studia/Magisterskie/Islands/islandsEA_student_fork/more_local_matrix_computation/results/continous_fixed_toplogies/more_local_40bench_continuous_fixed_v1/j0227_more_continuous_c19_hybrid3_complete_12_worst_r1,/home/maja/Studia/Magisterskie/Islands/islandsEA_student_fork/more_local_matrix_computation/results/continous_fixed_toplogies/more_local_40bench_continuous_fixed_v1/j0227_more_continuous_c19_hybrid3_complete_12_worst_r1/summary.csv,more_continuous_c19_hybrid3_complete_12_worst_r1,continous_fixed_toplogies,more_local_40bench_continuous_fixed_v1,continuous,227,1,/home/maja/Studia/Magisterskie/Islands/islandsEA_student_fork/islands_desync/logs/more_local_40bench_continuous_fixed_v1/c19_30/j0227 12wc-co20ilu2,c19_hybrid3,30,1000,16,4,12,complete,worst,plain,20,2,12,2204.139364738767,2269.0897136001354,2268.303245036923,2341.590943137055,38.894072299156434,0.7864685632125656,0,,0,1,2269.0897136001354,2204.139364738767,12,1,246,1395617826.1269898,2204.139364738767,1395615621.9876251,,,,1395617826.1269898,2204.139364738767,1395615621.9876251,20.0,1000.0,47808027422.60472,48783701.45163747,2654230.214712519,4322.966599375393,2335.8521863075366,2204.139364738767,996.0,36.0,36.0,88.0,112.0,132,0,1.0,11,11,11.0,11,11,11.0,1,12
/home/maja/Studia/Magisterskie/Islands/islandsEA_student_fork/more_local_matrix_computation/results/continous_fixed_toplogies/more_local_40bench_continuous_fixed_v1/j0228_more_continuous_c19_hybrid3_complete_12_maxDistance_r1,/home/maja/Studia/Magisterskie/Islands/islandsEA_student_fork/more_local_matrix_computation/results/continous_fixed_toplogies/more_local_40bench_continuous_fixed_v1/j0228_more_continuous_c19_hybrid3_complete_12_maxDistance_r1/summary.csv,more_continuous_c19_hybrid3_complete_12_maxDistance_r1,continous_fixed_toplogies,more_local_40bench_continuous_fixed_v1,continuous,228,1,/home/maja/Studia/Magisterskie/Islands/islandsEA_student_fork/islands_desync/logs/more_local_40bench_continuous_fixed_v1/c19_30/j0228 12mc-co20ilu2,c19_hybrid3,30,1000,16,4,12,complete,maxDistance,plain,20,2,12,1957.0161387596638,2086.4458879373847,2104.4984897712516,2353.873003927619,110.38453759068067,-18.052601833866902,0,,0,1,2086.4458879373847,1957.0161387596638,12,1,246,4140424037.1575985,1957.0161387596638,4140422080.14146,,,,4140424037.1575985,1957.0161387596638,4140422080.14146,20.0,1000.0,57234811054.16237,58402868.422614664,876470.7653879675,11412.702090119488,2407.816223491303,1957.0161387596638,996.0,28.0,32.0,32.0,52.0,132,0,1.0,11,11,11.0,11,11,11.0,1,12
/home/maja/Studia/Magisterskie/Islands/islandsEA_student_fork/more_local_matrix_computation/results/continous_fixed_toplogies/more_local_40bench_continuous_fixed_v1/j0229_more_continuous_c20_hybrid4_ring_12_random_r1,/home/maja/Studia/Magisterskie/Islands/islandsEA_student_fork/more_local_matrix_computation/results/continous_fixed_toplogies/more_local_40bench_continuous_fixed_v1/j0229_more_continuous_c20_hybrid4_ring_12_random_r1/summary.csv,more_continuous_c20_hybrid4_ring_12_random_r1,continous_fixed_toplogies,more_local_40bench_continuous_fixed_v1,continuous,229,1,/home/maja/Studia/Magisterskie/Islands/islandsEA_student_fork/islands_desync/logs/more_local_40bench_continuous_fixed_v1/c20_30/j0229 12rr-co20ilu2,c20_hybrid4,30,1000,16,4,12,ring,random,plain,20,2,12,90708.47417019375,3301988090.4716644,149065.5080726862,39283868487.58807,10849185046.647636,3301839024.9635916,2,263652562.13;39283868487.6,0,1,3301988090.4716644,90708.47417019375,12,1,246,1178785203340709,90708.47417019375,1178785203250000.5,,,,1178785203340709.0,90708.47417019375,1178785203250000.5,20.0,1000.0,6420851946854272.0,6551889741688.032,13175078705.205297,25052295.534833327,258580.6615046511,90708.47417019375,996.0,24.0,24.0,24.0,24.0,24,12,0.09090909090909091,2,2,2.0,2,2,2.0,1,12
/home/maja/Studia/Magisterskie/Islands/islandsEA_student_fork/more_local_matrix_computation/results/continous_fixed_toplogies/more_local_40bench_continuous_fixed_v1/j0230_more_continuous_c20_hybrid4_ring_12_best_r1,/home/maja/Studia/Magisterskie/Islands/islandsEA_student_fork/more_local_matrix_computation/results/continous_fixed_toplogies/more_local_40bench_continuous_fixed_v1/j0230_more_continuous_c20_hybrid4_ring_12_best_r1/summary.csv,more_continuous_c20_hybrid4_ring_12_best_r1,continous_fixed_toplogies,more_local_40bench_continuous_fixed_v1,continuous,230,1,/home/maja/Studia/Magisterskie/Islands/islandsEA_student_fork/islands_desync/logs/more_local_40bench_continuous_fixed_v1/c20_30/j0230 12br-co20ilu2,c20_hybrid4,30,1000,16,4,12,ring,best,plain,20,2,12,102911.91450233222,57047547343.59692,1476403.4538873327,387829030947.5295,126343672456.01117,57046070940.14303,3,13855611993.2;387829030948;282846987771,2,1,57047547343.59692,102911.91450233222,12,1,246,912468497743452.9,102911.91450233222,912468497640541,,,,912468497743452.9,102911.91450233222,912468497640541.0,20.0,1000.0,1.6141772882547328e+16,16471196818925.846,7039828225.0500345,37486694.41422693,552908.3712466048,102911.91450233222,988.0,36.0,36.0,36.0,60.0,24,12,0.09090909090909091,2,2,2.0,2,2,2.0,1,12
/home/maja/Studia/Magisterskie/Islands/islandsEA_student_fork/more_local_matrix_computation/results/continous_fixed_toplogies/more_local_40bench_continuous_fixed_v1/j0231_more_continuous_c20_hybrid4_ring_12_worst_r1,/home/maja/Studia/Magisterskie/Islands/islandsEA_student_fork/more_local_matrix_computation/results/continous_fixed_toplogies/more_local_40bench_continuous_fixed_v1/j0231_more_continuous_c20_hybrid4_ring_12_worst_r1/summary.csv,more_continuous_c20_hybrid4_ring_12_worst_r1,continous_fixed_toplogies,more_local_40bench_continuous_fixed_v1,continuous,231,1,/home/maja/Studia/Magisterskie/Islands/islandsEA_student_fork/islands_desync/logs/more_local_40bench_continuous_fixed_v1/c20_30/j0231 12wr-co20ilu2,c20_hybrid4,30,1000,16,4,12,ring,worst,plain,20,2,12,134729.85369960737,776542386036.5342,900260.0635540404,9315959589440.771,2574731199768.8306,776541485776.4706,2,1602996921.29;9.31595958944e+12,0,1,776542386036.5342,134729.85369960737,12,1,246,684073282887858.6,134729.85369960737,684073282753128.8,,,,684073282887858.6,134729.85369960737,684073282753128.8,20.0,1000.0,1.4921165447687706e+16,15225679028252.762,6506907252.4812155,26402848.535198327,250190.6854081342,134729.85369960737,996.0,32.0,44.0,44.0,60.0,24,12,0.09090909090909091,2,2,2.0,2,2,2.0,1,12
/home/maja/Studia/Magisterskie/Islands/islandsEA_student_fork/more_local_matrix_computation/results/continous_fixed_toplogies/more_local_40bench_continuous_fixed_v1/j0232_more_continuous_c20_hybrid4_ring_12_maxDistance_r1,/home/maja/Studia/Magisterskie/Islands/islandsEA_student_fork/more_local_matrix_computation/results/continous_fixed_toplogies/more_local_40bench_continuous_fixed_v1/j0232_more_continuous_c20_hybrid4_ring_12_maxDistance_r1/summary.csv,more_continuous_c20_hybrid4_ring_12_maxDistance_r1,continous_fixed_toplogies,more_local_40bench_continuous_fixed_v1,continuous,232,1,/home/maja/Studia/Magisterskie/Islands/islandsEA_student_fork/islands_desync/logs/more_local_40bench_continuous_fixed_v1/c20_30/j0232 12mr-co20ilu2,c20_hybrid4,30,1000,16,4,12,ring,maxDistance,plain,20,2,12,117810.72041752143,6468572629464.147,220065.5951585048,63766420626360.54,17689339833784.094,6468572409398.553,3,37052218828.8;1.38168132708e+13;6.37664206264e+13,0,1,6468572629464.147,117810.72041752143,12,1,246,2167523383200832,117810.72041752143,2167523383083021.2,,,,2167523383200832.0,117810.72041752143,2167523383083021.2,20.0,1000.0,2.3945119688195736e+16,24433795600199.73,2374535723.243565,37784462.254578836,165953.3825869477,117810.72041752143,1000.0,32.0,32.0,32.0,32.0,24,12,0.09090909090909091,2,2,2.0,2,2,2.0,1,12
/home/maja/Studia/Magisterskie/Islands/islandsEA_student_fork/more_local_matrix_computation/results/continous_fixed_toplogies/more_local_40bench_continuous_fixed_v1/j0233_more_continuous_c20_hybrid4_torus_12_random_r1,/home/maja/Studia/Magisterskie/Islands/islandsEA_student_fork/more_local_matrix_computation/results/continous_fixed_toplogies/more_local_40bench_continuous_fixed_v1/j0233_more_continuous_c20_hybrid4_torus_12_random_r1/summary.csv,more_continuous_c20_hybrid4_torus_12_random_r1,continous_fixed_toplogies,more_local_40bench_continuous_fixed_v1,continuous,233,1,/home/maja/Studia/Magisterskie/Islands/islandsEA_student_fork/islands_desync/logs/more_local_40bench_continuous_fixed_v1/c20_30/j0233 12rt-co20ilu2,c20_hybrid4,30,1000,16,4,12,torus,random,plain,20,2,12,81917.26263048797,98144.54591328325,99976.51189606694,104706.02360009117,6015.397169961271,-1831.9659827836877,0,,10,1,98144.54591328325,81917.26263048797,12,1,246,322295888735693.06,81917.26263048797,322295888653775.8,,,,322295888735693.06,81917.26263048797,322295888653775.8,20.0,1000.0,3758042475531172.5,3834737219929.768,772803854.8794451,127842.22551163528,102663.85642448823,81917.26263048797,996.0,32.0,32.0,32.0,40.0,48,24,0.18181818181818182,4,4,4.0,4,4,4.0,1,12
/home/maja/Studia/Magisterskie/Islands/islandsEA_student_fork/more_local_matrix_computation/results/continous_fixed_toplogies/more_local_40bench_continuous_fixed_v1/j0234_more_continuous_c20_hybrid4_torus_12_best_r1,/home/maja/Studia/Magisterskie/Islands/islandsEA_student_fork/more_local_matrix_computation/results/continous_fixed_toplogies/more_local_40bench_continuous_fixed_v1/j0234_more_continuous_c20_hybrid4_torus_12_best_r1/summary.csv,more_continuous_c20_hybrid4_torus_12_best_r1,continous_fixed_toplogies,more_local_40bench_continuous_fixed_v1,continuous,234,1,/home/maja/Studia/Magisterskie/Islands/islandsEA_student_fork/islands_desync/logs/more_local_40bench_continuous_fixed_v1/c20_30/j0234 12bt-co20ilu2,c20_hybrid4,30,1000,16,4,12,torus,best,plain,20,2,12,64766.31791044113,70702.27064466714,71304.42133543876,73061.03282982622,2162.7444971636132,-602.1506907716248,0,,6,1,70702.27064466714,64766.31791044113,12,1,246,392180330706627.44,64766.31791044113,392180330641861.1,,,,392180330706627.44,64766.31791044113,392180330641861.1,20.0,1000.0,4393598961499619.0,4483264246428.183,526990784.73247796,949953.8841865964,72053.82126435348,64766.31791044113,992.0,24.0,28.0,28.0,64.0,48,24,0.18181818181818182,4,4,4.0,4,4,4.0,1,12
/home/maja/Studia/Magisterskie/Islands/islandsEA_student_fork/more_local_matrix_computation/results/continous_fixed_toplogies/more_local_40bench_continuous_fixed_v1/j0235_more_continuous_c20_hybrid4_torus_12_worst_r1,/home/maja/Studia/Magisterskie/Islands/islandsEA_student_fork/more_local_matrix_computation/results/continous_fixed_toplogies/more_local_40bench_continuous_fixed_v1/j0235_more_continuous_c20_hybrid4_torus_12_worst_r1/summary.csv,more_continuous_c20_hybrid4_torus_12_worst_r1,continous_fixed_toplogies,more_local_40bench_continuous_fixed_v1,continuous,235,1,/home/maja/Studia/Magisterskie/Islands/islandsEA_student_fork/islands_desync/logs/more_local_40bench_continuous_fixed_v1/c20_30/j0235 12wt-co20ilu2,c20_hybrid4,30,1000,16,4,12,torus,worst,plain,20,2,12,88167.24853538832,107156.19951557305,108303.8692612311,125609.07785130551,12357.725981547319,-1147.6697456580441,0,,1,1,107156.19951557305,88167.24853538832,12,1,246,267745768016521.5,88167.24853538832,267745767928354.25,,,,267745768016521.5,88167.24853538832,267745767928354.25,20.0,1000.0,2213192899968700.8,2258360102008.8784,2445209832.6470094,135197.05549415224,98800.27511505169,88167.24853538832,996.0,24.0,24.0,24.0,52.0,48,24,0.18181818181818182,4,4,4.0,4,4,4.0,1,12
/home/maja/Studia/Magisterskie/Islands/islandsEA_student_fork/more_local_matrix_computation/results/continous_fixed_toplogies/more_local_40bench_continuous_fixed_v1/j0236_more_continuous_c20_hybrid4_torus_12_maxDistance_r1,/home/maja/Studia/Magisterskie/Islands/islandsEA_student_fork/more_local_matrix_computation/results/continous_fixed_toplogies/more_local_40bench_continuous_fixed_v1/j0236_more_continuous_c20_hybrid4_torus_12_maxDistance_r1/summary.csv,more_continuous_c20_hybrid4_torus_12_maxDistance_r1,continous_fixed_toplogies,more_local_40bench_continuous_fixed_v1,continuous,236,1,/home/maja/Studia/Magisterskie/Islands/islandsEA_student_fork/islands_desync/logs/more_local_40bench_continuous_fixed_v1/c20_30/j0236 12mt-co20ilu2,c20_hybrid4,30,1000,16,4,12,torus,maxDistance,plain,20,2,12,58196.73581853451,62303.319726197835,61201.419201279845,70053.03728791019,3267.498494947423,1101.90052491799,1,70053.0372879,3,1,62303.319726197835,58196.73581853451,12,1,246,469730885708293.5,58196.73581853451,469730885650096.75,,,,469730885708293.5,58196.73581853451,469730885650096.75,20.0,1000.0,1.0179999171280938e+16,10387754256409.121,2317737116.189927,233276.46817701805,67096.66871607934,58196.73581853451,1000.0,28.0,28.0,68.0,88.0,48,24,0.18181818181818182,4,4,4.0,4,4,4.0,1,12
/home/maja/Studia/Magisterskie/Islands/islandsEA_student_fork/more_local_matrix_computation/results/continous_fixed_toplogies/more_local_40bench_continuous_fixed_v1/j0237_more_continuous_c20_hybrid4_complete_12_random_r1,/home/maja/Studia/Magisterskie/Islands/islandsEA_student_fork/more_local_matrix_computation/results/continous_fixed_toplogies/more_local_40bench_continuous_fixed_v1/j0237_more_continuous_c20_hybrid4_complete_12_random_r1/summary.csv,more_continuous_c20_hybrid4_complete_12_random_r1,continous_fixed_toplogies,more_local_40bench_continuous_fixed_v1,continuous,237,1,/home/maja/Studia/Magisterskie/Islands/islandsEA_student_fork/islands_desync/logs/more_local_40bench_continuous_fixed_v1/c20_30/j0237 12rc-co20ilu2,c20_hybrid4,30,1000,16,4,12,complete,random,plain,20,2,12,45865.80364333875,49025.75932511502,47226.37484315819,62282.5331128643,4653.449590235463,1799.3844819568258,2,55250.429576;62282.5331129,9,1,49025.75932511502,45865.80364333875,12,1,246,1210009338504370.8,45865.80364333875,1210009338458505,,,,1210009338504370.8,45865.80364333875,1210009338458505.0,20.0,1000.0,8670405683319174.0,8847352738080.79,225872761.14340892,261703.82478683162,59688.31538647918,45865.80364333875,992.0,28.0,28.0,28.0,32.0,132,0,1.0,11,11,11.0,11,11,11.0,1,12
/home/maja/Studia/Magisterskie/Islands/islandsEA_student_fork/more_local_matrix_computation/results/continous_fixed_toplogies/more_local_40bench_continuous_fixed_v1/j0238_more_continuous_c20_hybrid4_complete_12_best_r1,/home/maja/Studia/Magisterskie/Islands/islandsEA_student_fork/more_local_matrix_computation/results/continous_fixed_toplogies/more_local_40bench_continuous_fixed_v1/j0238_more_continuous_c20_hybrid4_complete_12_best_r1/summary.csv,more_continuous_c20_hybrid4_complete_12_best_r1,continous_fixed_toplogies,more_local_40bench_continuous_fixed_v1,continuous,238,1,/home/maja/Studia/Magisterskie/Islands/islandsEA_student_fork/islands_desync/logs/more_local_40bench_continuous_fixed_v1/c20_30/j0238 12bc-co20ilu2,c20_hybrid4,30,1000,16,4,12,complete,best,plain,20,2,12,96990.2674588808,101164.75812377594,101333.64960574778,106568.20313757626,2653.2110478997697,-168.89148197183385,2,105806.762567;106568.203138,11,1,101164.75812377594,96990.2674588808,12,1,246,2349936529238617,96990.2674588808,2349936529141626.5,,,,2349936529238617.0,96990.2674588808,2349936529141626.5,20.0,1000.0,2.914154609441657e+16,29736271524914.867,1523548018.6331506,9407081.19370012,106190.49981278722,96990.2674588808,1000.0,28.0,28.0,40.0,48.0,132,0,1.0,11,11,11.0,11,11,11.0,1,12
/home/maja/Studia/Magisterskie/Islands/islandsEA_student_fork/more_local_matrix_computation/results/continous_fixed_toplogies/more_local_40bench_continuous_fixed_v1/j0239_more_continuous_c20_hybrid4_complete_12_worst_r1,/home/maja/Studia/Magisterskie/Islands/islandsEA_student_fork/more_local_matrix_computation/results/continous_fixed_toplogies/more_local_40bench_continuous_fixed_v1/j0239_more_continuous_c20_hybrid4_complete_12_worst_r1/summary.csv,more_continuous_c20_hybrid4_complete_12_worst_r1,continous_fixed_toplogies,more_local_40bench_continuous_fixed_v1,continuous,239,1,/home/maja/Studia/Magisterskie/Islands/islandsEA_student_fork/islands_desync/logs/more_local_40bench_continuous_fixed_v1/c20_30/j0239 12wc-co20ilu2,c20_hybrid4,30,1000,16,4,12,complete,worst,plain,20,2,12,139847.45486780442,175434.63535695322,152876.56925260814,354226.91133257095,56800.95666693416,22558.066104345082,2,209302.809927;354226.911333,11,1,175434.63535695322,139847.45486780442,12,1,246,387138089771052.75,139847.45486780442,387138089631205.3,,,,387138089771052.75,139847.45486780442,387138089631205.3,20.0,1000.0,1.413015477476016e+16,14418525280367.51,19505010389.42895,10721445.149013365,266402.32976283075,139847.45486780442,1000.0,48.0,48.0,72.0,72.0,132,0,1.0,11,11,11.0,11,11,11.0,1,12
/home/maja/Studia/Magisterskie/Islands/islandsEA_student_fork/more_local_matrix_computation/results/continous_fixed_toplogies/more_local_40bench_continuous_fixed_v1/j0240_more_continuous_c20_hybrid4_complete_12_maxDistance_r1,/home/maja/Studia/Magisterskie/Islands/islandsEA_student_fork/more_local_matrix_computation/results/continous_fixed_toplogies/more_local_40bench_continuous_fixed_v1/j0240_more_continuous_c20_hybrid4_complete_12_maxDistance_r1/summary.csv,more_continuous_c20_hybrid4_complete_12_maxDistance_r1,continous_fixed_toplogies,more_local_40bench_continuous_fixed_v1,continuous,240,1,/home/maja/Studia/Magisterskie/Islands/islandsEA_student_fork/islands_desync/logs/more_local_40bench_continuous_fixed_v1/c20_30/j0240 12mc-co20ilu2,c20_hybrid4,30,1000,16,4,12,complete,maxDistance,plain,20,2,12,28329.878033119778,29853.442358386073,29690.45748066523,32020.038787684836,1006.0078689543697,162.98487772084263,1,32020.0387877,5,1,29853.442358386073,28329.878033119778,12,1,246,147575824270807.47,28329.878033119778,147575824242477.6,,,,147575824270807.47,28329.878033119778,147575824242477.6,20.0,1000.0,2424309669030781.5,2473785376562.022,100339375.49623515,88020.78679924631,33264.88384810167,28329.878033119778,992.0,24.0,40.0,52.0,52.0,132,0,1.0,11,11,11.0,11,11,11.0,1,12
/home/maja/Studia/Magisterskie/Islands/islandsEA_student_fork/more_local_matrix_computation/results/continous_fixed_toplogies/more_local_40bench_continuous_fixed_v1/j0241_more_continuous_c21_hybrid5_ring_12_random_r1,/home/maja/Studia/Magisterskie/Islands/islandsEA_student_fork/more_local_matrix_computation/results/continous_fixed_toplogies/more_local_40bench_continuous_fixed_v1/j0241_more_continuous_c21_hybrid5_ring_12_random_r1/summary.csv,more_continuous_c21_hybrid5_ring_12_random_r1,continous_fixed_toplogies,more_local_40bench_continuous_fixed_v1,continuous,241,1,/home/maja/Studia/Magisterskie/Islands/islandsEA_student_fork/islands_desync/logs/more_local_40bench_continuous_fixed_v1/c21_30/j0241 12rr-co20ilu2,c21_hybrid5,30,1000,16,4,12,ring,random,plain,20,2,12,1352671.8196400928,2279372.363045367,1427402.6625124938,10024976.237479588,2371598.52191888,851969.7005328732,2,2924180.20819;10024976.2375,6,1,2279372.363045367,1352671.8196400928,12,1,246,1097389664.2481093,1352671.8196400928,1096036992.4284692,,,,1097389664.2481093,1352671.8196400928,1096036992.4284692,20.0,1000.0,43025802804.13252,43903880.41238012,21989324.985734712,2547808.72866947,1500281.8031019135,1352671.8196400928,992.0,28.0,52.0,72.0,108.0,24,12,0.09090909090909091,2,2,2.0,2,2,2.0,1,12
/home/maja/Studia/Magisterskie/Islands/islandsEA_student_fork/more_local_matrix_computation/results/continous_fixed_toplogies/more_local_40bench_continuous_fixed_v1/j0242_more_continuous_c21_hybrid5_ring_12_best_r1,/home/maja/Studia/Magisterskie/Islands/islandsEA_student_fork/more_local_matrix_computation/results/continous_fixed_toplogies/more_local_40bench_continuous_fixed_v1/j0242_more_continuous_c21_hybrid5_ring_12_best_r1/summary.csv,more_continuous_c21_hybrid5_ring_12_best_r1,continous_fixed_toplogies,more_local_40bench_continuous_fixed_v1,continuous,242,1,/home/maja/Studia/Magisterskie/Islands/islandsEA_student_fork/islands_desync/logs/more_local_40bench_continuous_fixed_v1/c21_30/j0242 12br-co20ilu2,c21_hybrid5,30,1000,16,4,12,ring,best,plain,20,2,12,1578425.2922636578,53045146.927409016,1708241.078456927,615677974.0305462,169640557.60974586,51336905.848952085,1,615677974.031,4,1,53045146.927409016,1578425.2922636578,12,1,246,1978148491.8147385,1578425.2922636578,1976570066.5224748,,,,1978148491.8147385,1578425.2922636578,1976570066.5224748,20.0,1000.0,53056927542.022995,54139721.98165612,22722422.1031776,4855722.348842172,2044518.4957189634,1578425.2922636578,964.0,32.0,36.0,36.0,84.0,24,12,0.09090909090909091,2,2,2.0,2,2,2.0,1,12
/home/maja/Studia/Magisterskie/Islands/islandsEA_student_fork/more_local_matrix_computation/results/continous_fixed_toplogies/more_local_40bench_continuous_fixed_v1/j0243_more_continuous_c21_hybrid5_ring_12_worst_r1,/home/maja/Studia/Magisterskie/Islands/islandsEA_student_fork/more_local_matrix_computation/results/continous_fixed_toplogies/more_local_40bench_continuous_fixed_v1/j0243_more_continuous_c21_hybrid5_ring_12_worst_r1/summary.csv,more_continuous_c21_hybrid5_ring_12_worst_r1,continous_fixed_toplogies,more_local_40bench_continuous_fixed_v1,continuous,243,1,/home/maja/Studia/Magisterskie/Islands/islandsEA_student_fork/islands_desync/logs/more_local_40bench_continuous_fixed_v1/c21_30/j0243 12wr-co20ilu2,c21_hybrid5,30,1000,16,4,12,ring,worst,plain,20,2,12,2889231.2327876724,16077338.427524677,6150135.862305671,54931927.5515278,18594219.370075677,9927202.565219006,3,42010515.1049;46628400.1044;54931927.5515,2,1,16077338.427524677,2889231.2327876724,12,1,246,2843120636.448081,2889231.2327876724,2840231405.2152934,,,,2843120636.448081,2889231.2327876724,2840231405.2152934,20.0,1000.0,83615335759.2809,85321771.1829397,72507795.39005402,23751887.387717143,8791989.009432424,2889231.2327876724,992.0,24.0,24.0,52.0,72.0,24,12,0.09090909090909091,2,2,2.0,2,2,2.0,1,12
/home/maja/Studia/Magisterskie/Islands/islandsEA_student_fork/more_local_matrix_computation/results/continous_fixed_toplogies/more_local_40bench_continuous_fixed_v1/j0244_more_continuous_c21_hybrid5_ring_12_maxDistance_r1,/home/maja/Studia/Magisterskie/Islands/islandsEA_student_fork/more_local_matrix_computation/results/continous_fixed_toplogies/more_local_40bench_continuous_fixed_v1/j0244_more_continuous_c21_hybrid5_ring_12_maxDistance_r1/summary.csv,more_continuous_c21_hybrid5_ring_12_maxDistance_r1,continous_fixed_toplogies,more_local_40bench_continuous_fixed_v1,continuous,244,1,/home/maja/Studia/Magisterskie/Islands/islandsEA_student_fork/islands_desync/logs/more_local_40bench_continuous_fixed_v1/c21_30/j0244 12mr-co20ilu2,c21_hybrid5,30,1000,16,4,12,ring,maxDistance,plain,20,2,12,3089192.870946473,14916407.669798022,7139700.701695019,72864189.81625053,19026800.830561504,7776706.968103003,3,26250817.7839;25510105.185;72864189.8163,0,1,14916407.669798022,3089192.870946473,12,1,246,779041378.4418771,3089192.870946473,775952185.5709306,,,,779041378.4418771,3089192.870946473,775952185.5709306,20.0,1000.0,86472521871.13188,88237267.21544069,97111262.92238082,19492356.633229963,6651594.451203177,3089192.870946473,996.0,56.0,88.0,156.0,296.0,24,12,0.09090909090909091,2,2,2.0,2,2,2.0,1,12
/home/maja/Studia/Magisterskie/Islands/islandsEA_student_fork/more_local_matrix_computation/results/continous_fixed_toplogies/more_local_40bench_continuous_fixed_v1/j0245_more_continuous_c21_hybrid5_torus_12_random_r1,/home/maja/Studia/Magisterskie/Islands/islandsEA_student_fork/more_local_matrix_computation/results/continous_fixed_toplogies/more_local_40bench_continuous_fixed_v1/j0245_more_continuous_c21_hybrid5_torus_12_random_r1/summary.csv,more_continuous_c21_hybrid5_torus_12_random_r1,continous_fixed_toplogies,more_local_40bench_continuous_fixed_v1,continuous,245,1,/home/maja/Studia/Magisterskie/Islands/islandsEA_student_fork/islands_desync/logs/more_local_40bench_continuous_fixed_v1/c21_30/j0245 12rt-co20ilu2,c21_hybrid5,30,1000,16,4,12,torus,random,plain,20,2,12,1081365.9147161755,1629954.3770751564,1157669.6652199822,6022382.83357127,1337350.634132143,472284.7118551743,2,1687618.10046;6022382.83357,11,1,1629954.3770751564,1081365.9147161755,12,1,246,686172584.7130779,1081365.9147161755,685091218.7983618,,,,686172584.7130779,1081365.9147161755,685091218.7983618,20.0,1000.0,45874609366.55955,46810825.884244435,36876874.03707777,11791810.684857816,2176737.2265374674,1081365.9147161755,984.0,36.0,36.0,104.0,204.0,48,24,0.18181818181818182,4,4,4.0,4,4,4.0,1,12
/home/maja/Studia/Magisterskie/Islands/islandsEA_student_fork/more_local_matrix_computation/results/continous_fixed_toplogies/more_local_40bench_continuous_fixed_v1/j0246_more_continuous_c21_hybrid5_torus_12_best_r1,/home/maja/Studia/Magisterskie/Islands/islandsEA_student_fork/more_local_matrix_computation/results/continous_fixed_toplogies/more_local_40bench_continuous_fixed_v1/j0246_more_continuous_c21_hybrid5_torus_12_best_r1/summary.csv,more_continuous_c21_hybrid5_torus_12_best_r1,continous_fixed_toplogies,more_local_40bench_continuous_fixed_v1,continuous,246,1,/home/maja/Studia/Magisterskie/Islands/islandsEA_student_fork/islands_desync/logs/more_local_40bench_continuous_fixed_v1/c21_30/j0246 12bt-co20ilu2,c21_hybrid5,30,1000,16,4,12,torus,best,plain,20,2,12,4388451.436633891,4567936.822678427,4605249.413784057,4775402.972005315,107154.81992586135,-37312.59110562969,0,,1,1,4567936.822678427,4388451.436633891,12,1,246,932716549.7609115,4388451.436633891,928328098.3242775,,,,932716549.7609115,4388451.436633891,928328098.3242775,20.0,1000.0,38027267102.25965,38803333.77781597,9005349.924249848,5502854.430595809,4861382.56539454,4388451.436633891,1000.0,32.0,48.0,48.0,124.0,48,24,0.18181818181818182,4,4,4.0,4,4,4.0,1,12
/home/maja/Studia/Magisterskie/Islands/islandsEA_student_fork/more_local_matrix_computation/results/continous_fixed_toplogies/more_local_40bench_continuous_fixed_v1/j0247_more_continuous_c21_hybrid5_torus_12_worst_r1,/home/maja/Studia/Magisterskie/Islands/islandsEA_student_fork/more_local_matrix_computation/results/continous_fixed_toplogies/more_local_40bench_continuous_fixed_v1/j0247_more_continuous_c21_hybrid5_torus_12_worst_r1/summary.csv,more_continuous_c21_hybrid5_torus_12_worst_r1,continous_fixed_toplogies,more_local_40bench_continuous_fixed_v1,continuous,247,1,/home/maja/Studia/Magisterskie/Islands/islandsEA_student_fork/islands_desync/logs/more_local_40bench_continuous_fixed_v1/c21_30/j0247 12wt-co20ilu2,c21_hybrid5,30,1000,16,4,12,torus,worst,plain,20,2,12,837175.0681807287,1052035.3819603105,1037618.5397866215,1533924.2281303029,184355.40141914756,14416.842173689045,1,1533924.22813,10,1,1052035.3819603105,837175.0681807287,12,1,246,1510399182.1559155,837175.0681807287,1509562007.0877347,,,,1510399182.1559155,837175.0681807287,1509562007.0877347,20.0,1000.0,71139361532.83711,72591185.2375889,57398717.65401042,6337226.282340126,1372800.3469689859,837175.0681807287,980.0,44.0,52.0,52.0,136.0,48,24,0.18181818181818182,4,4,4.0,4,4,4.0,1,12
/home/maja/Studia/Magisterskie/Islands/islandsEA_student_fork/more_local_matrix_computation/results/continous_fixed_toplogies/more_local_40bench_continuous_fixed_v1/j0248_more_continuous_c21_hybrid5_torus_12_maxDistance_r1,/home/maja/Studia/Magisterskie/Islands/islandsEA_student_fork/more_local_matrix_computation/results/continous_fixed_toplogies/more_local_40bench_continuous_fixed_v1/j0248_more_continuous_c21_hybrid5_torus_12_maxDistance_r1/summary.csv,more_continuous_c21_hybrid5_torus_12_maxDistance_r1,continous_fixed_toplogies,more_local_40bench_continuous_fixed_v1,continuous,248,1,/home/maja/Studia/Magisterskie/Islands/islandsEA_student_fork/islands_desync/logs/more_local_40bench_continuous_fixed_v1/c21_30/j0248 12mt-co20ilu2,c21_hybrid5,30,1000,16,4,12,torus,maxDistance,plain,20,2,12,9111046.491509348,9873036.648501089,9373912.993845368,11170595.652030958,735405.8900202657,499123.65465572104,0,,5,1,9873036.648501089,9111046.491509348,12,1,246,1935608568.9708042,9111046.491509348,1926497522.4792948,,,,1935608568.9708042,9111046.491509348,1926497522.4792948,20.0,1000.0,87198453986.15355,88978014.27158526,51359637.0581235,13518480.869001506,10180759.739019804,9111046.491509348,1000.0,40.0,48.0,64.0,76.0,48,24,0.18181818181818182,4,4,4.0,4,4,4.0,1,12
/home/maja/Studia/Magisterskie/Islands/islandsEA_student_fork/more_local_matrix_computation/results/continous_fixed_toplogies/more_local_40bench_continuous_fixed_v1/j0249_more_continuous_c21_hybrid5_complete_12_random_r1,/home/maja/Studia/Magisterskie/Islands/islandsEA_student_fork/more_local_matrix_computation/results/continous_fixed_toplogies/more_local_40bench_continuous_fixed_v1/j0249_more_continuous_c21_hybrid5_complete_12_random_r1/summary.csv,more_continuous_c21_hybrid5_complete_12_random_r1,continous_fixed_toplogies,more_local_40bench_continuous_fixed_v1,continuous,249,1,/home/maja/Studia/Magisterskie/Islands/islandsEA_student_fork/islands_desync/logs/more_local_40bench_continuous_fixed_v1/c21_30/j0249 12rc-co20ilu2,c21_hybrid5,30,1000,16,4,12,complete,random,plain,20,2,12,809259.8967035678,871817.3634706137,875280.7852496346,927687.5233975542,34544.37897650288,-3463.4217790209223,1,927687.523398,1,1,871817.3634706137,809259.8967035678,12,1,246,1913873394.4936242,809259.8967035678,1913064134.5969207,,,,1913873394.4936242,809259.8967035678,1913064134.5969207,20.0,1000.0,21758366369.713936,22202414.662973404,7909451.016489896,1531476.1457720732,927686.4203716923,809259.8967035678,988.0,24.0,24.0,24.0,44.0,132,0,1.0,11,11,11.0,11,11,11.0,1,12
/home/maja/Studia/Magisterskie/Islands/islandsEA_student_fork/more_local_matrix_computation/results/continous_fixed_toplogies/more_local_40bench_continuous_fixed_v1/j0250_more_continuous_c21_hybrid5_complete_12_best_r1,/home/maja/Studia/Magisterskie/Islands/islandsEA_student_fork/more_local_matrix_computation/results/continous_fixed_toplogies/more_local_40bench_continuous_fixed_v1/j0250_more_continuous_c21_hybrid5_complete_12_best_r1/summary.csv,more_continuous_c21_hybrid5_complete_12_best_r1,continous_fixed_toplogies,more_local_40bench_continuous_fixed_v1,continuous,250,1,/home/maja/Studia/Magisterskie/Islands/islandsEA_student_fork/islands_desync/logs/more_local_40bench_continuous_fixed_v1/c21_30/j0250 12bc-co20ilu2,c21_hybrid5,30,1000,16,4,12,complete,best,plain,20,2,12,13000245.323895887,13597336.981090998,13592103.940970639,14277911.89254463,417623.80341822543,5233.04012035951,0,,1,1,13597336.981090998,13000245.323895887,12,1,246,1696847519.4344828,13000245.323895887,1683847274.110587,,,,1696847519.4344828,13000245.323895887,1683847274.110587,20.0,1000.0,75503734325.30412,77044626.86255522,35875882.20167567,18211280.642038964,15231497.118854703,13000245.323895887,996.0,32.0,44.0,56.0,132.0,132,0,1.0,11,11,11.0,11,11,11.0,1,12
/home/maja/Studia/Magisterskie/Islands/islandsEA_student_fork/more_local_matrix_computation/results/continous_fixed_toplogies/more_local_40bench_continuous_fixed_v1/j0251_more_continuous_c21_hybrid5_complete_12_worst_r1,/home/maja/Studia/Magisterskie/Islands/islandsEA_student_fork/more_local_matrix_computation/results/continous_fixed_toplogies/more_local_40bench_continuous_fixed_v1/j0251_more_continuous_c21_hybrid5_complete_12_worst_r1/summary.csv,more_continuous_c21_hybrid5_complete_12_worst_r1,continous_fixed_toplogies,more_local_40bench_continuous_fixed_v1,continuous,251,1,/home/maja/Studia/Magisterskie/Islands/islandsEA_student_fork/islands_desync/logs/more_local_40bench_continuous_fixed_v1/c21_30/j0251 12wc-co20ilu2,c21_hybrid5,30,1000,16,4,12,complete,worst,plain,20,2,12,1773095.7588049932,1915643.9163484273,1919957.5817876325,2003145.865265809,52120.81475944013,-4313.665439205244,0,,3,1,1915643.9163484273,1773095.7588049932,12,1,246,1263747302.2025404,1773095.7588049932,1261974206.4437354,,,,1263747302.2025404,1773095.7588049932,1261974206.4437354,20.0,1000.0,48454465611.535515,49443332.256668895,19423970.796855155,3324890.870064669,2005521.1467183195,1773095.7588049932,992.0,40.0,40.0,52.0,112.0,132,0,1.0,11,11,11.0,11,11,11.0,1,12
/home/maja/Studia/Magisterskie/Islands/islandsEA_student_fork/more_local_matrix_computation/results/continous_fixed_toplogies/more_local_40bench_continuous_fixed_v1/j0252_more_continuous_c21_hybrid5_complete_12_maxDistance_r1,/home/maja/Studia/Magisterskie/Islands/islandsEA_student_fork/more_local_matrix_computation/results/continous_fixed_toplogies/more_local_40bench_continuous_fixed_v1/j0252_more_continuous_c21_hybrid5_complete_12_maxDistance_r1/summary.csv,more_continuous_c21_hybrid5_complete_12_maxDistance_r1,continous_fixed_toplogies,more_local_40bench_continuous_fixed_v1,continuous,252,1,/home/maja/Studia/Magisterskie/Islands/islandsEA_student_fork/islands_desync/logs/more_local_40bench_continuous_fixed_v1/c21_30/j0252 12mc-co20ilu2,c21_hybrid5,30,1000,16,4,12,complete,maxDistance,plain,20,2,12,828286.0367680197,832661.9934889144,833222.9911363863,835781.140891336,2011.8591907599493,-560.9976474718424,1,835781.140891,7,1,832661.9934889144,828286.0367680197,12,1,246,3081352873.1524806,828286.0367680197,3080524587.1157126,,,,3081352873.1524806,828286.0367680197,3080524587.1157126,20.0,1000.0,84917777422.50238,86650793.28826773,12759509.310685787,1457235.941709249,842416.3639559386,828286.0367680197,996.0,28.0,32.0,52.0,96.0,132,0,1.0,11,11,11.0,11,11,11.0,1,12
/home/maja/Studia/Magisterskie/Islands/islandsEA_student_fork/more_local_matrix_computation/results/continous_fixed_toplogies/more_local_40bench_continuous_fixed_v1/j0253_more_continuous_c22_hybrid6_ring_12_random_r1,/home/maja/Studia/Magisterskie/Islands/islandsEA_student_fork/more_local_matrix_computation/results/continous_fixed_toplogies/more_local_40bench_continuous_fixed_v1/j0253_more_continuous_c22_hybrid6_ring_12_random_r1/summary.csv,more_continuous_c22_hybrid6_ring_12_random_r1,continous_fixed_toplogies,more_local_40bench_continuous_fixed_v1,continuous,253,1,/home/maja/Studia/Magisterskie/Islands/islandsEA_student_fork/islands_desync/logs/more_local_40bench_continuous_fixed_v1/c22_30/j0253 12rr-co20ilu2,c22_hybrid6,30,1000,16,4,12,ring,random,plain,20,2,12,5415.325918113277,77956319560.47401,6699.378448216203,935470377262.0364,258550216534.7183,77956312861.09557,3,4345782.78571;1053857.27194;935470377262,2,1,77956319560.47401,5415.325918113277,12,1,246,94631974890976.56,5415.325918113277,94631974885561.23,,,,94631974890976.56,5415.325918113277,94631974885561.23,20.0,1000.0,1370493418934197.0,1398462672381.8337,79768604.32785586,6903.5500156553,5974.227909074949,5415.325918113277,996.0,32.0,32.0,40.0,40.0,24,12,0.09090909090909091,2,2,2.0,2,2,2.0,1,12
/home/maja/Studia/Magisterskie/Islands/islandsEA_student_fork/more_local_matrix_computation/results/continous_fixed_toplogies/more_local_40bench_continuous_fixed_v1/j0254_more_continuous_c22_hybrid6_ring_12_best_r1,/home/maja/Studia/Magisterskie/Islands/islandsEA_student_fork/more_local_matrix_computation/results/continous_fixed_toplogies/more_local_40bench_continuous_fixed_v1/j0254_more_continuous_c22_hybrid6_ring_12_best_r1/summary.csv,more_continuous_c22_hybrid6_ring_12_best_r1,continous_fixed_toplogies,more_local_40bench_continuous_fixed_v1,continuous,254,1,/home/maja/Studia/Magisterskie/Islands/islandsEA_student_fork/islands_desync/logs/more_local_40bench_continuous_fixed_v1/c22_30/j0254 12br-co20ilu2,c22_hybrid6,30,1000,16,4,12,ring,best,plain,20,2,12,3657.684541677553,871025.9172796141,4867.747552549714,10134254.229247747,2793930.87041675,866158.1697270644,2,271101.158836;10134254.2292,2,1,871025.9172796141,3657.684541677553,12,1,246,167135772093.68652,3657.684541677553,167135768436.00198,,,,167135772093.68652,3657.684541677553,167135768436.00198,20.0,1000.0,7985138350565.384,8148100357.719779,6110475.369366502,6129.9130333496105,3968.979619672775,3657.684541677553,992.0,56.0,64.0,92.0,92.0,24,12,0.09090909090909091,2,2,2.0,2,2,2.0,1,12
/home/maja/Studia/Magisterskie/Islands/islandsEA_student_fork/more_local_matrix_computation/results/continous_fixed_toplogies/more_local_40bench_continuous_fixed_v1/j0255_more_continuous_c22_hybrid6_ring_12_worst_r1,/home/maja/Studia/Magisterskie/Islands/islandsEA_student_fork/more_local_matrix_computation/results/continous_fixed_toplogies/more_local_40bench_continuous_fixed_v1/j0255_more_continuous_c22_hybrid6_ring_12_worst_r1/summary.csv,more_continuous_c22_hybrid6_ring_12_worst_r1,continous_fixed_toplogies,more_local_40bench_continuous_fixed_v1,continuous,255,1,/home/maja/Studia/Magisterskie/Islands/islandsEA_student_fork/islands_desync/logs/more_local_40bench_continuous_fixed_v1/c22_30/j0255 12wr-co20ilu2,c22_hybrid6,30,1000,16,4,12,ring,worst,plain,20,2,12,3893.5770464991065,26499183752.29218,5825.76693986375,311473771427.15204,85939241119.97025,26499177926.525238,3,376996267.838;6088004216.38;311473771427,1,1,26499183752.29218,3893.5770464991065,12,1,246,244325625117575.28,3893.5770464991065,244325625113681.72,,,,244325625117575.28,3893.5770464991065,244325625113681.72,20.0,1000.0,2502983919360698.0,2554065223837.447,53529106804.443726,67527008.69194,4711.43526174639,3893.5770464991065,1000.0,24.0,24.0,40.0,44.0,24,12,0.09090909090909091,2,2,2.0,2,2,2.0,1,12
/home/maja/Studia/Magisterskie/Islands/islandsEA_student_fork/more_local_matrix_computation/results/continous_fixed_toplogies/more_local_40bench_continuous_fixed_v1/j0256_more_continuous_c22_hybrid6_ring_12_maxDistance_r1,/home/maja/Studia/Magisterskie/Islands/islandsEA_student_fork/more_local_matrix_computation/results/continous_fixed_toplogies/more_local_40bench_continuous_fixed_v1/j0256_more_continuous_c22_hybrid6_ring_12_maxDistance_r1/summary.csv,more_continuous_c22_hybrid6_ring_12_maxDistance_r1,continous_fixed_toplogies,more_local_40bench_continuous_fixed_v1,continuous,256,1,/home/maja/Studia/Magisterskie/Islands/islandsEA_student_fork/islands_desync/logs/more_local_40bench_continuous_fixed_v1/c22_30/j0256 12mr-co20ilu2,c22_hybrid6,30,1000,16,4,12,ring,maxDistance,plain,20,2,12,2884.767966671197,36809455781.71543,3696.7589763897067,441713428746.9032,122083141313.61221,36809452084.95645,1,441713428747,3,1,36809455781.71543,2884.767966671197,12,1,246,1640595810588.7468,2884.767966671197,1640595807703.9788,,,,1640595810588.7468,2884.767966671197,1640595807703.9788,20.0,1000.0,45731519275132.56,46664815586.869965,198341388.0965317,5562.043911842413,3129.574431752659,2884.767966671197,996.0,32.0,32.0,92.0,92.0,24,12,0.09090909090909091,2,2,2.0,2,2,2.0,1,12
/home/maja/Studia/Magisterskie/Islands/islandsEA_student_fork/more_local_matrix_computation/results/continous_fixed_toplogies/more_local_40bench_continuous_fixed_v1/j0257_more_continuous_c22_hybrid6_torus_12_random_r1,/home/maja/Studia/Magisterskie/Islands/islandsEA_student_fork/more_local_matrix_computation/results/continous_fixed_toplogies/more_local_40bench_continuous_fixed_v1/j0257_more_continuous_c22_hybrid6_torus_12_random_r1/summary.csv,more_continuous_c22_hybrid6_torus_12_random_r1,continous_fixed_toplogies,more_local_40bench_continuous_fixed_v1,continuous,257,1,/home/maja/Studia/Magisterskie/Islands/islandsEA_student_fork/islands_desync/logs/more_local_40bench_continuous_fixed_v1/c22_30/j0257 12rt-co20ilu2,c22_hybrid6,30,1000,16,4,12,torus,random,plain,20,2,12,2712.453396894423,2956.2093602017817,2984.6567010131193,3147.437290317905,138.83349080176876,-28.447340811337654,0,,11,1,2956.2093602017817,2712.453396894423,12,1,246,12193401547883.156,2712.453396894423,12193401545170.703,,,,12193401547883.156,2712.453396894423,12193401545170.703,20.0,1000.0,181466498374359.4,185169896300.36673,663517.2194443849,3942.3775633869727,2900.3354345483453,2712.453396894423,996.0,36.0,36.0,36.0,40.0,48,24,0.18181818181818182,4,4,4.0,4,4,4.0,1,12
/home/maja/Studia/Magisterskie/Islands/islandsEA_student_fork/more_local_matrix_computation/results/continous_fixed_toplogies/more_local_40bench_continuous_fixed_v1/j0258_more_continuous_c22_hybrid6_torus_12_best_r1,/home/maja/Studia/Magisterskie/Islands/islandsEA_student_fork/more_local_matrix_computation/results/continous_fixed_toplogies/more_local_40bench_continuous_fixed_v1/j0258_more_continuous_c22_hybrid6_torus_12_best_r1/summary.csv,more_continuous_c22_hybrid6_torus_12_best_r1,continous_fixed_toplogies,more_local_40bench_continuous_fixed_v1,continuous,258,1,/home/maja/Studia/Magisterskie/Islands/islandsEA_student_fork/islands_desync/logs/more_local_40bench_continuous_fixed_v1/c22_30/j0258 12bt-co20ilu2,c22_hybrid6,30,1000,16,4,12,torus,best,plain,20,2,12,2635.498297022177,2791.6764278721103,2796.786362244462,2896.5675902620555,59.494258954893624,-5.109934372351745,1,2896.56759026,9,1,2791.6764278721103,2635.498297022177,12,1,246,9267224560307.14,2635.498297022177,9267224557671.643,,,,9267224560307.14,2635.498297022177,9267224557671.643,20.0,1000.0,179913462185891.12,183585165495.80728,5938.950090413322,3084.348049470811,2758.6105091912086,2635.498297022177,996.0,28.0,40.0,52.0,52.0,48,24,0.18181818181818182,4,4,4.0,4,4,4.0,1,12
/home/maja/Studia/Magisterskie/Islands/islandsEA_student_fork/more_local_matrix_computation/results/continous_fixed_toplogies/more_local_40bench_continuous_fixed_v1/j0259_more_continuous_c22_hybrid6_torus_12_worst_r1,/home/maja/Studia/Magisterskie/Islands/islandsEA_student_fork/more_local_matrix_computation/results/continous_fixed_toplogies/more_local_40bench_continuous_fixed_v1/j0259_more_continuous_c22_hybrid6_torus_12_worst_r1/summary.csv,more_continuous_c22_hybrid6_torus_12_worst_r1,continous_fixed_toplogies,more_local_40bench_continuous_fixed_v1,continuous,259,1,/home/maja/Studia/Magisterskie/Islands/islandsEA_student_fork/islands_desync/logs/more_local_40bench_continuous_fixed_v1/c22_30/j0259 12wt-co20ilu2,c22_hybrid6,30,1000,16,4,12,torus,worst,plain,20,2,12,2988.570973062387,3348.4009840520457,3395.9291245486966,3623.6091748272765,213.51923589294375,-47.52814049665085,0,,3,1,3348.4009840520457,2988.570973062387,12,1,246,18688695588475.754,2988.570973062387,18688695585487.184,,,,18688695588475.754,2988.570973062387,18688695585487.184,20.0,1000.0,419421839562146.5,427981468940.9658,1514102324.7051046,328194.26675112813,3748.714828100794,2988.570973062387,1000.0,28.0,32.0,60.0,84.0,48,24,0.18181818181818182,4,4,4.0,4,4,4.0,1,12
/home/maja/Studia/Magisterskie/Islands/islandsEA_student_fork/more_local_matrix_computation/results/continous_fixed_toplogies/more_local_40bench_continuous_fixed_v1/j0260_more_continuous_c22_hybrid6_torus_12_maxDistance_r1,/home/maja/Studia/Magisterskie/Islands/islandsEA_student_fork/more_local_matrix_computation/results/continous_fixed_toplogies/more_local_40bench_continuous_fixed_v1/j0260_more_continuous_c22_hybrid6_torus_12_maxDistance_r1/summary.csv,more_continuous_c22_hybrid6_torus_12_maxDistance_r1,continous_fixed_toplogies,more_local_40bench_continuous_fixed_v1,continuous,260,1,/home/maja/Studia/Magisterskie/Islands/islandsEA_student_fork/islands_desync/logs/more_local_40bench_continuous_fixed_v1/c22_30/j0260 12mt-co20ilu2,c22_hybrid6,30,1000,16,4,12,torus,maxDistance,plain,20,2,12,3061.995843094929,3240.188328135031,3214.97073883168,3473.5102426939034,120.61844316133988,25.217589303350906,0,,5,1,3240.188328135031,3061.995843094929,12,1,246,6437814299096.462,3061.995843094929,6437814296034.466,,,,6437814299096.462,3061.995843094929,6437814296034.466,20.0,1000.0,105607660823360.69,107762919207.51091,3777930.363452933,4013.377422411154,3419.012008216124,3061.995843094929,980.0,36.0,36.0,36.0,48.0,48,24,0.18181818181818182,4,4,4.0,4,4,4.0,1,12
/home/maja/Studia/Magisterskie/Islands/islandsEA_student_fork/more_local_matrix_computation/results/continous_fixed_toplogies/more_local_40bench_continuous_fixed_v1/j0261_more_continuous_c22_hybrid6_complete_12_random_r1,/home/maja/Studia/Magisterskie/Islands/islandsEA_student_fork/more_local_matrix_computation/results/continous_fixed_toplogies/more_local_40bench_continuous_fixed_v1/j0261_more_continuous_c22_hybrid6_complete_12_random_r1/summary.csv,more_continuous_c22_hybrid6_complete_12_random_r1,continous_fixed_toplogies,more_local_40bench_continuous_fixed_v1,continuous,261,1,/home/maja/Studia/Magisterskie/Islands/islandsEA_student_fork/islands_desync/logs/more_local_40bench_continuous_fixed_v1/c22_30/j0261 12rc-co20ilu2,c22_hybrid6,30,1000,16,4,12,complete,random,plain,20,2,12,2372.6951983361632,2462.989117817886,2448.2903917705007,2556.0040611542345,52.52808869182856,14.698726047385207,1,2556.00406115,2,1,2462.989117817886,2372.6951983361632,12,1,246,425281370824.21936,2372.6951983361632,425281368451.5242,,,,425281370824.21936,2372.6951983361632,425281368451.5242,20.0,1000.0,15575574698196.85,15893443569.588621,4005.998526161723,2715.4005287111895,2471.1931014272423,2372.6951983361632,996.0,60.0,60.0,60.0,64.0,132,0,1.0,11,11,11.0,11,11,11.0,1,12
/home/maja/Studia/Magisterskie/Islands/islandsEA_student_fork/more_local_matrix_computation/results/continous_fixed_toplogies/more_local_40bench_continuous_fixed_v1/j0262_more_continuous_c22_hybrid6_complete_12_best_r1,/home/maja/Studia/Magisterskie/Islands/islandsEA_student_fork/more_local_matrix_computation/results/continous_fixed_toplogies/more_local_40bench_continuous_fixed_v1/j0262_more_continuous_c22_hybrid6_complete_12_best_r1/summary.csv,more_continuous_c22_hybrid6_complete_12_best_r1,continous_fixed_toplogies,more_local_40bench_continuous_fixed_v1,continuous,262,1,/home/maja/Studia/Magisterskie/Islands/islandsEA_student_fork/islands_desync/logs/more_local_40bench_continuous_fixed_v1/c22_30/j0262 12bc-co20ilu2,c22_hybrid6,30,1000,16,4,12,complete,best,plain,20,2,12,3340.3674446732975,3443.2203182503367,3436.4497447004487,3574.567145305045,72.84950338766402,6.770573549888013,0,,4,1,3443.2203182503367,3340.3674446732975,12,1,246,12085670166645.928,3340.3674446732975,12085670163305.56,,,,12085670166645.928,3340.3674446732975,12085670163305.56,20.0,1000.0,121882469145057.88,124369866474.54886,5168.293724584544,4308.678053095393,3708.3919183593594,3340.3674446732975,992.0,32.0,32.0,32.0,32.0,132,0,1.0,11,11,11.0,11,11,11.0,1,12
/home/maja/Studia/Magisterskie/Islands/islandsEA_student_fork/more_local_matrix_computation/results/continous_fixed_toplogies/more_local_40bench_continuous_fixed_v1/j0263_more_continuous_c22_hybrid6_complete_12_worst_r1,/home/maja/Studia/Magisterskie/Islands/islandsEA_student_fork/more_local_matrix_computation/results/continous_fixed_toplogies/more_local_40bench_continuous_fixed_v1/j0263_more_continuous_c22_hybrid6_complete_12_worst_r1/summary.csv,more_continuous_c22_hybrid6_complete_12_worst_r1,continous_fixed_toplogies,more_local_40bench_continuous_fixed_v1,continuous,263,1,/home/maja/Studia/Magisterskie/Islands/islandsEA_student_fork/islands_desync/logs/more_local_40bench_continuous_fixed_v1/c22_30/j0263 12wc-co20ilu2,c22_hybrid6,30,1000,16,4,12,complete,worst,plain,20,2,12,2328.0770701671704,2447.5654981310445,2449.3648284734,2527.195839506217,51.19532051851946,-1.7993303423554607,0,,1,1,2447.5654981310445,2328.0770701671704,12,1,246,878552084747.0627,2328.0770701671704,878552082418.9857,,,,878552084747.0627,2328.0770701671704,878552082418.9857,20.0,1000.0,24942195367036.273,25451219762.28191,59251414.299395576,3303.3691151892835,2433.0269306509153,2328.0770701671704,992.0,28.0,28.0,52.0,120.0,132,0,1.0,11,11,11.0,11,11,11.0,1,12
/home/maja/Studia/Magisterskie/Islands/islandsEA_student_fork/more_local_matrix_computation/results/continous_fixed_toplogies/more_local_40bench_continuous_fixed_v1/j0264_more_continuous_c22_hybrid6_complete_12_maxDistance_r1,/home/maja/Studia/Magisterskie/Islands/islandsEA_student_fork/more_local_matrix_computation/results/continous_fixed_toplogies/more_local_40bench_continuous_fixed_v1/j0264_more_continuous_c22_hybrid6_complete_12_maxDistance_r1/summary.csv,more_continuous_c22_hybrid6_complete_12_maxDistance_r1,continous_fixed_toplogies,more_local_40bench_continuous_fixed_v1,continuous,264,1,/home/maja/Studia/Magisterskie/Islands/islandsEA_student_fork/islands_desync/logs/more_local_40bench_continuous_fixed_v1/c22_30/j0264 12mc-co20ilu2,c22_hybrid6,30,1000,16,4,12,complete,maxDistance,plain,20,2,12,2500.6454024598033,2542.60230085731,2547.587872950852,2591.276918290385,27.410746279222323,-4.985572093542032,0,,6,1,2542.60230085731,2500.6454024598033,12,1,246,463906585171414.44,2500.6454024598033,463906585168913.8,,,,463906585171414.44,2500.6454024598033,463906585168913.8,20.0,1000.0,2284196657640131.0,2330812915959.3174,72562.7571935688,3696.7164967343733,2714.0834722628742,2500.6454024598033,996.0,24.0,28.0,28.0,28.0,132,0,1.0,11,11,11.0,11,11,11.0,1,12
/home/maja/Studia/Magisterskie/Islands/islandsEA_student_fork/more_local_matrix_computation/results/continous_fixed_toplogies/more_local_40bench_continuous_fixed_v1/j0265_more_continuous_c23_composition1_ring_12_random_r1,/home/maja/Studia/Magisterskie/Islands/islandsEA_student_fork/more_local_matrix_computation/results/continous_fixed_toplogies/more_local_40bench_continuous_fixed_v1/j0265_more_continuous_c23_composition1_ring_12_random_r1/summary.csv,more_continuous_c23_composition1_ring_12_random_r1,continous_fixed_toplogies,more_local_40bench_continuous_fixed_v1,continuous,265,1,/home/maja/Studia/Magisterskie/Islands/islandsEA_student_fork/islands_desync/logs/more_local_40bench_continuous_fixed_v1/c23_30/j0265 12rr-co20ilu2,c23_composition1,30,1000,16,4,12,ring,random,plain,20,2,12,2656.722270655886,2709.7075914697,2689.0169101005104,2805.9648309481463,50.93727720535948,20.69068136918986,0,,1,1,2709.7075914697,2656.722270655886,12,1,246,3573.389795708988,2656.722270655886,916.667525053102,,,,3573.389795708988,2656.722270655886,916.667525053102,20.0,1000.0,2725988.624700955,2781.6210456132194,2783.939020731128,2718.4644772394463,2681.3408444411757,2656.722270655886,976.0,60.0,96.0,132.0,388.0,24,12,0.09090909090909091,2,2,2.0,2,2,2.0,1,12
/home/maja/Studia/Magisterskie/Islands/islandsEA_student_fork/more_local_matrix_computation/results/continous_fixed_toplogies/more_local_40bench_continuous_fixed_v1/j0266_more_continuous_c23_composition1_ring_12_best_r1,/home/maja/Studia/Magisterskie/Islands/islandsEA_student_fork/more_local_matrix_computation/results/continous_fixed_toplogies/more_local_40bench_continuous_fixed_v1/j0266_more_continuous_c23_composition1_ring_12_best_r1/summary.csv,more_continuous_c23_composition1_ring_12_best_r1,continous_fixed_toplogies,more_local_40bench_continuous_fixed_v1,continuous,266,1,/home/maja/Studia/Magisterskie/Islands/islandsEA_student_fork/islands_desync/logs/more_local_40bench_continuous_fixed_v1/c23_30/j0266 12br-co20ilu2,c23_composition1,30,1000,16,4,12,ring,best,plain,20,2,12,2635.55287564348,2668.424163283953,2665.8000652365663,2734.369133147594,31.27768301774867,2.624098047386724,0,,2,1,2668.424163283953,2635.55287564348,12,1,246,3203.426338364808,2635.55287564348,567.873462721328,,,,3203.426338364808,2635.55287564348,567.873462721328,20.0,1000.0,2661449.6486629094,2715.7649476152137,2704.1335187151935,2663.1486707134004,2648.7362892909505,2635.55287564348,992.0,60.0,112.0,164.0,280.0,24,12,0.09090909090909091,2,2,2.0,2,2,2.0,1,12
/home/maja/Studia/Magisterskie/Islands/islandsEA_student_fork/more_local_matrix_computation/results/continous_fixed_toplogies/more_local_40bench_continuous_fixed_v1/j0267_more_continuous_c23_composition1_ring_12_worst_r1,/home/maja/Studia/Magisterskie/Islands/islandsEA_student_fork/more_local_matrix_computation/results/continous_fixed_toplogies/more_local_40bench_continuous_fixed_v1/j0267_more_continuous_c23_composition1_ring_12_worst_r1/summary.csv,more_continuous_c23_composition1_ring_12_worst_r1,continous_fixed_toplogies,more_local_40bench_continuous_fixed_v1,continuous,267,1,/home/maja/Studia/Magisterskie/Islands/islandsEA_student_fork/islands_desync/logs/more_local_40bench_continuous_fixed_v1/c23_30/j0267 12wr-co20ilu2,c23_composition1,30,1000,16,4,12,ring,worst,plain,20,2,12,2649.7089750549594,2694.735147377967,2686.3512777601845,2779.0824422736177,43.20439138996695,8.383869617782693,0,,2,1,2694.735147377967,2649.7089750549594,12,1,246,3982.592538370556,2649.7089750549594,1332.8835633155968,,,,3982.592538370556,2649.7089750549594,1332.8835633155968,20.0,1000.0,2707929.3288851758,2763.193192739975,2777.6057777128485,2709.3514461516065,2673.409247337739,2649.7089750549594,1000.0,28.0,44.0,120.0,224.0,24,12,0.09090909090909091,2,2,2.0,2,2,2.0,1,12
/home/maja/Studia/Magisterskie/Islands/islandsEA_student_fork/more_local_matrix_computation/results/continous_fixed_toplogies/more_local_40bench_continuous_fixed_v1/j0268_more_continuous_c23_composition1_ring_12_maxDistance_r1,/home/maja/Studia/Magisterskie/Islands/islandsEA_student_fork/more_local_matrix_computation/results/continous_fixed_toplogies/more_local_40bench_continuous_fixed_v1/j0268_more_continuous_c23_composition1_ring_12_maxDistance_r1/summary.csv,more_continuous_c23_composition1_ring_12_maxDistance_r1,continous_fixed_toplogies,more_local_40bench_continuous_fixed_v1,continuous,268,1,/home/maja/Studia/Magisterskie/Islands/islandsEA_student_fork/islands_desync/logs/more_local_40bench_continuous_fixed_v1/c23_30/j0268 12mr-co20ilu2,c23_composition1,30,1000,16,4,12,ring,maxDistance,plain,20,2,12,2611.2910240349065,2641.465799867969,2625.6451910818428,2720.543035368545,30.97881805269731,15.820608786126286,1,2720.54303537,2,1,2641.465799867969,2611.2910240349065,12,1,246,3526.3153017008945,2611.2910240349065,915.0242776659879,,,,3526.3153017008945,2611.2910240349065,915.0242776659879,20.0,1000.0,2639503.9289506446,2693.371356072086,2705.0249510929925,2655.527250883615,2631.818890751584,2611.2910240349065,996.0,24.0,48.0,108.0,252.0,24,12,0.09090909090909091,2,2,2.0,2,2,2.0,1,12
/home/maja/Studia/Magisterskie/Islands/islandsEA_student_fork/more_local_matrix_computation/results/continous_fixed_toplogies/more_local_40bench_continuous_fixed_v1/j0269_more_continuous_c23_composition1_torus_12_random_r1,/home/maja/Studia/Magisterskie/Islands/islandsEA_student_fork/more_local_matrix_computation/results/continous_fixed_toplogies/more_local_40bench_continuous_fixed_v1/j0269_more_continuous_c23_composition1_torus_12_random_r1/summary.csv,more_continuous_c23_composition1_torus_12_random_r1,continous_fixed_toplogies,more_local_40bench_continuous_fixed_v1,continuous,269,1,/home/maja/Studia/Magisterskie/Islands/islandsEA_student_fork/islands_desync/logs/more_local_40bench_continuous_fixed_v1/c23_30/j0269 12rt-co20ilu2,c23_composition1,30,1000,16,4,12,torus,random,plain,20,2,12,2576.397392594548,2578.0310995688765,2577.800037037877,2581.893050465025,1.387235978797218,0.23106253099967944,1,2581.89305047,6,1,2578.0310995688765,2576.397392594548,12,1,246,3779.7164905869286,2576.397392594548,1203.3190979923806,,,,3779.7164905869286,2576.397392594548,1203.3190979923806,20.0,1000.0,2633062.859427046,2686.798836150047,2698.13656512724,2600.180166047805,2585.5655826344273,2576.397392594548,992.0,40.0,68.0,112.0,256.0,48,24,0.18181818181818182,4,4,4.0,4,4,4.0,1,12
/home/maja/Studia/Magisterskie/Islands/islandsEA_student_fork/more_local_matrix_computation/results/continous_fixed_toplogies/more_local_40bench_continuous_fixed_v1/j0270_more_continuous_c23_composition1_torus_12_best_r1,/home/maja/Studia/Magisterskie/Islands/islandsEA_student_fork/more_local_matrix_computation/results/continous_fixed_toplogies/more_local_40bench_continuous_fixed_v1/j0270_more_continuous_c23_composition1_torus_12_best_r1/summary.csv,more_continuous_c23_composition1_torus_12_best_r1,continous_fixed_toplogies,more_local_40bench_continuous_fixed_v1,continuous,270,1,/home/maja/Studia/Magisterskie/Islands/islandsEA_student_fork/islands_desync/logs/more_local_40bench_continuous_fixed_v1/c23_30/j0270 12bt-co20ilu2,c23_composition1,30,1000,16,4,12,torus,best,plain,20,2,12,2637.528827918742,2640.7558077981043,2640.5671951937857,2644.6394386400016,1.683600145933558,0.18861260431867777,1,2644.63943864,3,1,2640.7558077981043,2637.528827918742,12,1,246,3640.9953562025466,2637.528827918742,1003.4665282838046,,,,3640.9953562025466,2637.528827918742,1003.4665282838046,20.0,1000.0,2671255.4876660383,2725.770905781672,2744.2755250087134,2680.6795611732978,2645.962211261426,2637.528827918742,996.0,48.0,48.0,100.0,264.0,48,24,0.18181818181818182,4,4,4.0,4,4,4.0,1,12
/home/maja/Studia/Magisterskie/Islands/islandsEA_student_fork/more_local_matrix_computation/results/continous_fixed_toplogies/more_local_40bench_continuous_fixed_v1/j0271_more_continuous_c23_composition1_torus_12_worst_r1,/home/maja/Studia/Magisterskie/Islands/islandsEA_student_fork/more_local_matrix_computation/results/continous_fixed_toplogies/more_local_40bench_continuous_fixed_v1/j0271_more_continuous_c23_composition1_torus_12_worst_r1/summary.csv,more_continuous_c23_composition1_torus_12_worst_r1,continous_fixed_toplogies,more_local_40bench_continuous_fixed_v1,continuous,271,1,/home/maja/Studia/Magisterskie/Islands/islandsEA_student_fork/islands_desync/logs/more_local_40bench_continuous_fixed_v1/c23_30/j0271 12wt-co20ilu2,c23_composition1,30,1000,16,4,12,torus,worst,plain,20,2,12,2590.207233174517,2595.8970534530768,2595.7334729124746,2603.1150932418586,3.697744589467459,0.1635805406021973,0,,1,1,2595.8970534530768,2590.207233174517,12,1,246,3566.435121757265,2590.207233174517,976.2278885827477,,,,3566.435121757265,2590.207233174517,976.2278885827477,20.0,1000.0,2618290.9432110786,2671.7254522562025,2688.978309856554,2632.641650293356,2603.157191774321,2590.207233174517,1000.0,44.0,48.0,88.0,256.0,48,24,0.18181818181818182,4,4,4.0,4,4,4.0,1,12
/home/maja/Studia/Magisterskie/Islands/islandsEA_student_fork/more_local_matrix_computation/results/continous_fixed_toplogies/more_local_40bench_continuous_fixed_v1/j0272_more_continuous_c23_composition1_torus_12_maxDistance_r1,/home/maja/Studia/Magisterskie/Islands/islandsEA_student_fork/more_local_matrix_computation/results/continous_fixed_toplogies/more_local_40bench_continuous_fixed_v1/j0272_more_continuous_c23_composition1_torus_12_maxDistance_r1/summary.csv,more_continuous_c23_composition1_torus_12_maxDistance_r1,continous_fixed_toplogies,more_local_40bench_continuous_fixed_v1,continuous,272,1,/home/maja/Studia/Magisterskie/Islands/islandsEA_student_fork/islands_desync/logs/more_local_40bench_continuous_fixed_v1/c23_30/j0272 12mt-co20ilu2,c23_composition1,30,1000,16,4,12,torus,maxDistance,plain,20,2,12,2619.3830821128017,2630.8876763288345,2631.0584679488857,2639.689023981019,5.139486783720207,-0.17079162005120452,0,,5,1,2630.8876763288345,2619.3830821128017,12,1,246,3766.595670607098,2619.3830821128017,1147.2125884942961,,,,3766.595670607098,2619.3830821128017,1147.2125884942961,20.0,1000.0,2711774.7265164405,2767.117067873919,2820.800936385802,2677.2416316409854,2638.083890452905,2619.3830821128017,988.0,48.0,80.0,152.0,416.0,48,24,0.18181818181818182,4,4,4.0,4,4,4.0,1,12
/home/maja/Studia/Magisterskie/Islands/islandsEA_student_fork/more_local_matrix_computation/results/continous_fixed_toplogies/more_local_40bench_continuous_fixed_v1/j0273_more_continuous_c23_composition1_complete_12_random_r1,/home/maja/Studia/Magisterskie/Islands/islandsEA_student_fork/more_local_matrix_computation/results/continous_fixed_toplogies/more_local_40bench_continuous_fixed_v1/j0273_more_continuous_c23_composition1_complete_12_random_r1/summary.csv,more_continuous_c23_composition1_complete_12_random_r1,continous_fixed_toplogies,more_local_40bench_continuous_fixed_v1,continuous,273,1,/home/maja/Studia/Magisterskie/Islands/islandsEA_student_fork/islands_desync/logs/more_local_40bench_continuous_fixed_v1/c23_30/j0273 12rc-co20ilu2,c23_composition1,30,1000,16,4,12,complete,random,plain,20,2,12,2573.9814376925133,2576.1423735122808,2575.7741351832574,2578.203944308235,1.3663869403203737,0.36823832902337017,0,,7,1,2576.1423735122808,2573.9814376925133,12,1,246,3667.619840570046,2573.9814376925133,1093.6384028775328,,,,3667.619840570046,2573.9814376925133,1093.6384028775328,20.0,1000.0,2635874.2092007184,2689.6675604088964,2647.8040583399224,2598.5382220440924,2581.2205926686834,2573.9814376925133,992.0,32.0,76.0,200.0,244.0,132,0,1.0,11,11,11.0,11,11,11.0,1,12
/home/maja/Studia/Magisterskie/Islands/islandsEA_student_fork/more_local_matrix_computation/results/continous_fixed_toplogies/more_local_40bench_continuous_fixed_v1/j0274_more_continuous_c23_composition1_complete_12_best_r1,/home/maja/Studia/Magisterskie/Islands/islandsEA_student_fork/more_local_matrix_computation/results/continous_fixed_toplogies/more_local_40bench_continuous_fixed_v1/j0274_more_continuous_c23_composition1_complete_12_best_r1/summary.csv,more_continuous_c23_composition1_complete_12_best_r1,continous_fixed_toplogies,more_local_40bench_continuous_fixed_v1,continuous,274,1,/home/maja/Studia/Magisterskie/Islands/islandsEA_student_fork/islands_desync/logs/more_local_40bench_continuous_fixed_v1/c23_30/j0274 12bc-co20ilu2,c23_composition1,30,1000,16,4,12,complete,best,plain,20,2,12,2633.379840703013,2637.8305422948365,2638.15435776113,2641.7689466272936,2.268594130602935,-0.32381546629358127,1,2641.76894663,10,1,2637.8305422948365,2633.379840703013,12,1,246,3264.9477944224373,2633.379840703013,631.5679537194242,,,,3264.9477944224373,2633.379840703013,631.5679537194242,20.0,1000.0,2635921.3995279795,2689.7157138040607,2677.0461715058264,2648.8562959896926,2639.2395295713504,2633.379840703013,992.0,48.0,48.0,128.0,196.0,132,0,1.0,11,11,11.0,11,11,11.0,1,12
/home/maja/Studia/Magisterskie/Islands/islandsEA_student_fork/more_local_matrix_computation/results/continous_fixed_toplogies/more_local_40bench_continuous_fixed_v1/j0275_more_continuous_c23_composition1_complete_12_worst_r1,/home/maja/Studia/Magisterskie/Islands/islandsEA_student_fork/more_local_matrix_computation/results/continous_fixed_toplogies/more_local_40bench_continuous_fixed_v1/j0275_more_continuous_c23_composition1_complete_12_worst_r1/summary.csv,more_continuous_c23_composition1_complete_12_worst_r1,continous_fixed_toplogies,more_local_40bench_continuous_fixed_v1,continuous,275,1,/home/maja/Studia/Magisterskie/Islands/islandsEA_student_fork/islands_desync/logs/more_local_40bench_continuous_fixed_v1/c23_30/j0275 12wc-co20ilu2,c23_composition1,30,1000,16,4,12,complete,worst,plain,20,2,12,2580.9842752729014,2585.774296303351,2585.6922558483893,2591.1902099621634,2.8855323209812918,0.08204045496177059,0,,1,1,2585.774296303351,2580.9842752729014,12,1,246,3454.3625814176453,2580.9842752729014,873.3783061447439,,,,3454.3625814176453,2580.9842752729014,873.3783061447439,20.0,1000.0,2617205.448443755,2670.617804534444,2671.9382155156677,2615.1091382188397,2590.6776288991546,2580.9842752729014,1000.0,60.0,72.0,120.0,272.0,132,0,1.0,11,11,11.0,11,11,11.0,1,12
/home/maja/Studia/Magisterskie/Islands/islandsEA_student_fork/more_local_matrix_computation/results/continous_fixed_toplogies/more_local_40bench_continuous_fixed_v1/j0276_more_continuous_c23_composition1_complete_12_maxDistance_r1,/home/maja/Studia/Magisterskie/Islands/islandsEA_student_fork/more_local_matrix_computation/results/continous_fixed_toplogies/more_local_40bench_continuous_fixed_v1/j0276_more_continuous_c23_composition1_complete_12_maxDistance_r1/summary.csv,more_continuous_c23_composition1_complete_12_maxDistance_r1,continous_fixed_toplogies,more_local_40bench_continuous_fixed_v1,continuous,276,1,/home/maja/Studia/Magisterskie/Islands/islandsEA_student_fork/islands_desync/logs/more_local_40bench_continuous_fixed_v1/c23_30/j0276 12mc-co20ilu2,c23_composition1,30,1000,16,4,12,complete,maxDistance,plain,20,2,12,2593.6976556188833,2596.7688516611142,2596.6191410690108,2599.5182398884717,1.4846383571345427,0.14971059210347448,0,,2,1,2596.7688516611142,2593.6976556188833,12,1,246,3861.3145979086307,2593.6976556188833,1267.6169422897474,,,,3861.3145979086307,2593.6976556188833,1267.6169422897474,20.0,1000.0,2645981.2201828705,2699.9808369212965,2752.60876299436,2612.761324657497,2598.6434207978773,2593.6976556188833,1000.0,28.0,56.0,136.0,256.0,132,0,1.0,11,11,11.0,11,11,11.0,1,12
/home/maja/Studia/Magisterskie/Islands/islandsEA_student_fork/more_local_matrix_computation/results/continous_fixed_toplogies/more_local_40bench_continuous_fixed_v1/j0277_more_continuous_c24_composition2_ring_12_random_r1,/home/maja/Studia/Magisterskie/Islands/islandsEA_student_fork/more_local_matrix_computation/results/continous_fixed_toplogies/more_local_40bench_continuous_fixed_v1/j0277_more_continuous_c24_composition2_ring_12_random_r1/summary.csv,more_continuous_c24_composition2_ring_12_random_r1,continous_fixed_toplogies,more_local_40bench_continuous_fixed_v1,continuous,277,1,/home/maja/Studia/Magisterskie/Islands/islandsEA_student_fork/islands_desync/logs/more_local_40bench_continuous_fixed_v1/c24_30/j0277 12rr-co20ilu2,c24_composition2,30,1000,16,4,12,ring,random,plain,20,2,12,2791.426088167949,2835.2890915540747,2821.5694894914513,2963.242407040435,47.367901368608116,13.71960206262338,1,2963.24240704,0,1,2835.2890915540747,2791.426088167949,12,1,246,3079.646078805282,2791.426088167949,288.219990637333,,,,3079.646078805282,2791.426088167949,288.219990637333,20.0,1000.0,2772353.324728743,2828.9319640089216,2833.901047620272,2811.2639917021943,2795.4604821278294,2791.426088167949,992.0,52.0,96.0,156.0,384.0,24,12,0.09090909090909091,2,2,2.0,2,2,2.0,1,12
/home/maja/Studia/Magisterskie/Islands/islandsEA_student_fork/more_local_matrix_computation/results/continous_fixed_toplogies/more_local_40bench_continuous_fixed_v1/j0278_more_continuous_c24_composition2_ring_12_best_r1,/home/maja/Studia/Magisterskie/Islands/islandsEA_student_fork/more_local_matrix_computation/results/continous_fixed_toplogies/more_local_40bench_continuous_fixed_v1/j0278_more_continuous_c24_composition2_ring_12_best_r1/summary.csv,more_continuous_c24_composition2_ring_12_best_r1,continous_fixed_toplogies,more_local_40bench_continuous_fixed_v1,continuous,278,1,/home/maja/Studia/Magisterskie/Islands/islandsEA_student_fork/islands_desync/logs/more_local_40bench_continuous_fixed_v1/c24_30/j0278 12br-co20ilu2,c24_composition2,30,1000,16,4,12,ring,best,plain,20,2,12,2782.967483489392,2848.911257786847,2820.4143190932,3015.527455613911,77.80457326250718,28.496938693646825,2,3004.90729977;3015.52745561,0,1,2848.911257786847,2782.967483489392,12,1,246,3310.8520685918174,2782.967483489392,527.8845851024253,,,,3310.8520685918174,2782.967483489392,527.8845851024253,20.0,1000.0,2770757.887897718,2827.30396724257,2846.467164822939,2801.3168303358834,2788.1218119488653,2782.967483489392,1000.0,28.0,48.0,96.0,320.0,24,12,0.09090909090909091,2,2,2.0,2,2,2.0,1,12
/home/maja/Studia/Magisterskie/Islands/islandsEA_student_fork/more_local_matrix_computation/results/continous_fixed_toplogies/more_local_40bench_continuous_fixed_v1/j0279_more_continuous_c24_composition2_ring_12_worst_r1,/home/maja/Studia/Magisterskie/Islands/islandsEA_student_fork/more_local_matrix_computation/results/continous_fixed_toplogies/more_local_40bench_continuous_fixed_v1/j0279_more_continuous_c24_composition2_ring_12_worst_r1/summary.csv,more_continuous_c24_composition2_ring_12_worst_r1,continous_fixed_toplogies,more_local_40bench_continuous_fixed_v1,continuous,279,1,/home/maja/Studia/Magisterskie/Islands/islandsEA_student_fork/islands_desync/logs/more_local_40bench_continuous_fixed_v1/c24_30/j0279 12wr-co20ilu2,c24_composition2,30,1000,16,4,12,ring,worst,plain,20,2,12,2783.1766415933303,2834.037745462686,2795.0365377543267,3067.1334348767355,79.28115147494056,39.00120770835929,1,3067.13343488,2,1,2834.037745462686,2783.1766415933303,12,1,246,3138.2966804576727,2783.1766415933303,355.1200388643424,,,,3138.2966804576727,2783.1766415933303,355.1200388643424,20.0,1000.0,2784556.670003035,2841.3843571459543,2862.285844466729,2815.9476910977387,2792.3560331314397,2783.1766415933303,964.0,44.0,80.0,224.0,468.0,24,12,0.09090909090909091,2,2,2.0,2,2,2.0,1,12
/home/maja/Studia/Magisterskie/Islands/islandsEA_student_fork/more_local_matrix_computation/results/continous_fixed_toplogies/more_local_40bench_continuous_fixed_v1/j0280_more_continuous_c24_composition2_ring_12_maxDistance_r1,/home/maja/Studia/Magisterskie/Islands/islandsEA_student_fork/more_local_matrix_computation/results/continous_fixed_toplogies/more_local_40bench_continuous_fixed_v1/j0280_more_continuous_c24_composition2_ring_12_maxDistance_r1/summary.csv,more_continuous_c24_composition2_ring_12_maxDistance_r1,continous_fixed_toplogies,more_local_40bench_continuous_fixed_v1,continuous,280,1,/home/maja/Studia/Magisterskie/Islands/islandsEA_student_fork/islands_desync/logs/more_local_40bench_continuous_fixed_v1/c24_30/j0280 12mr-co20ilu2,c24_composition2,30,1000,16,4,12,ring,maxDistance,plain,20,2,12,2762.8614249620873,2794.737547799341,2782.1062701985147,2902.2611374369717,37.27492514549996,12.631277600826252,1,2902.26113744,1,1,2794.737547799341,2762.8614249620873,12,1,246,3153.122362078199,2762.8614249620873,390.26093711611156,,,,3153.122362078199,2762.8614249620873,390.26093711611156,20.0,1000.0,2765011.9286535624,2821.4407435240432,2844.083152443658,2795.3999874188494,2773.176911087408,2762.8614249620873,992.0,44.0,96.0,208.0,440.0,24,12,0.09090909090909091,2,2,2.0,2,2,2.0,1,12
/home/maja/Studia/Magisterskie/Islands/islandsEA_student_fork/more_local_matrix_computation/results/continous_fixed_toplogies/more_local_40bench_continuous_fixed_v1/j0281_more_continuous_c24_composition2_torus_12_random_r1,/home/maja/Studia/Magisterskie/Islands/islandsEA_student_fork/more_local_matrix_computation/results/continous_fixed_toplogies/more_local_40bench_continuous_fixed_v1/j0281_more_continuous_c24_composition2_torus_12_random_r1/summary.csv,more_continuous_c24_composition2_torus_12_random_r1,continous_fixed_toplogies,more_local_40bench_continuous_fixed_v1,continuous,281,1,/home/maja/Studia/Magisterskie/Islands/islandsEA_student_fork/islands_desync/logs/more_local_40bench_continuous_fixed_v1/c24_30/j0281 12rt-co20ilu2,c24_composition2,30,1000,16,4,12,torus,random,plain,20,2,12,2768.9265482059723,2770.754309673021,2770.589573446944,2773.1876664076526,1.2057233917350696,0.1647362260769114,0,,8,1,2770.754309673021,2768.9265482059723,12,1,246,3348.715979137627,2768.9265482059723,579.7894309316548,,,,3348.715979137627,2768.9265482059723,579.7894309316548,20.0,1000.0,2767010.8978104186,2823.480507969815,2848.920522268959,2794.1747936337733,2775.5961503653375,2768.9265482059723,996.0,32.0,48.0,120.0,280.0,48,24,0.18181818181818182,4,4,4.0,4,4,4.0,1,12
/home/maja/Studia/Magisterskie/Islands/islandsEA_student_fork/more_local_matrix_computation/results/continous_fixed_toplogies/more_local_40bench_continuous_fixed_v1/j0282_more_continuous_c24_composition2_torus_12_best_r1,/home/maja/Studia/Magisterskie/Islands/islandsEA_student_fork/more_local_matrix_computation/results/continous_fixed_toplogies/more_local_40bench_continuous_fixed_v1/j0282_more_continuous_c24_composition2_torus_12_best_r1/summary.csv,more_continuous_c24_composition2_torus_12_best_r1,continous_fixed_toplogies,more_local_40bench_continuous_fixed_v1,continuous,282,1,/home/maja/Studia/Magisterskie/Islands/islandsEA_student_fork/islands_desync/logs/more_local_40bench_continuous_fixed_v1/c24_30/j0282 12bt-co20ilu2,c24_composition2,30,1000,16,4,12,torus,best,plain,20,2,12,2758.93639836709,2759.3768136727444,2759.294289324372,2760.2897833331144,0.3587136938048971,0.08252434837231704,0,,6,1,2759.3768136727444,2758.93639836709,12,1,246,3250.839055542474,2758.93639836709,491.90265717538387,,,,3250.839055542474,2758.93639836709,491.90265717538387,20.0,1000.0,2740416.4665919747,2796.343333257117,2805.696194045996,2765.7604716653377,2759.825996730086,2758.93639836709,976.0,32.0,56.0,104.0,248.0,48,24,0.18181818181818182,4,4,4.0,4,4,4.0,1,12
/home/maja/Studia/Magisterskie/Islands/islandsEA_student_fork/more_local_matrix_computation/results/continous_fixed_toplogies/more_local_40bench_continuous_fixed_v1/j0283_more_continuous_c24_composition2_torus_12_worst_r1,/home/maja/Studia/Magisterskie/Islands/islandsEA_student_fork/more_local_matrix_computation/results/continous_fixed_toplogies/more_local_40bench_continuous_fixed_v1/j0283_more_continuous_c24_composition2_torus_12_worst_r1/summary.csv,more_continuous_c24_composition2_torus_12_worst_r1,continous_fixed_toplogies,more_local_40bench_continuous_fixed_v1,continuous,283,1,/home/maja/Studia/Magisterskie/Islands/islandsEA_student_fork/islands_desync/logs/more_local_40bench_continuous_fixed_v1/c24_30/j0283 12wt-co20ilu2,c24_composition2,30,1000,16,4,12,torus,worst,plain,20,2,12,2764.6306693955135,2768.83345781184,2768.498931377141,2773.314416659225,2.8713533907977022,0.3345264346990007,0,,10,1,2768.83345781184,2764.6306693955135,12,1,246,3479.6177958020116,2764.6306693955135,714.9871264064982,,,,3479.6177958020116,2764.6306693955135,714.9871264064982,20.0,1000.0,2767783.505963205,2824.2688836359234,2832.686822817993,2788.1907827059763,2774.95214616629,2764.6306693955135,996.0,28.0,36.0,116.0,216.0,48,24,0.18181818181818182,4,4,4.0,4,4,4.0,1,12
/home/maja/Studia/Magisterskie/Islands/islandsEA_student_fork/more_local_matrix_computation/results/continous_fixed_toplogies/more_local_40bench_continuous_fixed_v1/j0284_more_continuous_c24_composition2_torus_12_maxDistance_r1,/home/maja/Studia/Magisterskie/Islands/islandsEA_student_fork/more_local_matrix_computation/results/continous_fixed_toplogies/more_local_40bench_continuous_fixed_v1/j0284_more_continuous_c24_composition2_torus_12_maxDistance_r1/summary.csv,more_continuous_c24_composition2_torus_12_maxDistance_r1,continous_fixed_toplogies,more_local_40bench_continuous_fixed_v1,continuous,284,1,/home/maja/Studia/Magisterskie/Islands/islandsEA_student_fork/islands_desync/logs/more_local_40bench_continuous_fixed_v1/c24_30/j0284 12mt-co20ilu2,c24_composition2,30,1000,16,4,12,torus,maxDistance,plain,20,2,12,2757.943482610135,2761.78501693654,2761.8683875756674,2766.1228164967847,2.2985988780469655,-0.08337063912722442,0,,1,1,2761.78501693654,2757.943482610135,12,1,246,3268.9342697327,2757.943482610135,510.99078712256505,,,,3268.9342697327,2757.943482610135,510.99078712256505,20.0,1000.0,2761748.461648544,2818.1106751515754,2836.478856662965,2787.743588023157,2768.3905775340672,2757.943482610135,984.0,36.0,64.0,160.0,344.0,48,24,0.18181818181818182,4,4,4.0,4,4,4.0,1,12
/home/maja/Studia/Magisterskie/Islands/islandsEA_student_fork/more_local_matrix_computation/results/continous_fixed_toplogies/more_local_40bench_continuous_fixed_v1/j0285_more_continuous_c24_composition2_complete_12_random_r1,/home/maja/Studia/Magisterskie/Islands/islandsEA_student_fork/more_local_matrix_computation/results/continous_fixed_toplogies/more_local_40bench_continuous_fixed_v1/j0285_more_continuous_c24_composition2_complete_12_random_r1/summary.csv,more_continuous_c24_composition2_complete_12_random_r1,continous_fixed_toplogies,more_local_40bench_continuous_fixed_v1,continuous,285,1,/home/maja/Studia/Magisterskie/Islands/islandsEA_student_fork/islands_desync/logs/more_local_40bench_continuous_fixed_v1/c24_30/j0285 12rc-co20ilu2,c24_composition2,30,1000,16,4,12,complete,random,plain,20,2,12,2775.338554232715,2776.086024067441,2775.970034856199,2777.299325022894,0.5374591498492582,0.11598921124186745,0,,4,1,2776.086024067441,2775.338554232715,12,1,246,3275.540376278088,2775.338554232715,500.20182204537286,,,,3275.540376278088,2775.338554232715,500.20182204537286,20.0,1000.0,2759989.9435412837,2816.3162689196774,2816.1919701587567,2786.559238356639,2777.818652002643,2775.338554232715,980.0,36.0,60.0,124.0,204.0,132,0,1.0,11,11,11.0,11,11,11.0,1,12
/home/maja/Studia/Magisterskie/Islands/islandsEA_student_fork/more_local_matrix_computation/results/continous_fixed_toplogies/more_local_40bench_continuous_fixed_v1/j0286_more_continuous_c24_composition2_complete_12_best_r1,/home/maja/Studia/Magisterskie/Islands/islandsEA_student_fork/more_local_matrix_computation/results/continous_fixed_toplogies/more_local_40bench_continuous_fixed_v1/j0286_more_continuous_c24_composition2_complete_12_best_r1/summary.csv,more_continuous_c24_composition2_complete_12_best_r1,continous_fixed_toplogies,more_local_40bench_continuous_fixed_v1,continuous,286,1,/home/maja/Studia/Magisterskie/Islands/islandsEA_student_fork/islands_desync/logs/more_local_40bench_continuous_fixed_v1/c24_30/j0286 12bc-co20ilu2,c24_composition2,30,1000,16,4,12,complete,best,plain,20,2,12,2769.3537021576244,2769.6927139643794,2769.5582790024873,2770.3216347855623,0.28991436014498556,0.13443496189211146,0,,6,1,2769.6927139643794,2769.3537021576244,12,1,246,3138.1295825364946,2769.3537021576244,368.77588037887017,,,,3138.1295825364946,2769.3537021576244,368.77588037887017,20.0,1000.0,2746539.727956128,2802.591559138906,2807.246901075644,2780.2950980703376,2771.162147282839,2769.3537021576244,1000.0,40.0,68.0,116.0,252.0,132,0,1.0,11,11,11.0,11,11,11.0,1,12
/home/maja/Studia/Magisterskie/Islands/islandsEA_student_fork/more_local_matrix_computation/results/continous_fixed_toplogies/more_local_40bench_continuous_fixed_v1/j0287_more_continuous_c24_composition2_complete_12_worst_r1,/home/maja/Studia/Magisterskie/Islands/islandsEA_student_fork/more_local_matrix_computation/results/continous_fixed_toplogies/more_local_40bench_continuous_fixed_v1/j0287_more_continuous_c24_composition2_complete_12_worst_r1/summary.csv,more_continuous_c24_composition2_complete_12_worst_r1,continous_fixed_toplogies,more_local_40bench_continuous_fixed_v1,continuous,287,1,/home/maja/Studia/Magisterskie/Islands/islandsEA_student_fork/islands_desync/logs/more_local_40bench_continuous_fixed_v1/c24_30/j0287 12wc-co20ilu2,c24_composition2,30,1000,16,4,12,complete,worst,plain,20,2,12,2760.614390247465,2762.5084491467296,2761.638112074996,2769.064435630118,2.2683550599549727,0.8703370717335019,2,2769.06443563;2764.98799671,1,1,2762.5084491467296,2760.614390247465,12,1,246,3384.372594908743,2760.614390247465,623.7582046612779,,,,3384.372594908743,2760.614390247465,623.7582046612779,20.0,1000.0,2756653.8257473595,2812.9120670891425,2838.0668849641006,2787.6865806804662,2765.9155517876525,2760.614390247465,1000.0,24.0,24.0,108.0,284.0,132,0,1.0,11,11,11.0,11,11,11.0,1,12
/home/maja/Studia/Magisterskie/Islands/islandsEA_student_fork/more_local_matrix_computation/results/continous_fixed_toplogies/more_local_40bench_continuous_fixed_v1/j0288_more_continuous_c24_composition2_complete_12_maxDistance_r1,/home/maja/Studia/Magisterskie/Islands/islandsEA_student_fork/more_local_matrix_computation/results/continous_fixed_toplogies/more_local_40bench_continuous_fixed_v1/j0288_more_continuous_c24_composition2_complete_12_maxDistance_r1/summary.csv,more_continuous_c24_composition2_complete_12_maxDistance_r1,continous_fixed_toplogies,more_local_40bench_continuous_fixed_v1,continuous,288,1,/home/maja/Studia/Magisterskie/Islands/islandsEA_student_fork/islands_desync/logs/more_local_40bench_continuous_fixed_v1/c24_30/j0288 12mc-co20ilu2,c24_composition2,30,1000,16,4,12,complete,maxDistance,plain,20,2,12,2769.704996871722,2770.104798355109,2770.0824162993877,2771.1619995979895,0.3470006541633254,0.022382055721209326,1,2771.1619996,11,1,2770.104798355109,2769.704996871722,12,1,246,3450.092041228235,2769.704996871722,680.3870443565129,,,,3450.092041228235,2769.704996871722,680.3870443565129,20.0,1000.0,2757680.3468838516,2813.9595376365833,2820.6388169379393,2776.126839112863,2769.8808387394974,2769.704996871722,960.0,32.0,32.0,100.0,184.0,132,0,1.0,11,11,11.0,11,11,11.0,1,12
/home/maja/Studia/Magisterskie/Islands/islandsEA_student_fork/more_local_matrix_computation/results/continous_fixed_toplogies/more_local_40bench_continuous_fixed_v1/j0289_more_continuous_c25_composition3_ring_12_random_r1,/home/maja/Studia/Magisterskie/Islands/islandsEA_student_fork/more_local_matrix_computation/results/continous_fixed_toplogies/more_local_40bench_continuous_fixed_v1/j0289_more_continuous_c25_composition3_ring_12_random_r1/summary.csv,more_continuous_c25_composition3_ring_12_random_r1,continous_fixed_toplogies,more_local_40bench_continuous_fixed_v1,continuous,289,1,/home/maja/Studia/Magisterskie/Islands/islandsEA_student_fork/islands_desync/logs/more_local_40bench_continuous_fixed_v1/c25_30/j0289 12rr-co20ilu2,c25_composition3,30,1000,16,4,12,ring,random,plain,20,2,12,2729.3814776716426,2739.609734679774,2733.8260668901803,2773.7679572008224,14.856635287380417,5.783667789593892,2,2770.46881538;2773.7679572,3,1,2739.609734679774,2729.3814776716426,12,1,246,2914.151666568018,2729.3814776716426,184.7701888963752,,,,2914.151666568018,2729.3814776716426,184.7701888963752,20.0,1000.0,2697424.7622568645,2752.474247200882,2758.6428839575233,2743.9648865823438,2732.1923541437345,2729.3814776716426,988.0,24.0,68.0,148.0,420.0,24,12,0.09090909090909091,2,2,2.0,2,2,2.0,1,12
/home/maja/Studia/Magisterskie/Islands/islandsEA_student_fork/more_local_matrix_computation/results/continous_fixed_toplogies/more_local_40bench_continuous_fixed_v1/j0290_more_continuous_c25_composition3_ring_12_best_r1,/home/maja/Studia/Magisterskie/Islands/islandsEA_student_fork/more_local_matrix_computation/results/continous_fixed_toplogies/more_local_40bench_continuous_fixed_v1/j0290_more_continuous_c25_composition3_ring_12_best_r1/summary.csv,more_continuous_c25_composition3_ring_12_best_r1,continous_fixed_toplogies,more_local_40bench_continuous_fixed_v1,continuous,290,1,/home/maja/Studia/Magisterskie/Islands/islandsEA_student_fork/islands_desync/logs/more_local_40bench_continuous_fixed_v1/c25_30/j0290 12br-co20ilu2,c25_composition3,30,1000,16,4,12,ring,best,plain,20,2,12,2728.977468997817,2731.1319900681497,2731.3000625816867,2734.8598475414383,1.7599498928819324,-0.16807251353702668,1,2734.85984754,3,1,2731.1319900681497,2728.977468997817,12,1,246,2996.522078657532,2728.977468997817,267.54460965971475,,,,2996.522078657532,2728.977468997817,267.54460965971475,20.0,1000.0,2696122.4502259553,2751.145357373424,2755.9354405365084,2739.51147066843,2731.4339462146545,2728.977468997817,996.0,32.0,60.0,88.0,252.0,24,12,0.09090909090909091,2,2,2.0,2,2,2.0,1,12
/home/maja/Studia/Magisterskie/Islands/islandsEA_student_fork/more_local_matrix_computation/results/continous_fixed_toplogies/more_local_40bench_continuous_fixed_v1/j0291_more_continuous_c25_composition3_ring_12_worst_r1,/home/maja/Studia/Magisterskie/Islands/islandsEA_student_fork/more_local_matrix_computation/results/continous_fixed_toplogies/more_local_40bench_continuous_fixed_v1/j0291_more_continuous_c25_composition3_ring_12_worst_r1/summary.csv,more_continuous_c25_composition3_ring_12_worst_r1,continous_fixed_toplogies,more_local_40bench_continuous_fixed_v1,continuous,291,1,/home/maja/Studia/Magisterskie/Islands/islandsEA_student_fork/islands_desync/logs/more_local_40bench_continuous_fixed_v1/c25_30/j0291 12wr-co20ilu2,c25_composition3,30,1000,16,4,12,ring,worst,plain,20,2,12,2750.169961158918,2759.1190421859183,2755.6465355761284,2772.3465424812102,7.514531323340504,3.472506609789889,3,2772.34654248;2770.95017712;2771.45865553,1,1,2759.1190421859183,2750.169961158918,12,1,246,2944.5261988060724,2750.169961158918,194.35623764715456,,,,2944.5261988060724,2750.169961158918,194.35623764715456,20.0,1000.0,2725033.8999732714,2780.64683670742,2791.6324691047557,2771.2588325128313,2757.576442733645,2750.169961158918,992.0,60.0,64.0,200.0,540.0,24,12,0.09090909090909091,2,2,2.0,2,2,2.0,1,12
/home/maja/Studia/Magisterskie/Islands/islandsEA_student_fork/more_local_matrix_computation/results/continous_fixed_toplogies/more_local_40bench_continuous_fixed_v1/j0292_more_continuous_c25_composition3_ring_12_maxDistance_r1,/home/maja/Studia/Magisterskie/Islands/islandsEA_student_fork/more_local_matrix_computation/results/continous_fixed_toplogies/more_local_40bench_continuous_fixed_v1/j0292_more_continuous_c25_composition3_ring_12_maxDistance_r1/summary.csv,more_continuous_c25_composition3_ring_12_maxDistance_r1,continous_fixed_toplogies,more_local_40bench_continuous_fixed_v1,continuous,292,1,/home/maja/Studia/Magisterskie/Islands/islandsEA_student_fork/islands_desync/logs/more_local_40bench_continuous_fixed_v1/c25_30/j0292 12mr-co20ilu2,c25_composition3,30,1000,16,4,12,ring,maxDistance,plain,20,2,12,2723.5591038408797,2731.878471498203,2733.3773279232228,2735.5470523652907,3.6271951914540033,-1.498856425019767,0,,0,1,2731.878471498203,2723.5591038408797,12,1,246,2831.4323671262578,2723.5591038408797,107.87326328537802,,,,2831.4323671262578,2723.5591038408797,107.87326328537802,20.0,1000.0,2682353.23643808,2737.0951392225306,2742.3618492215955,2731.7091634588774,2725.645320109563,2723.5591038408797,988.0,44.0,68.0,144.0,408.0,24,12,0.09090909090909091,2,2,2.0,2,2,2.0,1,12
/home/maja/Studia/Magisterskie/Islands/islandsEA_student_fork/more_local_matrix_computation/results/continous_fixed_toplogies/more_local_40bench_continuous_fixed_v1/j0293_more_continuous_c25_composition3_torus_12_random_r1,/home/maja/Studia/Magisterskie/Islands/islandsEA_student_fork/more_local_matrix_computation/results/continous_fixed_toplogies/more_local_40bench_continuous_fixed_v1/j0293_more_continuous_c25_composition3_torus_12_random_r1/summary.csv,more_continuous_c25_composition3_torus_12_random_r1,continous_fixed_toplogies,more_local_40bench_continuous_fixed_v1,continuous,293,1,/home/maja/Studia/Magisterskie/Islands/islandsEA_student_fork/islands_desync/logs/more_local_40bench_continuous_fixed_v1/c25_30/j0293 12rt-co20ilu2,c25_composition3,30,1000,16,4,12,torus,random,plain,20,2,12,2730.76478846336,2733.8591141216034,2733.9396596904908,2737.838981682758,2.0847556313822913,-0.08054556888737352,0,,9,1,2733.8591141216034,2730.76478846336,12,1,246,2853.063889452043,2730.76478846336,122.29910098868277,,,,2853.063889452043,2730.76478846336,122.29910098868277,20.0,1000.0,2697599.72285608,2752.652778424572,2758.609503352836,2744.5619494580033,2737.23754163419,2730.76478846336,992.0,72.0,148.0,148.0,564.0,48,24,0.18181818181818182,4,4,4.0,4,4,4.0,1,12
/home/maja/Studia/Magisterskie/Islands/islandsEA_student_fork/more_local_matrix_computation/results/continous_fixed_toplogies/more_local_40bench_continuous_fixed_v1/j0294_more_continuous_c25_composition3_torus_12_best_r1,/home/maja/Studia/Magisterskie/Islands/islandsEA_student_fork/more_local_matrix_computation/results/continous_fixed_toplogies/more_local_40bench_continuous_fixed_v1/j0294_more_continuous_c25_composition3_torus_12_best_r1/summary.csv,more_continuous_c25_composition3_torus_12_best_r1,continous_fixed_toplogies,more_local_40bench_continuous_fixed_v1,continuous,294,1,/home/maja/Studia/Magisterskie/Islands/islandsEA_student_fork/islands_desync/logs/more_local_40bench_continuous_fixed_v1/c25_30/j0294 12bt-co20ilu2,c25_composition3,30,1000,16,4,12,torus,best,plain,20,2,12,2728.056381808753,2728.4222438784564,2728.347841165945,2728.9655662182686,0.298525869072475,0.07440271251152808,0,,2,1,2728.4222438784564,2728.056381808753,12,1,246,2929.871971198968,2728.056381808753,201.81558939021488,,,,2929.871971198968,2728.056381808753,201.81558939021488,20.0,1000.0,2690606.3353599114,2745.5166687346036,2747.2955961527728,2734.570902510812,2729.684204144334,2728.056381808753,1000.0,48.0,52.0,112.0,188.0,48,24,0.18181818181818182,4,4,4.0,4,4,4.0,1,12
/home/maja/Studia/Magisterskie/Islands/islandsEA_student_fork/more_local_matrix_computation/results/continous_fixed_toplogies/more_local_40bench_continuous_fixed_v1/j0295_more_continuous_c25_composition3_torus_12_worst_r1,/home/maja/Studia/Magisterskie/Islands/islandsEA_student_fork/more_local_matrix_computation/results/continous_fixed_toplogies/more_local_40bench_continuous_fixed_v1/j0295_more_continuous_c25_composition3_torus_12_worst_r1/summary.csv,more_continuous_c25_composition3_torus_12_worst_r1,continous_fixed_toplogies,more_local_40bench_continuous_fixed_v1,continuous,295,1,/home/maja/Studia/Magisterskie/Islands/islandsEA_student_fork/islands_desync/logs/more_local_40bench_continuous_fixed_v1/c25_30/j0295 12wt-co20ilu2,c25_composition3,30,1000,16,4,12,torus,worst,plain,20,2,12,2722.563405334985,2724.8418625565623,2724.9885499880884,2726.5558789718466,1.0048404117438685,-0.14668743152606112,0,,6,1,2724.8418625565623,2722.563405334985,12,1,246,2848.4876077809936,2722.563405334985,125.92420244600862,,,,2848.4876077809936,2722.563405334985,125.92420244600862,20.0,1000.0,2689662.067189281,2744.5531297849807,2744.5788979891404,2734.2341635444527,2727.557920240142,2722.563405334985,988.0,80.0,100.0,212.0,460.0,48,24,0.18181818181818182,4,4,4.0,4,4,4.0,1,12
/home/maja/Studia/Magisterskie/Islands/islandsEA_student_fork/more_local_matrix_computation/results/continous_fixed_toplogies/more_local_40bench_continuous_fixed_v1/j0296_more_continuous_c25_composition3_torus_12_maxDistance_r1,/home/maja/Studia/Magisterskie/Islands/islandsEA_student_fork/more_local_matrix_computation/results/continous_fixed_toplogies/more_local_40bench_continuous_fixed_v1/j0296_more_continuous_c25_composition3_torus_12_maxDistance_r1/summary.csv,more_continuous_c25_composition3_torus_12_maxDistance_r1,continous_fixed_toplogies,more_local_40bench_continuous_fixed_v1,continuous,296,1,/home/maja/Studia/Magisterskie/Islands/islandsEA_student_fork/islands_desync/logs/more_local_40bench_continuous_fixed_v1/c25_30/j0296 12mt-co20ilu2,c25_composition3,30,1000,16,4,12,torus,maxDistance,plain,20,2,12,2730.4247477740873,2731.9035080603244,2732.264400599078,2732.6289513677175,0.7202146936917526,-0.36089253875343275,0,,5,1,2731.9035080603244,2730.4247477740873,12,1,246,2948.694351791353,2730.4247477740873,218.26960401726546,,,,2948.694351791353,2730.4247477740873,218.26960401726546,20.0,1000.0,2693793.9157171617,2748.769301752206,2755.3875501695948,2735.3323379072194,2731.8385017239284,2730.4247477740873,972.0,28.0,72.0,112.0,296.0,48,24,0.18181818181818182,4,4,4.0,4,4,4.0,1,12
/home/maja/Studia/Magisterskie/Islands/islandsEA_student_fork/more_local_matrix_computation/results/continous_fixed_toplogies/more_local_40bench_continuous_fixed_v1/j0297_more_continuous_c25_composition3_complete_12_random_r1,/home/maja/Studia/Magisterskie/Islands/islandsEA_student_fork/more_local_matrix_computation/results/continous_fixed_toplogies/more_local_40bench_continuous_fixed_v1/j0297_more_continuous_c25_composition3_complete_12_random_r1/summary.csv,more_continuous_c25_composition3_complete_12_random_r1,continous_fixed_toplogies,more_local_40bench_continuous_fixed_v1,continuous,297,1,/home/maja/Studia/Magisterskie/Islands/islandsEA_student_fork/islands_desync/logs/more_local_40bench_continuous_fixed_v1/c25_30/j0297 12rc-co20ilu2,c25_composition3,30,1000,16,4,12,complete,random,plain,20,2,12,2721.6841208415367,2723.31163481824,2723.45263184398,2724.724300445856,0.8488505061732562,-0.1409970257400346,0,,3,1,2723.31163481824,2721.6841208415367,12,1,246,2900.664465814835,2721.6841208415367,178.9803449732981,,,,2900.664465814835,2721.6841208415367,178.9803449732981,20.0,1000.0,2685398.7619246915,2740.2028182905015,2746.1238614001018,2729.699661567738,2724.7313930022683,2721.6841208415367,992.0,40.0,44.0,160.0,316.0,132,0,1.0,11,11,11.0,11,11,11.0,1,12
/home/maja/Studia/Magisterskie/Islands/islandsEA_student_fork/more_local_matrix_computation/results/continous_fixed_toplogies/more_local_40bench_continuous_fixed_v1/j0298_more_continuous_c25_composition3_complete_12_best_r1,/home/maja/Studia/Magisterskie/Islands/islandsEA_student_fork/more_local_matrix_computation/results/continous_fixed_toplogies/more_local_40bench_continuous_fixed_v1/j0298_more_continuous_c25_composition3_complete_12_best_r1/summary.csv,more_continuous_c25_composition3_complete_12_best_r1,continous_fixed_toplogies,more_local_40bench_continuous_fixed_v1,continuous,298,1,/home/maja/Studia/Magisterskie/Islands/islandsEA_student_fork/islands_desync/logs/more_local_40bench_continuous_fixed_v1/c25_30/j0298 12bc-co20ilu2,c25_composition3,30,1000,16,4,12,complete,best,plain,20,2,12,2718.884546854099,2720.0807370301577,2720.0221450225295,2720.9436218954115,0.5687335079542424,0.05859200762824912,0,,9,1,2720.0807370301577,2718.884546854099,12,1,246,2885.8874310137016,2718.884546854099,167.00288415960267,,,,2885.8874310137016,2718.884546854099,167.00288415960267,20.0,1000.0,2679582.1964518502,2734.267547399847,2731.099848476451,2723.798465484742,2720.203967234057,2718.884546854099,996.0,36.0,68.0,156.0,200.0,132,0,1.0,11,11,11.0,11,11,11.0,1,12
/home/maja/Studia/Magisterskie/Islands/islandsEA_student_fork/more_local_matrix_computation/results/continous_fixed_toplogies/more_local_40bench_continuous_fixed_v1/j0299_more_continuous_c25_composition3_complete_12_worst_r1,/home/maja/Studia/Magisterskie/Islands/islandsEA_student_fork/more_local_matrix_computation/results/continous_fixed_toplogies/more_local_40bench_continuous_fixed_v1/j0299_more_continuous_c25_composition3_complete_12_worst_r1/summary.csv,more_continuous_c25_composition3_complete_12_worst_r1,continous_fixed_toplogies,more_local_40bench_continuous_fixed_v1,continuous,299,1,/home/maja/Studia/Magisterskie/Islands/islandsEA_student_fork/islands_desync/logs/more_local_40bench_continuous_fixed_v1/c25_30/j0299 12wc-co20ilu2,c25_composition3,30,1000,16,4,12,complete,worst,plain,20,2,12,2724.474534836079,2726.3898176585435,2726.3404111167256,2728.4627890823085,1.200002632291359,0.04940654181791615,0,,5,1,2726.3898176585435,2724.474534836079,12,1,246,2853.062870101078,2724.474534836079,128.58833526499893,,,,2853.062870101078,2724.474534836079,128.58833526499893,20.0,1000.0,2695694.9292838867,2750.70911151417,2767.3480403633316,2737.6707454683947,2729.1622261508155,2724.474534836079,1000.0,56.0,136.0,324.0,512.0,132,0,1.0,11,11,11.0,11,11,11.0,1,12
/home/maja/Studia/Magisterskie/Islands/islandsEA_student_fork/more_local_matrix_computation/results/continous_fixed_toplogies/more_local_40bench_continuous_fixed_v1/j0300_more_continuous_c25_composition3_complete_12_maxDistance_r1,/home/maja/Studia/Magisterskie/Islands/islandsEA_student_fork/more_local_matrix_computation/results/continous_fixed_toplogies/more_local_40bench_continuous_fixed_v1/j0300_more_continuous_c25_composition3_complete_12_maxDistance_r1/summary.csv,more_continuous_c25_composition3_complete_12_maxDistance_r1,continous_fixed_toplogies,more_local_40bench_continuous_fixed_v1,continuous,300,1,/home/maja/Studia/Magisterskie/Islands/islandsEA_student_fork/islands_desync/logs/more_local_40bench_continuous_fixed_v1/c25_30/j0300 12mc-co20ilu2,c25_composition3,30,1000,16,4,12,complete,maxDistance,plain,20,2,12,2721.890673588467,2723.440684279077,2723.416684319275,2724.7181637879225,0.775193437189177,0.023999959801585646,0,,9,1,2723.440684279077,2721.890673588467,12,1,246,2891.2781764358797,2721.890673588467,169.38750284741263,,,,2891.2781764358797,2721.890673588467,169.38750284741263,20.0,1000.0,2686030.6403167713,2740.8475921599706,2740.208454261243,2731.415610058097,2725.228867106138,2721.890673588467,1000.0,56.0,64.0,180.0,276.0,132,0,1.0,11,11,11.0,11,11,11.0,1,12
/home/maja/Studia/Magisterskie/Islands/islandsEA_student_fork/more_local_matrix_computation/results/continous_fixed_toplogies/more_local_40bench_continuous_fixed_v1/j0301_more_continuous_c26_composition4_ring_12_random_r1,/home/maja/Studia/Magisterskie/Islands/islandsEA_student_fork/more_local_matrix_computation/results/continous_fixed_toplogies/more_local_40bench_continuous_fixed_v1/j0301_more_continuous_c26_composition4_ring_12_random_r1/summary.csv,more_continuous_c26_composition4_ring_12_random_r1,continous_fixed_toplogies,more_local_40bench_continuous_fixed_v1,continuous,301,1,/home/maja/Studia/Magisterskie/Islands/islandsEA_student_fork/islands_desync/logs/more_local_40bench_continuous_fixed_v1/c26_30/j0301 12rr-co20ilu2,c26_composition4,30,1000,16,4,12,ring,random,plain,20,2,12,2700.83823631424,2704.06984818654,2704.2048067838223,2707.271122195063,1.9480186682267124,-0.13495859728209325,0,,1,1,2704.06984818654,2700.83823631424,12,1,246,2709.5873404763574,2700.83823631424,8.749104162117419,,,,2709.5873404763574,2700.83823631424,8.749104162117419,20.0,1000.0,2649207.6001483165,2703.273061375833,2704.5960013024423,2702.801054810713,2701.8121110119373,2700.83823631424,968.0,112.0,208.0,408.0,760.0,24,12,0.09090909090909091,2,2,2.0,2,2,2.0,1,12
/home/maja/Studia/Magisterskie/Islands/islandsEA_student_fork/more_local_matrix_computation/results/continous_fixed_toplogies/more_local_40bench_continuous_fixed_v1/j0302_more_continuous_c26_composition4_ring_12_best_r1,/home/maja/Studia/Magisterskie/Islands/islandsEA_student_fork/more_local_matrix_computation/results/continous_fixed_toplogies/more_local_40bench_continuous_fixed_v1/j0302_more_continuous_c26_composition4_ring_12_best_r1/summary.csv,more_continuous_c26_composition4_ring_12_best_r1,continous_fixed_toplogies,more_local_40bench_continuous_fixed_v1,continuous,302,1,/home/maja/Studia/Magisterskie/Islands/islandsEA_student_fork/islands_desync/logs/more_local_40bench_continuous_fixed_v1/c26_30/j0302 12br-co20ilu2,c26_composition4,30,1000,16,4,12,ring,best,plain,20,2,12,2700.9780837133912,2702.9697640517334,2702.8655417894925,2707.7545260129264,1.8910788105008087,0.10422226224090991,0,,2,1,2702.9697640517334,2700.9780837133912,12,1,246,2710.270213200515,2700.9780837133912,9.29212948712393,,,,2710.270213200515,2700.9780837133912,9.29212948712393,20.0,1000.0,2648893.9251915896,2702.952984889377,2704.4036426479147,2702.9782756230343,2701.2383157513955,2700.9780837133912,956.0,32.0,100.0,336.0,648.0,24,12,0.09090909090909091,2,2,2.0,2,2,2.0,1,12
/home/maja/Studia/Magisterskie/Islands/islandsEA_student_fork/more_local_matrix_computation/results/continous_fixed_toplogies/more_local_40bench_continuous_fixed_v1/j0303_more_continuous_c26_composition4_ring_12_worst_r1,/home/maja/Studia/Magisterskie/Islands/islandsEA_student_fork/more_local_matrix_computation/results/continous_fixed_toplogies/more_local_40bench_continuous_fixed_v1/j0303_more_continuous_c26_composition4_ring_12_worst_r1/summary.csv,more_continuous_c26_composition4_ring_12_worst_r1,continous_fixed_toplogies,more_local_40bench_continuous_fixed_v1,continuous,303,1,/home/maja/Studia/Magisterskie/Islands/islandsEA_student_fork/islands_desync/logs/more_local_40bench_continuous_fixed_v1/c26_30/j0303 12wr-co20ilu2,c26_composition4,30,1000,16,4,12,ring,worst,plain,20,2,12,2702.499592795811,2704.0901656118467,2703.650229820923,2708.611411532619,1.6757260455029235,0.4399357909237551,1,2708.61141153,0,1,2704.0901656118467,2702.499592795811,12,1,246,2707.6763650554335,2702.499592795811,5.176772259622339,,,,2707.6763650554335,2702.499592795811,5.176772259622339,20.0,1000.0,2650173.7263594056,2704.258904448373,2705.388101336792,2704.2710102175183,2703.088253479633,2702.499592795811,988.0,140.0,292.0,552.0,788.0,24,12,0.09090909090909091,2,2,2.0,2,2,2.0,1,12
/home/maja/Studia/Magisterskie/Islands/islandsEA_student_fork/more_local_matrix_computation/results/continous_fixed_toplogies/more_local_40bench_continuous_fixed_v1/j0304_more_continuous_c26_composition4_ring_12_maxDistance_r1,/home/maja/Studia/Magisterskie/Islands/islandsEA_student_fork/more_local_matrix_computation/results/continous_fixed_toplogies/more_local_40bench_continuous_fixed_v1/j0304_more_continuous_c26_composition4_ring_12_maxDistance_r1/summary.csv,more_continuous_c26_composition4_ring_12_maxDistance_r1,continous_fixed_toplogies,more_local_40bench_continuous_fixed_v1,continuous,304,1,/home/maja/Studia/Magisterskie/Islands/islandsEA_student_fork/islands_desync/logs/more_local_40bench_continuous_fixed_v1/c26_30/j0304 12mr-co20ilu2,c26_composition4,30,1000,16,4,12,ring,maxDistance,plain,20,2,12,2700.8006807400393,2702.7620539198037,2702.6227243156427,2708.128562242238,2.133124368277473,0.13932960416104834,1,2708.12856224,0,2,2702.7620539198037,2700.8006807400393,12,1,246,2708.779020433501,2700.8006807400393,7.9783396934617485,,,,2708.779020433501,2700.8006807400393,7.9783396934617485,20.0,1000.0,2648724.0909742396,2702.7796846675915,2704.4509460778404,2701.177505824062,2700.8006807400393,2700.8006807400393,632.0,148.0,244.0,396.0,468.0,24,12,0.09090909090909091,2,2,2.0,2,2,2.0,1,12
/home/maja/Studia/Magisterskie/Islands/islandsEA_student_fork/more_local_matrix_computation/results/continous_fixed_toplogies/more_local_40bench_continuous_fixed_v1/j0305_more_continuous_c26_composition4_torus_12_random_r1,/home/maja/Studia/Magisterskie/Islands/islandsEA_student_fork/more_local_matrix_computation/results/continous_fixed_toplogies/more_local_40bench_continuous_fixed_v1/j0305_more_continuous_c26_composition4_torus_12_random_r1/summary.csv,more_continuous_c26_composition4_torus_12_random_r1,continous_fixed_toplogies,more_local_40bench_continuous_fixed_v1,continuous,305,1,/home/maja/Studia/Magisterskie/Islands/islandsEA_student_fork/islands_desync/logs/more_local_40bench_continuous_fixed_v1/c26_30/j0305 12rt-co20ilu2,c26_composition4,30,1000,16,4,12,torus,random,plain,20,2,12,2701.0837580132898,2701.715524148471,2701.6129490695316,2702.4580803052045,0.5190090680322255,0.10257507893948059,0,,5,1,2701.715524148471,2701.0837580132898,12,1,246,2712.4172452051043,2701.0837580132898,11.333487191814584,,,,2712.4172452051043,2701.0837580132898,11.333487191814584,20.0,1000.0,2649394.6369094513,2703.463915213726,2705.0507613070786,2703.169116213138,2701.165028512603,2701.0837580132898,976.0,64.0,112.0,408.0,616.0,48,24,0.18181818181818182,4,4,4.0,4,4,4.0,1,12
/home/maja/Studia/Magisterskie/Islands/islandsEA_student_fork/more_local_matrix_computation/results/continous_fixed_toplogies/more_local_40bench_continuous_fixed_v1/j0306_more_continuous_c26_composition4_torus_12_best_r1,/home/maja/Studia/Magisterskie/Islands/islandsEA_student_fork/more_local_matrix_computation/results/continous_fixed_toplogies/more_local_40bench_continuous_fixed_v1/j0306_more_continuous_c26_composition4_torus_12_best_r1/summary.csv,more_continuous_c26_composition4_torus_12_best_r1,continous_fixed_toplogies,more_local_40bench_continuous_fixed_v1,continuous,306,1,/home/maja/Studia/Magisterskie/Islands/islandsEA_student_fork/islands_desync/logs/more_local_40bench_continuous_fixed_v1/c26_30/j0306 12bt-co20ilu2,c26_composition4,30,1000,16,4,12,torus,best,plain,20,2,12,2700.738194588915,2700.74867003201,2700.738194588915,2700.7633356523434,0.0123947114227846,0.010475443094946968,0,,0,7,2700.74867003201,2700.738194588915,12,1,246,2709.1036598696364,2700.738194588915,8.36546528072131,,,,2709.1036598696364,2700.738194588915,8.36546528072131,20.0,1000.0,2648057.7802063376,2702.0997757207524,2703.0264096523074,2700.9271820883882,2700.738194588915,2700.738194588915,652.0,88.0,104.0,284.0,416.0,48,24,0.18181818181818182,4,4,4.0,4,4,4.0,1,12
/home/maja/Studia/Magisterskie/Islands/islandsEA_student_fork/more_local_matrix_computation/results/continous_fixed_toplogies/more_local_40bench_continuous_fixed_v1/j0307_more_continuous_c26_composition4_torus_12_worst_r1,/home/maja/Studia/Magisterskie/Islands/islandsEA_student_fork/more_local_matrix_computation/results/continous_fixed_toplogies/more_local_40bench_continuous_fixed_v1/j0307_more_continuous_c26_composition4_torus_12_worst_r1/summary.csv,more_continuous_c26_composition4_torus_12_worst_r1,continous_fixed_toplogies,more_local_40bench_continuous_fixed_v1,continuous,307,1,/home/maja/Studia/Magisterskie/Islands/islandsEA_student_fork/islands_desync/logs/more_local_40bench_continuous_fixed_v1/c26_30/j0307 12wt-co20ilu2,c26_composition4,30,1000,16,4,12,torus,worst,plain,20,2,12,2700.795163942967,2700.9085895603725,2700.9204324068833,2701.067889817105,0.09688865653183357,-0.011842846510717209,0,,0,3,2700.9085895603725,2700.795163942967,12,1,246,2716.626253007247,2700.795163942967,15.83108906428015,,,,2716.626253007247,2700.795163942967,15.83108906428015,20.0,1000.0,2648923.0271997293,2702.9826808160506,2704.1856504417747,2702.648088797765,2700.865907155886,2700.795163942967,864.0,24.0,32.0,240.0,584.0,48,24,0.18181818181818182,4,4,4.0,4,4,4.0,1,12
/home/maja/Studia/Magisterskie/Islands/islandsEA_student_fork/more_local_matrix_computation/results/continous_fixed_toplogies/more_local_40bench_continuous_fixed_v1/j0308_more_continuous_c26_composition4_torus_12_maxDistance_r1,/home/maja/Studia/Magisterskie/Islands/islandsEA_student_fork/more_local_matrix_computation/results/continous_fixed_toplogies/more_local_40bench_continuous_fixed_v1/j0308_more_continuous_c26_composition4_torus_12_maxDistance_r1/summary.csv,more_continuous_c26_composition4_torus_12_maxDistance_r1,continous_fixed_toplogies,more_local_40bench_continuous_fixed_v1,continuous,308,1,/home/maja/Studia/Magisterskie/Islands/islandsEA_student_fork/islands_desync/logs/more_local_40bench_continuous_fixed_v1/c26_30/j0308 12mt-co20ilu2,c26_composition4,30,1000,16,4,12,torus,maxDistance,plain,20,2,12,2700.757063174485,2701.1089426175085,2701.0423318240696,2701.9716313657013,0.2996114504081057,0.06661079343894016,1,2701.97163137,8,1,2701.1089426175085,2700.757063174485,12,1,246,2713.3855358657356,2700.757063174485,12.628472691250408,,,,2713.3855358657356,2700.757063174485,12.628472691250408,20.0,1000.0,2648829.6352553787,2702.887382913652,2704.057056707939,2701.826007115994,2700.8928951499574,2700.757063174485,780.0,40.0,120.0,264.0,492.0,48,24,0.18181818181818182,4,4,4.0,4,4,4.0,1,12
/home/maja/Studia/Magisterskie/Islands/islandsEA_student_fork/more_local_matrix_computation/results/continous_fixed_toplogies/more_local_40bench_continuous_fixed_v1/j0309_more_continuous_c26_composition4_complete_12_random_r1,/home/maja/Studia/Magisterskie/Islands/islandsEA_student_fork/more_local_matrix_computation/results/continous_fixed_toplogies/more_local_40bench_continuous_fixed_v1/j0309_more_continuous_c26_composition4_complete_12_random_r1/summary.csv,more_continuous_c26_composition4_complete_12_random_r1,continous_fixed_toplogies,more_local_40bench_continuous_fixed_v1,continuous,309,1,/home/maja/Studia/Magisterskie/Islands/islandsEA_student_fork/islands_desync/logs/more_local_40bench_continuous_fixed_v1/c26_30/j0309 12rc-co20ilu2,c26_composition4,30,1000,16,4,12,complete,random,plain,20,2,12,2700.789926768424,2700.884800733102,2700.9133793208002,2700.9477240267365,0.0552247007179177,-0.028578587698120828,0,,1,2,2700.884800733102,2700.789926768424,12,1,246,2711.5231508021243,2700.789926768424,10.73322403370048,,,,2711.5231508021243,2700.789926768424,10.73322403370048,20.0,1000.0,2648729.443332475,2702.7851462576277,2703.2339223831023,2702.516602749832,2700.8172451511596,2700.789926768424,844.0,84.0,112.0,204.0,580.0,132,0,1.0,11,11,11.0,11,11,11.0,1,12
/home/maja/Studia/Magisterskie/Islands/islandsEA_student_fork/more_local_matrix_computation/results/continous_fixed_toplogies/more_local_40bench_continuous_fixed_v1/j0310_more_continuous_c26_composition4_complete_12_best_r1,/home/maja/Studia/Magisterskie/Islands/islandsEA_student_fork/more_local_matrix_computation/results/continous_fixed_toplogies/more_local_40bench_continuous_fixed_v1/j0310_more_continuous_c26_composition4_complete_12_best_r1/summary.csv,more_continuous_c26_composition4_complete_12_best_r1,continous_fixed_toplogies,more_local_40bench_continuous_fixed_v1,continuous,310,1,/home/maja/Studia/Magisterskie/Islands/islandsEA_student_fork/islands_desync/logs/more_local_40bench_continuous_fixed_v1/c26_30/j0310 12bc-co20ilu2,c26_composition4,30,1000,16,4,12,complete,best,plain,20,2,12,2700.7719701794254,2700.7739112808817,2700.7719701794254,2700.7952633969016,0.0064379052107512635,0.0019411014563956996,1,2700.7952634,0,11,2700.7739112808817,2700.7719701794254,12,1,246,2714.0074032032394,2700.7719701794254,13.23543302381404,,,,2714.0074032032394,2700.7719701794254,13.23543302381404,20.0,1000.0,2648733.2441247026,2702.7890246170437,2703.6723688378097,2702.7813079395005,2700.7719701794254,2700.7719701794254,688.0,36.0,76.0,192.0,592.0,132,0,1.0,11,11,11.0,11,11,11.0,1,12
/home/maja/Studia/Magisterskie/Islands/islandsEA_student_fork/more_local_matrix_computation/results/continous_fixed_toplogies/more_local_40bench_continuous_fixed_v1/j0311_more_continuous_c26_composition4_complete_12_worst_r1,/home/maja/Studia/Magisterskie/Islands/islandsEA_student_fork/more_local_matrix_computation/results/continous_fixed_toplogies/more_local_40bench_continuous_fixed_v1/j0311_more_continuous_c26_composition4_complete_12_worst_r1/summary.csv,more_continuous_c26_composition4_complete_12_worst_r1,continous_fixed_toplogies,more_local_40bench_continuous_fixed_v1,continuous,311,1,/home/maja/Studia/Magisterskie/Islands/islandsEA_student_fork/islands_desync/logs/more_local_40bench_continuous_fixed_v1/c26_30/j0311 12wc-co20ilu2,c26_composition4,30,1000,16,4,12,complete,worst,plain,20,2,12,2701.059439382287,2701.1186184308003,2701.1275691514074,2701.174703232838,0.028728127270200344,-0.008950720607117546,1,2701.17470323,6,1,2701.1186184308003,2701.059439382287,12,1,246,2710.4599107947847,2701.059439382287,9.400471412497609,,,,2710.4599107947847,2701.059439382287,9.400471412497609,20.0,1000.0,2648413.80994312,2702.4630713705305,2703.2746712319877,2701.2574204529706,2701.1252732714097,2701.059439382287,896.0,84.0,132.0,224.0,324.0,132,0,1.0,11,11,11.0,11,11,11.0,1,12
/home/maja/Studia/Magisterskie/Islands/islandsEA_student_fork/more_local_matrix_computation/results/continous_fixed_toplogies/more_local_40bench_continuous_fixed_v1/j0312_more_continuous_c26_composition4_complete_12_maxDistance_r1,/home/maja/Studia/Magisterskie/Islands/islandsEA_student_fork/more_local_matrix_computation/results/continous_fixed_toplogies/more_local_40bench_continuous_fixed_v1/j0312_more_continuous_c26_composition4_complete_12_maxDistance_r1/summary.csv,more_continuous_c26_composition4_complete_12_maxDistance_r1,continous_fixed_toplogies,more_local_40bench_continuous_fixed_v1,continuous,312,1,/home/maja/Studia/Magisterskie/Islands/islandsEA_student_fork/islands_desync/logs/more_local_40bench_continuous_fixed_v1/c26_30/j0312 12mc-co20ilu2,c26_composition4,30,1000,16,4,12,complete,maxDistance,plain,20,2,12,2700.7746639987577,2700.7911865374576,2700.786020388301,2700.8105053678964,0.01619639732703164,0.005166149156593747,0,,2,5,2700.7911865374576,2700.7746639987577,12,1,246,2709.8647056742257,2700.7746639987577,9.090041675468001,,,,2709.8647056742257,2700.7746639987577,9.090041675468001,20.0,1000.0,2648226.657957771,2702.272099956909,2703.3312691950114,2700.977105555875,2700.809288981103,2700.7746639987577,776.0,60.0,124.0,292.0,428.0,132,0,1.0,11,11,11.0,11,11,11.0,1,12
/home/maja/Studia/Magisterskie/Islands/islandsEA_student_fork/more_local_matrix_computation/results/continous_fixed_toplogies/more_local_40bench_continuous_fixed_v1/j0313_more_continuous_c27_composition5_ring_12_random_r1,/home/maja/Studia/Magisterskie/Islands/islandsEA_student_fork/more_local_matrix_computation/results/continous_fixed_toplogies/more_local_40bench_continuous_fixed_v1/j0313_more_continuous_c27_composition5_ring_12_random_r1/summary.csv,more_continuous_c27_composition5_ring_12_random_r1,continous_fixed_toplogies,more_local_40bench_continuous_fixed_v1,continuous,313,1,/home/maja/Studia/Magisterskie/Islands/islandsEA_student_fork/islands_desync/logs/more_local_40bench_continuous_fixed_v1/c27_30/j0313 12rr-co20ilu2,c27_composition5,30,1000,16,4,12,ring,random,plain,20,2,12,3889.8569085766567,4003.081216596248,4009.7009264718263,4210.4277656668055,81.83108029914644,-6.619709875578337,1,4210.42776567,0,1,4003.081216596248,3889.8569085766567,12,1,246,4344.562226501533,3889.8569085766567,454.705317924876,,,,4344.562226501533,3889.8569085766567,454.705317924876,20.0,1000.0,3877239.6996791824,3956.3670404889617,3987.8572658219496,3902.2077226896226,3893.6921947980145,3889.8569085766567,956.0,72.0,120.0,220.0,384.0,24,12,0.09090909090909091,2,2,2.0,2,2,2.0,1,12
/home/maja/Studia/Magisterskie/Islands/islandsEA_student_fork/more_local_matrix_computation/results/continous_fixed_toplogies/more_local_40bench_continuous_fixed_v1/j0314_more_continuous_c27_composition5_ring_12_best_r1,/home/maja/Studia/Magisterskie/Islands/islandsEA_student_fork/more_local_matrix_computation/results/continous_fixed_toplogies/more_local_40bench_continuous_fixed_v1/j0314_more_continuous_c27_composition5_ring_12_best_r1/summary.csv,more_continuous_c27_composition5_ring_12_best_r1,continous_fixed_toplogies,more_local_40bench_continuous_fixed_v1,continuous,314,1,/home/maja/Studia/Magisterskie/Islands/islandsEA_student_fork/islands_desync/logs/more_local_40bench_continuous_fixed_v1/c27_30/j0314 12br-co20ilu2,c27_composition5,30,1000,16,4,12,ring,best,plain,20,2,12,3900.5858525148005,3959.45590613979,3910.6339975541973,4213.344577442878,95.11229325235703,48.82190858559261,2,4102.68846551;4213.34457744,2,1,3959.45590613979,3900.5858525148005,12,1,246,4421.807575616155,3900.5858525148005,521.2217231013547,,,,4421.807575616155,3900.5858525148005,521.2217231013547,20.0,1000.0,3902344.109045982,3981.983784740798,4042.501669607275,3936.6145451921066,3910.7432869001564,3900.5858525148005,960.0,28.0,88.0,292.0,468.0,24,12,0.09090909090909091,2,2,2.0,2,2,2.0,1,12
/home/maja/Studia/Magisterskie/Islands/islandsEA_student_fork/more_local_matrix_computation/results/continous_fixed_toplogies/more_local_40bench_continuous_fixed_v1/j0315_more_continuous_c27_composition5_ring_12_worst_r1,/home/maja/Studia/Magisterskie/Islands/islandsEA_student_fork/more_local_matrix_computation/results/continous_fixed_toplogies/more_local_40bench_continuous_fixed_v1/j0315_more_continuous_c27_composition5_ring_12_worst_r1/summary.csv,more_continuous_c27_composition5_ring_12_worst_r1,continous_fixed_toplogies,more_local_40bench_continuous_fixed_v1,continuous,315,1,/home/maja/Studia/Magisterskie/Islands/islandsEA_student_fork/islands_desync/logs/more_local_40bench_continuous_fixed_v1/c27_30/j0315 12wr-co20ilu2,c27_composition5,30,1000,16,4,12,ring,worst,plain,20,2,12,3911.446127217996,3987.9979789825875,3934.7339546896656,4174.915487883965,84.38216694609885,53.26402429292193,0,,5,1,3987.9979789825875,3911.446127217996,12,1,246,4287.399453439075,3911.446127217996,375.9533262210789,,,,4287.399453439075,3911.446127217996,375.9533262210789,20.0,1000.0,3910374.0117800008,3990.177563040817,4072.546754460079,3947.6929921890296,3918.4395071841495,3911.446127217996,968.0,52.0,172.0,328.0,492.0,24,12,0.09090909090909091,2,2,2.0,2,2,2.0,1,12
/home/maja/Studia/Magisterskie/Islands/islandsEA_student_fork/more_local_matrix_computation/results/continous_fixed_toplogies/more_local_40bench_continuous_fixed_v1/j0316_more_continuous_c27_composition5_ring_12_maxDistance_r1,/home/maja/Studia/Magisterskie/Islands/islandsEA_student_fork/more_local_matrix_computation/results/continous_fixed_toplogies/more_local_40bench_continuous_fixed_v1/j0316_more_continuous_c27_composition5_ring_12_maxDistance_r1/summary.csv,more_continuous_c27_composition5_ring_12_maxDistance_r1,continous_fixed_toplogies,more_local_40bench_continuous_fixed_v1,continuous,316,1,/home/maja/Studia/Magisterskie/Islands/islandsEA_student_fork/islands_desync/logs/more_local_40bench_continuous_fixed_v1/c27_30/j0316 12mr-co20ilu2,c27_composition5,30,1000,16,4,12,ring,maxDistance,plain,20,2,12,3819.586519841204,3871.271204315264,3841.6281835777327,4109.3511540994305,75.20937502684438,29.643020737531515,1,4109.3511541,1,1,3871.271204315264,3819.586519841204,12,1,246,4350.076815636379,3819.586519841204,530.4902957951754,,,,4350.076815636379,3819.586519841204,530.4902957951754,20.0,1000.0,3849028.888854227,3927.5804988308437,3967.5193980993063,3916.122571265434,3848.00004398288,3819.586519841204,976.0,48.0,116.0,348.0,628.0,24,12,0.09090909090909091,2,2,2.0,2,2,2.0,1,12
/home/maja/Studia/Magisterskie/Islands/islandsEA_student_fork/more_local_matrix_computation/results/continous_fixed_toplogies/more_local_40bench_continuous_fixed_v1/j0317_more_continuous_c27_composition5_torus_12_random_r1,/home/maja/Studia/Magisterskie/Islands/islandsEA_student_fork/more_local_matrix_computation/results/continous_fixed_toplogies/more_local_40bench_continuous_fixed_v1/j0317_more_continuous_c27_composition5_torus_12_random_r1/summary.csv,more_continuous_c27_composition5_torus_12_random_r1,continous_fixed_toplogies,more_local_40bench_continuous_fixed_v1,continuous,317,1,/home/maja/Studia/Magisterskie/Islands/islandsEA_student_fork/islands_desync/logs/more_local_40bench_continuous_fixed_v1/c27_30/j0317 12rt-co20ilu2,c27_composition5,30,1000,16,4,12,torus,random,plain,20,2,12,3745.982350726387,3764.0913447476646,3757.773345511124,3809.2917976817253,18.63327035035572,6.3179992365408,3,3809.29179768;3791.4840826;3780.76160814,8,2,3764.0913447476646,3745.982350726387,12,1,246,4368.4584650594325,3745.982350726387,622.4761143330456,,,,4368.4584650594325,3745.982350726387,622.4761143330456,20.0,1000.0,3793263.7196825435,3870.6772649821874,3930.2369944648526,3830.2192838050496,3770.175672963863,3745.982350726387,944.0,36.0,164.0,296.0,652.0,48,24,0.18181818181818182,4,4,4.0,4,4,4.0,1,12
/home/maja/Studia/Magisterskie/Islands/islandsEA_student_fork/more_local_matrix_computation/results/continous_fixed_toplogies/more_local_40bench_continuous_fixed_v1/j0318_more_continuous_c27_composition5_torus_12_best_r1,/home/maja/Studia/Magisterskie/Islands/islandsEA_student_fork/more_local_matrix_computation/results/continous_fixed_toplogies/more_local_40bench_continuous_fixed_v1/j0318_more_continuous_c27_composition5_torus_12_best_r1/summary.csv,more_continuous_c27_composition5_torus_12_best_r1,continous_fixed_toplogies,more_local_40bench_continuous_fixed_v1,continuous,318,1,/home/maja/Studia/Magisterskie/Islands/islandsEA_student_fork/islands_desync/logs/more_local_40bench_continuous_fixed_v1/c27_30/j0318 12bt-co20ilu2,c27_composition5,30,1000,16,4,12,torus,best,plain,20,2,12,3876.1056911442124,3883.0916068132715,3882.236649599473,3895.311498951054,5.088042869649705,0.8549572137985706,1,3895.31149895,0,1,3883.0916068132715,3876.1056911442124,12,1,246,4420.895386234619,3876.1056911442124,544.7896950904064,,,,4420.895386234619,3876.1056911442124,544.7896950904064,20.0,1000.0,3876040.867511645,3955.1437423588213,3992.714171136341,3913.893578806571,3891.7024734077736,3876.1056911442124,1000.0,32.0,80.0,176.0,432.0,48,24,0.18181818181818182,4,4,4.0,4,4,4.0,1,12
/home/maja/Studia/Magisterskie/Islands/islandsEA_student_fork/more_local_matrix_computation/results/continous_fixed_toplogies/more_local_40bench_continuous_fixed_v1/j0319_more_continuous_c27_composition5_torus_12_worst_r1,/home/maja/Studia/Magisterskie/Islands/islandsEA_student_fork/more_local_matrix_computation/results/continous_fixed_toplogies/more_local_40bench_continuous_fixed_v1/j0319_more_continuous_c27_composition5_torus_12_worst_r1/summary.csv,more_continuous_c27_composition5_torus_12_worst_r1,continous_fixed_toplogies,more_local_40bench_continuous_fixed_v1,continuous,319,1,/home/maja/Studia/Magisterskie/Islands/islandsEA_student_fork/islands_desync/logs/more_local_40bench_continuous_fixed_v1/c27_30/j0319 12wt-co20ilu2,c27_composition5,30,1000,16,4,12,torus,worst,plain,20,2,12,3791.09312970417,3818.4812560512155,3819.5918158944196,3834.3893345379856,13.352061567351653,-1.1105598432041006,0,,5,1,3818.4812560512155,3791.09312970417,12,1,246,4364.393480394524,3791.09312970417,573.3003506903538,,,,4364.393480394524,3791.09312970417,573.3003506903538,20.0,1000.0,3835986.14843093,3914.2715800315614,3957.9218151019645,3887.072171652141,3816.987348346651,3791.09312970417,980.0,76.0,152.0,332.0,616.0,48,24,0.18181818181818182,4,4,4.0,4,4,4.0,1,12
/home/maja/Studia/Magisterskie/Islands/islandsEA_student_fork/more_local_matrix_computation/results/continous_fixed_toplogies/more_local_40bench_continuous_fixed_v1/j0320_more_continuous_c27_composition5_torus_12_maxDistance_r1,/home/maja/Studia/Magisterskie/Islands/islandsEA_student_fork/more_local_matrix_computation/results/continous_fixed_toplogies/more_local_40bench_continuous_fixed_v1/j0320_more_continuous_c27_composition5_torus_12_maxDistance_r1/summary.csv,more_continuous_c27_composition5_torus_12_maxDistance_r1,continous_fixed_toplogies,more_local_40bench_continuous_fixed_v1,continuous,320,1,/home/maja/Studia/Magisterskie/Islands/islandsEA_student_fork/islands_desync/logs/more_local_40bench_continuous_fixed_v1/c27_30/j0320 12mt-co20ilu2,c27_composition5,30,1000,16,4,12,torus,maxDistance,plain,20,2,12,3678.2680966409594,3693.9242051755537,3689.2841431337183,3729.8142428958445,14.26763326668013,4.6400620418353355,2,3729.8142429;3714.85108438,11,1,3693.9242051755537,3678.2680966409594,12,1,246,4325.544569392052,3678.2680966409594,647.2764727510926,,,,4325.544569392052,3678.2680966409594,647.2764727510926,20.0,1000.0,3737416.117468798,3813.6899157844878,3966.6498708448453,3697.4709053188117,3685.946797890674,3678.2680966409594,972.0,92.0,184.0,328.0,392.0,48,24,0.18181818181818182,4,4,4.0,4,4,4.0,1,12
/home/maja/Studia/Magisterskie/Islands/islandsEA_student_fork/more_local_matrix_computation/results/continous_fixed_toplogies/more_local_40bench_continuous_fixed_v1/j0321_more_continuous_c27_composition5_complete_12_random_r1,/home/maja/Studia/Magisterskie/Islands/islandsEA_student_fork/more_local_matrix_computation/results/continous_fixed_toplogies/more_local_40bench_continuous_fixed_v1/j0321_more_continuous_c27_composition5_complete_12_random_r1/summary.csv,more_continuous_c27_composition5_complete_12_random_r1,continous_fixed_toplogies,more_local_40bench_continuous_fixed_v1,continuous,321,1,/home/maja/Studia/Magisterskie/Islands/islandsEA_student_fork/islands_desync/logs/more_local_40bench_continuous_fixed_v1/c27_30/j0321 12rc-co20ilu2,c27_composition5,30,1000,16,4,12,complete,random,plain,20,2,12,3798.0483927873784,3804.7673463148176,3803.4055081505203,3823.2312964472176,6.469279925680019,1.3618381642972963,1,3823.23129645,5,1,3804.7673463148176,3798.0483927873784,12,1,246,4420.2937323394135,3798.0483927873784,622.2453395520351,,,,4420.2937323394135,3798.0483927873784,622.2453395520351,20.0,1000.0,3821015.195174465,3898.995097116801,3931.8192728804793,3856.6262933863736,3809.3071976776964,3798.0483927873784,996.0,32.0,104.0,236.0,496.0,132,0,1.0,11,11,11.0,11,11,11.0,1,12
/home/maja/Studia/Magisterskie/Islands/islandsEA_student_fork/more_local_matrix_computation/results/continous_fixed_toplogies/more_local_40bench_continuous_fixed_v1/j0322_more_continuous_c27_composition5_complete_12_best_r1,/home/maja/Studia/Magisterskie/Islands/islandsEA_student_fork/more_local_matrix_computation/results/continous_fixed_toplogies/more_local_40bench_continuous_fixed_v1/j0322_more_continuous_c27_composition5_complete_12_best_r1/summary.csv,more_continuous_c27_composition5_complete_12_best_r1,continous_fixed_toplogies,more_local_40bench_continuous_fixed_v1,continuous,322,1,/home/maja/Studia/Magisterskie/Islands/islandsEA_student_fork/islands_desync/logs/more_local_40bench_continuous_fixed_v1/c27_30/j0322 12bc-co20ilu2,c27_composition5,30,1000,16,4,12,complete,best,plain,20,2,12,3706.5897562053087,3713.5956833113405,3711.4397727054757,3729.0622458371513,6.635853448069607,2.1559106058648467,1,3729.06224584,6,1,3713.5956833113405,3706.5897562053087,12,1,246,4268.468038003974,3706.5897562053087,561.8782817986648,,,,4268.468038003974,3706.5897562053087,561.8782817986648,20.0,1000.0,3739143.800700986,3815.452857858149,3855.0049137882734,3764.006784611928,3732.01172020758,3706.5897562053087,1000.0,76.0,152.0,268.0,512.0,132,0,1.0,11,11,11.0,11,11,11.0,1,12
/home/maja/Studia/Magisterskie/Islands/islandsEA_student_fork/more_local_matrix_computation/results/continous_fixed_toplogies/more_local_40bench_continuous_fixed_v1/j0323_more_continuous_c27_composition5_complete_12_worst_r1,/home/maja/Studia/Magisterskie/Islands/islandsEA_student_fork/more_local_matrix_computation/results/continous_fixed_toplogies/more_local_40bench_continuous_fixed_v1/j0323_more_continuous_c27_composition5_complete_12_worst_r1/summary.csv,more_continuous_c27_composition5_complete_12_worst_r1,continous_fixed_toplogies,more_local_40bench_continuous_fixed_v1,continuous,323,1,/home/maja/Studia/Magisterskie/Islands/islandsEA_student_fork/islands_desync/logs/more_local_40bench_continuous_fixed_v1/c27_30/j0323 12wc-co20ilu2,c27_composition5,30,1000,16,4,12,complete,worst,plain,20,2,12,3736.881708460703,3764.796972145499,3766.2331590719377,3785.240027224302,12.292532744960958,-1.4361869264389497,0,,2,1,3764.796972145499,3736.881708460703,12,1,246,4379.60086930825,3736.881708460703,642.7191608475473,,,,4379.60086930825,3736.881708460703,642.7191608475473,20.0,1000.0,3833621.8911917647,3911.8590726446578,4071.1639738573103,3884.62727798471,3768.0239749753755,3736.881708460703,984.0,44.0,256.0,464.0,596.0,132,0,1.0,11,11,11.0,11,11,11.0,1,12
/home/maja/Studia/Magisterskie/Islands/islandsEA_student_fork/more_local_matrix_computation/results/continous_fixed_toplogies/more_local_40bench_continuous_fixed_v1/j0324_more_continuous_c27_composition5_complete_12_maxDistance_r1,/home/maja/Studia/Magisterskie/Islands/islandsEA_student_fork/more_local_matrix_computation/results/continous_fixed_toplogies/more_local_40bench_continuous_fixed_v1/j0324_more_continuous_c27_composition5_complete_12_maxDistance_r1/summary.csv,more_continuous_c27_composition5_complete_12_maxDistance_r1,continous_fixed_toplogies,more_local_40bench_continuous_fixed_v1,continuous,324,1,/home/maja/Studia/Magisterskie/Islands/islandsEA_student_fork/islands_desync/logs/more_local_40bench_continuous_fixed_v1/c27_30/j0324 12mc-co20ilu2,c27_composition5,30,1000,16,4,12,complete,maxDistance,plain,20,2,12,3707.751625235207,3727.6503991201866,3725.134595590443,3762.910401574086,13.59358375234166,2.515803529743607,1,3762.91040157,9,1,3727.6503991201866,3707.751625235207,12,1,246,4338.100769426713,3707.751625235207,630.3491441915057,,,,4338.100769426713,3707.751625235207,630.3491441915057,20.0,1000.0,3749946.0687660906,3826.4755803735616,3894.1675115498256,3771.599337266307,3717.2595773955927,3707.751625235207,980.0,84.0,128.0,276.0,512.0,132,0,1.0,11,11,11.0,11,11,11.0,1,12
/home/maja/Studia/Magisterskie/Islands/islandsEA_student_fork/more_local_matrix_computation/results/continous_fixed_toplogies/more_local_40bench_continuous_fixed_v1/j0325_more_continuous_c28_composition6_ring_12_random_r1,/home/maja/Studia/Magisterskie/Islands/islandsEA_student_fork/more_local_matrix_computation/results/continous_fixed_toplogies/more_local_40bench_continuous_fixed_v1/j0325_more_continuous_c28_composition6_ring_12_random_r1/summary.csv,more_continuous_c28_composition6_ring_12_random_r1,continous_fixed_toplogies,more_local_40bench_continuous_fixed_v1,continuous,325,1,/home/maja/Studia/Magisterskie/Islands/islandsEA_student_fork/islands_desync/logs/more_local_40bench_continuous_fixed_v1/c28_30/j0325 12rr-co20ilu2,c28_composition6,30,1000,16,4,12,ring,random,plain,20,2,12,3433.092261854569,3636.2681680627848,3600.2894138807533,4083.568004800703,203.9887378005085,35.97875418203148,1,4083.5680048,1,1,3636.2681680627848,3433.092261854569,12,1,246,6111.856312669616,3433.092261854569,2678.764050815047,,,,6111.856312669616,3433.092261854569,2678.764050815047,20.0,1000.0,3768035.5159641244,3844.934199963392,4012.797577581246,3677.7093314288813,3467.2007016405914,3433.092261854569,984.0,52.0,80.0,200.0,456.0,24,12,0.09090909090909091,2,2,2.0,2,2,2.0,1,12
/home/maja/Studia/Magisterskie/Islands/islandsEA_student_fork/more_local_matrix_computation/results/continous_fixed_toplogies/more_local_40bench_continuous_fixed_v1/j0326_more_continuous_c28_composition6_ring_12_best_r1,/home/maja/Studia/Magisterskie/Islands/islandsEA_student_fork/more_local_matrix_computation/results/continous_fixed_toplogies/more_local_40bench_continuous_fixed_v1/j0326_more_continuous_c28_composition6_ring_12_best_r1/summary.csv,more_continuous_c28_composition6_ring_12_best_r1,continous_fixed_toplogies,more_local_40bench_continuous_fixed_v1,continuous,326,1,/home/maja/Studia/Magisterskie/Islands/islandsEA_student_fork/islands_desync/logs/more_local_40bench_continuous_fixed_v1/c28_30/j0326 12br-co20ilu2,c28_composition6,30,1000,16,4,12,ring,best,plain,20,2,12,3503.317672943267,3796.6671189770004,3702.240582141121,4594.7750220817525,300.1073585419147,94.42653683587923,1,4594.77502208,0,1,3796.6671189770004,3503.317672943267,12,1,246,6107.199360634492,3503.317672943267,2603.881687691225,,,,6107.199360634492,3503.317672943267,2603.881687691225,20.0,1000.0,3726277.3734441805,3802.3238504532455,3809.183898082277,3655.965934760347,3574.754696868198,3503.317672943267,988.0,32.0,64.0,140.0,320.0,24,12,0.09090909090909091,2,2,2.0,2,2,2.0,1,12
/home/maja/Studia/Magisterskie/Islands/islandsEA_student_fork/more_local_matrix_computation/results/continous_fixed_toplogies/more_local_40bench_continuous_fixed_v1/j0327_more_continuous_c28_composition6_ring_12_worst_r1,/home/maja/Studia/Magisterskie/Islands/islandsEA_student_fork/more_local_matrix_computation/results/continous_fixed_toplogies/more_local_40bench_continuous_fixed_v1/j0327_more_continuous_c28_composition6_ring_12_worst_r1/summary.csv,more_continuous_c28_composition6_ring_12_worst_r1,continous_fixed_toplogies,more_local_40bench_continuous_fixed_v1,continuous,327,1,/home/maja/Studia/Magisterskie/Islands/islandsEA_student_fork/islands_desync/logs/more_local_40bench_continuous_fixed_v1/c28_30/j0327 12wr-co20ilu2,c28_composition6,30,1000,16,4,12,ring,worst,plain,20,2,12,3462.9364832127476,3659.4491688726876,3538.1997182907817,4734.395073530724,347.2115981513654,121.24945058190588,2,3954.23882755;4734.39507353,3,1,3659.4491688726876,3462.9364832127476,12,1,246,5916.557274702574,3462.9364832127476,2453.620791489827,,,,5916.557274702574,3462.9364832127476,2453.620791489827,20.0,1000.0,3755799.3698185696,3832.4483365495607,3869.28288411291,3690.8223218680496,3532.5423662413996,3462.9364832127476,988.0,72.0,84.0,152.0,468.0,24,12,0.09090909090909091,2,2,2.0,2,2,2.0,1,12
/home/maja/Studia/Magisterskie/Islands/islandsEA_student_fork/more_local_matrix_computation/results/continous_fixed_toplogies/more_local_40bench_continuous_fixed_v1/j0328_more_continuous_c28_composition6_ring_12_maxDistance_r1,/home/maja/Studia/Magisterskie/Islands/islandsEA_student_fork/more_local_matrix_computation/results/continous_fixed_toplogies/more_local_40bench_continuous_fixed_v1/j0328_more_continuous_c28_composition6_ring_12_maxDistance_r1/summary.csv,more_continuous_c28_composition6_ring_12_maxDistance_r1,continous_fixed_toplogies,more_local_40bench_continuous_fixed_v1,continuous,328,1,/home/maja/Studia/Magisterskie/Islands/islandsEA_student_fork/islands_desync/logs/more_local_40bench_continuous_fixed_v1/c28_30/j0328 12mr-co20ilu2,c28_composition6,30,1000,16,4,12,ring,maxDistance,plain,20,2,12,3578.563486630326,3710.5145856789118,3633.971763869381,4106.2741163662995,160.4347826419236,76.54282180953078,0,,0,1,3710.5145856789118,3578.563486630326,12,1,246,5365.40492575116,3578.563486630326,1786.8414391208335,,,,5365.40492575116,3578.563486630326,1786.8414391208335,20.0,1000.0,3834755.8698302037,3913.0161937042894,4153.311423087636,3722.8664353340746,3585.3604454902043,3578.563486630326,948.0,76.0,88.0,304.0,492.0,24,12,0.09090909090909091,2,2,2.0,2,2,2.0,1,12
/home/maja/Studia/Magisterskie/Islands/islandsEA_student_fork/more_local_matrix_computation/results/continous_fixed_toplogies/more_local_40bench_continuous_fixed_v1/j0329_more_continuous_c28_composition6_torus_12_random_r1,/home/maja/Studia/Magisterskie/Islands/islandsEA_student_fork/more_local_matrix_computation/results/continous_fixed_toplogies/more_local_40bench_continuous_fixed_v1/j0329_more_continuous_c28_composition6_torus_12_random_r1/summary.csv,more_continuous_c28_composition6_torus_12_random_r1,continous_fixed_toplogies,more_local_40bench_continuous_fixed_v1,continuous,329,1,/home/maja/Studia/Magisterskie/Islands/islandsEA_student_fork/islands_desync/logs/more_local_40bench_continuous_fixed_v1/c28_30/j0329 12rt-co20ilu2,c28_composition6,30,1000,16,4,12,torus,random,plain,20,2,12,3379.103452558913,3387.266068882872,3388.2261998514978,3392.671216829195,3.587154139970267,-0.9601309686258901,0,,3,1,3387.266068882872,3379.103452558913,12,1,246,4997.334745416039,3379.103452558913,1618.2312928571264,,,,4997.334745416039,3379.103452558913,1618.2312928571264,20.0,1000.0,3572383.270288823,3645.2890513151256,3711.692652116159,3434.2959311575014,3388.5731532849877,3379.103452558913,996.0,84.0,160.0,212.0,340.0,48,24,0.18181818181818182,4,4,4.0,4,4,4.0,1,12
/home/maja/Studia/Magisterskie/Islands/islandsEA_student_fork/more_local_matrix_computation/results/continous_fixed_toplogies/more_local_40bench_continuous_fixed_v1/j0330_more_continuous_c28_composition6_torus_12_best_r1,/home/maja/Studia/Magisterskie/Islands/islandsEA_student_fork/more_local_matrix_computation/results/continous_fixed_toplogies/more_local_40bench_continuous_fixed_v1/j0330_more_continuous_c28_composition6_torus_12_best_r1/summary.csv,more_continuous_c28_composition6_torus_12_best_r1,continous_fixed_toplogies,more_local_40bench_continuous_fixed_v1,continuous,330,1,/home/maja/Studia/Magisterskie/Islands/islandsEA_student_fork/islands_desync/logs/more_local_40bench_continuous_fixed_v1/c28_30/j0330 12bt-co20ilu2,c28_composition6,30,1000,16,4,12,torus,best,plain,20,2,12,3388.486107964662,3394.8250957515684,3395.1245773647192,3399.765301567864,3.3201402635003516,-0.2994816131508742,0,,4,1,3394.8250957515684,3388.486107964662,12,1,246,6501.559342604464,3388.486107964662,3113.073234639802,,,,6501.559342604464,3388.486107964662,3113.073234639802,20.0,1000.0,3612134.2764375806,3685.8513024873273,3632.7380775549514,3515.7816677640794,3405.6212811783876,3388.486107964662,980.0,48.0,76.0,108.0,216.0,48,24,0.18181818181818182,4,4,4.0,4,4,4.0,1,12
/home/maja/Studia/Magisterskie/Islands/islandsEA_student_fork/more_local_matrix_computation/results/continous_fixed_toplogies/more_local_40bench_continuous_fixed_v1/j0331_more_continuous_c28_composition6_torus_12_worst_r1,/home/maja/Studia/Magisterskie/Islands/islandsEA_student_fork/more_local_matrix_computation/results/continous_fixed_toplogies/more_local_40bench_continuous_fixed_v1/j0331_more_continuous_c28_composition6_torus_12_worst_r1/summary.csv,more_continuous_c28_composition6_torus_12_worst_r1,continous_fixed_toplogies,more_local_40bench_continuous_fixed_v1,continuous,331,1,/home/maja/Studia/Magisterskie/Islands/islandsEA_student_fork/islands_desync/logs/more_local_40bench_continuous_fixed_v1/c28_30/j0331 12wt-co20ilu2,c28_composition6,30,1000,16,4,12,torus,worst,plain,20,2,12,3457.6273674721333,3485.9480398236774,3484.5576955805764,3516.8398923445507,14.688631604626703,1.3903442431010262,1,3516.83989234,1,1,3485.9480398236774,3457.6273674721333,12,1,246,5765.350063482236,3457.6273674721333,2307.7226960101025,,,,5765.350063482236,3457.6273674721333,2307.7226960101025,20.0,1000.0,3681137.1089422954,3756.2623560635666,3786.272133424439,3567.2017910008185,3503.251335071913,3457.6273674721333,996.0,68.0,96.0,124.0,332.0,48,24,0.18181818181818182,4,4,4.0,4,4,4.0,1,12
/home/maja/Studia/Magisterskie/Islands/islandsEA_student_fork/more_local_matrix_computation/results/continous_fixed_toplogies/more_local_40bench_continuous_fixed_v1/j0332_more_continuous_c28_composition6_torus_12_maxDistance_r1,/home/maja/Studia/Magisterskie/Islands/islandsEA_student_fork/more_local_matrix_computation/results/continous_fixed_toplogies/more_local_40bench_continuous_fixed_v1/j0332_more_continuous_c28_composition6_torus_12_maxDistance_r1/summary.csv,more_continuous_c28_composition6_torus_12_maxDistance_r1,continous_fixed_toplogies,more_local_40bench_continuous_fixed_v1,continuous,332,1,/home/maja/Studia/Magisterskie/Islands/islandsEA_student_fork/islands_desync/logs/more_local_40bench_continuous_fixed_v1/c28_30/j0332 12mt-co20ilu2,c28_composition6,30,1000,16,4,12,torus,maxDistance,plain,20,2,12,3398.9248850308877,3409.589279972998,3407.234544227262,3424.344834322284,8.330252766400386,2.3547357457359794,0,,2,1,3409.589279972998,3398.9248850308877,12,1,246,6754.845941396899,3398.9248850308877,3355.9210563660117,,,,6754.845941396899,3398.9248850308877,3355.9210563660117,20.0,1000.0,3585790.9451367855,3658.9703521803935,3688.2566973278067,3423.855634854028,3402.0147012429193,3398.9248850308877,996.0,28.0,60.0,128.0,224.0,48,24,0.18181818181818182,4,4,4.0,4,4,4.0,1,12
/home/maja/Studia/Magisterskie/Islands/islandsEA_student_fork/more_local_matrix_computation/results/continous_fixed_toplogies/more_local_40bench_continuous_fixed_v1/j0333_more_continuous_c28_composition6_complete_12_random_r1,/home/maja/Studia/Magisterskie/Islands/islandsEA_student_fork/more_local_matrix_computation/results/continous_fixed_toplogies/more_local_40bench_continuous_fixed_v1/j0333_more_continuous_c28_composition6_complete_12_random_r1/summary.csv,more_continuous_c28_composition6_complete_12_random_r1,continous_fixed_toplogies,more_local_40bench_continuous_fixed_v1,continuous,333,1,/home/maja/Studia/Magisterskie/Islands/islandsEA_student_fork/islands_desync/logs/more_local_40bench_continuous_fixed_v1/c28_30/j0333 12rc-co20ilu2,c28_composition6,30,1000,16,4,12,complete,random,plain,20,2,12,3299.040143674558,3301.797476133587,3301.705224805108,3304.2098322655193,1.6311008964926643,0.09225132847905115,0,,7,1,3301.797476133587,3299.040143674558,12,1,246,5851.166958599203,3299.040143674558,2552.1268149246453,,,,5851.166958599203,3299.040143674558,2552.1268149246453,20.0,1000.0,3541491.315253394,3613.766648217749,3672.3766532801183,3402.698906322913,3326.700401818417,3299.040143674558,996.0,48.0,92.0,192.0,296.0,132,0,1.0,11,11,11.0,11,11,11.0,1,12
/home/maja/Studia/Magisterskie/Islands/islandsEA_student_fork/more_local_matrix_computation/results/continous_fixed_toplogies/more_local_40bench_continuous_fixed_v1/j0334_more_continuous_c28_composition6_complete_12_best_r1,/home/maja/Studia/Magisterskie/Islands/islandsEA_student_fork/more_local_matrix_computation/results/continous_fixed_toplogies/more_local_40bench_continuous_fixed_v1/j0334_more_continuous_c28_composition6_complete_12_best_r1/summary.csv,more_continuous_c28_composition6_complete_12_best_r1,continous_fixed_toplogies,more_local_40bench_continuous_fixed_v1,continuous,334,1,/home/maja/Studia/Magisterskie/Islands/islandsEA_student_fork/islands_desync/logs/more_local_40bench_continuous_fixed_v1/c28_30/j0334 12bc-co20ilu2,c28_composition6,30,1000,16,4,12,complete,best,plain,20,2,12,3398.4965332526963,3399.993449488495,3399.734367052577,3403.2664735124335,1.0896464384016353,0.25908243591811697,1,3403.26647351,2,1,3399.993449488495,3398.4965332526963,12,1,246,5719.327594462297,3398.4965332526963,2320.831061209601,,,,5719.327594462297,3398.4965332526963,2320.831061209601,20.0,1000.0,3496272.0086890566,3567.624498662303,3459.0547845761625,3407.945076869242,3401.382418953772,3398.4965332526963,996.0,64.0,88.0,116.0,152.0,132,0,1.0,11,11,11.0,11,11,11.0,1,12
/home/maja/Studia/Magisterskie/Islands/islandsEA_student_fork/more_local_matrix_computation/results/continous_fixed_toplogies/more_local_40bench_continuous_fixed_v1/j0335_more_continuous_c28_composition6_complete_12_worst_r1,/home/maja/Studia/Magisterskie/Islands/islandsEA_student_fork/more_local_matrix_computation/results/continous_fixed_toplogies/more_local_40bench_continuous_fixed_v1/j0335_more_continuous_c28_composition6_complete_12_worst_r1/summary.csv,more_continuous_c28_composition6_complete_12_worst_r1,continous_fixed_toplogies,more_local_40bench_continuous_fixed_v1,continuous,335,1,/home/maja/Studia/Magisterskie/Islands/islandsEA_student_fork/islands_desync/logs/more_local_40bench_continuous_fixed_v1/c28_30/j0335 12wc-co20ilu2,c28_composition6,30,1000,16,4,12,complete,worst,plain,20,2,12,3321.2113422753055,3330.0738159458633,3327.582022956374,3356.038882395491,8.798775282895903,2.491792989489113,1,3356.0388824,1,1,3330.0738159458633,3321.2113422753055,12,1,246,6204.372979495725,3321.2113422753055,2883.16163722042,,,,6204.372979495725,3321.2113422753055,2883.16163722042,20.0,1000.0,3620458.471652514,3694.345379237259,3727.8385458168564,3421.022800992931,3336.356774172914,3321.2113422753055,1000.0,60.0,128.0,184.0,300.0,132,0,1.0,11,11,11.0,11,11,11.0,1,12
/home/maja/Studia/Magisterskie/Islands/islandsEA_student_fork/more_local_matrix_computation/results/continous_fixed_toplogies/more_local_40bench_continuous_fixed_v1/j0336_more_continuous_c28_composition6_complete_12_maxDistance_r1,/home/maja/Studia/Magisterskie/Islands/islandsEA_student_fork/more_local_matrix_computation/results/continous_fixed_toplogies/more_local_40bench_continuous_fixed_v1/j0336_more_continuous_c28_composition6_complete_12_maxDistance_r1/summary.csv,more_continuous_c28_composition6_complete_12_maxDistance_r1,continous_fixed_toplogies,more_local_40bench_continuous_fixed_v1,continuous,336,1,/home/maja/Studia/Magisterskie/Islands/islandsEA_student_fork/islands_desync/logs/more_local_40bench_continuous_fixed_v1/c28_30/j0336 12mc-co20ilu2,c28_composition6,30,1000,16,4,12,complete,maxDistance,plain,20,2,12,3358.1182265660473,3362.6064606379437,3362.8818581400465,3367.766583974467,2.5496238793161594,-0.27539750210280545,0,,1,1,3362.6064606379437,3358.1182265660473,12,1,246,6626.495279489991,3358.1182265660473,3268.3770529239437,,,,6626.495279489991,3358.1182265660473,3268.3770529239437,20.0,1000.0,3700671.4483245844,3776.1953554332495,3798.8641435743607,3499.163060270238,3385.8745983898484,3358.1182265660473,996.0,40.0,88.0,184.0,384.0,132,0,1.0,11,11,11.0,11,11,11.0,1,12
/home/maja/Studia/Magisterskie/Islands/islandsEA_student_fork/more_local_matrix_computation/results/continous_fixed_toplogies/more_local_40bench_continuous_fixed_v1/j0337_more_continuous_c29_composition7_ring_12_random_r1,/home/maja/Studia/Magisterskie/Islands/islandsEA_student_fork/more_local_matrix_computation/results/continous_fixed_toplogies/more_local_40bench_continuous_fixed_v1/j0337_more_continuous_c29_composition7_ring_12_random_r1/summary.csv,more_continuous_c29_composition7_ring_12_random_r1,continous_fixed_toplogies,more_local_40bench_continuous_fixed_v1,continuous,337,1,/home/maja/Studia/Magisterskie/Islands/islandsEA_student_fork/islands_desync/logs/more_local_40bench_continuous_fixed_v1/c29_30/j0337 12rr-co20ilu2,c29_composition7,30,1000,16,4,12,ring,random,plain,20,2,12,12098390.677068232,123669238.87425391,104898682.27923799,500887511.29120773,122890689.50591522,18770556.59501593,1,500887511.291,1,1,123669238.87425391,12098390.677068232,12,1,246,2392099083.8307934,12098390.677068232,2380000693.153725,,,,2392099083.8307934,12098390.677068232,2380000693.153725,20.0,1000.0,182433318687.99487,186156447.6408111,186787085.67098343,54796018.39959176,22400415.729309753,12098390.677068232,984.0,44.0,44.0,96.0,164.0,24,12,0.09090909090909091,2,2,2.0,2,2,2.0,1,12
/home/maja/Studia/Magisterskie/Islands/islandsEA_student_fork/more_local_matrix_computation/results/continous_fixed_toplogies/more_local_40bench_continuous_fixed_v1/j0338_more_continuous_c29_composition7_ring_12_best_r1,/home/maja/Studia/Magisterskie/Islands/islandsEA_student_fork/more_local_matrix_computation/results/continous_fixed_toplogies/more_local_40bench_continuous_fixed_v1/j0338_more_continuous_c29_composition7_ring_12_best_r1/summary.csv,more_continuous_c29_composition7_ring_12_best_r1,continous_fixed_toplogies,more_local_40bench_continuous_fixed_v1,continuous,338,1,/home/maja/Studia/Magisterskie/Islands/islandsEA_student_fork/islands_desync/logs/more_local_40bench_continuous_fixed_v1/c29_30/j0338 12br-co20ilu2,c29_composition7,30,1000,16,4,12,ring,best,plain,20,2,12,10522132.10346366,150768024.53933075,92743922.90198345,693362778.8785932,188120270.3550528,58024101.637347296,2,360203397.27;693362778.879,0,1,150768024.53933075,10522132.10346366,12,1,246,5848548585.683841,10522132.10346366,5838026453.580377,,,,5848548585.683841,10522132.10346366,5838026453.580377,20.0,1000.0,270020373731.77316,275530993.6038502,120521537.80942516,37731474.52660592,20867515.187977724,10522132.10346366,992.0,32.0,52.0,60.0,104.0,24,12,0.09090909090909091,2,2,2.0,2,2,2.0,1,12
/home/maja/Studia/Magisterskie/Islands/islandsEA_student_fork/more_local_matrix_computation/results/continous_fixed_toplogies/more_local_40bench_continuous_fixed_v1/j0339_more_continuous_c29_composition7_ring_12_worst_r1,/home/maja/Studia/Magisterskie/Islands/islandsEA_student_fork/more_local_matrix_computation/results/continous_fixed_toplogies/more_local_40bench_continuous_fixed_v1/j0339_more_continuous_c29_composition7_ring_12_worst_r1/summary.csv,more_continuous_c29_composition7_ring_12_worst_r1,continous_fixed_toplogies,more_local_40bench_continuous_fixed_v1,continuous,339,1,/home/maja/Studia/Magisterskie/Islands/islandsEA_student_fork/islands_desync/logs/more_local_40bench_continuous_fixed_v1/c29_30/j0339 12wr-co20ilu2,c29_composition7,30,1000,16,4,12,ring,worst,plain,20,2,12,4400873.735212617,193208001.01224315,48983568.74822274,1375507350.2969718,368600057.51757425,144224432.2640204,1,1375507350.3,0,1,193208001.01224315,4400873.735212617,12,1,246,7294971294.359133,4400873.735212617,7290570420.62392,,,,7294971294.359133,4400873.735212617,7290570420.62392,20.0,1000.0,365712973554.56824,373176503.6271104,305567225.0063682,35326131.28017582,6139440.681974011,4400873.735212617,992.0,32.0,48.0,80.0,124.0,24,12,0.09090909090909091,2,2,2.0,2,2,2.0,1,12
/home/maja/Studia/Magisterskie/Islands/islandsEA_student_fork/more_local_matrix_computation/results/continous_fixed_toplogies/more_local_40bench_continuous_fixed_v1/j0340_more_continuous_c29_composition7_ring_12_maxDistance_r1,/home/maja/Studia/Magisterskie/Islands/islandsEA_student_fork/more_local_matrix_computation/results/continous_fixed_toplogies/more_local_40bench_continuous_fixed_v1/j0340_more_continuous_c29_composition7_ring_12_maxDistance_r1/summary.csv,more_continuous_c29_composition7_ring_12_maxDistance_r1,continous_fixed_toplogies,more_local_40bench_continuous_fixed_v1,continuous,340,1,/home/maja/Studia/Magisterskie/Islands/islandsEA_student_fork/islands_desync/logs/more_local_40bench_continuous_fixed_v1/c29_30/j0340 12mr-co20ilu2,c29_composition7,30,1000,16,4,12,ring,maxDistance,plain,20,2,12,11650195.216956045,176497690.1418161,42324919.80165344,1061865265.1516427,290087462.230297,134172770.34016266,1,1061865265.15,4,1,176497690.1418161,11650195.216956045,12,1,246,2382563863.5243626,11650195.216956045,2370913668.3074064,,,,2382563863.5243626,11650195.216956045,2370913668.3074064,20.0,1000.0,225848021272.3478,230457164.5636202,123392164.94710365,47313728.572151795,19310205.51800181,11650195.216956045,1000.0,52.0,84.0,140.0,212.0,24,12,0.09090909090909091,2,2,2.0,2,2,2.0,1,12
/home/maja/Studia/Magisterskie/Islands/islandsEA_student_fork/more_local_matrix_computation/results/continous_fixed_toplogies/more_local_40bench_continuous_fixed_v1/j0341_more_continuous_c29_composition7_torus_12_random_r1,/home/maja/Studia/Magisterskie/Islands/islandsEA_student_fork/more_local_matrix_computation/results/continous_fixed_toplogies/more_local_40bench_continuous_fixed_v1/j0341_more_continuous_c29_composition7_torus_12_random_r1/summary.csv,more_continuous_c29_composition7_torus_12_random_r1,continous_fixed_toplogies,more_local_40bench_continuous_fixed_v1,continuous,341,1,/home/maja/Studia/Magisterskie/Islands/islandsEA_student_fork/islands_desync/logs/more_local_40bench_continuous_fixed_v1/c29_30/j0341 12rt-co20ilu2,c29_composition7,30,1000,16,4,12,torus,random,plain,20,2,12,3115534.05905059,3370271.8863679427,3353836.2658139137,3682527.076954482,157048.5815731232,16435.62055402901,2,3599766.56189;3682527.07695,4,1,3370271.8863679427,3115534.05905059,12,1,246,3464386130.0676565,3115534.05905059,3461270596.008606,,,,3464386130.0676565,3115534.05905059,3461270596.008606,20.0,1000.0,193710388227.62085,197663661.45675597,51557392.36043761,7354345.132265553,3664262.7844665395,3115534.05905059,988.0,48.0,68.0,92.0,128.0,48,24,0.18181818181818182,4,4,4.0,4,4,4.0,1,12
/home/maja/Studia/Magisterskie/Islands/islandsEA_student_fork/more_local_matrix_computation/results/continous_fixed_toplogies/more_local_40bench_continuous_fixed_v1/j0342_more_continuous_c29_composition7_torus_12_best_r1,/home/maja/Studia/Magisterskie/Islands/islandsEA_student_fork/more_local_matrix_computation/results/continous_fixed_toplogies/more_local_40bench_continuous_fixed_v1/j0342_more_continuous_c29_composition7_torus_12_best_r1/summary.csv,more_continuous_c29_composition7_torus_12_best_r1,continous_fixed_toplogies,more_local_40bench_continuous_fixed_v1,continuous,342,1,/home/maja/Studia/Magisterskie/Islands/islandsEA_student_fork/islands_desync/logs/more_local_40bench_continuous_fixed_v1/c29_30/j0342 12bt-co20ilu2,c29_composition7,30,1000,16,4,12,torus,best,plain,20,2,12,3593959.0765490546,5025563.086432653,5167469.432158599,5797396.848736024,594559.0452587949,-141906.34572594613,0,,10,1,5025563.086432653,3593959.0765490546,12,1,246,8543747019.672688,3593959.0765490546,8540153060.596138,,,,8543747019.672688,3593959.0765490546,8540153060.596138,20.0,1000.0,239089281488.97562,243968654.58058736,53404137.028300114,8750477.921153963,4287925.684375096,3593959.0765490546,1000.0,36.0,40.0,40.0,76.0,48,24,0.18181818181818182,4,4,4.0,4,4,4.0,1,12
/home/maja/Studia/Magisterskie/Islands/islandsEA_student_fork/more_local_matrix_computation/results/continous_fixed_toplogies/more_local_40bench_continuous_fixed_v1/j0343_more_continuous_c29_composition7_torus_12_worst_r1,/home/maja/Studia/Magisterskie/Islands/islandsEA_student_fork/more_local_matrix_computation/results/continous_fixed_toplogies/more_local_40bench_continuous_fixed_v1/j0343_more_continuous_c29_composition7_torus_12_worst_r1/summary.csv,more_continuous_c29_composition7_torus_12_worst_r1,continous_fixed_toplogies,more_local_40bench_continuous_fixed_v1,continuous,343,1,/home/maja/Studia/Magisterskie/Islands/islandsEA_student_fork/islands_desync/logs/more_local_40bench_continuous_fixed_v1/c29_30/j0343 12wt-co20ilu2,c29_composition7,30,1000,16,4,12,torus,worst,plain,20,2,12,4587002.385896765,5071773.589310815,4926773.824123851,5796906.247454448,355638.3320866527,144999.7651869636,1,5796906.24745,4,1,5071773.589310815,4587002.385896765,12,1,246,4205745777.5285683,4587002.385896765,4201158775.1426716,,,,4205745777.5285683,4587002.385896765,4201158775.1426716,20.0,1000.0,178576258489.4988,182220671.92806,98240267.08922021,14053158.888798721,6785528.363008702,4587002.385896765,1000.0,36.0,44.0,60.0,116.0,48,24,0.18181818181818182,4,4,4.0,4,4,4.0,1,12
/home/maja/Studia/Magisterskie/Islands/islandsEA_student_fork/more_local_matrix_computation/results/continous_fixed_toplogies/more_local_40bench_continuous_fixed_v1/j0344_more_continuous_c29_composition7_torus_12_maxDistance_r1,/home/maja/Studia/Magisterskie/Islands/islandsEA_student_fork/more_local_matrix_computation/results/continous_fixed_toplogies/more_local_40bench_continuous_fixed_v1/j0344_more_continuous_c29_composition7_torus_12_maxDistance_r1/summary.csv,more_continuous_c29_composition7_torus_12_maxDistance_r1,continous_fixed_toplogies,more_local_40bench_continuous_fixed_v1,continuous,344,1,/home/maja/Studia/Magisterskie/Islands/islandsEA_student_fork/islands_desync/logs/more_local_40bench_continuous_fixed_v1/c29_30/j0344 12mt-co20ilu2,c29_composition7,30,1000,16,4,12,torus,maxDistance,plain,20,2,12,12872436.916600054,16697810.860099697,16255552.680839695,20351886.173498936,2070360.2268384665,442258.17926000245,0,,7,1,16697810.860099697,12872436.916600054,12,1,246,8609488501.836885,12872436.916600054,8596616064.920286,,,,8609488501.836885,12872436.916600054,8596616064.920286,20.0,1000.0,414476343316.7475,422935044.20076275,336612164.7480196,59484684.32128457,26044382.32321084,12872436.916600054,996.0,28.0,32.0,72.0,152.0,48,24,0.18181818181818182,4,4,4.0,4,4,4.0,1,12
/home/maja/Studia/Magisterskie/Islands/islandsEA_student_fork/more_local_matrix_computation/results/continous_fixed_toplogies/more_local_40bench_continuous_fixed_v1/j0345_more_continuous_c29_composition7_complete_12_random_r1,/home/maja/Studia/Magisterskie/Islands/islandsEA_student_fork/more_local_matrix_computation/results/continous_fixed_toplogies/more_local_40bench_continuous_fixed_v1/j0345_more_continuous_c29_composition7_complete_12_random_r1/summary.csv,more_continuous_c29_composition7_complete_12_random_r1,continous_fixed_toplogies,more_local_40bench_continuous_fixed_v1,continuous,345,1,/home/maja/Studia/Magisterskie/Islands/islandsEA_student_fork/islands_desync/logs/more_local_40bench_continuous_fixed_v1/c29_30/j0345 12rc-co20ilu2,c29_composition7,30,1000,16,4,12,complete,random,plain,20,2,12,3660069.5294821993,4687466.5139448615,4641780.9498913735,6868973.791606839,851725.6681101931,45685.564053487964,1,6868973.79161,4,1,4687466.5139448615,3660069.5294821993,12,1,246,2882897864.811792,3660069.5294821993,2879237795.2823095,,,,2882897864.811792,3660069.5294821993,2879237795.2823095,20.0,1000.0,142472889874.90353,145380499.87235054,44097694.93301551,11551398.247596234,5410595.184618788,3660069.5294821993,1000.0,40.0,56.0,88.0,108.0,132,0,1.0,11,11,11.0,11,11,11.0,1,12
/home/maja/Studia/Magisterskie/Islands/islandsEA_student_fork/more_local_matrix_computation/results/continous_fixed_toplogies/more_local_40bench_continuous_fixed_v1/j0346_more_continuous_c29_composition7_complete_12_best_r1,/home/maja/Studia/Magisterskie/Islands/islandsEA_student_fork/more_local_matrix_computation/results/continous_fixed_toplogies/more_local_40bench_continuous_fixed_v1/j0346_more_continuous_c29_composition7_complete_12_best_r1/summary.csv,more_continuous_c29_composition7_complete_12_best_r1,continous_fixed_toplogies,more_local_40bench_continuous_fixed_v1,continuous,346,1,/home/maja/Studia/Magisterskie/Islands/islandsEA_student_fork/islands_desync/logs/more_local_40bench_continuous_fixed_v1/c29_30/j0346 12bc-co20ilu2,c29_composition7,30,1000,16,4,12,complete,best,plain,20,2,12,3119520.068841774,3303066.0859050923,3275527.6904899315,3599188.3083989425,117510.39459369541,27538.395415160805,1,3599188.3084,3,1,3303066.0859050923,3119520.068841774,12,1,246,4073068879.5104313,3119520.068841774,4069949359.4415894,,,,4073068879.5104313,3119520.068841774,4069949359.4415894,20.0,1000.0,155507550607.11,158681174.08888775,32269000.562986173,6119054.447706975,3542908.512108001,3119520.068841774,1000.0,32.0,48.0,84.0,112.0,132,0,1.0,11,11,11.0,11,11,11.0,1,12
/home/maja/Studia/Magisterskie/Islands/islandsEA_student_fork/more_local_matrix_computation/results/continous_fixed_toplogies/more_local_40bench_continuous_fixed_v1/j0347_more_continuous_c29_composition7_complete_12_worst_r1,/home/maja/Studia/Magisterskie/Islands/islandsEA_student_fork/more_local_matrix_computation/results/continous_fixed_toplogies/more_local_40bench_continuous_fixed_v1/j0347_more_continuous_c29_composition7_complete_12_worst_r1/summary.csv,more_continuous_c29_composition7_complete_12_worst_r1,continous_fixed_toplogies,more_local_40bench_continuous_fixed_v1,continuous,347,1,/home/maja/Studia/Magisterskie/Islands/islandsEA_student_fork/islands_desync/logs/more_local_40bench_continuous_fixed_v1/c29_30/j0347 12wc-co20ilu2,c29_composition7,30,1000,16,4,12,complete,worst,plain,20,2,12,2751412.50676117,2934142.1643101927,2920027.2034469643,3184487.7622571574,130634.26143015694,14114.960863228422,0,,1,1,2934142.1643101927,2751412.50676117,12,1,246,6079411519.545763,2751412.50676117,6076660107.039001,,,,6079411519.545763,2751412.50676117,6076660107.039001,20.0,1000.0,252631041723.07373,257786777.26844257,100652915.16113643,7533070.2795399185,3508148.1254990962,2751412.50676117,996.0,24.0,36.0,88.0,124.0,132,0,1.0,11,11,11.0,11,11,11.0,1,12
/home/maja/Studia/Magisterskie/Islands/islandsEA_student_fork/more_local_matrix_computation/results/continous_fixed_toplogies/more_local_40bench_continuous_fixed_v1/j0348_more_continuous_c29_composition7_complete_12_maxDistance_r1,/home/maja/Studia/Magisterskie/Islands/islandsEA_student_fork/more_local_matrix_computation/results/continous_fixed_toplogies/more_local_40bench_continuous_fixed_v1/j0348_more_continuous_c29_composition7_complete_12_maxDistance_r1/summary.csv,more_continuous_c29_composition7_complete_12_maxDistance_r1,continous_fixed_toplogies,more_local_40bench_continuous_fixed_v1,continuous,348,1,/home/maja/Studia/Magisterskie/Islands/islandsEA_student_fork/islands_desync/logs/more_local_40bench_continuous_fixed_v1/c29_30/j0348 12mc-co20ilu2,c29_composition7,30,1000,16,4,12,complete,maxDistance,plain,20,2,12,2609834.3722644695,3089015.8955891714,2983863.3362780944,4009135.372072036,378555.3064301624,105152.559311077,1,4009135.37207,8,1,3089015.8955891714,2609834.3722644695,12,1,246,5605481635.3965225,2609834.3722644695,5602871801.024258,,,,5605481635.3965225,2609834.3722644695,5602871801.024258,20.0,1000.0,248756398208.83154,253833059.39676687,74067489.1641974,5295393.061446171,2911149.9863147894,2609834.3722644695,988.0,48.0,52.0,72.0,92.0,132,0,1.0,11,11,11.0,11,11,11.0,1,12
/home/maja/Studia/Magisterskie/Islands/islandsEA_student_fork/more_local_matrix_computation/results/continous_fixed_toplogies/more_local_40bench_continuous_fixed_v1/j0349_more_continuous_c30_composition8_ring_12_random_r1,/home/maja/Studia/Magisterskie/Islands/islandsEA_student_fork/more_local_matrix_computation/results/continous_fixed_toplogies/more_local_40bench_continuous_fixed_v1/j0349_more_continuous_c30_composition8_ring_12_random_r1/summary.csv,more_continuous_c30_composition8_ring_12_random_r1,continous_fixed_toplogies,more_local_40bench_continuous_fixed_v1,continuous,349,1,/home/maja/Studia/Magisterskie/Islands/islandsEA_student_fork/islands_desync/logs/more_local_40bench_continuous_fixed_v1/c30_30/j0349 12rr-co20ilu2,c30_composition8,30,1000,16,4,12,ring,random,plain,20,2,12,71934339.50666542,9641483011.347113,364070937.6722461,109067250414.26419,29987331232.26259,9277412073.674866,2,2802997522.86;109067250414,1,1,9641483011.347113,71934339.50666542,12,1,246,18826570933926.797,71934339.50666542,18826498999587.29,,,,18826570933926.797,71934339.50666542,18826498999587.29,20.0,1000.0,78108155363617.19,79702199350.62978,1300171358.193389,224047146.3340064,134476314.1585045,71934339.50666542,980.0,24.0,24.0,28.0,28.0,24,12,0.09090909090909091,2,2,2.0,2,2,2.0,1,12
/home/maja/Studia/Magisterskie/Islands/islandsEA_student_fork/more_local_matrix_computation/results/continous_fixed_toplogies/more_local_40bench_continuous_fixed_v1/j0350_more_continuous_c30_composition8_ring_12_best_r1,/home/maja/Studia/Magisterskie/Islands/islandsEA_student_fork/more_local_matrix_computation/results/continous_fixed_toplogies/more_local_40bench_continuous_fixed_v1/j0350_more_continuous_c30_composition8_ring_12_best_r1/summary.csv,more_continuous_c30_composition8_ring_12_best_r1,continous_fixed_toplogies,more_local_40bench_continuous_fixed_v1,continuous,350,1,/home/maja/Studia/Magisterskie/Islands/islandsEA_student_fork/islands_desync/logs/more_local_40bench_continuous_fixed_v1/c30_30/j0350 12br-co20ilu2,c30_composition8,30,1000,16,4,12,ring,best,plain,20,2,12,183730832.54983923,1973346914.7532837,1309911636.1510005,5856729612.575293,1810897063.750445,663435278.6022832,0,,1,1,1973346914.7532837,183730832.54983923,12,1,246,7421469474275.62,183730832.54983923,7421285743443.07,,,,7421469474275.62,183730832.54983923,7421285743443.07,20.0,1000.0,66401571742915.766,67756705860.118126,461374179.3471718,332472702.67028606,241439772.1090881,183730832.54983923,1000.0,28.0,28.0,28.0,36.0,24,12,0.09090909090909091,2,2,2.0,2,2,2.0,1,12
/home/maja/Studia/Magisterskie/Islands/islandsEA_student_fork/more_local_matrix_computation/results/continous_fixed_toplogies/more_local_40bench_continuous_fixed_v1/j0351_more_continuous_c30_composition8_ring_12_worst_r1,/home/maja/Studia/Magisterskie/Islands/islandsEA_student_fork/more_local_matrix_computation/results/continous_fixed_toplogies/more_local_40bench_continuous_fixed_v1/j0351_more_continuous_c30_composition8_ring_12_worst_r1/summary.csv,more_continuous_c30_composition8_ring_12_worst_r1,continous_fixed_toplogies,more_local_40bench_continuous_fixed_v1,continuous,351,1,/home/maja/Studia/Magisterskie/Islands/islandsEA_student_fork/islands_desync/logs/more_local_40bench_continuous_fixed_v1/c30_30/j0351 12wr-co20ilu2,c30_composition8,30,1000,16,4,12,ring,worst,plain,20,2,12,378908162.2923128,1756495011.2634938,622263212.2579973,9338646378.245268,2696860285.583407,1134231799.0054965,2,5779005584.82;9338646378.25,0,1,1756495011.2634938,378908162.2923128,12,1,246,21238524577049.53,378908162.2923128,21238145668887.24,,,,21238524577049.53,378908162.2923128,21238145668887.24,20.0,1000.0,53694988645232.28,54790804740.03294,1721203705.098072,874675349.7500788,554694018.5021055,378908162.2923128,1000.0,24.0,24.0,24.0,24.0,24,12,0.09090909090909091,2,2,2.0,2,2,2.0,1,12
/home/maja/Studia/Magisterskie/Islands/islandsEA_student_fork/more_local_matrix_computation/results/continous_fixed_toplogies/more_local_40bench_continuous_fixed_v1/j0352_more_continuous_c30_composition8_ring_12_maxDistance_r1,/home/maja/Studia/Magisterskie/Islands/islandsEA_student_fork/more_local_matrix_computation/results/continous_fixed_toplogies/more_local_40bench_continuous_fixed_v1/j0352_more_continuous_c30_composition8_ring_12_maxDistance_r1/summary.csv,more_continuous_c30_composition8_ring_12_maxDistance_r1,continous_fixed_toplogies,more_local_40bench_continuous_fixed_v1,continuous,352,1,/home/maja/Studia/Magisterskie/Islands/islandsEA_student_fork/islands_desync/logs/more_local_40bench_continuous_fixed_v1/c30_30/j0352 12mr-co20ilu2,c30_composition8,30,1000,16,4,12,ring,maxDistance,plain,20,2,12,90312687.74954559,325818378.0489575,271852753.00392526,649433634.6399995,177707550.57714492,53965625.04503226,0,,1,1,325818378.0489575,90312687.74954559,12,1,246,9686985478113.762,90312687.74954559,9686895165426.012,,,,9686985478113.762,90312687.74954559,9686895165426.012,20.0,1000.0,98823846754050.52,100840659953.11278,674138681.2427328,312780770.8211761,117624622.333361,90312687.74954559,1000.0,24.0,36.0,36.0,44.0,24,12,0.09090909090909091,2,2,2.0,2,2,2.0,1,12
/home/maja/Studia/Magisterskie/Islands/islandsEA_student_fork/more_local_matrix_computation/results/continous_fixed_toplogies/more_local_40bench_continuous_fixed_v1/j0353_more_continuous_c30_composition8_torus_12_random_r1,/home/maja/Studia/Magisterskie/Islands/islandsEA_student_fork/more_local_matrix_computation/results/continous_fixed_toplogies/more_local_40bench_continuous_fixed_v1/j0353_more_continuous_c30_composition8_torus_12_random_r1/summary.csv,more_continuous_c30_composition8_torus_12_random_r1,continous_fixed_toplogies,more_local_40bench_continuous_fixed_v1,continuous,353,1,/home/maja/Studia/Magisterskie/Islands/islandsEA_student_fork/islands_desync/logs/more_local_40bench_continuous_fixed_v1/c30_30/j0353 12rt-co20ilu2,c30_composition8,30,1000,16,4,12,torus,random,plain,20,2,12,86900155.0828098,102447972.84105504,98140792.41131353,134865887.9714717,14998922.062248515,4307180.429741502,0,,11,1,102447972.84105504,86900155.0828098,12,1,246,9289364586393.912,86900155.0828098,9289277686238.83,,,,9289364586393.912,86900155.0828098,9289277686238.83,20.0,1000.0,275308068728965.38,280926600743.8422,2223872619.6521854,313440374.9572752,108025088.34232526,86900155.0828098,1000.0,28.0,44.0,88.0,88.0,48,24,0.18181818181818182,4,4,4.0,4,4,4.0,1,12
/home/maja/Studia/Magisterskie/Islands/islandsEA_student_fork/more_local_matrix_computation/results/continous_fixed_toplogies/more_local_40bench_continuous_fixed_v1/j0354_more_continuous_c30_composition8_torus_12_best_r1,/home/maja/Studia/Magisterskie/Islands/islandsEA_student_fork/more_local_matrix_computation/results/continous_fixed_toplogies/more_local_40bench_continuous_fixed_v1/j0354_more_continuous_c30_composition8_torus_12_best_r1/summary.csv,more_continuous_c30_composition8_torus_12_best_r1,continous_fixed_toplogies,more_local_40bench_continuous_fixed_v1,continuous,354,1,/home/maja/Studia/Magisterskie/Islands/islandsEA_student_fork/islands_desync/logs/more_local_40bench_continuous_fixed_v1/c30_30/j0354 12bt-co20ilu2,c30_composition8,30,1000,16,4,12,torus,best,plain,20,2,12,117105688.17866664,134450035.16709426,129188152.72954002,170360106.6590227,15946285.46071906,5261882.43755424,0,,9,1,134450035.16709426,117105688.17866664,12,1,246,114860494204660.78,117105688.17866664,114860377098972.61,,,,114860494204660.78,117105688.17866664,114860377098972.61,20.0,1000.0,1246048457686087.8,1271478018047.0283,1156610978.5790765,301554292.4832305,166379232.11993238,117105688.17866664,1000.0,32.0,32.0,32.0,32.0,48,24,0.18181818181818182,4,4,4.0,4,4,4.0,1,12
/home/maja/Studia/Magisterskie/Islands/islandsEA_student_fork/more_local_matrix_computation/results/continous_fixed_toplogies/more_local_40bench_continuous_fixed_v1/j0355_more_continuous_c30_composition8_torus_12_worst_r1,/home/maja/Studia/Magisterskie/Islands/islandsEA_student_fork/more_local_matrix_computation/results/continous_fixed_toplogies/more_local_40bench_continuous_fixed_v1/j0355_more_continuous_c30_composition8_torus_12_worst_r1/summary.csv,more_continuous_c30_composition8_torus_12_worst_r1,continous_fixed_toplogies,more_local_40bench_continuous_fixed_v1,continuous,355,1,/home/maja/Studia/Magisterskie/Islands/islandsEA_student_fork/islands_desync/logs/more_local_40bench_continuous_fixed_v1/c30_30/j0355 12wt-co20ilu2,c30_composition8,30,1000,16,4,12,torus,worst,plain,20,2,12,87323470.4880397,123737558.26522438,124482996.12266408,154891355.32721645,16737633.158092871,-745437.8574396968,0,,1,1,123737558.26522438,87323470.4880397,12,1,246,17877203412848.996,87323470.4880397,17877116089378.508,,,,17877203412848.996,87323470.4880397,17877116089378.508,20.0,1000.0,156169994370600.75,159357137112.8579,3582945809.453059,293276585.7465608,150344331.53146222,87323470.4880397,1000.0,28.0,28.0,28.0,40.0,48,24,0.18181818181818182,4,4,4.0,4,4,4.0,1,12
/home/maja/Studia/Magisterskie/Islands/islandsEA_student_fork/more_local_matrix_computation/results/continous_fixed_toplogies/more_local_40bench_continuous_fixed_v1/j0356_more_continuous_c30_composition8_torus_12_maxDistance_r1,/home/maja/Studia/Magisterskie/Islands/islandsEA_student_fork/more_local_matrix_computation/results/continous_fixed_toplogies/more_local_40bench_continuous_fixed_v1/j0356_more_continuous_c30_composition8_torus_12_maxDistance_r1/summary.csv,more_continuous_c30_composition8_torus_12_maxDistance_r1,continous_fixed_toplogies,more_local_40bench_continuous_fixed_v1,continuous,356,1,/home/maja/Studia/Magisterskie/Islands/islandsEA_student_fork/islands_desync/logs/more_local_40bench_continuous_fixed_v1/c30_30/j0356 12mt-co20ilu2,c30_composition8,30,1000,16,4,12,torus,maxDistance,plain,20,2,12,99108416.8604796,115092660.56412296,113455989.39259751,139870972.75714344,12397964.139705475,1636671.1715254486,0,,9,1,115092660.56412296,99108416.8604796,12,1,246,11795686332995.844,99108416.8604796,11795587224578.982,,,,11795686332995.844,99108416.8604796,11795587224578.982,20.0,1000.0,64469881859752.76,65785593734.44159,1390919906.531489,326699309.2256042,133798240.19644773,99108416.8604796,1000.0,24.0,28.0,28.0,28.0,48,24,0.18181818181818182,4,4,4.0,4,4,4.0,1,12
/home/maja/Studia/Magisterskie/Islands/islandsEA_student_fork/more_local_matrix_computation/results/continous_fixed_toplogies/more_local_40bench_continuous_fixed_v1/j0357_more_continuous_c30_composition8_complete_12_random_r1,/home/maja/Studia/Magisterskie/Islands/islandsEA_student_fork/more_local_matrix_computation/results/continous_fixed_toplogies/more_local_40bench_continuous_fixed_v1/j0357_more_continuous_c30_composition8_complete_12_random_r1/summary.csv,more_continuous_c30_composition8_complete_12_random_r1,continous_fixed_toplogies,more_local_40bench_continuous_fixed_v1,continuous,357,1,/home/maja/Studia/Magisterskie/Islands/islandsEA_student_fork/islands_desync/logs/more_local_40bench_continuous_fixed_v1/c30_30/j0357 12rc-co20ilu2,c30_composition8,30,1000,16,4,12,complete,random,plain,20,2,12,32726451.508902565,43353272.03207274,43059543.0942734,49793056.12848146,4608484.737244337,293728.9377993345,0,,7,1,43353272.03207274,32726451.508902565,12,1,246,3459823651147.842,32726451.508902565,3459790924696.333,,,,3459823651147.842,32726451.508902565,3459790924696.333,20.0,1000.0,66033299734325.35,67380918096.25036,419402198.2756563,59409639.694114015,38116507.236214586,32726451.508902565,992.0,36.0,36.0,36.0,60.0,132,0,1.0,11,11,11.0,11,11,11.0,1,12
/home/maja/Studia/Magisterskie/Islands/islandsEA_student_fork/more_local_matrix_computation/results/continous_fixed_toplogies/more_local_40bench_continuous_fixed_v1/j0358_more_continuous_c30_composition8_complete_12_best_r1,/home/maja/Studia/Magisterskie/Islands/islandsEA_student_fork/more_local_matrix_computation/results/continous_fixed_toplogies/more_local_40bench_continuous_fixed_v1/j0358_more_continuous_c30_composition8_complete_12_best_r1/summary.csv,more_continuous_c30_composition8_complete_12_best_r1,continous_fixed_toplogies,more_local_40bench_continuous_fixed_v1,continuous,358,1,/home/maja/Studia/Magisterskie/Islands/islandsEA_student_fork/islands_desync/logs/more_local_40bench_continuous_fixed_v1/c30_30/j0358 12bc-co20ilu2,c30_composition8,30,1000,16,4,12,complete,best,plain,20,2,12,53200748.35370404,61250650.806027785,61780000.00917652,72202865.0733846,5323519.6246918645,-529349.2031487375,0,,10,1,61250650.806027785,53200748.35370404,12,1,246,1911432146677.7048,53200748.35370404,1911378945929.351,,,,1911432146677.7048,53200748.35370404,1911378945929.351,20.0,1000.0,64070238941358.76,65377794838.12118,190990156.40421605,108188140.0791003,74966267.39017376,53200748.35370404,1000.0,52.0,60.0,60.0,72.0,132,0,1.0,11,11,11.0,11,11,11.0,1,12
/home/maja/Studia/Magisterskie/Islands/islandsEA_student_fork/more_local_matrix_computation/results/continous_fixed_toplogies/more_local_40bench_continuous_fixed_v1/j0359_more_continuous_c30_composition8_complete_12_worst_r1,/home/maja/Studia/Magisterskie/Islands/islandsEA_student_fork/more_local_matrix_computation/results/continous_fixed_toplogies/more_local_40bench_continuous_fixed_v1/j0359_more_continuous_c30_composition8_complete_12_worst_r1/summary.csv,more_continuous_c30_composition8_complete_12_worst_r1,continous_fixed_toplogies,more_local_40bench_continuous_fixed_v1,continuous,359,1,/home/maja/Studia/Magisterskie/Islands/islandsEA_student_fork/islands_desync/logs/more_local_40bench_continuous_fixed_v1/c30_30/j0359 12wc-co20ilu2,c30_composition8,30,1000,16,4,12,complete,worst,plain,20,2,12,149929766.2378338,209327597.24323323,197341170.16174734,299141610.85445815,37919155.601111904,11986427.081485897,2,269561933.747;299141610.854,5,1,209327597.24323323,149929766.2378338,12,1,246,83455833970275.73,149929766.2378338,83455684040509.5,,,,83455833970275.73,149929766.2378338,83455684040509.5,20.0,1000.0,354167463938613.4,361395371365.932,4252906347.641802,278007108.850857,194868434.98769155,149929766.2378338,1000.0,24.0,24.0,24.0,36.0,132,0,1.0,11,11,11.0,11,11,11.0,1,12
/home/maja/Studia/Magisterskie/Islands/islandsEA_student_fork/more_local_matrix_computation/results/continous_fixed_toplogies/more_local_40bench_continuous_fixed_v1/j0360_more_continuous_c30_composition8_complete_12_maxDistance_r1,/home/maja/Studia/Magisterskie/Islands/islandsEA_student_fork/more_local_matrix_computation/results/continous_fixed_toplogies/more_local_40bench_continuous_fixed_v1/j0360_more_continuous_c30_composition8_complete_12_maxDistance_r1/summary.csv,more_continuous_c30_composition8_complete_12_maxDistance_r1,continous_fixed_toplogies,more_local_40bench_continuous_fixed_v1,continuous,360,1,/home/maja/Studia/Magisterskie/Islands/islandsEA_student_fork/islands_desync/logs/more_local_40bench_continuous_fixed_v1/c30_30/j0360 12mc-co20ilu2,c30_composition8,30,1000,16,4,12,complete,maxDistance,plain,20,2,12,81388641.30451441,92493098.79459712,89385452.01159552,106851408.33351664,7265597.892419756,3107646.7830016017,0,,10,1,92493098.79459712,81388641.30451441,12,1,246,1192711109276.98,81388641.30451441,1192629720635.6755,,,,1192711109276.98,81388641.30451441,1192629720635.6755,20.0,1000.0,26969307549577.77,27519701581.201805,1366925517.878353,195509069.73559448,106649004.99132177,81388641.30451441,1000.0,28.0,44.0,44.0,68.0,132,0,1.0,11,11,11.0,11,11,11.0,1,12
/home/maja/Studia/Magisterskie/Islands/islandsEA_student_fork/more_local_matrix_computation/results/descrete_fixed_toplogies/more_local_40bench_descrete_fixed_v1/j0001_more_descrete_d01_labs_binary_ring_12_random_r1,/home/maja/Studia/Magisterskie/Islands/islandsEA_student_fork/more_local_matrix_computation/results/descrete_fixed_toplogies/more_local_40bench_descrete_fixed_v1/j0001_more_descrete_d01_labs_binary_ring_12_random_r1/summary.csv,more_descrete_d01_labs_binary_ring_12_random_r1,descrete_fixed_toplogies,more_local_40bench_descrete_fixed_v1,descrete,1,1,/home/maja/Studia/Magisterskie/Islands/islandsEA_student_fork/islands_desync/logs/more_local_40bench_descrete_fixed_v1/d01_60/j0001 12rr-co20ilu2,d01_labs_binary,60,1000,16,4,12,ring,random,plain,20,2,12,-3.930131004366812,-3.7032915112047458,-3.930131004366812,-3.2967032967032965,0.2813771194463261,0.2268394931620663,0,,0,7,-3.7032915112047458,-3.930131004366812,12,1,246,-2.37467018469657,-3.930131004366812,1.555460819670242,1,1,1,-2.37467018469657,-3.930131004366812,1.555460819670242,20.0,1000.0,-3606.477864340618,-3.6800794534087937,-3.6437246963562755,-3.930131004366812,-3.930131004366812,-3.930131004366812,336.0,92.0,184.0,212.0,336.0,24,12,0.09090909090909091,2,2,2.0,2,2,2.0,1,12
/home/maja/Studia/Magisterskie/Islands/islandsEA_student_fork/more_local_matrix_computation/results/descrete_fixed_toplogies/more_local_40bench_descrete_fixed_v1/j0002_more_descrete_d01_labs_binary_ring_12_best_r1,/home/maja/Studia/Magisterskie/Islands/islandsEA_student_fork/more_local_matrix_computation/results/descrete_fixed_toplogies/more_local_40bench_descrete_fixed_v1/j0002_more_descrete_d01_labs_binary_ring_12_best_r1/summary.csv,more_descrete_d01_labs_binary_ring_12_best_r1,descrete_fixed_toplogies,more_local_40bench_descrete_fixed_v1,descrete,2,1,/home/maja/Studia/Magisterskie/Islands/islandsEA_student_fork/islands_desync/logs/more_local_40bench_descrete_fixed_v1/d01_60/j0002 12br-co20ilu2,d01_labs_binary,60,1000,16,4,12,ring,best,plain,20,2,12,-4.433497536945813,-4.433497536945813,-4.433497536945813,-4.433497536945813,0,0,0,,0,12,-4.433497536945813,-4.433497536945813,12,1,246,-2.255639097744361,-4.433497536945813,2.177858439201452,1,1,1,-2.255639097744361,-4.433497536945813,2.177858439201452,20.0,1000.0,-4086.8724525120747,-4.170278012767423,-4.0358744394618835,-4.433497536945813,-4.433497536945813,-4.433497536945813,344.0,76.0,76.0,204.0,344.0,24,12,0.09090909090909091,2,2,2.0,2,2,2.0,1,12
/home/maja/Studia/Magisterskie/Islands/islandsEA_student_fork/more_local_matrix_computation/results/descrete_fixed_toplogies/more_local_40bench_descrete_fixed_v1/j0003_more_descrete_d01_labs_binary_ring_12_worst_r1,/home/maja/Studia/Magisterskie/Islands/islandsEA_student_fork/more_local_matrix_computation/results/descrete_fixed_toplogies/more_local_40bench_descrete_fixed_v1/j0003_more_descrete_d01_labs_binary_ring_12_worst_r1/summary.csv,more_descrete_d01_labs_binary_ring_12_worst_r1,descrete_fixed_toplogies,more_local_40bench_descrete_fixed_v1,descrete,3,1,/home/maja/Studia/Magisterskie/Islands/islandsEA_student_fork/islands_desync/logs/more_local_40bench_descrete_fixed_v1/d01_60/j0003 12wr-co20ilu2,d01_labs_binary,60,1000,16,4,12,ring,worst,plain,20,2,12,-4.3478260869565215,-3.8517827113463516,-3.8297872340425534,-3.5573122529644268,0.2099712856124371,-0.02199547730379825,0,,9,1,-3.8517827113463516,-4.3478260869565215,12,1,246,-2.0689655172413794,-4.3478260869565215,2.278860569715142,1,1,1,-2.0689655172413794,-4.3478260869565215,2.278860569715142,20.0,1000.0,-3499.7474370104355,-3.5711708540922813,-3.5573122529644268,-3.5573122529644268,-3.9647577092511015,-4.3478260869565215,944.0,112.0,224.0,604.0,944.0,24,12,0.09090909090909091,2,2,2.0,2,2,2.0,1,12
/home/maja/Studia/Magisterskie/Islands/islandsEA_student_fork/more_local_matrix_computation/results/descrete_fixed_toplogies/more_local_40bench_descrete_fixed_v1/j0004_more_descrete_d01_labs_binary_ring_12_maxDistance_r1,/home/maja/Studia/Magisterskie/Islands/islandsEA_student_fork/more_local_matrix_computation/results/descrete_fixed_toplogies/more_local_40bench_descrete_fixed_v1/j0004_more_descrete_d01_labs_binary_ring_12_maxDistance_r1/summary.csv,more_descrete_d01_labs_binary_ring_12_maxDistance_r1,descrete_fixed_toplogies,more_local_40bench_descrete_fixed_v1,descrete,4,1,/home/maja/Studia/Magisterskie/Islands/islandsEA_student_fork/islands_desync/logs/more_local_40bench_descrete_fixed_v1/d01_60/j0004 12mr-co20ilu2,d01_labs_binary,60,1000,16,4,12,ring,maxDistance,plain,20,2,12,-3.930131004366812,-3.6989919614802464,-3.673469387755102,-3.0927835051546393,0.2069485665747737,-0.025522573725144326,1,-3.09278350515,8,2,-3.6989919614802464,-3.930131004366812,12,1,246,-2.179176755447942,-3.930131004366812,1.75095424891887,1,1,1,-2.179176755447942,-3.930131004366812,1.75095424891887,20.0,1000.0,-3437.696788224364,-3.5078538655350653,-3.5294117647058822,-3.673469387755102,-3.8626609442060085,-3.930131004366812,868.0,120.0,168.0,236.0,724.0,24,12,0.09090909090909091,2,2,2.0,2,2,2.0,1,12
/home/maja/Studia/Magisterskie/Islands/islandsEA_student_fork/more_local_matrix_computation/results/descrete_fixed_toplogies/more_local_40bench_descrete_fixed_v1/j0005_more_descrete_d01_labs_binary_torus_12_random_r1,/home/maja/Studia/Magisterskie/Islands/islandsEA_student_fork/more_local_matrix_computation/results/descrete_fixed_toplogies/more_local_40bench_descrete_fixed_v1/j0005_more_descrete_d01_labs_binary_torus_12_random_r1/summary.csv,more_descrete_d01_labs_binary_torus_12_random_r1,descrete_fixed_toplogies,more_local_40bench_descrete_fixed_v1,descrete,5,1,/home/maja/Studia/Magisterskie/Islands/islandsEA_student_fork/islands_desync/logs/more_local_40bench_descrete_fixed_v1/d01_60/j0005 12rt-co20ilu2,d01_labs_binary,60,1000,16,4,12,torus,random,plain,20,2,12,-4.109589041095891,-4.088435729526694,-4.109589041095891,-3.930131004366812,0.04966718791639947,0.021153311569197086,3,-4.07239819005;-3.93013100437;-4.07239819005,0,9,-4.088435729526694,-4.109589041095891,12,1,246,-1.9027484143763214,-4.109589041095891,2.2068406267195693,1,1,1,-1.9027484143763214,-4.109589041095891,2.2068406267195693,20.0,1000.0,-3714.2031814827596,-3.790003246410979,-3.6437246963562755,-3.930131004366812,-4.109589041095891,-4.109589041095891,668.0,84.0,108.0,204.0,284.0,48,24,0.18181818181818182,4,4,4.0,4,4,4.0,1,12
/home/maja/Studia/Magisterskie/Islands/islandsEA_student_fork/more_local_matrix_computation/results/descrete_fixed_toplogies/more_local_40bench_descrete_fixed_v1/j0006_more_descrete_d01_labs_binary_torus_12_best_r1,/home/maja/Studia/Magisterskie/Islands/islandsEA_student_fork/more_local_matrix_computation/results/descrete_fixed_toplogies/more_local_40bench_descrete_fixed_v1/j0006_more_descrete_d01_labs_binary_torus_12_best_r1/summary.csv,more_descrete_d01_labs_binary_torus_12_best_r1,descrete_fixed_toplogies,more_local_40bench_descrete_fixed_v1,descrete,6,1,/home/maja/Studia/Magisterskie/Islands/islandsEA_student_fork/islands_desync/logs/more_local_40bench_descrete_fixed_v1/d01_60/j0006 12bt-co20ilu2,d01_labs_binary,60,1000,16,4,12,torus,best,plain,20,2,12,-4.390243902439025,-4.390243902439025,-4.390243902439025,-4.390243902439025,0,0,0,,0,12,-4.390243902439025,-4.390243902439025,12,1,246,-2.4930747922437675,-4.390243902439025,1.8971691101952572,1,1,1,-2.4930747922437675,-4.390243902439025,1.8971691101952572,20.0,1000.0,-4031.3057860701033,-4.113577332724595,-4.390243902439025,-4.390243902439025,-4.390243902439025,-4.390243902439025,228.0,124.0,148.0,228.0,228.0,48,24,0.18181818181818182,4,4,4.0,4,4,4.0,1,12
/home/maja/Studia/Magisterskie/Islands/islandsEA_student_fork/more_local_matrix_computation/results/descrete_fixed_toplogies/more_local_40bench_descrete_fixed_v1/j0007_more_descrete_d01_labs_binary_torus_12_worst_r1,/home/maja/Studia/Magisterskie/Islands/islandsEA_student_fork/more_local_matrix_computation/results/descrete_fixed_toplogies/more_local_40bench_descrete_fixed_v1/j0007_more_descrete_d01_labs_binary_torus_12_worst_r1/summary.csv,more_descrete_d01_labs_binary_torus_12_worst_r1,descrete_fixed_toplogies,more_local_40bench_descrete_fixed_v1,descrete,7,1,/home/maja/Studia/Magisterskie/Islands/islandsEA_student_fork/islands_desync/logs/more_local_40bench_descrete_fixed_v1/d01_60/j0007 12wt-co20ilu2,d01_labs_binary,60,1000,16,4,12,torus,worst,plain,20,2,12,-3.4220532319391634,-3.3817368347641117,-3.3709756610787682,-3.345724907063197,0.03664942128288444,-0.010761173685343461,0,,0,5,-3.3817368347641117,-3.4220532319391634,12,1,246,-2.097902097902098,-3.4220532319391634,1.3241511340370655,1,1,1,-2.097902097902098,-3.4220532319391634,1.3241511340370655,20.0,1000.0,-3137.7684822179194,-3.2018045736917546,-3.0303030303030303,-3.345724907063197,-3.4220532319391634,-3.4220532319391634,612.0,84.0,124.0,276.0,352.0,48,24,0.18181818181818182,4,4,4.0,4,4,4.0,1,12
/home/maja/Studia/Magisterskie/Islands/islandsEA_student_fork/more_local_matrix_computation/results/descrete_fixed_toplogies/more_local_40bench_descrete_fixed_v1/j0008_more_descrete_d01_labs_binary_torus_12_maxDistance_r1,/home/maja/Studia/Magisterskie/Islands/islandsEA_student_fork/more_local_matrix_computation/results/descrete_fixed_toplogies/more_local_40bench_descrete_fixed_v1/j0008_more_descrete_d01_labs_binary_torus_12_maxDistance_r1/summary.csv,more_descrete_d01_labs_binary_torus_12_maxDistance_r1,descrete_fixed_toplogies,more_local_40bench_descrete_fixed_v1,descrete,8,1,/home/maja/Studia/Magisterskie/Islands/islandsEA_student_fork/islands_desync/logs/more_local_40bench_descrete_fixed_v1/d01_60/j0008 12mt-co20ilu2,d01_labs_binary,60,1000,16,4,12,torus,maxDistance,plain,20,2,12,-3.585657370517928,-3.585657370517928,-3.585657370517928,-3.585657370517928,0,0,0,,0,12,-3.585657370517928,-3.585657370517928,12,1,246,-2.2222222222222223,-3.585657370517928,1.363435148295706,1,1,1,-2.2222222222222223,-3.585657370517928,1.363435148295706,20.0,1000.0,-3354.1644718633356,-3.422616808023812,-3.3962264150943398,-3.585657370517928,-3.585657370517928,-3.585657370517928,380.0,100.0,100.0,120.0,328.0,48,24,0.18181818181818182,4,4,4.0,4,4,4.0,1,12
/home/maja/Studia/Magisterskie/Islands/islandsEA_student_fork/more_local_matrix_computation/results/descrete_fixed_toplogies/more_local_40bench_descrete_fixed_v1/j0009_more_descrete_d01_labs_binary_complete_12_random_r1,/home/maja/Studia/Magisterskie/Islands/islandsEA_student_fork/more_local_matrix_computation/results/descrete_fixed_toplogies/more_local_40bench_descrete_fixed_v1/j0009_more_descrete_d01_labs_binary_complete_12_random_r1/summary.csv,more_descrete_d01_labs_binary_complete_12_random_r1,descrete_fixed_toplogies,more_local_40bench_descrete_fixed_v1,descrete,9,1,/home/maja/Studia/Magisterskie/Islands/islandsEA_student_fork/islands_desync/logs/more_local_40bench_descrete_fixed_v1/d01_60/j0009 12rc-co20ilu2,d01_labs_binary,60,1000,16,4,12,complete,random,plain,20,2,12,-3.7974683544303796,-3.7974683544303796,-3.7974683544303796,-3.7974683544303796,0,0,0,,0,12,-3.7974683544303796,-3.7974683544303796,12,1,246,-2.1479713603818618,-3.7974683544303796,1.6494969940485178,1,1,1,-2.1479713603818618,-3.7974683544303796,1.6494969940485178,20.0,1000.0,-3455.571071545088,-3.526092930148049,-3.3962264150943398,-3.7974683544303796,-3.7974683544303796,-3.7974683544303796,308.0,120.0,180.0,216.0,256.0,132,0,1.0,11,11,11.0,11,11,11.0,1,12
/home/maja/Studia/Magisterskie/Islands/islandsEA_student_fork/more_local_matrix_computation/results/descrete_fixed_toplogies/more_local_40bench_descrete_fixed_v1/j0010_more_descrete_d01_labs_binary_complete_12_best_r1,/home/maja/Studia/Magisterskie/Islands/islandsEA_student_fork/more_local_matrix_computation/results/descrete_fixed_toplogies/more_local_40bench_descrete_fixed_v1/j0010_more_descrete_d01_labs_binary_complete_12_best_r1/summary.csv,more_descrete_d01_labs_binary_complete_12_best_r1,descrete_fixed_toplogies,more_local_40bench_descrete_fixed_v1,descrete,10,1,/home/maja/Studia/Magisterskie/Islands/islandsEA_student_fork/islands_desync/logs/more_local_40bench_descrete_fixed_v1/d01_60/j0010 12bc-co20ilu2,d01_labs_binary,60,1000,16,4,12,complete,best,plain,20,2,12,-4.072398190045249,-4.072398190045249,-4.072398190045249,-4.072398190045249,0,0,0,,0,12,-4.072398190045249,-4.072398190045249,12,1,246,-1.894736842105263,-4.072398190045249,2.177661347939986,1,1,1,-1.894736842105263,-4.072398190045249,2.177661347939986,20.0,1000.0,-3741.599815090899,-3.8179589949907133,-3.673469387755102,-4.072398190045249,-4.072398190045249,-4.072398190045249,296.0,64.0,108.0,204.0,272.0,132,0,1.0,11,11,11.0,11,11,11.0,1,12
/home/maja/Studia/Magisterskie/Islands/islandsEA_student_fork/more_local_matrix_computation/results/descrete_fixed_toplogies/more_local_40bench_descrete_fixed_v1/j0011_more_descrete_d01_labs_binary_complete_12_worst_r1,/home/maja/Studia/Magisterskie/Islands/islandsEA_student_fork/more_local_matrix_computation/results/descrete_fixed_toplogies/more_local_40bench_descrete_fixed_v1/j0011_more_descrete_d01_labs_binary_complete_12_worst_r1/summary.csv,more_descrete_d01_labs_binary_complete_12_worst_r1,descrete_fixed_toplogies,more_local_40bench_descrete_fixed_v1,descrete,11,1,/home/maja/Studia/Magisterskie/Islands/islandsEA_student_fork/islands_desync/logs/more_local_40bench_descrete_fixed_v1/d01_60/j0011 12wc-co20ilu2,d01_labs_binary,60,1000,16,4,12,complete,worst,plain,20,2,12,-4.265402843601896,-4.265402843601896,-4.265402843601896,-4.265402843601896,0,0,0,,0,12,-4.265402843601896,-4.265402843601896,12,1,246,-1.978021978021978,-4.265402843601896,2.2873808655799177,1,1,1,-1.978021978021978,-4.265402843601896,2.2873808655799177,20.0,1000.0,-3839.2052355017195,-3.917556362756857,-3.4482758620689653,-4.265402843601896,-4.265402843601896,-4.265402843601896,264.0,92.0,204.0,264.0,264.0,132,0,1.0,11,11,11.0,11,11,11.0,1,12
/home/maja/Studia/Magisterskie/Islands/islandsEA_student_fork/more_local_matrix_computation/results/descrete_fixed_toplogies/more_local_40bench_descrete_fixed_v1/j0012_more_descrete_d01_labs_binary_complete_12_maxDistance_r1,/home/maja/Studia/Magisterskie/Islands/islandsEA_student_fork/more_local_matrix_computation/results/descrete_fixed_toplogies/more_local_40bench_descrete_fixed_v1/j0012_more_descrete_d01_labs_binary_complete_12_maxDistance_r1/summary.csv,more_descrete_d01_labs_binary_complete_12_maxDistance_r1,descrete_fixed_toplogies,more_local_40bench_descrete_fixed_v1,descrete,12,1,/home/maja/Studia/Magisterskie/Islands/islandsEA_student_fork/islands_desync/logs/more_local_40bench_descrete_fixed_v1/d01_60/j0012 12mc-co20ilu2,d01_labs_binary,60,1000,16,4,12,complete,maxDistance,plain,20,2,12,-4,-4,-4,-4,0,0,0,,0,12,-4,-4,12,1,246,-2.4930747922437675,-4,1.5069252077562325,1,1,1,-2.4930747922437675,-4.0,1.5069252077562325,20.0,1000.0,-3699.0029224864743,-3.774492778047423,-3.896103896103896,-4.0,-4.0,-4.0,264.0,124.0,172.0,212.0,212.0,132,0,1.0,11,11,11.0,11,11,11.0,1,12
/home/maja/Studia/Magisterskie/Islands/islandsEA_student_fork/more_local_matrix_computation/results/descrete_fixed_toplogies/more_local_40bench_descrete_fixed_v1/j0013_more_descrete_d02_trap5_ring_12_random_r1,/home/maja/Studia/Magisterskie/Islands/islandsEA_student_fork/more_local_matrix_computation/results/descrete_fixed_toplogies/more_local_40bench_descrete_fixed_v1/j0013_more_descrete_d02_trap5_ring_12_random_r1/summary.csv,more_descrete_d02_trap5_ring_12_random_r1,descrete_fixed_toplogies,more_local_40bench_descrete_fixed_v1,descrete,13,1,/home/maja/Studia/Magisterskie/Islands/islandsEA_student_fork/islands_desync/logs/more_local_40bench_descrete_fixed_v1/d02_60/j0013 12rr-co20ilu2,d02_trap5,60,1000,16,4,12,ring,random,plain,20,2,12,-55,-52,-52,-50,1.632993161855452,0,0,,1,1,-52,-55,12,1,246,-32,-55,23,1,1,1,-32.0,-55.0,23.0,20.0,1000.0,-49310.0,-50.316326530612244,-48.0,-52.0,-54.0,-55.0,884.0,40.0,156.0,312.0,508.0,24,12,0.09090909090909091,2,2,2.0,2,2,2.0,1,12
/home/maja/Studia/Magisterskie/Islands/islandsEA_student_fork/more_local_matrix_computation/results/descrete_fixed_toplogies/more_local_40bench_descrete_fixed_v1/j0014_more_descrete_d02_trap5_ring_12_best_r1,/home/maja/Studia/Magisterskie/Islands/islandsEA_student_fork/more_local_matrix_computation/results/descrete_fixed_toplogies/more_local_40bench_descrete_fixed_v1/j0014_more_descrete_d02_trap5_ring_12_best_r1/summary.csv,more_descrete_d02_trap5_ring_12_best_r1,descrete_fixed_toplogies,more_local_40bench_descrete_fixed_v1,descrete,14,1,/home/maja/Studia/Magisterskie/Islands/islandsEA_student_fork/islands_desync/logs/more_local_40bench_descrete_fixed_v1/d02_60/j0014 12br-co20ilu2,d02_trap5,60,1000,16,4,12,ring,best,plain,20,2,12,-55,-53.583333333333336,-54.5,-49,2.1392496088322392,0.9166666666666643,2,-49;-49,0,6,-53.583333333333336,-55,12,1,246,-32,-55,23,1,1,1,-32.0,-55.0,23.0,20.0,1000.0,-51046.0,-52.087755102040816,-50.0,-55.0,-55.0,-55.0,340.0,60.0,100.0,196.0,320.0,24,12,0.09090909090909091,2,2,2.0,2,2,2.0,1,12
/home/maja/Studia/Magisterskie/Islands/islandsEA_student_fork/more_local_matrix_computation/results/descrete_fixed_toplogies/more_local_40bench_descrete_fixed_v1/j0015_more_descrete_d02_trap5_ring_12_worst_r1,/home/maja/Studia/Magisterskie/Islands/islandsEA_student_fork/more_local_matrix_computation/results/descrete_fixed_toplogies/more_local_40bench_descrete_fixed_v1/j0015_more_descrete_d02_trap5_ring_12_worst_r1/summary.csv,more_descrete_d02_trap5_ring_12_worst_r1,descrete_fixed_toplogies,more_local_40bench_descrete_fixed_v1,descrete,15,1,/home/maja/Studia/Magisterskie/Islands/islandsEA_student_fork/islands_desync/logs/more_local_40bench_descrete_fixed_v1/d02_60/j0015 12wr-co20ilu2,d02_trap5,60,1000,16,4,12,ring,worst,plain,20,2,12,-56,-53.75,-54.5,-48,2.1262251370288454,0.75,1,-48,0,2,-53.75,-56,12,1,246,-39,-56,17,1,1,1,-39.0,-56.0,17.0,20.0,1000.0,-50474.0,-51.50408163265306,-48.0,-53.0,-56.0,-56.0,660.0,108.0,212.0,424.0,584.0,24,12,0.09090909090909091,2,2,2.0,2,2,2.0,1,12
/home/maja/Studia/Magisterskie/Islands/islandsEA_student_fork/more_local_matrix_computation/results/descrete_fixed_toplogies/more_local_40bench_descrete_fixed_v1/j0016_more_descrete_d02_trap5_ring_12_maxDistance_r1,/home/maja/Studia/Magisterskie/Islands/islandsEA_student_fork/more_local_matrix_computation/results/descrete_fixed_toplogies/more_local_40bench_descrete_fixed_v1/j0016_more_descrete_d02_trap5_ring_12_maxDistance_r1/summary.csv,more_descrete_d02_trap5_ring_12_maxDistance_r1,descrete_fixed_toplogies,more_local_40bench_descrete_fixed_v1,descrete,16,1,/home/maja/Studia/Magisterskie/Islands/islandsEA_student_fork/islands_desync/logs/more_local_40bench_descrete_fixed_v1/d02_60/j0016 12mr-co20ilu2,d02_trap5,60,1000,16,4,12,ring,maxDistance,plain,20,2,12,-55,-54.25,-54,-53,0.5951190357119042,-0.25,0,,0,4,-54.25,-55,12,1,246,-34,-55,21,1,1,1,-34.0,-55.0,21.0,20.0,1000.0,-50698.0,-51.73265306122449,-51.0,-53.0,-55.0,-55.0,632.0,60.0,148.0,212.0,272.0,24,12,0.09090909090909091,2,2,2.0,2,2,2.0,1,12
/home/maja/Studia/Magisterskie/Islands/islandsEA_student_fork/more_local_matrix_computation/results/descrete_fixed_toplogies/more_local_40bench_descrete_fixed_v1/j0017_more_descrete_d02_trap5_torus_12_random_r1,/home/maja/Studia/Magisterskie/Islands/islandsEA_student_fork/more_local_matrix_computation/results/descrete_fixed_toplogies/more_local_40bench_descrete_fixed_v1/j0017_more_descrete_d02_trap5_torus_12_random_r1/summary.csv,more_descrete_d02_trap5_torus_12_random_r1,descrete_fixed_toplogies,more_local_40bench_descrete_fixed_v1,descrete,17,1,/home/maja/Studia/Magisterskie/Islands/islandsEA_student_fork/islands_desync/logs/more_local_40bench_descrete_fixed_v1/d02_60/j0017 12rt-co20ilu2,d02_trap5,60,1000,16,4,12,torus,random,plain,20,2,12,-57,-57,-57,-57,0,0,0,,0,12,-57,-57,12,1,246,-33,-57,24,1,1,1,-33.0,-57.0,24.0,20.0,1000.0,-52028.0,-53.089795918367344,-52.0,-56.0,-57.0,-57.0,536.0,72.0,104.0,248.0,400.0,48,24,0.18181818181818182,4,4,4.0,4,4,4.0,1,12
/home/maja/Studia/Magisterskie/Islands/islandsEA_student_fork/more_local_matrix_computation/results/descrete_fixed_toplogies/more_local_40bench_descrete_fixed_v1/j0018_more_descrete_d02_trap5_torus_12_best_r1,/home/maja/Studia/Magisterskie/Islands/islandsEA_student_fork/more_local_matrix_computation/results/descrete_fixed_toplogies/more_local_40bench_descrete_fixed_v1/j0018_more_descrete_d02_trap5_torus_12_best_r1/summary.csv,more_descrete_d02_trap5_torus_12_best_r1,descrete_fixed_toplogies,more_local_40bench_descrete_fixed_v1,descrete,18,1,/home/maja/Studia/Magisterskie/Islands/islandsEA_student_fork/islands_desync/logs/more_local_40bench_descrete_fixed_v1/d02_60/j0018 12bt-co20ilu2,d02_trap5,60,1000,16,4,12,torus,best,plain,20,2,12,-53,-53,-53,-53,0,0,0,,0,12,-53,-53,12,1,246,-30,-53,23,1,1,1,-30.0,-53.0,23.0,20.0,1000.0,-49822.0,-50.83877551020408,-51.0,-52.0,-53.0,-53.0,516.0,44.0,100.0,116.0,244.0,48,24,0.18181818181818182,4,4,4.0,4,4,4.0,1,12
/home/maja/Studia/Magisterskie/Islands/islandsEA_student_fork/more_local_matrix_computation/results/descrete_fixed_toplogies/more_local_40bench_descrete_fixed_v1/j0019_more_descrete_d02_trap5_torus_12_worst_r1,/home/maja/Studia/Magisterskie/Islands/islandsEA_student_fork/more_local_matrix_computation/results/descrete_fixed_toplogies/more_local_40bench_descrete_fixed_v1/j0019_more_descrete_d02_trap5_torus_12_worst_r1/summary.csv,more_descrete_d02_trap5_torus_12_worst_r1,descrete_fixed_toplogies,more_local_40bench_descrete_fixed_v1,descrete,19,1,/home/maja/Studia/Magisterskie/Islands/islandsEA_student_fork/islands_desync/logs/more_local_40bench_descrete_fixed_v1/d02_60/j0019 12wt-co20ilu2,d02_trap5,60,1000,16,4,12,torus,worst,plain,20,2,12,-53,-52.916666666666664,-53,-52,0.27638539919628335,0.0833333333333357,1,-52,0,11,-52.916666666666664,-53,12,1,246,-30,-53,23,1,1,1,-30.0,-53.0,23.0,20.0,1000.0,-48642.0,-49.63469387755102,-48.0,-52.0,-53.0,-53.0,540.0,48.0,140.0,236.0,348.0,48,24,0.18181818181818182,4,4,4.0,4,4,4.0,1,12
/home/maja/Studia/Magisterskie/Islands/islandsEA_student_fork/more_local_matrix_computation/results/descrete_fixed_toplogies/more_local_40bench_descrete_fixed_v1/j0020_more_descrete_d02_trap5_torus_12_maxDistance_r1,/home/maja/Studia/Magisterskie/Islands/islandsEA_student_fork/more_local_matrix_computation/results/descrete_fixed_toplogies/more_local_40bench_descrete_fixed_v1/j0020_more_descrete_d02_trap5_torus_12_maxDistance_r1/summary.csv,more_descrete_d02_trap5_torus_12_maxDistance_r1,descrete_fixed_toplogies,more_local_40bench_descrete_fixed_v1,descrete,20,1,/home/maja/Studia/Magisterskie/Islands/islandsEA_student_fork/islands_desync/logs/more_local_40bench_descrete_fixed_v1/d02_60/j0020 12mt-co20ilu2,d02_trap5,60,1000,16,4,12,torus,maxDistance,plain,20,2,12,-56,-55.083333333333336,-55,-55,0.27638539919628335,-0.0833333333333357,0,,7,1,-55.083333333333336,-56,12,1,246,-32,-56,24,1,1,1,-32.0,-56.0,24.0,20.0,1000.0,-50936.0,-51.97551020408163,-51.0,-55.0,-55.0,-56.0,888.0,76.0,136.0,232.0,316.0,48,24,0.18181818181818182,4,4,4.0,4,4,4.0,1,12
/home/maja/Studia/Magisterskie/Islands/islandsEA_student_fork/more_local_matrix_computation/results/descrete_fixed_toplogies/more_local_40bench_descrete_fixed_v1/j0021_more_descrete_d02_trap5_complete_12_random_r1,/home/maja/Studia/Magisterskie/Islands/islandsEA_student_fork/more_local_matrix_computation/results/descrete_fixed_toplogies/more_local_40bench_descrete_fixed_v1/j0021_more_descrete_d02_trap5_complete_12_random_r1/summary.csv,more_descrete_d02_trap5_complete_12_random_r1,descrete_fixed_toplogies,more_local_40bench_descrete_fixed_v1,descrete,21,1,/home/maja/Studia/Magisterskie/Islands/islandsEA_student_fork/islands_desync/logs/more_local_40bench_descrete_fixed_v1/d02_60/j0021 12rc-co20ilu2,d02_trap5,60,1000,16,4,12,complete,random,plain,20,2,12,-56,-56,-56,-56,0,0,0,,0,12,-56,-56,12,1,246,-35,-56,21,1,1,1,-35.0,-56.0,21.0,20.0,1000.0,-51502.0,-52.553061224489795,-50.0,-56.0,-56.0,-56.0,484.0,96.0,160.0,256.0,332.0,132,0,1.0,11,11,11.0,11,11,11.0,1,12
/home/maja/Studia/Magisterskie/Islands/islandsEA_student_fork/more_local_matrix_computation/results/descrete_fixed_toplogies/more_local_40bench_descrete_fixed_v1/j0022_more_descrete_d02_trap5_complete_12_best_r1,/home/maja/Studia/Magisterskie/Islands/islandsEA_student_fork/more_local_matrix_computation/results/descrete_fixed_toplogies/more_local_40bench_descrete_fixed_v1/j0022_more_descrete_d02_trap5_complete_12_best_r1/summary.csv,more_descrete_d02_trap5_complete_12_best_r1,descrete_fixed_toplogies,more_local_40bench_descrete_fixed_v1,descrete,22,1,/home/maja/Studia/Magisterskie/Islands/islandsEA_student_fork/islands_desync/logs/more_local_40bench_descrete_fixed_v1/d02_60/j0022 12bc-co20ilu2,d02_trap5,60,1000,16,4,12,complete,best,plain,20,2,12,-57,-57,-57,-57,0,0,0,,0,12,-57,-57,12,1,246,-35,-57,22,1,1,1,-35.0,-57.0,22.0,20.0,1000.0,-53136.0,-54.220408163265304,-55.0,-57.0,-57.0,-57.0,296.0,80.0,136.0,188.0,244.0,132,0,1.0,11,11,11.0,11,11,11.0,1,12
/home/maja/Studia/Magisterskie/Islands/islandsEA_student_fork/more_local_matrix_computation/results/descrete_fixed_toplogies/more_local_40bench_descrete_fixed_v1/j0023_more_descrete_d02_trap5_complete_12_worst_r1,/home/maja/Studia/Magisterskie/Islands/islandsEA_student_fork/more_local_matrix_computation/results/descrete_fixed_toplogies/more_local_40bench_descrete_fixed_v1/j0023_more_descrete_d02_trap5_complete_12_worst_r1/summary.csv,more_descrete_d02_trap5_complete_12_worst_r1,descrete_fixed_toplogies,more_local_40bench_descrete_fixed_v1,descrete,23,1,/home/maja/Studia/Magisterskie/Islands/islandsEA_student_fork/islands_desync/logs/more_local_40bench_descrete_fixed_v1/d02_60/j0023 12wc-co20ilu2,d02_trap5,60,1000,16,4,12,complete,worst,plain,20,2,12,-55,-55,-55,-55,0,0,0,,0,12,-55,-55,12,1,246,-31,-55,24,1,1,1,-31.0,-55.0,24.0,20.0,1000.0,-51204.0,-52.248979591836736,-51.0,-55.0,-55.0,-55.0,388.0,44.0,92.0,208.0,296.0,132,0,1.0,11,11,11.0,11,11,11.0,1,12
/home/maja/Studia/Magisterskie/Islands/islandsEA_student_fork/more_local_matrix_computation/results/descrete_fixed_toplogies/more_local_40bench_descrete_fixed_v1/j0024_more_descrete_d02_trap5_complete_12_maxDistance_r1,/home/maja/Studia/Magisterskie/Islands/islandsEA_student_fork/more_local_matrix_computation/results/descrete_fixed_toplogies/more_local_40bench_descrete_fixed_v1/j0024_more_descrete_d02_trap5_complete_12_maxDistance_r1/summary.csv,more_descrete_d02_trap5_complete_12_maxDistance_r1,descrete_fixed_toplogies,more_local_40bench_descrete_fixed_v1,descrete,24,1,/home/maja/Studia/Magisterskie/Islands/islandsEA_student_fork/islands_desync/logs/more_local_40bench_descrete_fixed_v1/d02_60/j0024 12mc-co20ilu2,d02_trap5,60,1000,16,4,12,complete,maxDistance,plain,20,2,12,-55,-55,-55,-55,0,0,0,,0,12,-55,-55,12,1,246,-34,-55,21,1,1,1,-34.0,-55.0,21.0,20.0,1000.0,-51246.0,-52.29183673469388,-52.0,-55.0,-55.0,-55.0,344.0,80.0,128.0,196.0,260.0,132,0,1.0,11,11,11.0,11,11,11.0,1,12
/home/maja/Studia/Magisterskie/Islands/islandsEA_student_fork/more_local_matrix_computation/results/descrete_fixed_toplogies/more_local_40bench_descrete_fixed_v1/j0025_more_descrete_d03_nk_k4_ring_12_random_r1,/home/maja/Studia/Magisterskie/Islands/islandsEA_student_fork/more_local_matrix_computation/results/descrete_fixed_toplogies/more_local_40bench_descrete_fixed_v1/j0025_more_descrete_d03_nk_k4_ring_12_random_r1/summary.csv,more_descrete_d03_nk_k4_ring_12_random_r1,descrete_fixed_toplogies,more_local_40bench_descrete_fixed_v1,descrete,25,1,/home/maja/Studia/Magisterskie/Islands/islandsEA_student_fork/islands_desync/logs/more_local_40bench_descrete_fixed_v1/d03_60/j0025 12rr-co20ilu2,d03_nk_k4,60,1000,16,4,12,ring,random,plain,20,2,12,-0.7377556314808978,-0.724635864589725,-0.7259871211607838,-0.7021022506252407,0.01113764774130935,0.0013512565710588342,0,,0,3,-0.724635864589725,-0.7377556314808978,12,1,246,-0.5760010978836777,-0.7377556314808978,0.16175453359722014,1,1,1,-0.5760010978836777,-0.7377556314808978,0.16175453359722014,20.0,1000.0,-701.2086106568761,-0.7155189904662,-0.701890536248387,-0.7273252234327955,-0.7377556314808978,-0.7377556314808978,612.0,44.0,108.0,200.0,384.0,24,12,0.09090909090909091,2,2,2.0,2,2,2.0,1,12
/home/maja/Studia/Magisterskie/Islands/islandsEA_student_fork/more_local_matrix_computation/results/descrete_fixed_toplogies/more_local_40bench_descrete_fixed_v1/j0026_more_descrete_d03_nk_k4_ring_12_best_r1,/home/maja/Studia/Magisterskie/Islands/islandsEA_student_fork/more_local_matrix_computation/results/descrete_fixed_toplogies/more_local_40bench_descrete_fixed_v1/j0026_more_descrete_d03_nk_k4_ring_12_best_r1/summary.csv,more_descrete_d03_nk_k4_ring_12_best_r1,descrete_fixed_toplogies,more_local_40bench_descrete_fixed_v1,descrete,26,1,/home/maja/Studia/Magisterskie/Islands/islandsEA_student_fork/islands_desync/logs/more_local_40bench_descrete_fixed_v1/d03_60/j0026 12br-co20ilu2,d03_nk_k4,60,1000,16,4,12,ring,best,plain,20,2,12,-0.7380161114484391,-0.7333589741529658,-0.7352079309537731,-0.707404088354753,0.007894099714540557,0.001848956800807322,1,-0.707404088355,0,2,-0.7333589741529658,-0.7380161114484391,12,1,246,-0.5785627320616131,-0.7380161114484391,0.15945337938682602,1,1,1,-0.5785627320616131,-0.7380161114484391,0.15945337938682602,20.0,1000.0,-704.6355489084134,-0.7190158662330749,-0.7062014976683065,-0.729153179498598,-0.7352079309537731,-0.7380161114484391,892.0,48.0,88.0,140.0,280.0,24,12,0.09090909090909091,2,2,2.0,2,2,2.0,1,12
/home/maja/Studia/Magisterskie/Islands/islandsEA_student_fork/more_local_matrix_computation/results/descrete_fixed_toplogies/more_local_40bench_descrete_fixed_v1/j0027_more_descrete_d03_nk_k4_ring_12_worst_r1,/home/maja/Studia/Magisterskie/Islands/islandsEA_student_fork/more_local_matrix_computation/results/descrete_fixed_toplogies/more_local_40bench_descrete_fixed_v1/j0027_more_descrete_d03_nk_k4_ring_12_worst_r1/summary.csv,more_descrete_d03_nk_k4_ring_12_worst_r1,descrete_fixed_toplogies,more_local_40bench_descrete_fixed_v1,descrete,27,1,/home/maja/Studia/Magisterskie/Islands/islandsEA_student_fork/islands_desync/logs/more_local_40bench_descrete_fixed_v1/d03_60/j0027 12wr-co20ilu2,d03_nk_k4,60,1000,16,4,12,ring,worst,plain,20,2,12,-0.7467677975009579,-0.7326921033576672,-0.7442109877094363,-0.7006018241976489,0.018690449514502577,0.011518884351769065,3,-0.700601824198;-0.700601824198;-0.700601824198,0,1,-0.7326921033576672,-0.7467677975009579,12,1,246,-0.588944113217475,-0.7467677975009579,0.15782368428348292,1,1,1,-0.588944113217475,-0.7467677975009579,0.15782368428348292,20.0,1000.0,-709.3545655269334,-0.7238311893131973,-0.7042349327235494,-0.7442109877094363,-0.7442109877094363,-0.7467677975009579,976.0,64.0,116.0,264.0,288.0,24,12,0.09090909090909091,2,2,2.0,2,2,2.0,1,12
/home/maja/Studia/Magisterskie/Islands/islandsEA_student_fork/more_local_matrix_computation/results/descrete_fixed_toplogies/more_local_40bench_descrete_fixed_v1/j0028_more_descrete_d03_nk_k4_ring_12_maxDistance_r1,/home/maja/Studia/Magisterskie/Islands/islandsEA_student_fork/more_local_matrix_computation/results/descrete_fixed_toplogies/more_local_40bench_descrete_fixed_v1/j0028_more_descrete_d03_nk_k4_ring_12_maxDistance_r1/summary.csv,more_descrete_d03_nk_k4_ring_12_maxDistance_r1,descrete_fixed_toplogies,more_local_40bench_descrete_fixed_v1,descrete,28,1,/home/maja/Studia/Magisterskie/Islands/islandsEA_student_fork/islands_desync/logs/more_local_40bench_descrete_fixed_v1/d03_60/j0028 12mr-co20ilu2,d03_nk_k4,60,1000,16,4,12,ring,maxDistance,plain,20,2,12,-0.7460874043735458,-0.7343546205677396,-0.7385880314013714,-0.7022630993925246,0.01355415716648588,0.004233410833631823,1,-0.702263099393,3,3,-0.7343546205677396,-0.7460874043735458,12,1,246,-0.6114988705998883,-0.7460874043735458,0.13458853377365754,1,1,1,-0.6114988705998883,-0.7460874043735458,0.13458853377365754,20.0,1000.0,-702.584692808322,-0.7169231559268592,-0.7017360265850258,-0.7314720923856376,-0.7460874043735458,-0.7460874043735458,708.0,92.0,188.0,292.0,640.0,24,12,0.09090909090909091,2,2,2.0,2,2,2.0,1,12
/home/maja/Studia/Magisterskie/Islands/islandsEA_student_fork/more_local_matrix_computation/results/descrete_fixed_toplogies/more_local_40bench_descrete_fixed_v1/j0029_more_descrete_d03_nk_k4_torus_12_random_r1,/home/maja/Studia/Magisterskie/Islands/islandsEA_student_fork/more_local_matrix_computation/results/descrete_fixed_toplogies/more_local_40bench_descrete_fixed_v1/j0029_more_descrete_d03_nk_k4_torus_12_random_r1/summary.csv,more_descrete_d03_nk_k4_torus_12_random_r1,descrete_fixed_toplogies,more_local_40bench_descrete_fixed_v1,descrete,29,1,/home/maja/Studia/Magisterskie/Islands/islandsEA_student_fork/islands_desync/logs/more_local_40bench_descrete_fixed_v1/d03_60/j0029 12rt-co20ilu2,d03_nk_k4,60,1000,16,4,12,torus,random,plain,20,2,12,-0.7516866480571903,-0.7451839780455539,-0.7444823406933878,-0.7321693547101187,0.0059799266842880654,-0.0007016373521661068,0,,0,1,-0.7451839780455539,-0.7516866480571903,12,1,246,-0.5853126497244571,-0.7516866480571903,0.16637399833273325,1,1,1,-0.5853126497244571,-0.7516866480571903,0.16637399833273325,20.0,1000.0,-706.5490169883607,-0.7209683846820006,-0.7032895654959466,-0.7321693547101187,-0.7424198151018836,-0.7516866480571903,904.0,48.0,120.0,264.0,620.0,48,24,0.18181818181818182,4,4,4.0,4,4,4.0,1,12
/home/maja/Studia/Magisterskie/Islands/islandsEA_student_fork/more_local_matrix_computation/results/descrete_fixed_toplogies/more_local_40bench_descrete_fixed_v1/j0030_more_descrete_d03_nk_k4_torus_12_best_r1,/home/maja/Studia/Magisterskie/Islands/islandsEA_student_fork/more_local_matrix_computation/results/descrete_fixed_toplogies/more_local_40bench_descrete_fixed_v1/j0030_more_descrete_d03_nk_k4_torus_12_best_r1/summary.csv,more_descrete_d03_nk_k4_torus_12_best_r1,descrete_fixed_toplogies,more_local_40bench_descrete_fixed_v1,descrete,30,1,/home/maja/Studia/Magisterskie/Islands/islandsEA_student_fork/islands_desync/logs/more_local_40bench_descrete_fixed_v1/d03_60/j0030 12bt-co20ilu2,d03_nk_k4,60,1000,16,4,12,torus,best,plain,20,2,12,-0.7524800211369306,-0.7504343830439018,-0.7524800211369306,-0.7463431068578442,0.0028929691348683444,0.002045638093028823,0,,1,8,-0.7504343830439018,-0.7524800211369306,12,1,246,-0.5828376122883302,-0.7524800211369306,0.16964240884860038,1,1,1,-0.5828376122883302,-0.7524800211369306,0.16964240884860038,20.0,1000.0,-718.1627312211464,-0.7328191134909657,-0.7409600592001304,-0.7463431068578442,-0.7524800211369306,-0.7524800211369306,616.0,60.0,100.0,168.0,212.0,48,24,0.18181818181818182,4,4,4.0,4,4,4.0,1,12
/home/maja/Studia/Magisterskie/Islands/islandsEA_student_fork/more_local_matrix_computation/results/descrete_fixed_toplogies/more_local_40bench_descrete_fixed_v1/j0031_more_descrete_d03_nk_k4_torus_12_worst_r1,/home/maja/Studia/Magisterskie/Islands/islandsEA_student_fork/more_local_matrix_computation/results/descrete_fixed_toplogies/more_local_40bench_descrete_fixed_v1/j0031_more_descrete_d03_nk_k4_torus_12_worst_r1/summary.csv,more_descrete_d03_nk_k4_torus_12_worst_r1,descrete_fixed_toplogies,more_local_40bench_descrete_fixed_v1,descrete,31,1,/home/maja/Studia/Magisterskie/Islands/islandsEA_student_fork/islands_desync/logs/more_local_40bench_descrete_fixed_v1/d03_60/j0031 12wt-co20ilu2,d03_nk_k4,60,1000,16,4,12,torus,worst,plain,20,2,12,-0.7604797001734949,-0.7502968026752309,-0.7575838160739148,-0.7187768842507626,0.013790934677244305,0.0072870133986838725,2,-0.718776884251;-0.725398637459,0,6,-0.7502968026752309,-0.7604797001734949,12,1,246,-0.5826523443693385,-0.7604797001734949,0.17782735580415632,1,1,1,-0.5826523443693385,-0.7604797001734949,0.17782735580415632,20.0,1000.0,-719.0023987522159,-0.7336759170940979,-0.7185187056788934,-0.7537299558336347,-0.7604797001734949,-0.7604797001734949,544.0,44.0,116.0,244.0,472.0,48,24,0.18181818181818182,4,4,4.0,4,4,4.0,1,12
/home/maja/Studia/Magisterskie/Islands/islandsEA_student_fork/more_local_matrix_computation/results/descrete_fixed_toplogies/more_local_40bench_descrete_fixed_v1/j0032_more_descrete_d03_nk_k4_torus_12_maxDistance_r1,/home/maja/Studia/Magisterskie/Islands/islandsEA_student_fork/more_local_matrix_computation/results/descrete_fixed_toplogies/more_local_40bench_descrete_fixed_v1/j0032_more_descrete_d03_nk_k4_torus_12_maxDistance_r1/summary.csv,more_descrete_d03_nk_k4_torus_12_maxDistance_r1,descrete_fixed_toplogies,more_local_40bench_descrete_fixed_v1,descrete,32,1,/home/maja/Studia/Magisterskie/Islands/islandsEA_student_fork/islands_desync/logs/more_local_40bench_descrete_fixed_v1/d03_60/j0032 12mt-co20ilu2,d03_nk_k4,60,1000,16,4,12,torus,maxDistance,plain,20,2,12,-0.7507099269670857,-0.7468344100334302,-0.7483017310953447,-0.7379835497252282,0.00430211817823865,0.001467321061914495,3,-0.744105653477;-0.737983549725;-0.737983549725,0,3,-0.7468344100334302,-0.7507099269670857,12,1,246,-0.5927452060746586,-0.7507099269670857,0.15796472089242708,1,1,1,-0.5927452060746586,-0.7507099269670857,0.15796472089242708,20.0,1000.0,-715.670493764677,-0.7302760140455887,-0.7274514980155853,-0.7483017310953447,-0.7507099269670857,-0.7507099269670857,656.0,80.0,108.0,160.0,396.0,48,24,0.18181818181818182,4,4,4.0,4,4,4.0,1,12
/home/maja/Studia/Magisterskie/Islands/islandsEA_student_fork/more_local_matrix_computation/results/descrete_fixed_toplogies/more_local_40bench_descrete_fixed_v1/j0033_more_descrete_d03_nk_k4_complete_12_random_r1,/home/maja/Studia/Magisterskie/Islands/islandsEA_student_fork/more_local_matrix_computation/results/descrete_fixed_toplogies/more_local_40bench_descrete_fixed_v1/j0033_more_descrete_d03_nk_k4_complete_12_random_r1/summary.csv,more_descrete_d03_nk_k4_complete_12_random_r1,descrete_fixed_toplogies,more_local_40bench_descrete_fixed_v1,descrete,33,1,/home/maja/Studia/Magisterskie/Islands/islandsEA_student_fork/islands_desync/logs/more_local_40bench_descrete_fixed_v1/d03_60/j0033 12rc-co20ilu2,d03_nk_k4,60,1000,16,4,12,complete,random,plain,20,2,12,-0.750107814806825,-0.750107814806825,-0.750107814806825,-0.750107814806825,0,0,0,,0,12,-0.750107814806825,-0.750107814806825,12,1,246,-0.5819697259011647,-0.750107814806825,0.1681380889056603,1,1,1,-0.5819697259011647,-0.750107814806825,0.1681380889056603,20.0,1000.0,-718.0787790963229,-0.7327334480574724,-0.7461322886912031,-0.750107814806825,-0.750107814806825,-0.750107814806825,368.0,72.0,116.0,180.0,216.0,132,0,1.0,11,11,11.0,11,11,11.0,1,12
/home/maja/Studia/Magisterskie/Islands/islandsEA_student_fork/more_local_matrix_computation/results/descrete_fixed_toplogies/more_local_40bench_descrete_fixed_v1/j0034_more_descrete_d03_nk_k4_complete_12_best_r1,/home/maja/Studia/Magisterskie/Islands/islandsEA_student_fork/more_local_matrix_computation/results/descrete_fixed_toplogies/more_local_40bench_descrete_fixed_v1/j0034_more_descrete_d03_nk_k4_complete_12_best_r1/summary.csv,more_descrete_d03_nk_k4_complete_12_best_r1,descrete_fixed_toplogies,more_local_40bench_descrete_fixed_v1,descrete,34,1,/home/maja/Studia/Magisterskie/Islands/islandsEA_student_fork/islands_desync/logs/more_local_40bench_descrete_fixed_v1/d03_60/j0034 12bc-co20ilu2,d03_nk_k4,60,1000,16,4,12,complete,best,plain,20,2,12,-0.7226421532316789,-0.7226421532316789,-0.7226421532316789,-0.7226421532316789,0,0,0,,0,12,-0.7226421532316789,-0.7226421532316789,12,1,246,-0.6064221867144618,-0.7226421532316789,0.11621996651721711,1,1,1,-0.6064221867144618,-0.7226421532316789,0.11621996651721711,20.0,1000.0,-699.4908718265145,-0.7137661957413414,-0.7148030929012629,-0.7226421532316789,-0.7226421532316789,-0.7226421532316789,364.0,36.0,56.0,132.0,168.0,132,0,1.0,11,11,11.0,11,11,11.0,1,12
/home/maja/Studia/Magisterskie/Islands/islandsEA_student_fork/more_local_matrix_computation/results/descrete_fixed_toplogies/more_local_40bench_descrete_fixed_v1/j0035_more_descrete_d03_nk_k4_complete_12_worst_r1,/home/maja/Studia/Magisterskie/Islands/islandsEA_student_fork/more_local_matrix_computation/results/descrete_fixed_toplogies/more_local_40bench_descrete_fixed_v1/j0035_more_descrete_d03_nk_k4_complete_12_worst_r1/summary.csv,more_descrete_d03_nk_k4_complete_12_worst_r1,descrete_fixed_toplogies,more_local_40bench_descrete_fixed_v1,descrete,35,1,/home/maja/Studia/Magisterskie/Islands/islandsEA_student_fork/islands_desync/logs/more_local_40bench_descrete_fixed_v1/d03_60/j0035 12wc-co20ilu2,d03_nk_k4,60,1000,16,4,12,complete,worst,plain,20,2,12,-0.739560175587095,-0.739560175587095,-0.739560175587095,-0.739560175587095,0,0,0,,0,12,-0.739560175587095,-0.739560175587095,12,1,246,-0.5870397372771741,-0.739560175587095,0.1525204383099209,1,1,1,-0.5870397372771741,-0.739560175587095,0.1525204383099209,20.0,1000.0,-710.3646337114869,-0.7248618711341703,-0.7302715767148344,-0.739560175587095,-0.739560175587095,-0.739560175587095,480.0,48.0,96.0,160.0,232.0,132,0,1.0,11,11,11.0,11,11,11.0,1,12
/home/maja/Studia/Magisterskie/Islands/islandsEA_student_fork/more_local_matrix_computation/results/descrete_fixed_toplogies/more_local_40bench_descrete_fixed_v1/j0036_more_descrete_d03_nk_k4_complete_12_maxDistance_r1,/home/maja/Studia/Magisterskie/Islands/islandsEA_student_fork/more_local_matrix_computation/results/descrete_fixed_toplogies/more_local_40bench_descrete_fixed_v1/j0036_more_descrete_d03_nk_k4_complete_12_maxDistance_r1/summary.csv,more_descrete_d03_nk_k4_complete_12_maxDistance_r1,descrete_fixed_toplogies,more_local_40bench_descrete_fixed_v1,descrete,36,1,/home/maja/Studia/Magisterskie/Islands/islandsEA_student_fork/islands_desync/logs/more_local_40bench_descrete_fixed_v1/d03_60/j0036 12mc-co20ilu2,d03_nk_k4,60,1000,16,4,12,complete,maxDistance,plain,20,2,12,-0.7446917935603541,-0.7446917935603541,-0.7446917935603541,-0.7446917935603541,0,0,0,,0,12,-0.7446917935603541,-0.7446917935603541,12,1,246,-0.5991405821562615,-0.7446917935603541,0.14555121140409255,1,1,1,-0.5991405821562615,-0.7446917935603541,0.14555121140409255,20.0,1000.0,-708.6711425831185,-0.7231338189623658,-0.7070323705650289,-0.7446917935603541,-0.7446917935603541,-0.7446917935603541,476.0,76.0,128.0,252.0,376.0,132,0,1.0,11,11,11.0,11,11,11.0,1,12
/home/maja/Studia/Magisterskie/Islands/islandsEA_student_fork/more_local_matrix_computation/results/descrete_fixed_toplogies/more_local_40bench_descrete_fixed_v1/j0037_more_descrete_d04_onemax_ring_12_random_r1,/home/maja/Studia/Magisterskie/Islands/islandsEA_student_fork/more_local_matrix_computation/results/descrete_fixed_toplogies/more_local_40bench_descrete_fixed_v1/j0037_more_descrete_d04_onemax_ring_12_random_r1/summary.csv,more_descrete_d04_onemax_ring_12_random_r1,descrete_fixed_toplogies,more_local_40bench_descrete_fixed_v1,descrete,37,1,/home/maja/Studia/Magisterskie/Islands/islandsEA_student_fork/islands_desync/logs/more_local_40bench_descrete_fixed_v1/d04_60/j0037 12rr-co20ilu2,d04_onemax,60,1000,16,4,12,ring,random,plain,20,2,12,-60,-60,-60,-60,0,0,0,,0,12,-60,-60,12,1,246,-39,-60,21,1,1,1,-39.0,-60.0,21.0,20.0,1000.0,-56194.0,-57.340816326530614,-58.0,-60.0,-60.0,-60.0,348.0,60.0,140.0,228.0,248.0,24,12,0.09090909090909091,2,2,2.0,2,2,2.0,1,12
/home/maja/Studia/Magisterskie/Islands/islandsEA_student_fork/more_local_matrix_computation/results/descrete_fixed_toplogies/more_local_40bench_descrete_fixed_v1/j0038_more_descrete_d04_onemax_ring_12_best_r1,/home/maja/Studia/Magisterskie/Islands/islandsEA_student_fork/more_local_matrix_computation/results/descrete_fixed_toplogies/more_local_40bench_descrete_fixed_v1/j0038_more_descrete_d04_onemax_ring_12_best_r1/summary.csv,more_descrete_d04_onemax_ring_12_best_r1,descrete_fixed_toplogies,more_local_40bench_descrete_fixed_v1,descrete,38,1,/home/maja/Studia/Magisterskie/Islands/islandsEA_student_fork/islands_desync/logs/more_local_40bench_descrete_fixed_v1/d04_60/j0038 12br-co20ilu2,d04_onemax,60,1000,16,4,12,ring,best,plain,20,2,12,-60,-60,-60,-60,0,0,0,,0,12,-60,-60,12,1,246,-39,-60,21,1,1,1,-39.0,-60.0,21.0,20.0,1000.0,-56926.0,-58.087755102040816,-59.0,-60.0,-60.0,-60.0,280.0,60.0,100.0,148.0,196.0,24,12,0.09090909090909091,2,2,2.0,2,2,2.0,1,12
/home/maja/Studia/Magisterskie/Islands/islandsEA_student_fork/more_local_matrix_computation/results/descrete_fixed_toplogies/more_local_40bench_descrete_fixed_v1/j0039_more_descrete_d04_onemax_ring_12_worst_r1,/home/maja/Studia/Magisterskie/Islands/islandsEA_student_fork/more_local_matrix_computation/results/descrete_fixed_toplogies/more_local_40bench_descrete_fixed_v1/j0039_more_descrete_d04_onemax_ring_12_worst_r1/summary.csv,more_descrete_d04_onemax_ring_12_worst_r1,descrete_fixed_toplogies,more_local_40bench_descrete_fixed_v1,descrete,39,1,/home/maja/Studia/Magisterskie/Islands/islandsEA_student_fork/islands_desync/logs/more_local_40bench_descrete_fixed_v1/d04_60/j0039 12wr-co20ilu2,d04_onemax,60,1000,16,4,12,ring,worst,plain,20,2,12,-60,-60,-60,-60,0,0,0,,0,12,-60,-60,12,1,246,-40,-60,20,1,1,1,-40.0,-60.0,20.0,20.0,1000.0,-56536.0,-57.689795918367345,-58.0,-60.0,-60.0,-60.0,312.0,56.0,124.0,196.0,212.0,24,12,0.09090909090909091,2,2,2.0,2,2,2.0,1,12
/home/maja/Studia/Magisterskie/Islands/islandsEA_student_fork/more_local_matrix_computation/results/descrete_fixed_toplogies/more_local_40bench_descrete_fixed_v1/j0040_more_descrete_d04_onemax_ring_12_maxDistance_r1,/home/maja/Studia/Magisterskie/Islands/islandsEA_student_fork/more_local_matrix_computation/results/descrete_fixed_toplogies/more_local_40bench_descrete_fixed_v1/j0040_more_descrete_d04_onemax_ring_12_maxDistance_r1/summary.csv,more_descrete_d04_onemax_ring_12_maxDistance_r1,descrete_fixed_toplogies,more_local_40bench_descrete_fixed_v1,descrete,40,1,/home/maja/Studia/Magisterskie/Islands/islandsEA_student_fork/islands_desync/logs/more_local_40bench_descrete_fixed_v1/d04_60/j0040 12mr-co20ilu2,d04_onemax,60,1000,16,4,12,ring,maxDistance,plain,20,2,12,-60,-60,-60,-60,0,0,0,,0,12,-60,-60,12,1,246,-43,-60,17,1,1,1,-43.0,-60.0,17.0,20.0,1000.0,-56574.0,-57.72857142857143,-57.0,-60.0,-60.0,-60.0,332.0,76.0,152.0,200.0,264.0,24,12,0.09090909090909091,2,2,2.0,2,2,2.0,1,12
/home/maja/Studia/Magisterskie/Islands/islandsEA_student_fork/more_local_matrix_computation/results/descrete_fixed_toplogies/more_local_40bench_descrete_fixed_v1/j0041_more_descrete_d04_onemax_torus_12_random_r1,/home/maja/Studia/Magisterskie/Islands/islandsEA_student_fork/more_local_matrix_computation/results/descrete_fixed_toplogies/more_local_40bench_descrete_fixed_v1/j0041_more_descrete_d04_onemax_torus_12_random_r1/summary.csv,more_descrete_d04_onemax_torus_12_random_r1,descrete_fixed_toplogies,more_local_40bench_descrete_fixed_v1,descrete,41,1,/home/maja/Studia/Magisterskie/Islands/islandsEA_student_fork/islands_desync/logs/more_local_40bench_descrete_fixed_v1/d04_60/j0041 12rt-co20ilu2,d04_onemax,60,1000,16,4,12,torus,random,plain,20,2,12,-60,-60,-60,-60,0,0,0,,0,12,-60,-60,12,1,246,-39,-60,21,1,1,1,-39.0,-60.0,21.0,20.0,1000.0,-56266.0,-57.41428571428571,-58.0,-60.0,-60.0,-60.0,340.0,64.0,128.0,216.0,248.0,48,24,0.18181818181818182,4,4,4.0,4,4,4.0,1,12
/home/maja/Studia/Magisterskie/Islands/islandsEA_student_fork/more_local_matrix_computation/results/descrete_fixed_toplogies/more_local_40bench_descrete_fixed_v1/j0042_more_descrete_d04_onemax_torus_12_best_r1,/home/maja/Studia/Magisterskie/Islands/islandsEA_student_fork/more_local_matrix_computation/results/descrete_fixed_toplogies/more_local_40bench_descrete_fixed_v1/j0042_more_descrete_d04_onemax_torus_12_best_r1/summary.csv,more_descrete_d04_onemax_torus_12_best_r1,descrete_fixed_toplogies,more_local_40bench_descrete_fixed_v1,descrete,42,1,/home/maja/Studia/Magisterskie/Islands/islandsEA_student_fork/islands_desync/logs/more_local_40bench_descrete_fixed_v1/d04_60/j0042 12bt-co20ilu2,d04_onemax,60,1000,16,4,12,torus,best,plain,20,2,12,-60,-60,-60,-60,0,0,0,,0,12,-60,-60,12,1,246,-39,-60,21,1,1,1,-39.0,-60.0,21.0,20.0,1000.0,-57114.0,-58.279591836734696,-60.0,-60.0,-60.0,-60.0,232.0,60.0,88.0,148.0,176.0,48,24,0.18181818181818182,4,4,4.0,4,4,4.0,1,12
/home/maja/Studia/Magisterskie/Islands/islandsEA_student_fork/more_local_matrix_computation/results/descrete_fixed_toplogies/more_local_40bench_descrete_fixed_v1/j0043_more_descrete_d04_onemax_torus_12_worst_r1,/home/maja/Studia/Magisterskie/Islands/islandsEA_student_fork/more_local_matrix_computation/results/descrete_fixed_toplogies/more_local_40bench_descrete_fixed_v1/j0043_more_descrete_d04_onemax_torus_12_worst_r1/summary.csv,more_descrete_d04_onemax_torus_12_worst_r1,descrete_fixed_toplogies,more_local_40bench_descrete_fixed_v1,descrete,43,1,/home/maja/Studia/Magisterskie/Islands/islandsEA_student_fork/islands_desync/logs/more_local_40bench_descrete_fixed_v1/d04_60/j0043 12wt-co20ilu2,d04_onemax,60,1000,16,4,12,torus,worst,plain,20,2,12,-60,-60,-60,-60,0,0,0,,0,12,-60,-60,12,1,246,-41,-60,19,1,1,1,-41.0,-60.0,19.0,20.0,1000.0,-56438.0,-57.589795918367344,-57.0,-60.0,-60.0,-60.0,368.0,36.0,136.0,236.0,288.0,48,24,0.18181818181818182,4,4,4.0,4,4,4.0,1,12
/home/maja/Studia/Magisterskie/Islands/islandsEA_student_fork/more_local_matrix_computation/results/descrete_fixed_toplogies/more_local_40bench_descrete_fixed_v1/j0044_more_descrete_d04_onemax_torus_12_maxDistance_r1,/home/maja/Studia/Magisterskie/Islands/islandsEA_student_fork/more_local_matrix_computation/results/descrete_fixed_toplogies/more_local_40bench_descrete_fixed_v1/j0044_more_descrete_d04_onemax_torus_12_maxDistance_r1/summary.csv,more_descrete_d04_onemax_torus_12_maxDistance_r1,descrete_fixed_toplogies,more_local_40bench_descrete_fixed_v1,descrete,44,1,/home/maja/Studia/Magisterskie/Islands/islandsEA_student_fork/islands_desync/logs/more_local_40bench_descrete_fixed_v1/d04_60/j0044 12mt-co20ilu2,d04_onemax,60,1000,16,4,12,torus,maxDistance,plain,20,2,12,-60,-60,-60,-60,0,0,0,,0,12,-60,-60,12,1,246,-42,-60,18,1,1,1,-42.0,-60.0,18.0,20.0,1000.0,-56912.0,-58.073469387755104,-60.0,-60.0,-60.0,-60.0,232.0,84.0,120.0,168.0,228.0,48,24,0.18181818181818182,4,4,4.0,4,4,4.0,1,12
/home/maja/Studia/Magisterskie/Islands/islandsEA_student_fork/more_local_matrix_computation/results/descrete_fixed_toplogies/more_local_40bench_descrete_fixed_v1/j0045_more_descrete_d04_onemax_complete_12_random_r1,/home/maja/Studia/Magisterskie/Islands/islandsEA_student_fork/more_local_matrix_computation/results/descrete_fixed_toplogies/more_local_40bench_descrete_fixed_v1/j0045_more_descrete_d04_onemax_complete_12_random_r1/summary.csv,more_descrete_d04_onemax_complete_12_random_r1,descrete_fixed_toplogies,more_local_40bench_descrete_fixed_v1,descrete,45,1,/home/maja/Studia/Magisterskie/Islands/islandsEA_student_fork/islands_desync/logs/more_local_40bench_descrete_fixed_v1/d04_60/j0045 12rc-co20ilu2,d04_onemax,60,1000,16,4,12,complete,random,plain,20,2,12,-60,-60,-60,-60,0,0,0,,0,12,-60,-60,12,1,246,-42,-60,18,1,1,1,-42.0,-60.0,18.0,20.0,1000.0,-56788.0,-57.946938775510205,-58.0,-60.0,-60.0,-60.0,316.0,72.0,104.0,196.0,276.0,132,0,1.0,11,11,11.0,11,11,11.0,1,12
/home/maja/Studia/Magisterskie/Islands/islandsEA_student_fork/more_local_matrix_computation/results/descrete_fixed_toplogies/more_local_40bench_descrete_fixed_v1/j0046_more_descrete_d04_onemax_complete_12_best_r1,/home/maja/Studia/Magisterskie/Islands/islandsEA_student_fork/more_local_matrix_computation/results/descrete_fixed_toplogies/more_local_40bench_descrete_fixed_v1/j0046_more_descrete_d04_onemax_complete_12_best_r1/summary.csv,more_descrete_d04_onemax_complete_12_best_r1,descrete_fixed_toplogies,more_local_40bench_descrete_fixed_v1,descrete,46,1,/home/maja/Studia/Magisterskie/Islands/islandsEA_student_fork/islands_desync/logs/more_local_40bench_descrete_fixed_v1/d04_60/j0046 12bc-co20ilu2,d04_onemax,60,1000,16,4,12,complete,best,plain,20,2,12,-60,-60,-60,-60,0,0,0,,0,12,-60,-60,12,1,246,-41,-60,19,1,1,1,-41.0,-60.0,19.0,20.0,1000.0,-57818.0,-58.99795918367347,-60.0,-60.0,-60.0,-60.0,188.0,32.0,64.0,120.0,144.0,132,0,1.0,11,11,11.0,11,11,11.0,1,12
/home/maja/Studia/Magisterskie/Islands/islandsEA_student_fork/more_local_matrix_computation/results/descrete_fixed_toplogies/more_local_40bench_descrete_fixed_v1/j0047_more_descrete_d04_onemax_complete_12_worst_r1,/home/maja/Studia/Magisterskie/Islands/islandsEA_student_fork/more_local_matrix_computation/results/descrete_fixed_toplogies/more_local_40bench_descrete_fixed_v1/j0047_more_descrete_d04_onemax_complete_12_worst_r1/summary.csv,more_descrete_d04_onemax_complete_12_worst_r1,descrete_fixed_toplogies,more_local_40bench_descrete_fixed_v1,descrete,47,1,/home/maja/Studia/Magisterskie/Islands/islandsEA_student_fork/islands_desync/logs/more_local_40bench_descrete_fixed_v1/d04_60/j0047 12wc-co20ilu2,d04_onemax,60,1000,16,4,12,complete,worst,plain,20,2,12,-60,-60,-60,-60,0,0,0,,0,12,-60,-60,12,1,246,-41,-60,19,1,1,1,-41.0,-60.0,19.0,20.0,1000.0,-56198.0,-57.344897959183676,-56.0,-60.0,-60.0,-60.0,424.0,60.0,124.0,236.0,376.0,132,0,1.0,11,11,11.0,11,11,11.0,1,12
/home/maja/Studia/Magisterskie/Islands/islandsEA_student_fork/more_local_matrix_computation/results/descrete_fixed_toplogies/more_local_40bench_descrete_fixed_v1/j0048_more_descrete_d04_onemax_complete_12_maxDistance_r1,/home/maja/Studia/Magisterskie/Islands/islandsEA_student_fork/more_local_matrix_computation/results/descrete_fixed_toplogies/more_local_40bench_descrete_fixed_v1/j0048_more_descrete_d04_onemax_complete_12_maxDistance_r1/summary.csv,more_descrete_d04_onemax_complete_12_maxDistance_r1,descrete_fixed_toplogies,more_local_40bench_descrete_fixed_v1,descrete,48,1,/home/maja/Studia/Magisterskie/Islands/islandsEA_student_fork/islands_desync/logs/more_local_40bench_descrete_fixed_v1/d04_60/j0048 12mc-co20ilu2,d04_onemax,60,1000,16,4,12,complete,maxDistance,plain,20,2,12,-60,-60,-60,-60,0,0,0,,0,12,-60,-60,12,1,246,-44,-60,16,1,1,1,-44.0,-60.0,16.0,20.0,1000.0,-57104.0,-58.26938775510204,-60.0,-60.0,-60.0,-60.0,248.0,72.0,120.0,160.0,224.0,132,0,1.0,11,11,11.0,11,11,11.0,1,12
/home/maja/Studia/Magisterskie/Islands/islandsEA_student_fork/more_local_matrix_computation/results/descrete_fixed_toplogies/more_local_40bench_descrete_fixed_v1/j0049_more_descrete_d05_zeromax_ring_12_random_r1,/home/maja/Studia/Magisterskie/Islands/islandsEA_student_fork/more_local_matrix_computation/results/descrete_fixed_toplogies/more_local_40bench_descrete_fixed_v1/j0049_more_descrete_d05_zeromax_ring_12_random_r1/summary.csv,more_descrete_d05_zeromax_ring_12_random_r1,descrete_fixed_toplogies,more_local_40bench_descrete_fixed_v1,descrete,49,1,/home/maja/Studia/Magisterskie/Islands/islandsEA_student_fork/islands_desync/logs/more_local_40bench_descrete_fixed_v1/d05_60/j0049 12rr-co20ilu2,d05_zeromax,60,1000,16,4,12,ring,random,plain,20,2,12,-60,-60,-60,-60,0,0,0,,0,12,-60,-60,12,1,246,-40,-60,20,1,1,1,-40.0,-60.0,20.0,20.0,1000.0,-56712.0,-57.86938775510204,-59.0,-60.0,-60.0,-60.0,264.0,64.0,124.0,156.0,220.0,24,12,0.09090909090909091,2,2,2.0,2,2,2.0,1,12
/home/maja/Studia/Magisterskie/Islands/islandsEA_student_fork/more_local_matrix_computation/results/descrete_fixed_toplogies/more_local_40bench_descrete_fixed_v1/j0050_more_descrete_d05_zeromax_ring_12_best_r1,/home/maja/Studia/Magisterskie/Islands/islandsEA_student_fork/more_local_matrix_computation/results/descrete_fixed_toplogies/more_local_40bench_descrete_fixed_v1/j0050_more_descrete_d05_zeromax_ring_12_best_r1/summary.csv,more_descrete_d05_zeromax_ring_12_best_r1,descrete_fixed_toplogies,more_local_40bench_descrete_fixed_v1,descrete,50,1,/home/maja/Studia/Magisterskie/Islands/islandsEA_student_fork/islands_desync/logs/more_local_40bench_descrete_fixed_v1/d05_60/j0050 12br-co20ilu2,d05_zeromax,60,1000,16,4,12,ring,best,plain,20,2,12,-60,-60,-60,-60,0,0,0,,0,12,-60,-60,12,1,246,-40,-60,20,1,1,1,-40.0,-60.0,20.0,20.0,1000.0,-57204.0,-58.371428571428574,-60.0,-60.0,-60.0,-60.0,208.0,48.0,88.0,144.0,192.0,24,12,0.09090909090909091,2,2,2.0,2,2,2.0,1,12
/home/maja/Studia/Magisterskie/Islands/islandsEA_student_fork/more_local_matrix_computation/results/descrete_fixed_toplogies/more_local_40bench_descrete_fixed_v1/j0051_more_descrete_d05_zeromax_ring_12_worst_r1,/home/maja/Studia/Magisterskie/Islands/islandsEA_student_fork/more_local_matrix_computation/results/descrete_fixed_toplogies/more_local_40bench_descrete_fixed_v1/j0051_more_descrete_d05_zeromax_ring_12_worst_r1/summary.csv,more_descrete_d05_zeromax_ring_12_worst_r1,descrete_fixed_toplogies,more_local_40bench_descrete_fixed_v1,descrete,51,1,/home/maja/Studia/Magisterskie/Islands/islandsEA_student_fork/islands_desync/logs/more_local_40bench_descrete_fixed_v1/d05_60/j0051 12wr-co20ilu2,d05_zeromax,60,1000,16,4,12,ring,worst,plain,20,2,12,-60,-60,-60,-60,0,0,0,,0,12,-60,-60,12,1,246,-41,-60,19,1,1,1,-41.0,-60.0,19.0,20.0,1000.0,-56078.0,-57.22244897959184,-56.0,-60.0,-60.0,-60.0,380.0,68.0,140.0,240.0,316.0,24,12,0.09090909090909091,2,2,2.0,2,2,2.0,1,12
/home/maja/Studia/Magisterskie/Islands/islandsEA_student_fork/more_local_matrix_computation/results/descrete_fixed_toplogies/more_local_40bench_descrete_fixed_v1/j0052_more_descrete_d05_zeromax_ring_12_maxDistance_r1,/home/maja/Studia/Magisterskie/Islands/islandsEA_student_fork/more_local_matrix_computation/results/descrete_fixed_toplogies/more_local_40bench_descrete_fixed_v1/j0052_more_descrete_d05_zeromax_ring_12_maxDistance_r1/summary.csv,more_descrete_d05_zeromax_ring_12_maxDistance_r1,descrete_fixed_toplogies,more_local_40bench_descrete_fixed_v1,descrete,52,1,/home/maja/Studia/Magisterskie/Islands/islandsEA_student_fork/islands_desync/logs/more_local_40bench_descrete_fixed_v1/d05_60/j0052 12mr-co20ilu2,d05_zeromax,60,1000,16,4,12,ring,maxDistance,plain,20,2,12,-60,-60,-60,-60,0,0,0,,0,12,-60,-60,12,1,246,-40,-60,20,1,1,1,-40.0,-60.0,20.0,20.0,1000.0,-56720.0,-57.87755102040816,-57.0,-60.0,-60.0,-60.0,276.0,52.0,104.0,176.0,264.0,24,12,0.09090909090909091,2,2,2.0,2,2,2.0,1,12
/home/maja/Studia/Magisterskie/Islands/islandsEA_student_fork/more_local_matrix_computation/results/descrete_fixed_toplogies/more_local_40bench_descrete_fixed_v1/j0053_more_descrete_d05_zeromax_torus_12_random_r1,/home/maja/Studia/Magisterskie/Islands/islandsEA_student_fork/more_local_matrix_computation/results/descrete_fixed_toplogies/more_local_40bench_descrete_fixed_v1/j0053_more_descrete_d05_zeromax_torus_12_random_r1/summary.csv,more_descrete_d05_zeromax_torus_12_random_r1,descrete_fixed_toplogies,more_local_40bench_descrete_fixed_v1,descrete,53,1,/home/maja/Studia/Magisterskie/Islands/islandsEA_student_fork/islands_desync/logs/more_local_40bench_descrete_fixed_v1/d05_60/j0053 12rt-co20ilu2,d05_zeromax,60,1000,16,4,12,torus,random,plain,20,2,12,-60,-60,-60,-60,0,0,0,,0,12,-60,-60,12,1,246,-41,-60,19,1,1,1,-41.0,-60.0,19.0,20.0,1000.0,-56710.0,-57.86734693877551,-59.0,-60.0,-60.0,-60.0,284.0,76.0,112.0,208.0,248.0,48,24,0.18181818181818182,4,4,4.0,4,4,4.0,1,12
/home/maja/Studia/Magisterskie/Islands/islandsEA_student_fork/more_local_matrix_computation/results/descrete_fixed_toplogies/more_local_40bench_descrete_fixed_v1/j0054_more_descrete_d05_zeromax_torus_12_best_r1,/home/maja/Studia/Magisterskie/Islands/islandsEA_student_fork/more_local_matrix_computation/results/descrete_fixed_toplogies/more_local_40bench_descrete_fixed_v1/j0054_more_descrete_d05_zeromax_torus_12_best_r1/summary.csv,more_descrete_d05_zeromax_torus_12_best_r1,descrete_fixed_toplogies,more_local_40bench_descrete_fixed_v1,descrete,54,1,/home/maja/Studia/Magisterskie/Islands/islandsEA_student_fork/islands_desync/logs/more_local_40bench_descrete_fixed_v1/d05_60/j0054 12bt-co20ilu2,d05_zeromax,60,1000,16,4,12,torus,best,plain,20,2,12,-60,-60,-60,-60,0,0,0,,0,12,-60,-60,12,1,246,-43,-60,17,1,1,1,-43.0,-60.0,17.0,20.0,1000.0,-57322.0,-58.49183673469388,-60.0,-60.0,-60.0,-60.0,220.0,60.0,112.0,160.0,168.0,48,24,0.18181818181818182,4,4,4.0,4,4,4.0,1,12
/home/maja/Studia/Magisterskie/Islands/islandsEA_student_fork/more_local_matrix_computation/results/descrete_fixed_toplogies/more_local_40bench_descrete_fixed_v1/j0055_more_descrete_d05_zeromax_torus_12_worst_r1,/home/maja/Studia/Magisterskie/Islands/islandsEA_student_fork/more_local_matrix_computation/results/descrete_fixed_toplogies/more_local_40bench_descrete_fixed_v1/j0055_more_descrete_d05_zeromax_torus_12_worst_r1/summary.csv,more_descrete_d05_zeromax_torus_12_worst_r1,descrete_fixed_toplogies,more_local_40bench_descrete_fixed_v1,descrete,55,1,/home/maja/Studia/Magisterskie/Islands/islandsEA_student_fork/islands_desync/logs/more_local_40bench_descrete_fixed_v1/d05_60/j0055 12wt-co20ilu2,d05_zeromax,60,1000,16,4,12,torus,worst,plain,20,2,12,-60,-60,-60,-60,0,0,0,,0,12,-60,-60,12,1,246,-41,-60,19,1,1,1,-41.0,-60.0,19.0,20.0,1000.0,-56634.0,-57.789795918367346,-58.0,-60.0,-60.0,-60.0,320.0,80.0,116.0,176.0,312.0,48,24,0.18181818181818182,4,4,4.0,4,4,4.0,1,12
/home/maja/Studia/Magisterskie/Islands/islandsEA_student_fork/more_local_matrix_computation/results/descrete_fixed_toplogies/more_local_40bench_descrete_fixed_v1/j0056_more_descrete_d05_zeromax_torus_12_maxDistance_r1,/home/maja/Studia/Magisterskie/Islands/islandsEA_student_fork/more_local_matrix_computation/results/descrete_fixed_toplogies/more_local_40bench_descrete_fixed_v1/j0056_more_descrete_d05_zeromax_torus_12_maxDistance_r1/summary.csv,more_descrete_d05_zeromax_torus_12_maxDistance_r1,descrete_fixed_toplogies,more_local_40bench_descrete_fixed_v1,descrete,56,1,/home/maja/Studia/Magisterskie/Islands/islandsEA_student_fork/islands_desync/logs/more_local_40bench_descrete_fixed_v1/d05_60/j0056 12mt-co20ilu2,d05_zeromax,60,1000,16,4,12,torus,maxDistance,plain,20,2,12,-60,-60,-60,-60,0,0,0,,0,12,-60,-60,12,1,246,-40,-60,20,1,1,1,-40.0,-60.0,20.0,20.0,1000.0,-56548.0,-57.70204081632653,-58.0,-60.0,-60.0,-60.0,332.0,80.0,104.0,164.0,216.0,48,24,0.18181818181818182,4,4,4.0,4,4,4.0,1,12
/home/maja/Studia/Magisterskie/Islands/islandsEA_student_fork/more_local_matrix_computation/results/descrete_fixed_toplogies/more_local_40bench_descrete_fixed_v1/j0057_more_descrete_d05_zeromax_complete_12_random_r1,/home/maja/Studia/Magisterskie/Islands/islandsEA_student_fork/more_local_matrix_computation/results/descrete_fixed_toplogies/more_local_40bench_descrete_fixed_v1/j0057_more_descrete_d05_zeromax_complete_12_random_r1/summary.csv,more_descrete_d05_zeromax_complete_12_random_r1,descrete_fixed_toplogies,more_local_40bench_descrete_fixed_v1,descrete,57,1,/home/maja/Studia/Magisterskie/Islands/islandsEA_student_fork/islands_desync/logs/more_local_40bench_descrete_fixed_v1/d05_60/j0057 12rc-co20ilu2,d05_zeromax,60,1000,16,4,12,complete,random,plain,20,2,12,-60,-60,-60,-60,0,0,0,,0,12,-60,-60,12,1,246,-42,-60,18,1,1,1,-42.0,-60.0,18.0,20.0,1000.0,-57104.0,-58.26938775510204,-58.0,-60.0,-60.0,-60.0,284.0,56.0,96.0,168.0,268.0,132,0,1.0,11,11,11.0,11,11,11.0,1,12
/home/maja/Studia/Magisterskie/Islands/islandsEA_student_fork/more_local_matrix_computation/results/descrete_fixed_toplogies/more_local_40bench_descrete_fixed_v1/j0058_more_descrete_d05_zeromax_complete_12_best_r1,/home/maja/Studia/Magisterskie/Islands/islandsEA_student_fork/more_local_matrix_computation/results/descrete_fixed_toplogies/more_local_40bench_descrete_fixed_v1/j0058_more_descrete_d05_zeromax_complete_12_best_r1/summary.csv,more_descrete_d05_zeromax_complete_12_best_r1,descrete_fixed_toplogies,more_local_40bench_descrete_fixed_v1,descrete,58,1,/home/maja/Studia/Magisterskie/Islands/islandsEA_student_fork/islands_desync/logs/more_local_40bench_descrete_fixed_v1/d05_60/j0058 12bc-co20ilu2,d05_zeromax,60,1000,16,4,12,complete,best,plain,20,2,12,-60,-60,-60,-60,0,0,0,,0,12,-60,-60,12,1,246,-42,-60,18,1,1,1,-42.0,-60.0,18.0,20.0,1000.0,-57432.0,-58.60408163265306,-60.0,-60.0,-60.0,-60.0,176.0,72.0,104.0,120.0,152.0,132,0,1.0,11,11,11.0,11,11,11.0,1,12
/home/maja/Studia/Magisterskie/Islands/islandsEA_student_fork/more_local_matrix_computation/results/descrete_fixed_toplogies/more_local_40bench_descrete_fixed_v1/j0059_more_descrete_d05_zeromax_complete_12_worst_r1,/home/maja/Studia/Magisterskie/Islands/islandsEA_student_fork/more_local_matrix_computation/results/descrete_fixed_toplogies/more_local_40bench_descrete_fixed_v1/j0059_more_descrete_d05_zeromax_complete_12_worst_r1/summary.csv,more_descrete_d05_zeromax_complete_12_worst_r1,descrete_fixed_toplogies,more_local_40bench_descrete_fixed_v1,descrete,59,1,/home/maja/Studia/Magisterskie/Islands/islandsEA_student_fork/islands_desync/logs/more_local_40bench_descrete_fixed_v1/d05_60/j0059 12wc-co20ilu2,d05_zeromax,60,1000,16,4,12,complete,worst,plain,20,2,12,-60,-60,-60,-60,0,0,0,,0,12,-60,-60,12,1,246,-40,-60,20,1,1,1,-40.0,-60.0,20.0,20.0,1000.0,-56588.0,-57.74285714285714,-58.0,-60.0,-60.0,-60.0,284.0,72.0,112.0,180.0,236.0,132,0,1.0,11,11,11.0,11,11,11.0,1,12
/home/maja/Studia/Magisterskie/Islands/islandsEA_student_fork/more_local_matrix_computation/results/descrete_fixed_toplogies/more_local_40bench_descrete_fixed_v1/j0060_more_descrete_d05_zeromax_complete_12_maxDistance_r1,/home/maja/Studia/Magisterskie/Islands/islandsEA_student_fork/more_local_matrix_computation/results/descrete_fixed_toplogies/more_local_40bench_descrete_fixed_v1/j0060_more_descrete_d05_zeromax_complete_12_maxDistance_r1/summary.csv,more_descrete_d05_zeromax_complete_12_maxDistance_r1,descrete_fixed_toplogies,more_local_40bench_descrete_fixed_v1,descrete,60,1,/home/maja/Studia/Magisterskie/Islands/islandsEA_student_fork/islands_desync/logs/more_local_40bench_descrete_fixed_v1/d05_60/j0060 12mc-co20ilu2,d05_zeromax,60,1000,16,4,12,complete,maxDistance,plain,20,2,12,-60,-60,-60,-60,0,0,0,,0,12,-60,-60,12,1,246,-39,-60,21,1,1,1,-39.0,-60.0,21.0,20.0,1000.0,-56458.0,-57.61020408163265,-57.0,-60.0,-60.0,-60.0,312.0,40.0,120.0,200.0,280.0,132,0,1.0,11,11,11.0,11,11,11.0,1,12
/home/maja/Studia/Magisterskie/Islands/islandsEA_student_fork/more_local_matrix_computation/results/descrete_fixed_toplogies/more_local_40bench_descrete_fixed_v1/j0061_more_descrete_d06_leading_ones_ring_12_random_r1,/home/maja/Studia/Magisterskie/Islands/islandsEA_student_fork/more_local_matrix_computation/results/descrete_fixed_toplogies/more_local_40bench_descrete_fixed_v1/j0061_more_descrete_d06_leading_ones_ring_12_random_r1/summary.csv,more_descrete_d06_leading_ones_ring_12_random_r1,descrete_fixed_toplogies,more_local_40bench_descrete_fixed_v1,descrete,61,1,/home/maja/Studia/Magisterskie/Islands/islandsEA_student_fork/islands_desync/logs/more_local_40bench_descrete_fixed_v1/d06_60/j0061 12rr-co20ilu2,d06_leading_ones,60,1000,16,4,12,ring,random,plain,20,2,12,-50,-36,-36.5,-21,7.187952884282608,0.5,1,-21,0,1,-36,-50,12,1,246,-8,-50,42,1,1,1,-8.0,-50.0,42.0,20.0,1000.0,-30552.0,-31.175510204081633,-18.0,-30.0,-44.0,-50.0,1000.0,272.0,340.0,652.0,760.0,24,12,0.09090909090909091,2,2,2.0,2,2,2.0,1,12
/home/maja/Studia/Magisterskie/Islands/islandsEA_student_fork/more_local_matrix_computation/results/descrete_fixed_toplogies/more_local_40bench_descrete_fixed_v1/j0062_more_descrete_d06_leading_ones_ring_12_best_r1,/home/maja/Studia/Magisterskie/Islands/islandsEA_student_fork/more_local_matrix_computation/results/descrete_fixed_toplogies/more_local_40bench_descrete_fixed_v1/j0062_more_descrete_d06_leading_ones_ring_12_best_r1/summary.csv,more_descrete_d06_leading_ones_ring_12_best_r1,descrete_fixed_toplogies,more_local_40bench_descrete_fixed_v1,descrete,62,1,/home/maja/Studia/Magisterskie/Islands/islandsEA_student_fork/islands_desync/logs/more_local_40bench_descrete_fixed_v1/d06_60/j0062 12br-co20ilu2,d06_leading_ones,60,1000,16,4,12,ring,best,plain,20,2,12,-37,-30.166666666666668,-29.5,-22,4.524623986832743,-0.6666666666666679,0,,1,1,-30.166666666666668,-37,12,1,246,-9,-37,28,1,1,1,-9.0,-37.0,28.0,20.0,1000.0,-25572.0,-26.09387755102041,-20.0,-27.0,-33.0,-37.0,896.0,156.0,280.0,632.0,848.0,24,12,0.09090909090909091,2,2,2.0,2,2,2.0,1,12
/home/maja/Studia/Magisterskie/Islands/islandsEA_student_fork/more_local_matrix_computation/results/descrete_fixed_toplogies/more_local_40bench_descrete_fixed_v1/j0063_more_descrete_d06_leading_ones_ring_12_worst_r1,/home/maja/Studia/Magisterskie/Islands/islandsEA_student_fork/more_local_matrix_computation/results/descrete_fixed_toplogies/more_local_40bench_descrete_fixed_v1/j0063_more_descrete_d06_leading_ones_ring_12_worst_r1/summary.csv,more_descrete_d06_leading_ones_ring_12_worst_r1,descrete_fixed_toplogies,more_local_40bench_descrete_fixed_v1,descrete,63,1,/home/maja/Studia/Magisterskie/Islands/islandsEA_student_fork/islands_desync/logs/more_local_40bench_descrete_fixed_v1/d06_60/j0063 12wr-co20ilu2,d06_leading_ones,60,1000,16,4,12,ring,worst,plain,20,2,12,-43,-36.916666666666664,-37.5,-32,2.984915781428719,0.5833333333333357,0,,2,1,-36.916666666666664,-43,12,1,246,-8,-43,35,1,1,1,-8.0,-43.0,35.0,20.0,1000.0,-26686.0,-27.23061224489796,-19.0,-31.0,-37.0,-43.0,980.0,204.0,448.0,728.0,936.0,24,12,0.09090909090909091,2,2,2.0,2,2,2.0,1,12
/home/maja/Studia/Magisterskie/Islands/islandsEA_student_fork/more_local_matrix_computation/results/descrete_fixed_toplogies/more_local_40bench_descrete_fixed_v1/j0064_more_descrete_d06_leading_ones_ring_12_maxDistance_r1,/home/maja/Studia/Magisterskie/Islands/islandsEA_student_fork/more_local_matrix_computation/results/descrete_fixed_toplogies/more_local_40bench_descrete_fixed_v1/j0064_more_descrete_d06_leading_ones_ring_12_maxDistance_r1/summary.csv,more_descrete_d06_leading_ones_ring_12_maxDistance_r1,descrete_fixed_toplogies,more_local_40bench_descrete_fixed_v1,descrete,64,1,/home/maja/Studia/Magisterskie/Islands/islandsEA_student_fork/islands_desync/logs/more_local_40bench_descrete_fixed_v1/d06_60/j0064 12mr-co20ilu2,d06_leading_ones,60,1000,16,4,12,ring,maxDistance,plain,20,2,12,-52,-40.75,-41.5,-20,9.292694263057763,0.75,0,,3,2,-40.75,-52,12,1,246,-7,-52,45,1,1,1,-7.0,-52.0,45.0,20.0,1000.0,-34122.0,-34.81836734693878,-22.0,-36.0,-49.0,-52.0,852.0,168.0,296.0,688.0,720.0,24,12,0.09090909090909091,2,2,2.0,2,2,2.0,1,12
/home/maja/Studia/Magisterskie/Islands/islandsEA_student_fork/more_local_matrix_computation/results/descrete_fixed_toplogies/more_local_40bench_descrete_fixed_v1/j0065_more_descrete_d06_leading_ones_torus_12_random_r1,/home/maja/Studia/Magisterskie/Islands/islandsEA_student_fork/more_local_matrix_computation/results/descrete_fixed_toplogies/more_local_40bench_descrete_fixed_v1/j0065_more_descrete_d06_leading_ones_torus_12_random_r1/summary.csv,more_descrete_d06_leading_ones_torus_12_random_r1,descrete_fixed_toplogies,more_local_40bench_descrete_fixed_v1,descrete,65,1,/home/maja/Studia/Magisterskie/Islands/islandsEA_student_fork/islands_desync/logs/more_local_40bench_descrete_fixed_v1/d06_60/j0065 12rt-co20ilu2,d06_leading_ones,60,1000,16,4,12,torus,random,plain,20,2,12,-53,-46,-48,-37,4.618802153517006,2,0,,11,1,-46,-53,12,1,246,-8,-53,45,1,1,1,-8.0,-53.0,45.0,20.0,1000.0,-34570.0,-35.275510204081634,-21.0,-42.0,-49.0,-53.0,948.0,236.0,408.0,500.0,692.0,48,24,0.18181818181818182,4,4,4.0,4,4,4.0,1,12
/home/maja/Studia/Magisterskie/Islands/islandsEA_student_fork/more_local_matrix_computation/results/descrete_fixed_toplogies/more_local_40bench_descrete_fixed_v1/j0066_more_descrete_d06_leading_ones_torus_12_best_r1,/home/maja/Studia/Magisterskie/Islands/islandsEA_student_fork/more_local_matrix_computation/results/descrete_fixed_toplogies/more_local_40bench_descrete_fixed_v1/j0066_more_descrete_d06_leading_ones_torus_12_best_r1/summary.csv,more_descrete_d06_leading_ones_torus_12_best_r1,descrete_fixed_toplogies,more_local_40bench_descrete_fixed_v1,descrete,66,1,/home/maja/Studia/Magisterskie/Islands/islandsEA_student_fork/islands_desync/logs/more_local_40bench_descrete_fixed_v1/d06_60/j0066 12bt-co20ilu2,d06_leading_ones,60,1000,16,4,12,torus,best,plain,20,2,12,-50,-45.916666666666664,-47,-37,3.861310946067698,1.0833333333333357,1,-37,5,2,-45.916666666666664,-50,12,1,246,-7,-50,43,1,1,1,-7.0,-50.0,43.0,20.0,1000.0,-35858.0,-36.589795918367344,-26.0,-45.0,-48.0,-50.0,964.0,112.0,320.0,464.0,560.0,48,24,0.18181818181818182,4,4,4.0,4,4,4.0,1,12
/home/maja/Studia/Magisterskie/Islands/islandsEA_student_fork/more_local_matrix_computation/results/descrete_fixed_toplogies/more_local_40bench_descrete_fixed_v1/j0067_more_descrete_d06_leading_ones_torus_12_worst_r1,/home/maja/Studia/Magisterskie/Islands/islandsEA_student_fork/more_local_matrix_computation/results/descrete_fixed_toplogies/more_local_40bench_descrete_fixed_v1/j0067_more_descrete_d06_leading_ones_torus_12_worst_r1/summary.csv,more_descrete_d06_leading_ones_torus_12_worst_r1,descrete_fixed_toplogies,more_local_40bench_descrete_fixed_v1,descrete,67,1,/home/maja/Studia/Magisterskie/Islands/islandsEA_student_fork/islands_desync/logs/more_local_40bench_descrete_fixed_v1/d06_60/j0067 12wt-co20ilu2,d06_leading_ones,60,1000,16,4,12,torus,worst,plain,20,2,12,-42,-35.25,-35,-29,2.742413778650722,-0.25,2,-29;-34,9,1,-35.25,-42,12,1,246,-9,-42,33,1,1,1,-9.0,-42.0,33.0,20.0,1000.0,-25434.0,-25.953061224489797,-16.0,-27.0,-32.0,-42.0,944.0,264.0,416.0,780.0,944.0,48,24,0.18181818181818182,4,4,4.0,4,4,4.0,1,12
/home/maja/Studia/Magisterskie/Islands/islandsEA_student_fork/more_local_matrix_computation/results/descrete_fixed_toplogies/more_local_40bench_descrete_fixed_v1/j0068_more_descrete_d06_leading_ones_torus_12_maxDistance_r1,/home/maja/Studia/Magisterskie/Islands/islandsEA_student_fork/more_local_matrix_computation/results/descrete_fixed_toplogies/more_local_40bench_descrete_fixed_v1/j0068_more_descrete_d06_leading_ones_torus_12_maxDistance_r1/summary.csv,more_descrete_d06_leading_ones_torus_12_maxDistance_r1,descrete_fixed_toplogies,more_local_40bench_descrete_fixed_v1,descrete,68,1,/home/maja/Studia/Magisterskie/Islands/islandsEA_student_fork/islands_desync/logs/more_local_40bench_descrete_fixed_v1/d06_60/j0068 12mt-co20ilu2,d06_leading_ones,60,1000,16,4,12,torus,maxDistance,plain,20,2,12,-60,-50.75,-48.5,-43,6.111805516102968,-2.25,0,,1,2,-50.75,-60,12,1,246,-7,-60,53,1,1,1,-7.0,-60.0,53.0,20.0,1000.0,-43202.0,-44.083673469387755,-24.0,-56.0,-60.0,-60.0,588.0,216.0,320.0,424.0,496.0,48,24,0.18181818181818182,4,4,4.0,4,4,4.0,1,12
/home/maja/Studia/Magisterskie/Islands/islandsEA_student_fork/more_local_matrix_computation/results/descrete_fixed_toplogies/more_local_40bench_descrete_fixed_v1/j0069_more_descrete_d06_leading_ones_complete_12_random_r1,/home/maja/Studia/Magisterskie/Islands/islandsEA_student_fork/more_local_matrix_computation/results/descrete_fixed_toplogies/more_local_40bench_descrete_fixed_v1/j0069_more_descrete_d06_leading_ones_complete_12_random_r1/summary.csv,more_descrete_d06_leading_ones_complete_12_random_r1,descrete_fixed_toplogies,more_local_40bench_descrete_fixed_v1,descrete,69,1,/home/maja/Studia/Magisterskie/Islands/islandsEA_student_fork/islands_desync/logs/more_local_40bench_descrete_fixed_v1/d06_60/j0069 12rc-co20ilu2,d06_leading_ones,60,1000,16,4,12,complete,random,plain,20,2,12,-40,-34.416666666666664,-34,-29,2.8710721961587025,-0.4166666666666643,1,-29,4,1,-34.416666666666664,-40,12,1,246,-8,-40,32,1,1,1,-8.0,-40.0,32.0,20.0,1000.0,-23352.0,-23.82857142857143,-16.0,-24.0,-31.0,-40.0,936.0,216.0,448.0,776.0,936.0,132,0,1.0,11,11,11.0,11,11,11.0,1,12
/home/maja/Studia/Magisterskie/Islands/islandsEA_student_fork/more_local_matrix_computation/results/descrete_fixed_toplogies/more_local_40bench_descrete_fixed_v1/j0070_more_descrete_d06_leading_ones_complete_12_best_r1,/home/maja/Studia/Magisterskie/Islands/islandsEA_student_fork/more_local_matrix_computation/results/descrete_fixed_toplogies/more_local_40bench_descrete_fixed_v1/j0070_more_descrete_d06_leading_ones_complete_12_best_r1/summary.csv,more_descrete_d06_leading_ones_complete_12_best_r1,descrete_fixed_toplogies,more_local_40bench_descrete_fixed_v1,descrete,70,1,/home/maja/Studia/Magisterskie/Islands/islandsEA_student_fork/islands_desync/logs/more_local_40bench_descrete_fixed_v1/d06_60/j0070 12bc-co20ilu2,d06_leading_ones,60,1000,16,4,12,complete,best,plain,20,2,12,-59,-52.333333333333336,-53,-46,4.870546398734152,0.6666666666666643,0,,0,1,-52.333333333333336,-59,12,1,246,-9,-59,50,1,1,1,-9.0,-59.0,50.0,20.0,1000.0,-39264.0,-40.06530612244898,-34.0,-41.0,-49.0,-59.0,944.0,184.0,236.0,688.0,808.0,132,0,1.0,11,11,11.0,11,11,11.0,1,12
/home/maja/Studia/Magisterskie/Islands/islandsEA_student_fork/more_local_matrix_computation/results/descrete_fixed_toplogies/more_local_40bench_descrete_fixed_v1/j0071_more_descrete_d06_leading_ones_complete_12_worst_r1,/home/maja/Studia/Magisterskie/Islands/islandsEA_student_fork/more_local_matrix_computation/results/descrete_fixed_toplogies/more_local_40bench_descrete_fixed_v1/j0071_more_descrete_d06_leading_ones_complete_12_worst_r1/summary.csv,more_descrete_d06_leading_ones_complete_12_worst_r1,descrete_fixed_toplogies,more_local_40bench_descrete_fixed_v1,descrete,71,1,/home/maja/Studia/Magisterskie/Islands/islandsEA_student_fork/islands_desync/logs/more_local_40bench_descrete_fixed_v1/d06_60/j0071 12wc-co20ilu2,d06_leading_ones,60,1000,16,4,12,complete,worst,plain,20,2,12,-46,-44.25,-44.5,-43,1.1636866703140785,0.25,0,,4,2,-44.25,-46,12,1,246,-6,-46,40,1,1,1,-6.0,-46.0,40.0,20.0,1000.0,-30488.0,-31.110204081632652,-20.0,-26.0,-45.0,-46.0,816.0,160.0,452.0,540.0,636.0,132,0,1.0,11,11,11.0,11,11,11.0,1,12
/home/maja/Studia/Magisterskie/Islands/islandsEA_student_fork/more_local_matrix_computation/results/descrete_fixed_toplogies/more_local_40bench_descrete_fixed_v1/j0072_more_descrete_d06_leading_ones_complete_12_maxDistance_r1,/home/maja/Studia/Magisterskie/Islands/islandsEA_student_fork/more_local_matrix_computation/results/descrete_fixed_toplogies/more_local_40bench_descrete_fixed_v1/j0072_more_descrete_d06_leading_ones_complete_12_maxDistance_r1/summary.csv,more_descrete_d06_leading_ones_complete_12_maxDistance_r1,descrete_fixed_toplogies,more_local_40bench_descrete_fixed_v1,descrete,72,1,/home/maja/Studia/Magisterskie/Islands/islandsEA_student_fork/islands_desync/logs/more_local_40bench_descrete_fixed_v1/d06_60/j0072 12mc-co20ilu2,d06_leading_ones,60,1000,16,4,12,complete,maxDistance,plain,20,2,12,-55,-53.416666666666664,-53,-52,0.9537935951882998,-0.4166666666666643,0,,7,2,-53.416666666666664,-55,12,1,246,-7,-55,48,1,1,1,-7.0,-55.0,48.0,20.0,1000.0,-37976.0,-38.751020408163264,-26.0,-41.0,-53.0,-55.0,900.0,164.0,336.0,532.0,600.0,132,0,1.0,11,11,11.0,11,11,11.0,1,12
/home/maja/Studia/Magisterskie/Islands/islandsEA_student_fork/more_local_matrix_computation/results/descrete_fixed_toplogies/more_local_40bench_descrete_fixed_v1/j0073_more_descrete_d07_alternating_bits_ring_12_random_r1,/home/maja/Studia/Magisterskie/Islands/islandsEA_student_fork/more_local_matrix_computation/results/descrete_fixed_toplogies/more_local_40bench_descrete_fixed_v1/j0073_more_descrete_d07_alternating_bits_ring_12_random_r1/summary.csv,more_descrete_d07_alternating_bits_ring_12_random_r1,descrete_fixed_toplogies,more_local_40bench_descrete_fixed_v1,descrete,73,1,/home/maja/Studia/Magisterskie/Islands/islandsEA_student_fork/islands_desync/logs/more_local_40bench_descrete_fixed_v1/d07_60/j0073 12rr-co20ilu2,d07_alternating_bits,60,1000,16,4,12,ring,random,plain,20,2,12,-60,-60,-60,-60,0,0,0,,0,12,-60,-60,12,1,246,-44,-60,16,1,1,1,-44.0,-60.0,16.0,20.0,1000.0,-57244.0,-58.412244897959184,-59.0,-60.0,-60.0,-60.0,320.0,72.0,92.0,140.0,240.0,24,12,0.09090909090909091,2,2,2.0,2,2,2.0,1,12
/home/maja/Studia/Magisterskie/Islands/islandsEA_student_fork/more_local_matrix_computation/results/descrete_fixed_toplogies/more_local_40bench_descrete_fixed_v1/j0074_more_descrete_d07_alternating_bits_ring_12_best_r1,/home/maja/Studia/Magisterskie/Islands/islandsEA_student_fork/more_local_matrix_computation/results/descrete_fixed_toplogies/more_local_40bench_descrete_fixed_v1/j0074_more_descrete_d07_alternating_bits_ring_12_best_r1/summary.csv,more_descrete_d07_alternating_bits_ring_12_best_r1,descrete_fixed_toplogies,more_local_40bench_descrete_fixed_v1,descrete,74,1,/home/maja/Studia/Magisterskie/Islands/islandsEA_student_fork/islands_desync/logs/more_local_40bench_descrete_fixed_v1/d07_60/j0074 12br-co20ilu2,d07_alternating_bits,60,1000,16,4,12,ring,best,plain,20,2,12,-60,-60,-60,-60,0,0,0,,0,12,-60,-60,12,1,246,-41,-60,19,1,1,1,-41.0,-60.0,19.0,20.0,1000.0,-56766.0,-57.92448979591837,-58.0,-60.0,-60.0,-60.0,356.0,40.0,104.0,176.0,304.0,24,12,0.09090909090909091,2,2,2.0,2,2,2.0,1,12
/home/maja/Studia/Magisterskie/Islands/islandsEA_student_fork/more_local_matrix_computation/results/descrete_fixed_toplogies/more_local_40bench_descrete_fixed_v1/j0075_more_descrete_d07_alternating_bits_ring_12_worst_r1,/home/maja/Studia/Magisterskie/Islands/islandsEA_student_fork/more_local_matrix_computation/results/descrete_fixed_toplogies/more_local_40bench_descrete_fixed_v1/j0075_more_descrete_d07_alternating_bits_ring_12_worst_r1/summary.csv,more_descrete_d07_alternating_bits_ring_12_worst_r1,descrete_fixed_toplogies,more_local_40bench_descrete_fixed_v1,descrete,75,1,/home/maja/Studia/Magisterskie/Islands/islandsEA_student_fork/islands_desync/logs/more_local_40bench_descrete_fixed_v1/d07_60/j0075 12wr-co20ilu2,d07_alternating_bits,60,1000,16,4,12,ring,worst,plain,20,2,12,-60,-60,-60,-60,0,0,0,,0,12,-60,-60,12,1,246,-42,-60,18,1,1,1,-42.0,-60.0,18.0,20.0,1000.0,-55968.0,-57.11020408163265,-56.0,-60.0,-60.0,-60.0,404.0,84.0,144.0,244.0,368.0,24,12,0.09090909090909091,2,2,2.0,2,2,2.0,1,12
/home/maja/Studia/Magisterskie/Islands/islandsEA_student_fork/more_local_matrix_computation/results/descrete_fixed_toplogies/more_local_40bench_descrete_fixed_v1/j0076_more_descrete_d07_alternating_bits_ring_12_maxDistance_r1,/home/maja/Studia/Magisterskie/Islands/islandsEA_student_fork/more_local_matrix_computation/results/descrete_fixed_toplogies/more_local_40bench_descrete_fixed_v1/j0076_more_descrete_d07_alternating_bits_ring_12_maxDistance_r1/summary.csv,more_descrete_d07_alternating_bits_ring_12_maxDistance_r1,descrete_fixed_toplogies,more_local_40bench_descrete_fixed_v1,descrete,76,1,/home/maja/Studia/Magisterskie/Islands/islandsEA_student_fork/islands_desync/logs/more_local_40bench_descrete_fixed_v1/d07_60/j0076 12mr-co20ilu2,d07_alternating_bits,60,1000,16,4,12,ring,maxDistance,plain,20,2,12,-60,-60,-60,-60,0,0,0,,0,12,-60,-60,12,1,246,-41,-60,19,1,1,1,-41.0,-60.0,19.0,20.0,1000.0,-56870.0,-58.03061224489796,-60.0,-60.0,-60.0,-60.0,220.0,76.0,124.0,156.0,196.0,24,12,0.09090909090909091,2,2,2.0,2,2,2.0,1,12
/home/maja/Studia/Magisterskie/Islands/islandsEA_student_fork/more_local_matrix_computation/results/descrete_fixed_toplogies/more_local_40bench_descrete_fixed_v1/j0077_more_descrete_d07_alternating_bits_torus_12_random_r1,/home/maja/Studia/Magisterskie/Islands/islandsEA_student_fork/more_local_matrix_computation/results/descrete_fixed_toplogies/more_local_40bench_descrete_fixed_v1/j0077_more_descrete_d07_alternating_bits_torus_12_random_r1/summary.csv,more_descrete_d07_alternating_bits_torus_12_random_r1,descrete_fixed_toplogies,more_local_40bench_descrete_fixed_v1,descrete,77,1,/home/maja/Studia/Magisterskie/Islands/islandsEA_student_fork/islands_desync/logs/more_local_40bench_descrete_fixed_v1/d07_60/j0077 12rt-co20ilu2,d07_alternating_bits,60,1000,16,4,12,torus,random,plain,20,2,12,-60,-60,-60,-60,0,0,0,,0,12,-60,-60,12,1,246,-41,-60,19,1,1,1,-41.0,-60.0,19.0,20.0,1000.0,-56854.0,-58.01428571428571,-58.0,-60.0,-60.0,-60.0,320.0,48.0,112.0,172.0,304.0,48,24,0.18181818181818182,4,4,4.0,4,4,4.0,1,12
/home/maja/Studia/Magisterskie/Islands/islandsEA_student_fork/more_local_matrix_computation/results/descrete_fixed_toplogies/more_local_40bench_descrete_fixed_v1/j0078_more_descrete_d07_alternating_bits_torus_12_best_r1,/home/maja/Studia/Magisterskie/Islands/islandsEA_student_fork/more_local_matrix_computation/results/descrete_fixed_toplogies/more_local_40bench_descrete_fixed_v1/j0078_more_descrete_d07_alternating_bits_torus_12_best_r1/summary.csv,more_descrete_d07_alternating_bits_torus_12_best_r1,descrete_fixed_toplogies,more_local_40bench_descrete_fixed_v1,descrete,78,1,/home/maja/Studia/Magisterskie/Islands/islandsEA_student_fork/islands_desync/logs/more_local_40bench_descrete_fixed_v1/d07_60/j0078 12bt-co20ilu2,d07_alternating_bits,60,1000,16,4,12,torus,best,plain,20,2,12,-60,-60,-60,-60,0,0,0,,0,12,-60,-60,12,1,246,-42,-60,18,1,1,1,-42.0,-60.0,18.0,20.0,1000.0,-56784.0,-57.94285714285714,-59.0,-60.0,-60.0,-60.0,316.0,72.0,100.0,204.0,248.0,48,24,0.18181818181818182,4,4,4.0,4,4,4.0,1,12
/home/maja/Studia/Magisterskie/Islands/islandsEA_student_fork/more_local_matrix_computation/results/descrete_fixed_toplogies/more_local_40bench_descrete_fixed_v1/j0079_more_descrete_d07_alternating_bits_torus_12_worst_r1,/home/maja/Studia/Magisterskie/Islands/islandsEA_student_fork/more_local_matrix_computation/results/descrete_fixed_toplogies/more_local_40bench_descrete_fixed_v1/j0079_more_descrete_d07_alternating_bits_torus_12_worst_r1/summary.csv,more_descrete_d07_alternating_bits_torus_12_worst_r1,descrete_fixed_toplogies,more_local_40bench_descrete_fixed_v1,descrete,79,1,/home/maja/Studia/Magisterskie/Islands/islandsEA_student_fork/islands_desync/logs/more_local_40bench_descrete_fixed_v1/d07_60/j0079 12wt-co20ilu2,d07_alternating_bits,60,1000,16,4,12,torus,worst,plain,20,2,12,-60,-60,-60,-60,0,0,0,,0,12,-60,-60,12,1,246,-42,-60,18,1,1,1,-42.0,-60.0,18.0,20.0,1000.0,-56276.0,-57.42448979591837,-56.0,-60.0,-60.0,-60.0,340.0,76.0,144.0,236.0,320.0,48,24,0.18181818181818182,4,4,4.0,4,4,4.0,1,12
/home/maja/Studia/Magisterskie/Islands/islandsEA_student_fork/more_local_matrix_computation/results/descrete_fixed_toplogies/more_local_40bench_descrete_fixed_v1/j0080_more_descrete_d07_alternating_bits_torus_12_maxDistance_r1,/home/maja/Studia/Magisterskie/Islands/islandsEA_student_fork/more_local_matrix_computation/results/descrete_fixed_toplogies/more_local_40bench_descrete_fixed_v1/j0080_more_descrete_d07_alternating_bits_torus_12_maxDistance_r1/summary.csv,more_descrete_d07_alternating_bits_torus_12_maxDistance_r1,descrete_fixed_toplogies,more_local_40bench_descrete_fixed_v1,descrete,80,1,/home/maja/Studia/Magisterskie/Islands/islandsEA_student_fork/islands_desync/logs/more_local_40bench_descrete_fixed_v1/d07_60/j0080 12mt-co20ilu2,d07_alternating_bits,60,1000,16,4,12,torus,maxDistance,plain,20,2,12,-60,-60,-60,-60,0,0,0,,0,12,-60,-60,12,1,246,-40,-60,20,1,1,1,-40.0,-60.0,20.0,20.0,1000.0,-56592.0,-57.7469387755102,-59.0,-60.0,-60.0,-60.0,288.0,44.0,124.0,208.0,244.0,48,24,0.18181818181818182,4,4,4.0,4,4,4.0,1,12
/home/maja/Studia/Magisterskie/Islands/islandsEA_student_fork/more_local_matrix_computation/results/descrete_fixed_toplogies/more_local_40bench_descrete_fixed_v1/j0081_more_descrete_d07_alternating_bits_complete_12_random_r1,/home/maja/Studia/Magisterskie/Islands/islandsEA_student_fork/more_local_matrix_computation/results/descrete_fixed_toplogies/more_local_40bench_descrete_fixed_v1/j0081_more_descrete_d07_alternating_bits_complete_12_random_r1/summary.csv,more_descrete_d07_alternating_bits_complete_12_random_r1,descrete_fixed_toplogies,more_local_40bench_descrete_fixed_v1,descrete,81,1,/home/maja/Studia/Magisterskie/Islands/islandsEA_student_fork/islands_desync/logs/more_local_40bench_descrete_fixed_v1/d07_60/j0081 12rc-co20ilu2,d07_alternating_bits,60,1000,16,4,12,complete,random,plain,20,2,12,-60,-60,-60,-60,0,0,0,,0,12,-60,-60,12,1,246,-42,-60,18,1,1,1,-42.0,-60.0,18.0,20.0,1000.0,-56576.0,-57.73061224489796,-57.0,-60.0,-60.0,-60.0,332.0,68.0,128.0,220.0,280.0,132,0,1.0,11,11,11.0,11,11,11.0,1,12
/home/maja/Studia/Magisterskie/Islands/islandsEA_student_fork/more_local_matrix_computation/results/descrete_fixed_toplogies/more_local_40bench_descrete_fixed_v1/j0082_more_descrete_d07_alternating_bits_complete_12_best_r1,/home/maja/Studia/Magisterskie/Islands/islandsEA_student_fork/more_local_matrix_computation/results/descrete_fixed_toplogies/more_local_40bench_descrete_fixed_v1/j0082_more_descrete_d07_alternating_bits_complete_12_best_r1/summary.csv,more_descrete_d07_alternating_bits_complete_12_best_r1,descrete_fixed_toplogies,more_local_40bench_descrete_fixed_v1,descrete,82,1,/home/maja/Studia/Magisterskie/Islands/islandsEA_student_fork/islands_desync/logs/more_local_40bench_descrete_fixed_v1/d07_60/j0082 12bc-co20ilu2,d07_alternating_bits,60,1000,16,4,12,complete,best,plain,20,2,12,-60,-60,-60,-60,0,0,0,,0,12,-60,-60,12,1,246,-42,-60,18,1,1,1,-42.0,-60.0,18.0,20.0,1000.0,-56988.0,-58.15102040816326,-59.0,-60.0,-60.0,-60.0,276.0,76.0,96.0,180.0,244.0,132,0,1.0,11,11,11.0,11,11,11.0,1,12
/home/maja/Studia/Magisterskie/Islands/islandsEA_student_fork/more_local_matrix_computation/results/descrete_fixed_toplogies/more_local_40bench_descrete_fixed_v1/j0083_more_descrete_d07_alternating_bits_complete_12_worst_r1,/home/maja/Studia/Magisterskie/Islands/islandsEA_student_fork/more_local_matrix_computation/results/descrete_fixed_toplogies/more_local_40bench_descrete_fixed_v1/j0083_more_descrete_d07_alternating_bits_complete_12_worst_r1/summary.csv,more_descrete_d07_alternating_bits_complete_12_worst_r1,descrete_fixed_toplogies,more_local_40bench_descrete_fixed_v1,descrete,83,1,/home/maja/Studia/Magisterskie/Islands/islandsEA_student_fork/islands_desync/logs/more_local_40bench_descrete_fixed_v1/d07_60/j0083 12wc-co20ilu2,d07_alternating_bits,60,1000,16,4,12,complete,worst,plain,20,2,12,-60,-60,-60,-60,0,0,0,,0,12,-60,-60,12,1,246,-42,-60,18,1,1,1,-42.0,-60.0,18.0,20.0,1000.0,-56112.0,-57.25714285714286,-56.0,-60.0,-60.0,-60.0,408.0,80.0,124.0,248.0,324.0,132,0,1.0,11,11,11.0,11,11,11.0,1,12
/home/maja/Studia/Magisterskie/Islands/islandsEA_student_fork/more_local_matrix_computation/results/descrete_fixed_toplogies/more_local_40bench_descrete_fixed_v1/j0084_more_descrete_d07_alternating_bits_complete_12_maxDistance_r1,/home/maja/Studia/Magisterskie/Islands/islandsEA_student_fork/more_local_matrix_computation/results/descrete_fixed_toplogies/more_local_40bench_descrete_fixed_v1/j0084_more_descrete_d07_alternating_bits_complete_12_maxDistance_r1/summary.csv,more_descrete_d07_alternating_bits_complete_12_maxDistance_r1,descrete_fixed_toplogies,more_local_40bench_descrete_fixed_v1,descrete,84,1,/home/maja/Studia/Magisterskie/Islands/islandsEA_student_fork/islands_desync/logs/more_local_40bench_descrete_fixed_v1/d07_60/j0084 12mc-co20ilu2,d07_alternating_bits,60,1000,16,4,12,complete,maxDistance,plain,20,2,12,-60,-60,-60,-60,0,0,0,,0,12,-60,-60,12,1,246,-40,-60,20,1,1,1,-40.0,-60.0,20.0,20.0,1000.0,-56888.0,-58.04897959183673,-60.0,-60.0,-60.0,-60.0,232.0,64.0,108.0,164.0,188.0,132,0,1.0,11,11,11.0,11,11,11.0,1,12
/home/maja/Studia/Magisterskie/Islands/islandsEA_student_fork/more_local_matrix_computation/results/descrete_fixed_toplogies/more_local_40bench_descrete_fixed_v1/j0085_more_descrete_d08_trap4_ring_12_random_r1,/home/maja/Studia/Magisterskie/Islands/islandsEA_student_fork/more_local_matrix_computation/results/descrete_fixed_toplogies/more_local_40bench_descrete_fixed_v1/j0085_more_descrete_d08_trap4_ring_12_random_r1/summary.csv,more_descrete_d08_trap4_ring_12_random_r1,descrete_fixed_toplogies,more_local_40bench_descrete_fixed_v1,descrete,85,1,/home/maja/Studia/Magisterskie/Islands/islandsEA_student_fork/islands_desync/logs/more_local_40bench_descrete_fixed_v1/d08_60/j0085 12rr-co20ilu2,d08_trap4,60,1000,16,4,12,ring,random,plain,20,2,12,-53,-51.583333333333336,-52,-48,1.6562172428626492,0.4166666666666643,0,,0,6,-51.583333333333336,-53,12,1,246,-31,-53,22,1,1,1,-31.0,-53.0,22.0,20.0,1000.0,-48680.0,-49.673469387755105,-48.0,-53.0,-53.0,-53.0,480.0,52.0,116.0,240.0,364.0,24,12,0.09090909090909091,2,2,2.0,2,2,2.0,1,12
/home/maja/Studia/Magisterskie/Islands/islandsEA_student_fork/more_local_matrix_computation/results/descrete_fixed_toplogies/more_local_40bench_descrete_fixed_v1/j0086_more_descrete_d08_trap4_ring_12_best_r1,/home/maja/Studia/Magisterskie/Islands/islandsEA_student_fork/more_local_matrix_computation/results/descrete_fixed_toplogies/more_local_40bench_descrete_fixed_v1/j0086_more_descrete_d08_trap4_ring_12_best_r1/summary.csv,more_descrete_d08_trap4_ring_12_best_r1,descrete_fixed_toplogies,more_local_40bench_descrete_fixed_v1,descrete,86,1,/home/maja/Studia/Magisterskie/Islands/islandsEA_student_fork/islands_desync/logs/more_local_40bench_descrete_fixed_v1/d08_60/j0086 12br-co20ilu2,d08_trap4,60,1000,16,4,12,ring,best,plain,20,2,12,-53,-51.166666666666664,-51,-48,1.7240134054647667,-0.1666666666666643,0,,0,4,-51.166666666666664,-53,12,1,246,-33,-53,20,1,1,1,-33.0,-53.0,20.0,20.0,1000.0,-50104.0,-51.1265306122449,-51.0,-53.0,-53.0,-53.0,296.0,52.0,84.0,152.0,220.0,24,12,0.09090909090909091,2,2,2.0,2,2,2.0,1,12
/home/maja/Studia/Magisterskie/Islands/islandsEA_student_fork/more_local_matrix_computation/results/descrete_fixed_toplogies/more_local_40bench_descrete_fixed_v1/j0087_more_descrete_d08_trap4_ring_12_worst_r1,/home/maja/Studia/Magisterskie/Islands/islandsEA_student_fork/more_local_matrix_computation/results/descrete_fixed_toplogies/more_local_40bench_descrete_fixed_v1/j0087_more_descrete_d08_trap4_ring_12_worst_r1/summary.csv,more_descrete_d08_trap4_ring_12_worst_r1,descrete_fixed_toplogies,more_local_40bench_descrete_fixed_v1,descrete,87,1,/home/maja/Studia/Magisterskie/Islands/islandsEA_student_fork/islands_desync/logs/more_local_40bench_descrete_fixed_v1/d08_60/j0087 12wr-co20ilu2,d08_trap4,60,1000,16,4,12,ring,worst,plain,20,2,12,-54,-52.083333333333336,-53,-50,1.3202482931462383,0.9166666666666643,0,,1,1,-52.083333333333336,-54,12,1,246,-32,-54,22,1,1,1,-32.0,-54.0,22.0,20.0,1000.0,-48776.0,-49.77142857142857,-47.0,-52.0,-53.0,-54.0,820.0,64.0,108.0,268.0,480.0,24,12,0.09090909090909091,2,2,2.0,2,2,2.0,1,12
/home/maja/Studia/Magisterskie/Islands/islandsEA_student_fork/more_local_matrix_computation/results/descrete_fixed_toplogies/more_local_40bench_descrete_fixed_v1/j0088_more_descrete_d08_trap4_ring_12_maxDistance_r1,/home/maja/Studia/Magisterskie/Islands/islandsEA_student_fork/more_local_matrix_computation/results/descrete_fixed_toplogies/more_local_40bench_descrete_fixed_v1/j0088_more_descrete_d08_trap4_ring_12_maxDistance_r1/summary.csv,more_descrete_d08_trap4_ring_12_maxDistance_r1,descrete_fixed_toplogies,more_local_40bench_descrete_fixed_v1,descrete,88,1,/home/maja/Studia/Magisterskie/Islands/islandsEA_student_fork/islands_desync/logs/more_local_40bench_descrete_fixed_v1/d08_60/j0088 12mr-co20ilu2,d08_trap4,60,1000,16,4,12,ring,maxDistance,plain,20,2,12,-54,-52.5,-53,-47,1.9364916731037085,0.5,1,-47,0,5,-52.5,-54,12,1,246,-29,-54,25,1,1,1,-29.0,-54.0,25.0,20.0,1000.0,-50630.0,-51.66326530612245,-51.0,-53.0,-54.0,-54.0,540.0,36.0,68.0,160.0,276.0,24,12,0.09090909090909091,2,2,2.0,2,2,2.0,1,12
/home/maja/Studia/Magisterskie/Islands/islandsEA_student_fork/more_local_matrix_computation/results/descrete_fixed_toplogies/more_local_40bench_descrete_fixed_v1/j0089_more_descrete_d08_trap4_torus_12_random_r1,/home/maja/Studia/Magisterskie/Islands/islandsEA_student_fork/more_local_matrix_computation/results/descrete_fixed_toplogies/more_local_40bench_descrete_fixed_v1/j0089_more_descrete_d08_trap4_torus_12_random_r1/summary.csv,more_descrete_d08_trap4_torus_12_random_r1,descrete_fixed_toplogies,more_local_40bench_descrete_fixed_v1,descrete,89,1,/home/maja/Studia/Magisterskie/Islands/islandsEA_student_fork/islands_desync/logs/more_local_40bench_descrete_fixed_v1/d08_60/j0089 12rt-co20ilu2,d08_trap4,60,1000,16,4,12,torus,random,plain,20,2,12,-54,-53.666666666666664,-54,-53,0.4714045207910317,0.3333333333333357,0,,0,8,-53.666666666666664,-54,12,1,246,-32,-54,22,1,1,1,-32.0,-54.0,22.0,20.0,1000.0,-50168.0,-51.19183673469388,-51.0,-53.0,-54.0,-54.0,564.0,56.0,80.0,192.0,268.0,48,24,0.18181818181818182,4,4,4.0,4,4,4.0,1,12
/home/maja/Studia/Magisterskie/Islands/islandsEA_student_fork/more_local_matrix_computation/results/descrete_fixed_toplogies/more_local_40bench_descrete_fixed_v1/j0090_more_descrete_d08_trap4_torus_12_best_r1,/home/maja/Studia/Magisterskie/Islands/islandsEA_student_fork/more_local_matrix_computation/results/descrete_fixed_toplogies/more_local_40bench_descrete_fixed_v1/j0090_more_descrete_d08_trap4_torus_12_best_r1/summary.csv,more_descrete_d08_trap4_torus_12_best_r1,descrete_fixed_toplogies,more_local_40bench_descrete_fixed_v1,descrete,90,1,/home/maja/Studia/Magisterskie/Islands/islandsEA_student_fork/islands_desync/logs/more_local_40bench_descrete_fixed_v1/d08_60/j0090 12bt-co20ilu2,d08_trap4,60,1000,16,4,12,torus,best,plain,20,2,12,-56,-56,-56,-56,0,0,0,,0,12,-56,-56,12,1,246,-34,-56,22,1,1,1,-34.0,-56.0,22.0,20.0,1000.0,-53000.0,-54.08163265306123,-56.0,-56.0,-56.0,-56.0,204.0,72.0,116.0,128.0,164.0,48,24,0.18181818181818182,4,4,4.0,4,4,4.0,1,12
/home/maja/Studia/Magisterskie/Islands/islandsEA_student_fork/more_local_matrix_computation/results/descrete_fixed_toplogies/more_local_40bench_descrete_fixed_v1/j0091_more_descrete_d08_trap4_torus_12_worst_r1,/home/maja/Studia/Magisterskie/Islands/islandsEA_student_fork/more_local_matrix_computation/results/descrete_fixed_toplogies/more_local_40bench_descrete_fixed_v1/j0091_more_descrete_d08_trap4_torus_12_worst_r1/summary.csv,more_descrete_d08_trap4_torus_12_worst_r1,descrete_fixed_toplogies,more_local_40bench_descrete_fixed_v1,descrete,91,1,/home/maja/Studia/Magisterskie/Islands/islandsEA_student_fork/islands_desync/logs/more_local_40bench_descrete_fixed_v1/d08_60/j0091 12wt-co20ilu2,d08_trap4,60,1000,16,4,12,torus,worst,plain,20,2,12,-55,-53.583333333333336,-53,-52,0.9537935951882998,-0.5833333333333357,0,,0,3,-53.583333333333336,-55,12,1,246,-31,-55,24,1,1,1,-31.0,-55.0,24.0,20.0,1000.0,-50804.0,-51.840816326530614,-51.0,-53.0,-55.0,-55.0,696.0,44.0,80.0,148.0,372.0,48,24,0.18181818181818182,4,4,4.0,4,4,4.0,1,12
/home/maja/Studia/Magisterskie/Islands/islandsEA_student_fork/more_local_matrix_computation/results/descrete_fixed_toplogies/more_local_40bench_descrete_fixed_v1/j0092_more_descrete_d08_trap4_torus_12_maxDistance_r1,/home/maja/Studia/Magisterskie/Islands/islandsEA_student_fork/more_local_matrix_computation/results/descrete_fixed_toplogies/more_local_40bench_descrete_fixed_v1/j0092_more_descrete_d08_trap4_torus_12_maxDistance_r1/summary.csv,more_descrete_d08_trap4_torus_12_maxDistance_r1,descrete_fixed_toplogies,more_local_40bench_descrete_fixed_v1,descrete,92,1,/home/maja/Studia/Magisterskie/Islands/islandsEA_student_fork/islands_desync/logs/more_local_40bench_descrete_fixed_v1/d08_60/j0092 12mt-co20ilu2,d08_trap4,60,1000,16,4,12,torus,maxDistance,plain,20,2,12,-59,-58.25,-58,-58,0.4330127018922193,-0.25,0,,1,3,-58.25,-59,12,1,246,-34,-59,25,1,1,1,-34.0,-59.0,25.0,20.0,1000.0,-53090.0,-54.173469387755105,-50.0,-58.0,-58.0,-59.0,788.0,76.0,160.0,300.0,420.0,48,24,0.18181818181818182,4,4,4.0,4,4,4.0,1,12
/home/maja/Studia/Magisterskie/Islands/islandsEA_student_fork/more_local_matrix_computation/results/descrete_fixed_toplogies/more_local_40bench_descrete_fixed_v1/j0093_more_descrete_d08_trap4_complete_12_random_r1,/home/maja/Studia/Magisterskie/Islands/islandsEA_student_fork/more_local_matrix_computation/results/descrete_fixed_toplogies/more_local_40bench_descrete_fixed_v1/j0093_more_descrete_d08_trap4_complete_12_random_r1/summary.csv,more_descrete_d08_trap4_complete_12_random_r1,descrete_fixed_toplogies,more_local_40bench_descrete_fixed_v1,descrete,93,1,/home/maja/Studia/Magisterskie/Islands/islandsEA_student_fork/islands_desync/logs/more_local_40bench_descrete_fixed_v1/d08_60/j0093 12rc-co20ilu2,d08_trap4,60,1000,16,4,12,complete,random,plain,20,2,12,-57,-57,-57,-57,0,0,0,,0,12,-57,-57,12,1,246,-31,-57,26,1,1,1,-31.0,-57.0,26.0,20.0,1000.0,-52912.0,-53.99183673469388,-53.0,-57.0,-57.0,-57.0,420.0,52.0,96.0,188.0,308.0,132,0,1.0,11,11,11.0,11,11,11.0,1,12
/home/maja/Studia/Magisterskie/Islands/islandsEA_student_fork/more_local_matrix_computation/results/descrete_fixed_toplogies/more_local_40bench_descrete_fixed_v1/j0094_more_descrete_d08_trap4_complete_12_best_r1,/home/maja/Studia/Magisterskie/Islands/islandsEA_student_fork/more_local_matrix_computation/results/descrete_fixed_toplogies/more_local_40bench_descrete_fixed_v1/j0094_more_descrete_d08_trap4_complete_12_best_r1/summary.csv,more_descrete_d08_trap4_complete_12_best_r1,descrete_fixed_toplogies,more_local_40bench_descrete_fixed_v1,descrete,94,1,/home/maja/Studia/Magisterskie/Islands/islandsEA_student_fork/islands_desync/logs/more_local_40bench_descrete_fixed_v1/d08_60/j0094 12bc-co20ilu2,d08_trap4,60,1000,16,4,12,complete,best,plain,20,2,12,-55,-55,-55,-55,0,0,0,,0,12,-55,-55,12,1,246,-37,-55,18,1,1,1,-37.0,-55.0,18.0,20.0,1000.0,-51976.0,-53.03673469387755,-54.0,-55.0,-55.0,-55.0,272.0,72.0,120.0,160.0,232.0,132,0,1.0,11,11,11.0,11,11,11.0,1,12
/home/maja/Studia/Magisterskie/Islands/islandsEA_student_fork/more_local_matrix_computation/results/descrete_fixed_toplogies/more_local_40bench_descrete_fixed_v1/j0095_more_descrete_d08_trap4_complete_12_worst_r1,/home/maja/Studia/Magisterskie/Islands/islandsEA_student_fork/more_local_matrix_computation/results/descrete_fixed_toplogies/more_local_40bench_descrete_fixed_v1/j0095_more_descrete_d08_trap4_complete_12_worst_r1/summary.csv,more_descrete_d08_trap4_complete_12_worst_r1,descrete_fixed_toplogies,more_local_40bench_descrete_fixed_v1,descrete,95,1,/home/maja/Studia/Magisterskie/Islands/islandsEA_student_fork/islands_desync/logs/more_local_40bench_descrete_fixed_v1/d08_60/j0095 12wc-co20ilu2,d08_trap4,60,1000,16,4,12,complete,worst,plain,20,2,12,-56,-56,-56,-56,0,0,0,,0,12,-56,-56,12,1,246,-30,-56,26,1,1,1,-30.0,-56.0,26.0,20.0,1000.0,-50680.0,-51.714285714285715,-50.0,-54.0,-56.0,-56.0,720.0,68.0,124.0,232.0,388.0,132,0,1.0,11,11,11.0,11,11,11.0,1,12
/home/maja/Studia/Magisterskie/Islands/islandsEA_student_fork/more_local_matrix_computation/results/descrete_fixed_toplogies/more_local_40bench_descrete_fixed_v1/j0096_more_descrete_d08_trap4_complete_12_maxDistance_r1,/home/maja/Studia/Magisterskie/Islands/islandsEA_student_fork/more_local_matrix_computation/results/descrete_fixed_toplogies/more_local_40bench_descrete_fixed_v1/j0096_more_descrete_d08_trap4_complete_12_maxDistance_r1/summary.csv,more_descrete_d08_trap4_complete_12_maxDistance_r1,descrete_fixed_toplogies,more_local_40bench_descrete_fixed_v1,descrete,96,1,/home/maja/Studia/Magisterskie/Islands/islandsEA_student_fork/islands_desync/logs/more_local_40bench_descrete_fixed_v1/d08_60/j0096 12mc-co20ilu2,d08_trap4,60,1000,16,4,12,complete,maxDistance,plain,20,2,12,-58,-58,-58,-58,0,0,0,,0,12,-58,-58,12,1,246,-35,-58,23,1,1,1,-35.0,-58.0,23.0,20.0,1000.0,-53538.0,-54.63061224489796,-55.0,-57.0,-58.0,-58.0,552.0,72.0,116.0,208.0,336.0,132,0,1.0,11,11,11.0,11,11,11.0,1,12
/home/maja/Studia/Magisterskie/Islands/islandsEA_student_fork/more_local_matrix_computation/results/descrete_fixed_toplogies/more_local_40bench_descrete_fixed_v1/j0097_more_descrete_d09_royal_road4_ring_12_random_r1,/home/maja/Studia/Magisterskie/Islands/islandsEA_student_fork/more_local_matrix_computation/results/descrete_fixed_toplogies/more_local_40bench_descrete_fixed_v1/j0097_more_descrete_d09_royal_road4_ring_12_random_r1/summary.csv,more_descrete_d09_royal_road4_ring_12_random_r1,descrete_fixed_toplogies,more_local_40bench_descrete_fixed_v1,descrete,97,1,/home/maja/Studia/Magisterskie/Islands/islandsEA_student_fork/islands_desync/logs/more_local_40bench_descrete_fixed_v1/d09_60/j0097 12rr-co20ilu2,d09_royal_road4,60,1000,16,4,12,ring,random,plain,20,2,12,-60,-56.333333333333336,-60,-44,5.022173057773121,3.6666666666666643,0,,0,7,-56.333333333333336,-60,12,1,246,-20,-60,40,1,1,1,-20.0,-60.0,40.0,20.0,1000.0,-52816.0,-53.89387755102041,-52.0,-60.0,-60.0,-60.0,464.0,72.0,104.0,248.0,368.0,24,12,0.09090909090909091,2,2,2.0,2,2,2.0,1,12
/home/maja/Studia/Magisterskie/Islands/islandsEA_student_fork/more_local_matrix_computation/results/descrete_fixed_toplogies/more_local_40bench_descrete_fixed_v1/j0098_more_descrete_d09_royal_road4_ring_12_best_r1,/home/maja/Studia/Magisterskie/Islands/islandsEA_student_fork/more_local_matrix_computation/results/descrete_fixed_toplogies/more_local_40bench_descrete_fixed_v1/j0098_more_descrete_d09_royal_road4_ring_12_best_r1/summary.csv,more_descrete_d09_royal_road4_ring_12_best_r1,descrete_fixed_toplogies,more_local_40bench_descrete_fixed_v1,descrete,98,1,/home/maja/Studia/Magisterskie/Islands/islandsEA_student_fork/islands_desync/logs/more_local_40bench_descrete_fixed_v1/d09_60/j0098 12br-co20ilu2,d09_royal_road4,60,1000,16,4,12,ring,best,plain,20,2,12,-60,-51.333333333333336,-54,-28,8.459051693633013,2.6666666666666643,1,-28,0,2,-51.333333333333336,-60,12,1,246,-12,-60,48,1,1,1,-12.0,-60.0,48.0,20.0,1000.0,-51280.0,-52.326530612244895,-44.0,-60.0,-60.0,-60.0,476.0,44.0,108.0,264.0,440.0,24,12,0.09090909090909091,2,2,2.0,2,2,2.0,1,12
/home/maja/Studia/Magisterskie/Islands/islandsEA_student_fork/more_local_matrix_computation/results/descrete_fixed_toplogies/more_local_40bench_descrete_fixed_v1/j0099_more_descrete_d09_royal_road4_ring_12_worst_r1,/home/maja/Studia/Magisterskie/Islands/islandsEA_student_fork/more_local_matrix_computation/results/descrete_fixed_toplogies/more_local_40bench_descrete_fixed_v1/j0099_more_descrete_d09_royal_road4_ring_12_worst_r1/summary.csv,more_descrete_d09_royal_road4_ring_12_worst_r1,descrete_fixed_toplogies,more_local_40bench_descrete_fixed_v1,descrete,99,1,/home/maja/Studia/Magisterskie/Islands/islandsEA_student_fork/islands_desync/logs/more_local_40bench_descrete_fixed_v1/d09_60/j0099 12wr-co20ilu2,d09_royal_road4,60,1000,16,4,12,ring,worst,plain,20,2,12,-60,-55.333333333333336,-56,-44,4.268749491621899,0.6666666666666643,1,-44,3,3,-55.333333333333336,-60,12,1,246,-16,-60,44,1,1,1,-16.0,-60.0,44.0,20.0,1000.0,-47992.0,-48.97142857142857,-44.0,-56.0,-56.0,-60.0,876.0,88.0,212.0,376.0,484.0,24,12,0.09090909090909091,2,2,2.0,2,2,2.0,1,12
/home/maja/Studia/Magisterskie/Islands/islandsEA_student_fork/more_local_matrix_computation/results/descrete_fixed_toplogies/more_local_40bench_descrete_fixed_v1/j0100_more_descrete_d09_royal_road4_ring_12_maxDistance_r1,/home/maja/Studia/Magisterskie/Islands/islandsEA_student_fork/more_local_matrix_computation/results/descrete_fixed_toplogies/more_local_40bench_descrete_fixed_v1/j0100_more_descrete_d09_royal_road4_ring_12_maxDistance_r1/summary.csv,more_descrete_d09_royal_road4_ring_12_maxDistance_r1,descrete_fixed_toplogies,more_local_40bench_descrete_fixed_v1,descrete,100,1,/home/maja/Studia/Magisterskie/Islands/islandsEA_student_fork/islands_desync/logs/more_local_40bench_descrete_fixed_v1/d09_60/j0100 12mr-co20ilu2,d09_royal_road4,60,1000,16,4,12,ring,maxDistance,plain,20,2,12,-60,-55.666666666666664,-56,-44,4.459696053419884,0.3333333333333357,1,-44,0,4,-55.666666666666664,-60,12,1,246,-16,-60,44,1,1,1,-16.0,-60.0,44.0,20.0,1000.0,-50584.0,-51.61632653061225,-44.0,-56.0,-60.0,-60.0,564.0,64.0,172.0,280.0,404.0,24,12,0.09090909090909091,2,2,2.0,2,2,2.0,1,12
/home/maja/Studia/Magisterskie/Islands/islandsEA_student_fork/more_local_matrix_computation/results/descrete_fixed_toplogies/more_local_40bench_descrete_fixed_v1/j0101_more_descrete_d09_royal_road4_torus_12_random_r1,/home/maja/Studia/Magisterskie/Islands/islandsEA_student_fork/more_local_matrix_computation/results/descrete_fixed_toplogies/more_local_40bench_descrete_fixed_v1/j0101_more_descrete_d09_royal_road4_torus_12_random_r1/summary.csv,more_descrete_d09_royal_road4_torus_12_random_r1,descrete_fixed_toplogies,more_local_40bench_descrete_fixed_v1,descrete,101,1,/home/maja/Studia/Magisterskie/Islands/islandsEA_student_fork/islands_desync/logs/more_local_40bench_descrete_fixed_v1/d09_60/j0101 12rt-co20ilu2,d09_royal_road4,60,1000,16,4,12,torus,random,plain,20,2,12,-60,-59.666666666666664,-60,-56,1.1055415967851334,0.3333333333333357,1,-56,0,11,-59.666666666666664,-60,12,1,246,-20,-60,40,1,1,1,-20.0,-60.0,40.0,20.0,1000.0,-52720.0,-53.795918367346935,-52.0,-60.0,-60.0,-60.0,396.0,64.0,136.0,248.0,336.0,48,24,0.18181818181818182,4,4,4.0,4,4,4.0,1,12
/home/maja/Studia/Magisterskie/Islands/islandsEA_student_fork/more_local_matrix_computation/results/descrete_fixed_toplogies/more_local_40bench_descrete_fixed_v1/j0102_more_descrete_d09_royal_road4_torus_12_best_r1,/home/maja/Studia/Magisterskie/Islands/islandsEA_student_fork/more_local_matrix_computation/results/descrete_fixed_toplogies/more_local_40bench_descrete_fixed_v1/j0102_more_descrete_d09_royal_road4_torus_12_best_r1/summary.csv,more_descrete_d09_royal_road4_torus_12_best_r1,descrete_fixed_toplogies,more_local_40bench_descrete_fixed_v1,descrete,102,1,/home/maja/Studia/Magisterskie/Islands/islandsEA_student_fork/islands_desync/logs/more_local_40bench_descrete_fixed_v1/d09_60/j0102 12bt-co20ilu2,d09_royal_road4,60,1000,16,4,12,torus,best,plain,20,2,12,-56,-56,-56,-56,0,0,0,,0,12,-56,-56,12,1,246,-16,-56,40,1,1,1,-16.0,-56.0,40.0,20.0,1000.0,-51744.0,-52.8,-56.0,-56.0,-56.0,-56.0,196.0,52.0,80.0,140.0,168.0,48,24,0.18181818181818182,4,4,4.0,4,4,4.0,1,12
/home/maja/Studia/Magisterskie/Islands/islandsEA_student_fork/more_local_matrix_computation/results/descrete_fixed_toplogies/more_local_40bench_descrete_fixed_v1/j0103_more_descrete_d09_royal_road4_torus_12_worst_r1,/home/maja/Studia/Magisterskie/Islands/islandsEA_student_fork/more_local_matrix_computation/results/descrete_fixed_toplogies/more_local_40bench_descrete_fixed_v1/j0103_more_descrete_d09_royal_road4_torus_12_worst_r1/summary.csv,more_descrete_d09_royal_road4_torus_12_worst_r1,descrete_fixed_toplogies,more_local_40bench_descrete_fixed_v1,descrete,103,1,/home/maja/Studia/Magisterskie/Islands/islandsEA_student_fork/islands_desync/logs/more_local_40bench_descrete_fixed_v1/d09_60/j0103 12wt-co20ilu2,d09_royal_road4,60,1000,16,4,12,torus,worst,plain,20,2,12,-60,-60,-60,-60,0,0,0,,0,12,-60,-60,12,1,246,-16,-60,44,1,1,1,-16.0,-60.0,44.0,20.0,1000.0,-51592.0,-52.64489795918367,-52.0,-60.0,-60.0,-60.0,500.0,88.0,148.0,216.0,412.0,48,24,0.18181818181818182,4,4,4.0,4,4,4.0,1,12
/home/maja/Studia/Magisterskie/Islands/islandsEA_student_fork/more_local_matrix_computation/results/descrete_fixed_toplogies/more_local_40bench_descrete_fixed_v1/j0104_more_descrete_d09_royal_road4_torus_12_maxDistance_r1,/home/maja/Studia/Magisterskie/Islands/islandsEA_student_fork/more_local_matrix_computation/results/descrete_fixed_toplogies/more_local_40bench_descrete_fixed_v1/j0104_more_descrete_d09_royal_road4_torus_12_maxDistance_r1/summary.csv,more_descrete_d09_royal_road4_torus_12_maxDistance_r1,descrete_fixed_toplogies,more_local_40bench_descrete_fixed_v1,descrete,104,1,/home/maja/Studia/Magisterskie/Islands/islandsEA_student_fork/islands_desync/logs/more_local_40bench_descrete_fixed_v1/d09_60/j0104 12mt-co20ilu2,d09_royal_road4,60,1000,16,4,12,torus,maxDistance,plain,20,2,12,-60,-60,-60,-60,0,0,0,,0,12,-60,-60,12,1,246,-20,-60,40,1,1,1,-20.0,-60.0,40.0,20.0,1000.0,-50640.0,-51.673469387755105,-44.0,-56.0,-60.0,-60.0,540.0,140.0,184.0,316.0,356.0,48,24,0.18181818181818182,4,4,4.0,4,4,4.0,1,12
/home/maja/Studia/Magisterskie/Islands/islandsEA_student_fork/more_local_matrix_computation/results/descrete_fixed_toplogies/more_local_40bench_descrete_fixed_v1/j0105_more_descrete_d09_royal_road4_complete_12_random_r1,/home/maja/Studia/Magisterskie/Islands/islandsEA_student_fork/more_local_matrix_computation/results/descrete_fixed_toplogies/more_local_40bench_descrete_fixed_v1/j0105_more_descrete_d09_royal_road4_complete_12_random_r1/summary.csv,more_descrete_d09_royal_road4_complete_12_random_r1,descrete_fixed_toplogies,more_local_40bench_descrete_fixed_v1,descrete,105,1,/home/maja/Studia/Magisterskie/Islands/islandsEA_student_fork/islands_desync/logs/more_local_40bench_descrete_fixed_v1/d09_60/j0105 12rc-co20ilu2,d09_royal_road4,60,1000,16,4,12,complete,random,plain,20,2,12,-60,-60,-60,-60,0,0,0,,0,12,-60,-60,12,1,246,-20,-60,40,1,1,1,-20.0,-60.0,40.0,20.0,1000.0,-54016.0,-55.118367346938776,-60.0,-60.0,-60.0,-60.0,240.0,72.0,124.0,212.0,240.0,132,0,1.0,11,11,11.0,11,11,11.0,1,12
/home/maja/Studia/Magisterskie/Islands/islandsEA_student_fork/more_local_matrix_computation/results/descrete_fixed_toplogies/more_local_40bench_descrete_fixed_v1/j0106_more_descrete_d09_royal_road4_complete_12_best_r1,/home/maja/Studia/Magisterskie/Islands/islandsEA_student_fork/more_local_matrix_computation/results/descrete_fixed_toplogies/more_local_40bench_descrete_fixed_v1/j0106_more_descrete_d09_royal_road4_complete_12_best_r1/summary.csv,more_descrete_d09_royal_road4_complete_12_best_r1,descrete_fixed_toplogies,more_local_40bench_descrete_fixed_v1,descrete,106,1,/home/maja/Studia/Magisterskie/Islands/islandsEA_student_fork/islands_desync/logs/more_local_40bench_descrete_fixed_v1/d09_60/j0106 12bc-co20ilu2,d09_royal_road4,60,1000,16,4,12,complete,best,plain,20,2,12,-60,-60,-60,-60,0,0,0,,0,12,-60,-60,12,1,246,-16,-60,44,1,1,1,-16.0,-60.0,44.0,20.0,1000.0,-53544.0,-54.63673469387755,-56.0,-60.0,-60.0,-60.0,272.0,68.0,132.0,220.0,236.0,132,0,1.0,11,11,11.0,11,11,11.0,1,12
/home/maja/Studia/Magisterskie/Islands/islandsEA_student_fork/more_local_matrix_computation/results/descrete_fixed_toplogies/more_local_40bench_descrete_fixed_v1/j0107_more_descrete_d09_royal_road4_complete_12_worst_r1,/home/maja/Studia/Magisterskie/Islands/islandsEA_student_fork/more_local_matrix_computation/results/descrete_fixed_toplogies/more_local_40bench_descrete_fixed_v1/j0107_more_descrete_d09_royal_road4_complete_12_worst_r1/summary.csv,more_descrete_d09_royal_road4_complete_12_worst_r1,descrete_fixed_toplogies,more_local_40bench_descrete_fixed_v1,descrete,107,1,/home/maja/Studia/Magisterskie/Islands/islandsEA_student_fork/islands_desync/logs/more_local_40bench_descrete_fixed_v1/d09_60/j0107 12wc-co20ilu2,d09_royal_road4,60,1000,16,4,12,complete,worst,plain,20,2,12,-56,-56,-56,-56,0,0,0,,0,12,-56,-56,12,1,246,-16,-56,40,1,1,1,-16.0,-56.0,40.0,20.0,1000.0,-49840.0,-50.857142857142854,-52.0,-56.0,-56.0,-56.0,264.0,88.0,128.0,204.0,232.0,132,0,1.0,11,11,11.0,11,11,11.0,1,12
/home/maja/Studia/Magisterskie/Islands/islandsEA_student_fork/more_local_matrix_computation/results/descrete_fixed_toplogies/more_local_40bench_descrete_fixed_v1/j0108_more_descrete_d09_royal_road4_complete_12_maxDistance_r1,/home/maja/Studia/Magisterskie/Islands/islandsEA_student_fork/more_local_matrix_computation/results/descrete_fixed_toplogies/more_local_40bench_descrete_fixed_v1/j0108_more_descrete_d09_royal_road4_complete_12_maxDistance_r1/summary.csv,more_descrete_d09_royal_road4_complete_12_maxDistance_r1,descrete_fixed_toplogies,more_local_40bench_descrete_fixed_v1,descrete,108,1,/home/maja/Studia/Magisterskie/Islands/islandsEA_student_fork/islands_desync/logs/more_local_40bench_descrete_fixed_v1/d09_60/j0108 12mc-co20ilu2,d09_royal_road4,60,1000,16,4,12,complete,maxDistance,plain,20,2,12,-60,-60,-60,-60,0,0,0,,0,12,-60,-60,12,1,246,-24,-60,36,1,1,1,-24.0,-60.0,36.0,20.0,1000.0,-52040.0,-53.10204081632653,-48.0,-60.0,-60.0,-60.0,472.0,88.0,180.0,276.0,472.0,132,0,1.0,11,11,11.0,11,11,11.0,1,12
/home/maja/Studia/Magisterskie/Islands/islandsEA_student_fork/more_local_matrix_computation/results/descrete_fixed_toplogies/more_local_40bench_descrete_fixed_v1/j0109_more_descrete_d10_maxcut_ring_ring_12_random_r1,/home/maja/Studia/Magisterskie/Islands/islandsEA_student_fork/more_local_matrix_computation/results/descrete_fixed_toplogies/more_local_40bench_descrete_fixed_v1/j0109_more_descrete_d10_maxcut_ring_ring_12_random_r1/summary.csv,more_descrete_d10_maxcut_ring_ring_12_random_r1,descrete_fixed_toplogies,more_local_40bench_descrete_fixed_v1,descrete,109,1,/home/maja/Studia/Magisterskie/Islands/islandsEA_student_fork/islands_desync/logs/more_local_40bench_descrete_fixed_v1/d10_60/j0109 12rr-co20ilu2,d10_maxcut_ring,60,1000,16,4,12,ring,random,plain,20,2,12,-58,-55.166666666666664,-56,-52,2.229848026709942,0.8333333333333357,0,,0,3,-55.166666666666664,-58,12,1,246,-44,-58,14,1,1,1,-44.0,-58.0,14.0,20.0,1000.0,-53228.0,-54.31428571428572,-54.0,-54.0,-56.0,-58.0,856.0,80.0,124.0,516.0,856.0,24,12,0.09090909090909091,2,2,2.0,2,2,2.0,1,12
/home/maja/Studia/Magisterskie/Islands/islandsEA_student_fork/more_local_matrix_computation/results/descrete_fixed_toplogies/more_local_40bench_descrete_fixed_v1/j0110_more_descrete_d10_maxcut_ring_ring_12_best_r1,/home/maja/Studia/Magisterskie/Islands/islandsEA_student_fork/more_local_matrix_computation/results/descrete_fixed_toplogies/more_local_40bench_descrete_fixed_v1/j0110_more_descrete_d10_maxcut_ring_ring_12_best_r1/summary.csv,more_descrete_d10_maxcut_ring_ring_12_best_r1,descrete_fixed_toplogies,more_local_40bench_descrete_fixed_v1,descrete,110,1,/home/maja/Studia/Magisterskie/Islands/islandsEA_student_fork/islands_desync/logs/more_local_40bench_descrete_fixed_v1/d10_60/j0110 12br-co20ilu2,d10_maxcut_ring,60,1000,16,4,12,ring,best,plain,20,2,12,-56,-55.166666666666664,-56,-54,0.9860132971832694,0.8333333333333357,0,,0,7,-55.166666666666664,-56,12,1,246,-40,-56,16,1,1,1,-40.0,-56.0,16.0,20.0,1000.0,-53832.0,-54.93061224489796,-54.0,-56.0,-56.0,-56.0,256.0,28.0,72.0,84.0,256.0,24,12,0.09090909090909091,2,2,2.0,2,2,2.0,1,12
/home/maja/Studia/Magisterskie/Islands/islandsEA_student_fork/more_local_matrix_computation/results/descrete_fixed_toplogies/more_local_40bench_descrete_fixed_v1/j0111_more_descrete_d10_maxcut_ring_ring_12_worst_r1,/home/maja/Studia/Magisterskie/Islands/islandsEA_student_fork/more_local_matrix_computation/results/descrete_fixed_toplogies/more_local_40bench_descrete_fixed_v1/j0111_more_descrete_d10_maxcut_ring_ring_12_worst_r1/summary.csv,more_descrete_d10_maxcut_ring_ring_12_worst_r1,descrete_fixed_toplogies,more_local_40bench_descrete_fixed_v1,descrete,111,1,/home/maja/Studia/Magisterskie/Islands/islandsEA_student_fork/islands_desync/logs/more_local_40bench_descrete_fixed_v1/d10_60/j0111 12wr-co20ilu2,d10_maxcut_ring,60,1000,16,4,12,ring,worst,plain,20,2,12,-58,-55.333333333333336,-56,-52,1.699673171197595,0.6666666666666643,3,-54;-52;-52,8,1,-55.333333333333336,-58,12,1,246,-42,-58,16,1,1,1,-42.0,-58.0,16.0,20.0,1000.0,-52496.0,-53.56734693877551,-52.0,-54.0,-56.0,-58.0,964.0,60.0,132.0,304.0,964.0,24,12,0.09090909090909091,2,2,2.0,2,2,2.0,1,12
/home/maja/Studia/Magisterskie/Islands/islandsEA_student_fork/more_local_matrix_computation/results/descrete_fixed_toplogies/more_local_40bench_descrete_fixed_v1/j0112_more_descrete_d10_maxcut_ring_ring_12_maxDistance_r1,/home/maja/Studia/Magisterskie/Islands/islandsEA_student_fork/more_local_matrix_computation/results/descrete_fixed_toplogies/more_local_40bench_descrete_fixed_v1/j0112_more_descrete_d10_maxcut_ring_ring_12_maxDistance_r1/summary.csv,more_descrete_d10_maxcut_ring_ring_12_maxDistance_r1,descrete_fixed_toplogies,more_local_40bench_descrete_fixed_v1,descrete,112,1,/home/maja/Studia/Magisterskie/Islands/islandsEA_student_fork/islands_desync/logs/more_local_40bench_descrete_fixed_v1/d10_60/j0112 12mr-co20ilu2,d10_maxcut_ring,60,1000,16,4,12,ring,maxDistance,plain,20,2,12,-58,-56,-56,-54,1.8257418583505538,0,0,,0,5,-56,-58,12,1,246,-40,-58,18,1,1,1,-40.0,-58.0,18.0,20.0,1000.0,-55148.0,-56.2734693877551,-56.0,-58.0,-58.0,-58.0,264.0,52.0,72.0,132.0,264.0,24,12,0.09090909090909091,2,2,2.0,2,2,2.0,1,12
/home/maja/Studia/Magisterskie/Islands/islandsEA_student_fork/more_local_matrix_computation/results/descrete_fixed_toplogies/more_local_40bench_descrete_fixed_v1/j0113_more_descrete_d10_maxcut_ring_torus_12_random_r1,/home/maja/Studia/Magisterskie/Islands/islandsEA_student_fork/more_local_matrix_computation/results/descrete_fixed_toplogies/more_local_40bench_descrete_fixed_v1/j0113_more_descrete_d10_maxcut_ring_torus_12_random_r1/summary.csv,more_descrete_d10_maxcut_ring_torus_12_random_r1,descrete_fixed_toplogies,more_local_40bench_descrete_fixed_v1,descrete,113,1,/home/maja/Studia/Magisterskie/Islands/islandsEA_student_fork/islands_desync/logs/more_local_40bench_descrete_fixed_v1/d10_60/j0113 12rt-co20ilu2,d10_maxcut_ring,60,1000,16,4,12,torus,random,plain,20,2,12,-58,-58,-58,-58,0,0,0,,0,12,-58,-58,12,1,246,-40,-58,18,1,1,1,-40.0,-58.0,18.0,20.0,1000.0,-54788.0,-55.906122448979595,-56.0,-58.0,-58.0,-58.0,440.0,56.0,104.0,152.0,440.0,48,24,0.18181818181818182,4,4,4.0,4,4,4.0,1,12
/home/maja/Studia/Magisterskie/Islands/islandsEA_student_fork/more_local_matrix_computation/results/descrete_fixed_toplogies/more_local_40bench_descrete_fixed_v1/j0114_more_descrete_d10_maxcut_ring_torus_12_best_r1,/home/maja/Studia/Magisterskie/Islands/islandsEA_student_fork/more_local_matrix_computation/results/descrete_fixed_toplogies/more_local_40bench_descrete_fixed_v1/j0114_more_descrete_d10_maxcut_ring_torus_12_best_r1/summary.csv,more_descrete_d10_maxcut_ring_torus_12_best_r1,descrete_fixed_toplogies,more_local_40bench_descrete_fixed_v1,descrete,114,1,/home/maja/Studia/Magisterskie/Islands/islandsEA_student_fork/islands_desync/logs/more_local_40bench_descrete_fixed_v1/d10_60/j0114 12bt-co20ilu2,d10_maxcut_ring,60,1000,16,4,12,torus,best,plain,20,2,12,-56,-56,-56,-56,0,0,0,,0,12,-56,-56,12,1,246,-40,-56,16,1,1,1,-40.0,-56.0,16.0,20.0,1000.0,-53152.0,-54.23673469387755,-54.0,-56.0,-56.0,-56.0,396.0,60.0,88.0,132.0,396.0,48,24,0.18181818181818182,4,4,4.0,4,4,4.0,1,12
/home/maja/Studia/Magisterskie/Islands/islandsEA_student_fork/more_local_matrix_computation/results/descrete_fixed_toplogies/more_local_40bench_descrete_fixed_v1/j0115_more_descrete_d10_maxcut_ring_torus_12_worst_r1,/home/maja/Studia/Magisterskie/Islands/islandsEA_student_fork/more_local_matrix_computation/results/descrete_fixed_toplogies/more_local_40bench_descrete_fixed_v1/j0115_more_descrete_d10_maxcut_ring_torus_12_worst_r1/summary.csv,more_descrete_d10_maxcut_ring_torus_12_worst_r1,descrete_fixed_toplogies,more_local_40bench_descrete_fixed_v1,descrete,115,1,/home/maja/Studia/Magisterskie/Islands/islandsEA_student_fork/islands_desync/logs/more_local_40bench_descrete_fixed_v1/d10_60/j0115 12wt-co20ilu2,d10_maxcut_ring,60,1000,16,4,12,torus,worst,plain,20,2,12,-58,-56.833333333333336,-56,-56,0.9860132971832694,-0.8333333333333357,0,,0,5,-56.833333333333336,-58,12,1,246,-42,-58,16,1,1,1,-42.0,-58.0,16.0,20.0,1000.0,-54272.0,-55.3795918367347,-54.0,-56.0,-58.0,-58.0,540.0,64.0,116.0,200.0,540.0,48,24,0.18181818181818182,4,4,4.0,4,4,4.0,1,12
/home/maja/Studia/Magisterskie/Islands/islandsEA_student_fork/more_local_matrix_computation/results/descrete_fixed_toplogies/more_local_40bench_descrete_fixed_v1/j0116_more_descrete_d10_maxcut_ring_torus_12_maxDistance_r1,/home/maja/Studia/Magisterskie/Islands/islandsEA_student_fork/more_local_matrix_computation/results/descrete_fixed_toplogies/more_local_40bench_descrete_fixed_v1/j0116_more_descrete_d10_maxcut_ring_torus_12_maxDistance_r1/summary.csv,more_descrete_d10_maxcut_ring_torus_12_maxDistance_r1,descrete_fixed_toplogies,more_local_40bench_descrete_fixed_v1,descrete,116,1,/home/maja/Studia/Magisterskie/Islands/islandsEA_student_fork/islands_desync/logs/more_local_40bench_descrete_fixed_v1/d10_60/j0116 12mt-co20ilu2,d10_maxcut_ring,60,1000,16,4,12,torus,maxDistance,plain,20,2,12,-58,-57.833333333333336,-58,-56,0.5527707983925667,0.1666666666666643,1,-56,0,11,-57.833333333333336,-58,12,1,246,-40,-58,18,1,1,1,-40.0,-58.0,18.0,20.0,1000.0,-53812.0,-54.910204081632656,-52.0,-56.0,-58.0,-58.0,540.0,72.0,140.0,260.0,540.0,48,24,0.18181818181818182,4,4,4.0,4,4,4.0,1,12
/home/maja/Studia/Magisterskie/Islands/islandsEA_student_fork/more_local_matrix_computation/results/descrete_fixed_toplogies/more_local_40bench_descrete_fixed_v1/j0117_more_descrete_d10_maxcut_ring_complete_12_random_r1,/home/maja/Studia/Magisterskie/Islands/islandsEA_student_fork/more_local_matrix_computation/results/descrete_fixed_toplogies/more_local_40bench_descrete_fixed_v1/j0117_more_descrete_d10_maxcut_ring_complete_12_random_r1/summary.csv,more_descrete_d10_maxcut_ring_complete_12_random_r1,descrete_fixed_toplogies,more_local_40bench_descrete_fixed_v1,descrete,117,1,/home/maja/Studia/Magisterskie/Islands/islandsEA_student_fork/islands_desync/logs/more_local_40bench_descrete_fixed_v1/d10_60/j0117 12rc-co20ilu2,d10_maxcut_ring,60,1000,16,4,12,complete,random,plain,20,2,12,-56,-56,-56,-56,0,0,0,,0,12,-56,-56,12,1,246,-42,-56,14,1,1,1,-42.0,-56.0,14.0,20.0,1000.0,-53308.0,-54.39591836734694,-54.0,-56.0,-56.0,-56.0,320.0,52.0,104.0,204.0,320.0,132,0,1.0,11,11,11.0,11,11,11.0,1,12
/home/maja/Studia/Magisterskie/Islands/islandsEA_student_fork/more_local_matrix_computation/results/descrete_fixed_toplogies/more_local_40bench_descrete_fixed_v1/j0118_more_descrete_d10_maxcut_ring_complete_12_best_r1,/home/maja/Studia/Magisterskie/Islands/islandsEA_student_fork/more_local_matrix_computation/results/descrete_fixed_toplogies/more_local_40bench_descrete_fixed_v1/j0118_more_descrete_d10_maxcut_ring_complete_12_best_r1/summary.csv,more_descrete_d10_maxcut_ring_complete_12_best_r1,descrete_fixed_toplogies,more_local_40bench_descrete_fixed_v1,descrete,118,1,/home/maja/Studia/Magisterskie/Islands/islandsEA_student_fork/islands_desync/logs/more_local_40bench_descrete_fixed_v1/d10_60/j0118 12bc-co20ilu2,d10_maxcut_ring,60,1000,16,4,12,complete,best,plain,20,2,12,-56,-56,-56,-56,0,0,0,,0,12,-56,-56,12,1,246,-40,-56,16,1,1,1,-40.0,-56.0,16.0,20.0,1000.0,-53552.0,-54.64489795918367,-56.0,-56.0,-56.0,-56.0,200.0,48.0,84.0,132.0,200.0,132,0,1.0,11,11,11.0,11,11,11.0,1,12
/home/maja/Studia/Magisterskie/Islands/islandsEA_student_fork/more_local_matrix_computation/results/descrete_fixed_toplogies/more_local_40bench_descrete_fixed_v1/j0119_more_descrete_d10_maxcut_ring_complete_12_worst_r1,/home/maja/Studia/Magisterskie/Islands/islandsEA_student_fork/more_local_matrix_computation/results/descrete_fixed_toplogies/more_local_40bench_descrete_fixed_v1/j0119_more_descrete_d10_maxcut_ring_complete_12_worst_r1/summary.csv,more_descrete_d10_maxcut_ring_complete_12_worst_r1,descrete_fixed_toplogies,more_local_40bench_descrete_fixed_v1,descrete,119,1,/home/maja/Studia/Magisterskie/Islands/islandsEA_student_fork/islands_desync/logs/more_local_40bench_descrete_fixed_v1/d10_60/j0119 12wc-co20ilu2,d10_maxcut_ring,60,1000,16,4,12,complete,worst,plain,20,2,12,-56,-56,-56,-56,0,0,0,,0,12,-56,-56,12,1,246,-40,-56,16,1,1,1,-40.0,-56.0,16.0,20.0,1000.0,-53208.0,-54.29387755102041,-54.0,-56.0,-56.0,-56.0,256.0,56.0,104.0,148.0,256.0,132,0,1.0,11,11,11.0,11,11,11.0,1,12
/home/maja/Studia/Magisterskie/Islands/islandsEA_student_fork/more_local_matrix_computation/results/descrete_fixed_toplogies/more_local_40bench_descrete_fixed_v1/j0120_more_descrete_d10_maxcut_ring_complete_12_maxDistance_r1,/home/maja/Studia/Magisterskie/Islands/islandsEA_student_fork/more_local_matrix_computation/results/descrete_fixed_toplogies/more_local_40bench_descrete_fixed_v1/j0120_more_descrete_d10_maxcut_ring_complete_12_maxDistance_r1/summary.csv,more_descrete_d10_maxcut_ring_complete_12_maxDistance_r1,descrete_fixed_toplogies,more_local_40bench_descrete_fixed_v1,descrete,120,1,/home/maja/Studia/Magisterskie/Islands/islandsEA_student_fork/islands_desync/logs/more_local_40bench_descrete_fixed_v1/d10_60/j0120 12mc-co20ilu2,d10_maxcut_ring,60,1000,16,4,12,complete,maxDistance,plain,20,2,12,-58,-58,-58,-58,0,0,0,,0,12,-58,-58,12,1,246,-40,-58,18,1,1,1,-40.0,-58.0,18.0,20.0,1000.0,-55540.0,-56.673469387755105,-58.0,-58.0,-58.0,-58.0,208.0,56.0,64.0,136.0,208.0,132,0,1.0,11,11,11.0,11,11,11.0,1,12
