experiment_key,experiment_name,problem_kind,problem,number_of_variables,number_of_eval,number_of_islands,topology,migrant_selection_strategy,migrant_acceptation_strategy,migration_interval,number_of_emigrants,run_count,repeat_values,complete_three_repeats,best_final_mean,best_final_std,best_final_min,best_final_max,mean_final_mean,mean_final_std,mean_final_min,mean_final_max,median_final_mean,median_final_std,median_final_min,median_final_max,worst_final_mean,worst_final_std,worst_final_min,worst_final_max,std_final_mean,std_final_std,std_final_min,std_final_max,global_best_end_mean,global_best_end_std,global_best_end_min,global_best_end_max,global_best_improvement_mean,global_best_improvement_std,global_best_improvement_min,global_best_improvement_max,last_step_mean,last_step_std,last_step_min,last_step_max,convergence_improvement_mean,convergence_improvement_std,convergence_improvement_min,convergence_improvement_max,auc_global_best_so_far_mean,auc_global_best_so_far_std,auc_global_best_so_far_min,auc_global_best_so_far_max,mean_global_best_so_far_mean,mean_global_best_so_far_std,mean_global_best_so_far_min,mean_global_best_so_far_max,best_at_25pct_budget_mean,best_at_25pct_budget_std,best_at_25pct_budget_min,best_at_25pct_budget_max,best_at_50pct_budget_mean,best_at_50pct_budget_std,best_at_50pct_budget_min,best_at_50pct_budget_max,best_at_75pct_budget_mean,best_at_75pct_budget_std,best_at_75pct_budget_min,best_at_75pct_budget_max,best_at_100pct_budget_mean,best_at_100pct_budget_std,best_at_100pct_budget_min,best_at_100pct_budget_max,eval_to_25pct_improvement_mean,eval_to_25pct_improvement_std,eval_to_25pct_improvement_min,eval_to_25pct_improvement_max,eval_to_50pct_improvement_mean,eval_to_50pct_improvement_std,eval_to_50pct_improvement_min,eval_to_50pct_improvement_max,eval_to_75pct_improvement_mean,eval_to_75pct_improvement_std,eval_to_75pct_improvement_min,eval_to_75pct_improvement_max,eval_to_90pct_improvement_mean,eval_to_90pct_improvement_std,eval_to_90pct_improvement_min,eval_to_90pct_improvement_max,eval_to_final_best_mean,eval_to_final_best_std,eval_to_final_best_min,eval_to_final_best_max,strategy_rank_by_eval_to_90pct_improvement_mean,ranked_factor,ranked_metric
continous_fixed_toplogies,more_local_40bench_continuous_fixed_v1,continuous,c01_elliptic,30,1000,12,ring,best,plain,20,2,1,1,False,35750839.70883921,0,35750839.70883921,35750839.70883921,105949620.00841752,0,105949620.00841752,105949620.00841752,50674099.95981047,0,50674099.95981047,50674099.95981047,366760626.0435522,0,366760626.0435522,366760626.0435522,116009168.93376006,0,116009168.93376006,116009168.93376006,35750839.70883921,0,35750839.70883921,35750839.70883921,2184796385.12992,0,2184796385.12992,2184796385.12992,246.0,0,246.0,246.0,2184796385.12992,0,2184796385.12992,2184796385.12992,151078751570.09454,0,151078751570.09454,151078751570.09454,154161991.39805564,0,154161991.39805564,154161991.39805564,180139316.98156264,0,180139316.98156264,180139316.98156264,65555519.46731117,0,65555519.46731117,65555519.46731117,43420786.44170621,0,43420786.44170621,43420786.44170621,35750839.70883921,0,35750839.70883921,35750839.70883921,28.0,0,28.0,28.0,32.0,0,32.0,32.0,52.0,0,52.0,52.0,172.0,0,172.0,172.0,992.0,0,992.0,992.0,1,best,eval_to_90pct_improvement_mean
continous_fixed_toplogies,more_local_40bench_continuous_fixed_v1,continuous,c01_elliptic,30,1000,12,ring,worst,plain,20,2,1,1,False,65210521.75304531,0,65210521.75304531,65210521.75304531,139581178.75909594,0,139581178.75909594,139581178.75909594,72766196.46574183,0,72766196.46574183,72766196.46574183,485062856.3092744,0,485062856.3092744,485062856.3092744,139400899.21716556,0,139400899.21716556,139400899.21716556,65210521.75304531,0,65210521.75304531,65210521.75304531,972696366.8801707,0,972696366.8801707,972696366.8801707,246.0,0,246.0,246.0,972696366.8801707,0,972696366.8801707,972696366.8801707,175285667039.4457,0,175285667039.4457,175285667039.4457,178862925.5504548,0,178862925.5504548,178862925.5504548,192205251.6239358,0,192205251.6239358,192205251.6239358,102204913.49217659,0,102204913.49217659,102204913.49217659,75803238.28140628,0,75803238.28140628,75803238.28140628,65210521.75304531,0,65210521.75304531,65210521.75304531,44.0,0,44.0,44.0,68.0,0,68.0,68.0,176.0,0,176.0,176.0,324.0,0,324.0,324.0,968.0,0,968.0,968.0,2,worst,eval_to_90pct_improvement_mean
continous_fixed_toplogies,more_local_40bench_continuous_fixed_v1,continuous,c01_elliptic,30,1000,12,ring,random,plain,20,2,1,1,False,50296263.51294618,0,50296263.51294618,50296263.51294618,113594238.08836484,0,113594238.08836484,113594238.08836484,102673586.76418428,0,102673586.76418428,102673586.76418428,233243628.13660508,0,233243628.13660508,233243628.13660508,64342815.174068525,0,64342815.174068525,64342815.174068525,50296263.51294618,0,50296263.51294618,50296263.51294618,727136555.1714103,0,727136555.1714103,727136555.1714103,246.0,0,246.0,246.0,727136555.1714103,0,727136555.1714103,727136555.1714103,172032539927.1126,0,172032539927.1126,172032539927.1126,175543408.0888904,0,175543408.0888904,175543408.0888904,267491728.97007945,0,267491728.97007945,267491728.97007945,106830595.93886566,0,106830595.93886566,106830595.93886566,62351420.60433584,0,62351420.60433584,62351420.60433584,50296263.51294618,0,50296263.51294618,50296263.51294618,60.0,0,60.0,60.0,112.0,0,112.0,112.0,272.0,0,272.0,272.0,428.0,0,428.0,428.0,984.0,0,984.0,984.0,3,random,eval_to_90pct_improvement_mean
continous_fixed_toplogies,more_local_40bench_continuous_fixed_v1,continuous,c01_elliptic,30,1000,12,ring,maxDistance,plain,20,2,1,1,False,102210697.56718302,0,102210697.56718302,102210697.56718302,117264642.59718554,0,117264642.59718554,117264642.59718554,116003079.9864347,0,116003079.9864347,116003079.9864347,148035071.426581,0,148035071.426581,148035071.426581,11039758.745775957,0,11039758.745775957,11039758.745775957,102210697.56718302,0,102210697.56718302,102210697.56718302,730551226.4033115,0,730551226.4033115,730551226.4033115,246.0,0,246.0,246.0,730551226.4033115,0,730551226.4033115,730551226.4033115,247386252525.00723,0,247386252525.00723,247386252525.00723,252434951.55612984,0,252434951.55612984,252434951.55612984,309305954.54215,0,309305954.54215,309305954.54215,202574662.2679336,0,202574662.2679336,202574662.2679336,150294010.24819693,0,150294010.24819693,150294010.24819693,102210697.56718302,0,102210697.56718302,102210697.56718302,88.0,0,88.0,88.0,92.0,0,92.0,92.0,272.0,0,272.0,272.0,632.0,0,632.0,632.0,1000.0,0,1000.0,1000.0,4,maxDistance,eval_to_90pct_improvement_mean
continous_fixed_toplogies,more_local_40bench_continuous_fixed_v1,continuous,c01_elliptic,30,1000,12,torus,best,plain,20,2,1,1,False,54523197.84603547,0,54523197.84603547,54523197.84603547,63509131.78818261,0,63509131.78818261,63509131.78818261,62723038.96412966,0,62723038.96412966,62723038.96412966,74646112.55644573,0,74646112.55644573,74646112.55644573,6156819.066007763,0,6156819.066007763,6156819.066007763,54523197.84603547,0,54523197.84603547,54523197.84603547,1949934814.0283332,0,1949934814.0283332,1949934814.0283332,246.0,0,246.0,246.0,1949934814.0283332,0,1949934814.0283332,1949934814.0283332,191966341434.0823,0,191966341434.0823,191966341434.0823,195884021.87151256,0,195884021.87151256,195884021.87151256,225095321.35010698,0,225095321.35010698,225095321.35010698,128398481.29219534,0,128398481.29219534,128398481.29219534,75676909.12909977,0,75676909.12909977,75676909.12909977,54523197.84603547,0,54523197.84603547,54523197.84603547,24.0,0,24.0,24.0,48.0,0,48.0,48.0,80.0,0,80.0,80.0,220.0,0,220.0,220.0,992.0,0,992.0,992.0,1,best,eval_to_90pct_improvement_mean
continous_fixed_toplogies,more_local_40bench_continuous_fixed_v1,continuous,c01_elliptic,30,1000,12,torus,random,plain,20,2,1,1,False,81092813.8912896,0,81092813.8912896,81092813.8912896,88706109.16498762,0,88706109.16498762,88706109.16498762,89320643.44271986,0,89320643.44271986,89320643.44271986,95081562.14073183,0,95081562.14073183,95081562.14073183,4412073.798444214,0,4412073.798444214,4412073.798444214,81092813.8912896,0,81092813.8912896,81092813.8912896,1537279618.1883528,0,1537279618.1883528,1537279618.1883528,246.0,0,246.0,246.0,1537279618.1883528,0,1537279618.1883528,1537279618.1883528,229651641951.9862,0,229651641951.9862,229651641951.9862,234338410.15508798,0,234338410.15508798,234338410.15508798,246158405.20528167,0,246158405.20528167,246158405.20528167,125532163.82865883,0,125532163.82865883,125532163.82865883,100249807.11507857,0,100249807.11507857,100249807.11507857,81092813.8912896,0,81092813.8912896,81092813.8912896,36.0,0,36.0,36.0,68.0,0,68.0,68.0,144.0,0,144.0,144.0,268.0,0,268.0,268.0,1000.0,0,1000.0,1000.0,2,random,eval_to_90pct_improvement_mean
continous_fixed_toplogies,more_local_40bench_continuous_fixed_v1,continuous,c01_elliptic,30,1000,12,torus,maxDistance,plain,20,2,1,1,False,49785767.9146789,0,49785767.9146789,49785767.9146789,52813224.493065454,0,52813224.493065454,52813224.493065454,53310655.45885485,0,53310655.45885485,53310655.45885485,55435987.54904339,0,55435987.54904339,55435987.54904339,1911970.1187824635,0,1911970.1187824635,1911970.1187824635,49785767.9146789,0,49785767.9146789,49785767.9146789,1639722642.1289387,0,1639722642.1289387,1639722642.1289387,246.0,0,246.0,246.0,1639722642.1289387,0,1639722642.1289387,1639722642.1289387,171150743672.3649,0,171150743672.3649,171150743672.3649,174643615.99220908,0,174643615.99220908,174643615.99220908,253707122.2480671,0,253707122.2480671,253707122.2480671,66145874.4980019,0,66145874.4980019,66145874.4980019,52746924.329027764,0,52746924.329027764,52746924.329027764,49785767.9146789,0,49785767.9146789,49785767.9146789,36.0,0,36.0,36.0,52.0,0,52.0,52.0,96.0,0,96.0,96.0,296.0,0,296.0,296.0,996.0,0,996.0,996.0,3,maxDistance,eval_to_90pct_improvement_mean
continous_fixed_toplogies,more_local_40bench_continuous_fixed_v1,continuous,c01_elliptic,30,1000,12,torus,worst,plain,20,2,1,1,False,134113901.51663952,0,134113901.51663952,134113901.51663952,151690617.4404447,0,151690617.4404447,151690617.4404447,151039140.18277287,0,151039140.18277287,151039140.18277287,170804803.2544709,0,170804803.2544709,170804803.2544709,11693864.748896439,0,11693864.748896439,11693864.748896439,134113901.51663952,0,134113901.51663952,134113901.51663952,1424090565.91219,0,1424090565.91219,1424090565.91219,246.0,0,246.0,246.0,1424090565.91219,0,1424090565.91219,1424090565.91219,267279656737.5542,0,267279656737.5542,267279656737.5542,272734343.6097492,0,272734343.6097492,272734343.6097492,339734202.4926292,0,339734202.4926292,339734202.4926292,223202859.45219716,0,223202859.45219716,223202859.45219716,172709525.7727464,0,172709525.7727464,172709525.7727464,134113901.51663952,0,134113901.51663952,134113901.51663952,36.0,0,36.0,36.0,36.0,0,36.0,36.0,48.0,0,48.0,48.0,360.0,0,360.0,360.0,996.0,0,996.0,996.0,4,worst,eval_to_90pct_improvement_mean
continous_fixed_toplogies,more_local_40bench_continuous_fixed_v1,continuous,c01_elliptic,30,1000,12,complete,maxDistance,plain,20,2,1,1,False,22764116.567366768,0,22764116.567366768,22764116.567366768,24167055.059791893,0,24167055.059791893,24167055.059791893,24336211.305652544,0,24336211.305652544,24336211.305652544,25488733.65592013,0,25488733.65592013,25488733.65592013,807037.443708991,0,807037.443708991,807037.443708991,22764116.567366768,0,22764116.567366768,22764116.567366768,1991789666.5731347,0,1991789666.5731347,1991789666.5731347,246.0,0,246.0,246.0,1991789666.5731347,0,1991789666.5731347,1991789666.5731347,126658604245.60117,0,126658604245.60117,126658604245.60117,129243473.72000119,0,129243473.72000119,129243473.72000119,124758297.44172345,0,124758297.44172345,124758297.44172345,38529412.78964973,0,38529412.78964973,38529412.78964973,27866169.803227965,0,27866169.803227965,27866169.803227965,22764116.567366768,0,22764116.567366768,22764116.567366768,28.0,0,28.0,28.0,28.0,0,28.0,28.0,96.0,0,96.0,96.0,140.0,0,140.0,140.0,1000.0,0,1000.0,1000.0,1,maxDistance,eval_to_90pct_improvement_mean
continous_fixed_toplogies,more_local_40bench_continuous_fixed_v1,continuous,c01_elliptic,30,1000,12,complete,best,plain,20,2,1,1,False,25850858.69963021,0,25850858.69963021,25850858.69963021,32377415.267029032,0,32377415.267029032,32377415.267029032,33141653.831687458,0,33141653.831687458,33141653.831687458,36221548.02710768,0,36221548.02710768,36221548.02710768,2925678.6084209117,0,2925678.6084209117,2925678.6084209117,25850858.69963021,0,25850858.69963021,25850858.69963021,1597736854.4292274,0,1597736854.4292274,1597736854.4292274,246.0,0,246.0,246.0,1597736854.4292274,0,1597736854.4292274,1597736854.4292274,132003409582.11194,0,132003409582.11194,132003409582.11194,134697356.71644077,0,134697356.71644077,134697356.71644077,145048222.0101528,0,145048222.0101528,145048222.0101528,68597642.31692114,0,68597642.31692114,68597642.31692114,38728793.268481724,0,38728793.268481724,38728793.268481724,25850858.69963021,0,25850858.69963021,25850858.69963021,28.0,0,28.0,28.0,44.0,0,44.0,44.0,92.0,0,92.0,92.0,180.0,0,180.0,180.0,996.0,0,996.0,996.0,2,best,eval_to_90pct_improvement_mean
continous_fixed_toplogies,more_local_40bench_continuous_fixed_v1,continuous,c01_elliptic,30,1000,12,complete,random,plain,20,2,1,1,False,63573069.37965299,0,63573069.37965299,63573069.37965299,70648288.87604767,0,70648288.87604767,70648288.87604767,70161738.3867712,0,70161738.3867712,70161738.3867712,77201123.46194248,0,77201123.46194248,77201123.46194248,4411836.338280336,0,4411836.338280336,4411836.338280336,63573069.37965299,0,63573069.37965299,63573069.37965299,1733591909.3552985,0,1733591909.3552985,1733591909.3552985,246.0,0,246.0,246.0,1733591909.3552985,0,1733591909.3552985,1733591909.3552985,257485345951.40225,0,257485345951.40225,257485345951.40225,262740148.9300023,0,262740148.9300023,262740148.9300023,341336143.999219,0,341336143.999219,341336143.999219,133208933.2717781,0,133208933.2717781,133208933.2717781,78265207.97609988,0,78265207.97609988,78265207.97609988,63573069.37965299,0,63573069.37965299,63573069.37965299,48.0,0,48.0,48.0,60.0,0,60.0,60.0,192.0,0,192.0,192.0,368.0,0,368.0,368.0,996.0,0,996.0,996.0,3,random,eval_to_90pct_improvement_mean
continous_fixed_toplogies,more_local_40bench_continuous_fixed_v1,continuous,c01_elliptic,30,1000,12,complete,worst,plain,20,2,1,1,False,160807268.8643623,0,160807268.8643623,160807268.8643623,170557184.49613076,0,170557184.49613076,170557184.49613076,169116578.22666204,0,169116578.22666204,169116578.22666204,185070936.51058137,0,185070936.51058137,185070936.51058137,8116660.442813825,0,8116660.442813825,8116660.442813825,160807268.8643623,0,160807268.8643623,160807268.8643623,481925516.66769904,0,481925516.66769904,481925516.66769904,246.0,0,246.0,246.0,481925516.66769904,0,481925516.66769904,481925516.66769904,304207042661.9208,0,304207042661.9208,304207042661.9208,310415349.6550212,0,310415349.6550212,310415349.6550212,418466716.7230503,0,418466716.7230503,418466716.7230503,267039166.66654563,0,267039166.66654563,267039166.66654563,195667528.1964234,0,195667528.1964234,195667528.1964234,160807268.8643623,0,160807268.8643623,160807268.8643623,100.0,0,100.0,100.0,280.0,0,280.0,280.0,448.0,0,448.0,448.0,684.0,0,684.0,684.0,992.0,0,992.0,992.0,4,worst,eval_to_90pct_improvement_mean
continous_fixed_toplogies,more_local_40bench_continuous_fixed_v1,continuous,c02_bent_cigar,30,1000,12,ring,random,plain,20,2,1,1,False,388275361.2058991,0,388275361.2058991,388275361.2058991,4046049182.7817645,0,4046049182.7817645,4046049182.7817645,1784460757.1721258,0,1784460757.1721258,1784460757.1721258,19707411381.235466,0,19707411381.235466,19707411381.235466,5471773235.928933,0,5471773235.928933,5471773235.928933,388275361.2058991,0,388275361.2058991,388275361.2058991,92178385224.3231,0,92178385224.3231,92178385224.3231,246.0,0,246.0,246.0,92178385224.3231,0,92178385224.3231,92178385224.3231,8242827072992.905,0,8242827072992.905,8242827072992.905,8411048033.66623,0,8411048033.66623,8411048033.66623,7052192408.846074,0,7052192408.846074,7052192408.846074,3038299062.678319,0,3038299062.678319,3038299062.678319,1218247286.3162403,0,1218247286.3162403,1218247286.3162403,388275361.2058991,0,388275361.2058991,388275361.2058991,36.0,0,36.0,36.0,52.0,0,52.0,52.0,128.0,0,128.0,128.0,212.0,0,212.0,212.0,968.0,0,968.0,968.0,1,random,eval_to_90pct_improvement_mean
continous_fixed_toplogies,more_local_40bench_continuous_fixed_v1,continuous,c02_bent_cigar,30,1000,12,ring,maxDistance,plain,20,2,1,1,False,407923693.8269638,0,407923693.8269638,407923693.8269638,6339181737.721303,0,6339181737.721303,6339181737.721303,3400599849.7544727,0,3400599849.7544727,3400599849.7544727,26691041911.50789,0,26691041911.50789,26691041911.50789,7562803393.131988,0,7562803393.131988,7562803393.131988,407923693.8269638,0,407923693.8269638,407923693.8269638,91567037359.35071,0,91567037359.35071,91567037359.35071,246.0,0,246.0,246.0,91567037359.35071,0,91567037359.35071,91567037359.35071,9441477313981.941,0,9441477313981.941,9441477313981.941,9634160524.471369,0,9634160524.471369,9634160524.471369,12856069300.7594,0,12856069300.7594,12856069300.7594,4088538495.9926214,0,4088538495.9926214,4088538495.9926214,1444194981.1387303,0,1444194981.1387303,1444194981.1387303,407923693.8269638,0,407923693.8269638,407923693.8269638,36.0,0,36.0,36.0,72.0,0,72.0,72.0,124.0,0,124.0,124.0,260.0,0,260.0,260.0,1000.0,0,1000.0,1000.0,2,maxDistance,eval_to_90pct_improvement_mean
continous_fixed_toplogies,more_local_40bench_continuous_fixed_v1,continuous,c02_bent_cigar,30,1000,12,ring,best,plain,20,2,1,1,False,204932522.73235565,0,204932522.73235565,204932522.73235565,3724198828.226199,0,3724198828.226199,3724198828.226199,1472304332.130373,0,1472304332.130373,1472304332.130373,15278473032.901875,0,15278473032.901875,15278473032.901875,4327304152.612814,0,4327304152.612814,4327304152.612814,204932522.73235565,0,204932522.73235565,204932522.73235565,79787071605.84271,0,79787071605.84271,79787071605.84271,246.0,0,246.0,246.0,79787071605.84271,0,79787071605.84271,79787071605.84271,8928045586781.09,0,8928045586781.09,8928045586781.09,9110250598.756214,0,9110250598.756214,9110250598.756214,10835658619.07112,0,10835658619.07112,10835658619.07112,2322795176.619907,0,2322795176.619907,2322795176.619907,931236006.9555213,0,931236006.9555213,931236006.9555213,204932522.73235565,0,204932522.73235565,204932522.73235565,36.0,0,36.0,36.0,96.0,0,96.0,96.0,152.0,0,152.0,152.0,316.0,0,316.0,316.0,1000.0,0,1000.0,1000.0,3,best,eval_to_90pct_improvement_mean
continous_fixed_toplogies,more_local_40bench_continuous_fixed_v1,continuous,c02_bent_cigar,30,1000,12,ring,worst,plain,20,2,1,1,False,2295257413.3061213,0,2295257413.3061213,2295257413.3061213,5932607353.552254,0,5932607353.552254,5932607353.552254,4402454840.679677,0,4402454840.679677,4402454840.679677,17858196393.091118,0,17858196393.091118,17858196393.091118,4172669159.0006614,0,4172669159.0006614,4172669159.0006614,2295257413.3061213,0,2295257413.3061213,2295257413.3061213,74960266949.47379,0,74960266949.47379,74960266949.47379,246.0,0,246.0,246.0,74960266949.47379,0,74960266949.47379,74960266949.47379,13770982870452.428,0,13770982870452.428,13770982870452.428,14052023337.196354,0,14052023337.196354,14052023337.196354,15091015492.658596,0,15091015492.658596,15091015492.658596,9966896179.470812,0,9966896179.470812,9966896179.470812,4506327736.757654,0,4506327736.757654,4506327736.757654,2295257413.3061213,0,2295257413.3061213,2295257413.3061213,52.0,0,52.0,52.0,84.0,0,84.0,84.0,180.0,0,180.0,180.0,516.0,0,516.0,516.0,992.0,0,992.0,992.0,4,worst,eval_to_90pct_improvement_mean
continous_fixed_toplogies,more_local_40bench_continuous_fixed_v1,continuous,c02_bent_cigar,30,1000,12,torus,best,plain,20,2,1,1,False,90748765.48717648,0,90748765.48717648,90748765.48717648,219809702.40822136,0,219809702.40822136,219809702.40822136,223900381.58979127,0,223900381.58979127,223900381.58979127,365038579.74789613,0,365038579.74789613,365038579.74789613,89316045.3315857,0,89316045.3315857,89316045.3315857,90748765.48717648,0,90748765.48717648,90748765.48717648,68835672322.58961,0,68835672322.58961,68835672322.58961,246.0,0,246.0,246.0,68835672322.58961,0,68835672322.58961,68835672322.58961,6275459015929.844,0,6275459015929.844,6275459015929.844,6403529608.091678,0,6403529608.091678,6403529608.091678,6377832991.024706,0,6377832991.024706,6377832991.024706,2363486947.6238356,0,2363486947.6238356,2363486947.6238356,446292770.95577973,0,446292770.95577973,446292770.95577973,90748765.48717648,0,90748765.48717648,90748765.48717648,44.0,0,44.0,44.0,68.0,0,68.0,68.0,104.0,0,104.0,104.0,236.0,0,236.0,236.0,996.0,0,996.0,996.0,1,best,eval_to_90pct_improvement_mean
continous_fixed_toplogies,more_local_40bench_continuous_fixed_v1,continuous,c02_bent_cigar,30,1000,12,torus,random,plain,20,2,1,1,False,86416337.94526266,0,86416337.94526266,86416337.94526266,203065104.00467712,0,203065104.00467712,203065104.00467712,159351849.10449195,0,159351849.10449195,159351849.10449195,546023175.8094565,0,546023175.8094565,546023175.8094565,120734699.6209236,0,120734699.6209236,120734699.6209236,86416337.94526266,0,86416337.94526266,86416337.94526266,80100140605.40112,0,80100140605.40112,80100140605.40112,246.0,0,246.0,246.0,80100140605.40112,0,80100140605.40112,80100140605.40112,8505279570978.401,0,8505279570978.401,8505279570978.401,8678856705.080002,0,8678856705.080002,8678856705.080002,11057427854.006975,0,11057427854.006975,11057427854.006975,2112119667.897291,0,2112119667.897291,2112119667.897291,546023175.8094565,0,546023175.8094565,546023175.8094565,86416337.94526266,0,86416337.94526266,86416337.94526266,40.0,0,40.0,40.0,88.0,0,88.0,88.0,152.0,0,152.0,152.0,304.0,0,304.0,304.0,988.0,0,988.0,988.0,2,random,eval_to_90pct_improvement_mean
continous_fixed_toplogies,more_local_40bench_continuous_fixed_v1,continuous,c02_bent_cigar,30,1000,12,torus,worst,plain,20,2,1,1,False,184489261.47804484,0,184489261.47804484,184489261.47804484,321588004.90012956,0,321588004.90012956,321588004.90012956,311581620.2674253,0,311581620.2674253,311581620.2674253,570358672.7268542,0,570358672.7268542,570358672.7268542,102259112.94283003,0,102259112.94283003,102259112.94283003,184489261.47804484,0,184489261.47804484,184489261.47804484,73344601961.80453,0,73344601961.80453,73344601961.80453,246.0,0,246.0,246.0,73344601961.80453,0,73344601961.80453,73344601961.80453,8107224192552.29,0,8107224192552.29,8107224192552.29,8272677747.5023365,0,8272677747.5023365,8272677747.5023365,8754851118.0027,0,8754851118.0027,8754851118.0027,3203559610.645189,0,3203559610.645189,3203559610.645189,868082037.135282,0,868082037.135282,868082037.135282,184489261.47804484,0,184489261.47804484,184489261.47804484,36.0,0,36.0,36.0,76.0,0,76.0,76.0,180.0,0,180.0,180.0,304.0,0,304.0,304.0,996.0,0,996.0,996.0,3,worst,eval_to_90pct_improvement_mean
continous_fixed_toplogies,more_local_40bench_continuous_fixed_v1,continuous,c02_bent_cigar,30,1000,12,torus,maxDistance,plain,20,2,1,1,False,62946823.819246165,0,62946823.819246165,62946823.819246165,116357746.59939773,0,116357746.59939773,116357746.59939773,111750775.90110162,0,111750775.90110162,111750775.90110162,187435410.989983,0,187435410.989983,187435410.989983,37597953.1922809,0,37597953.1922809,37597953.1922809,62946823.819246165,0,62946823.819246165,62946823.819246165,60375708399.87105,0,60375708399.87105,60375708399.87105,246.0,0,246.0,246.0,60375708399.87105,0,60375708399.87105,60375708399.87105,7923465633007.898,0,7923465633007.898,7923465633007.898,8085169013.273366,0,8085169013.273366,8085169013.273366,9923694981.255234,0,9923694981.255234,9923694981.255234,1749312085.0835876,0,1749312085.0835876,1749312085.0835876,372709888.0822761,0,372709888.0822761,372709888.0822761,62946823.819246165,0,62946823.819246165,62946823.819246165,64.0,0,64.0,64.0,120.0,0,120.0,120.0,208.0,0,208.0,208.0,332.0,0,332.0,332.0,992.0,0,992.0,992.0,4,maxDistance,eval_to_90pct_improvement_mean
continous_fixed_toplogies,more_local_40bench_continuous_fixed_v1,continuous,c02_bent_cigar,30,1000,12,complete,best,plain,20,2,1,1,False,26449677.649652246,0,26449677.649652246,26449677.649652246,46097056.30722143,0,46097056.30722143,46097056.30722143,45516995.375801,0,45516995.375801,45516995.375801,74881336.33918239,0,74881336.33918239,74881336.33918239,14236846.862534607,0,14236846.862534607,14236846.862534607,26449677.649652246,0,26449677.649652246,26449677.649652246,78712663875.81808,0,78712663875.81808,78712663875.81808,246.0,0,246.0,246.0,78712663875.81808,0,78712663875.81808,78712663875.81808,6022923029984.842,0,6022923029984.842,6022923029984.842,6145839826.515144,0,6145839826.515144,6145839826.515144,4590843341.408086,0,4590843341.408086,4590843341.408086,1181742383.3619916,0,1181742383.3619916,1181742383.3619916,163274797.8346478,0,163274797.8346478,163274797.8346478,26449677.649652246,0,26449677.649652246,26449677.649652246,44.0,0,44.0,44.0,80.0,0,80.0,80.0,108.0,0,108.0,108.0,184.0,0,184.0,184.0,996.0,0,996.0,996.0,1,best,eval_to_90pct_improvement_mean
continous_fixed_toplogies,more_local_40bench_continuous_fixed_v1,continuous,c02_bent_cigar,30,1000,12,complete,worst,plain,20,2,1,1,False,50502100.39822378,0,50502100.39822378,50502100.39822378,185439825.61855948,0,185439825.61855948,185439825.61855948,168029366.1334495,0,168029366.1334495,168029366.1334495,317727786.56452966,0,317727786.56452966,317727786.56452966,78045329.87162133,0,78045329.87162133,78045329.87162133,50502100.39822378,0,50502100.39822378,50502100.39822378,81263757930.19817,0,81263757930.19817,81263757930.19817,246.0,0,246.0,246.0,81263757930.19817,0,81263757930.19817,81263757930.19817,7356858677184.824,0,7356858677184.824,7356858677184.824,7506998650.188596,0,7506998650.188596,7506998650.188596,7460198874.350265,0,7460198874.350265,7460198874.350265,892123436.6331292,0,892123436.6331292,892123436.6331292,115930504.65813404,0,115930504.65813404,115930504.65813404,50502100.39822378,0,50502100.39822378,50502100.39822378,36.0,0,36.0,36.0,64.0,0,64.0,64.0,152.0,0,152.0,152.0,216.0,0,216.0,216.0,1000.0,0,1000.0,1000.0,2,worst,eval_to_90pct_improvement_mean
continous_fixed_toplogies,more_local_40bench_continuous_fixed_v1,continuous,c02_bent_cigar,30,1000,12,complete,random,plain,20,2,1,1,False,92400204.00741398,0,92400204.00741398,92400204.00741398,218809862.57003754,0,218809862.57003754,218809862.57003754,178510421.08962882,0,178510421.08962882,178510421.08962882,428345158.0153476,0,428345158.0153476,428345158.0153476,109749693.35241161,0,109749693.35241161,109749693.35241161,92400204.00741398,0,92400204.00741398,92400204.00741398,86004860945.526,0,86004860945.526,86004860945.526,246.0,0,246.0,246.0,86004860945.526,0,86004860945.526,86004860945.526,7721707227483.981,0,7721707227483.981,7721707227483.981,7879293089.269369,0,7879293089.269369,7879293089.269369,7922341582.76358,0,7922341582.76358,7922341582.76358,2499349012.3527465,0,2499349012.3527465,2499349012.3527465,724108638.4994802,0,724108638.4994802,724108638.4994802,92400204.00741398,0,92400204.00741398,92400204.00741398,36.0,0,36.0,36.0,80.0,0,80.0,80.0,140.0,0,140.0,140.0,232.0,0,232.0,232.0,988.0,0,988.0,988.0,3,random,eval_to_90pct_improvement_mean
continous_fixed_toplogies,more_local_40bench_continuous_fixed_v1,continuous,c02_bent_cigar,30,1000,12,complete,maxDistance,plain,20,2,1,1,False,46902392.36136596,0,46902392.36136596,46902392.36136596,96309488.41225351,0,96309488.41225351,96309488.41225351,70685833.59916048,0,70685833.59916048,70685833.59916048,248032443.48438185,0,248032443.48438185,248032443.48438185,59565097.19898093,0,59565097.19898093,59565097.19898093,46902392.36136596,0,46902392.36136596,46902392.36136596,84890115703.36043,0,84890115703.36043,84890115703.36043,246.0,0,246.0,246.0,84890115703.36043,0,84890115703.36043,84890115703.36043,8819507949326.512,0,8819507949326.512,8819507949326.512,8999497907.476032,0,8999497907.476032,8999497907.476032,11471514593.405758,0,11471514593.405758,11471514593.405758,1792882054.3059227,0,1792882054.3059227,1792882054.3059227,355948895.39971894,0,355948895.39971894,355948895.39971894,46902392.36136596,0,46902392.36136596,46902392.36136596,44.0,0,44.0,44.0,68.0,0,68.0,68.0,176.0,0,176.0,176.0,304.0,0,304.0,304.0,992.0,0,992.0,992.0,4,maxDistance,eval_to_90pct_improvement_mean
continous_fixed_toplogies,more_local_40bench_continuous_fixed_v1,continuous,c03_discus,30,1000,12,ring,maxDistance,plain,20,2,1,1,False,103202.55460309425,0,103202.55460309425,103202.55460309425,130975.16856944314,0,130975.16856944314,130975.16856944314,133990.40097040456,0,133990.40097040456,133990.40097040456,168132.68423598772,0,168132.68423598772,168132.68423598772,21165.736951047315,0,21165.736951047315,21165.736951047315,103202.55460309425,0,103202.55460309425,103202.55460309425,60726.22833242414,0,60726.22833242414,60726.22833242414,246.0,0,246.0,246.0,60726.22833242414,0,60726.22833242414,60726.22833242414,106417545.92740716,0,106417545.92740716,106417545.92740716,108589.3325789869,0,108589.3325789869,108589.3325789869,105923.34607746608,0,105923.34607746608,105923.34607746608,105546.31963296048,0,105546.31963296048,105546.31963296048,105007.87886406327,0,105007.87886406327,105007.87886406327,103202.55460309425,0,103202.55460309425,103202.55460309425,68.0,0,68.0,68.0,80.0,0,80.0,80.0,80.0,0,80.0,80.0,80.0,0,80.0,80.0,992.0,0,992.0,992.0,1,maxDistance,eval_to_90pct_improvement_mean
continous_fixed_toplogies,more_local_40bench_continuous_fixed_v1,continuous,c03_discus,30,1000,12,ring,best,plain,20,2,1,1,False,108947.05840337578,0,108947.05840337578,108947.05840337578,123907.24725742641,0,123907.24725742641,123907.24725742641,110806.78764739097,0,110806.78764739097,110806.78764739097,190915.87130193846,0,190915.87130193846,190915.87130193846,29898.016037635254,0,29898.016037635254,29898.016037635254,108947.05840337578,0,108947.05840337578,108947.05840337578,252795.3157341918,0,252795.3157341918,252795.3157341918,246.0,0,246.0,246.0,252795.3157341918,0,252795.3157341918,252795.3157341918,115708079.17494707,0,115708079.17494707,115708079.17494707,118069.46854586435,0,118069.46854586435,118069.46854586435,114560.51736583162,0,114560.51736583162,114560.51736583162,111619.48263321035,0,111619.48263321035,111619.48263321035,109778.32931091053,0,109778.32931091053,109778.32931091053,108947.05840337578,0,108947.05840337578,108947.05840337578,28.0,0,28.0,28.0,36.0,0,36.0,36.0,68.0,0,68.0,68.0,84.0,0,84.0,84.0,968.0,0,968.0,968.0,2,best,eval_to_90pct_improvement_mean
continous_fixed_toplogies,more_local_40bench_continuous_fixed_v1,continuous,c03_discus,30,1000,12,ring,worst,plain,20,2,1,1,False,109303.59440257333,0,109303.59440257333,109303.59440257333,118370.19529115836,0,118370.19529115836,118370.19529115836,111222.20634585954,0,111222.20634585954,111222.20634585954,196829.08495611648,0,196829.08495611648,196829.08495611648,23679.88216489185,0,23679.88216489185,23679.88216489185,109303.59440257333,0,109303.59440257333,109303.59440257333,367446.31455191283,0,367446.31455191283,367446.31455191283,246.0,0,246.0,246.0,367446.31455191283,0,367446.31455191283,367446.31455191283,120418451.12235974,0,120418451.12235974,120418451.12235974,122875.97053302014,0,122875.97053302014,122875.97053302014,112728.30057725558,0,112728.30057725558,112728.30057725558,111226.64221633374,0,111226.64221633374,111226.64221633374,111189.1442251937,0,111189.1442251937,111189.1442251937,109303.59440257333,0,109303.59440257333,109303.59440257333,44.0,0,44.0,44.0,44.0,0,44.0,44.0,44.0,0,44.0,44.0,96.0,0,96.0,96.0,948.0,0,948.0,948.0,3,worst,eval_to_90pct_improvement_mean
continous_fixed_toplogies,more_local_40bench_continuous_fixed_v1,continuous,c03_discus,30,1000,12,ring,random,plain,20,2,1,1,False,94802.91667157218,0,94802.91667157218,94802.91667157218,119322.96084146781,0,119322.96084146781,119322.96084146781,123410.55104902493,0,123410.55104902493,123410.55104902493,128029.17339108887,0,128029.17339108887,128029.17339108887,11433.301564983747,0,11433.301564983747,11433.301564983747,94802.91667157218,0,94802.91667157218,94802.91667157218,102730.29490586162,0,102730.29490586162,102730.29490586162,246.0,0,246.0,246.0,102730.29490586162,0,102730.29490586162,102730.29490586162,101591146.06467743,0,101591146.06467743,101591146.06467743,103664.43475987493,0,103664.43475987493,103664.43475987493,98995.87824914687,0,98995.87824914687,98995.87824914687,97516.59580451105,0,97516.59580451105,97516.59580451105,95455.17679862413,0,95455.17679862413,95455.17679862413,94802.91667157218,0,94802.91667157218,94802.91667157218,36.0,0,36.0,36.0,60.0,0,60.0,60.0,164.0,0,164.0,164.0,164.0,0,164.0,164.0,920.0,0,920.0,920.0,4,random,eval_to_90pct_improvement_mean
continous_fixed_toplogies,more_local_40bench_continuous_fixed_v1,continuous,c03_discus,30,1000,12,torus,best,plain,20,2,1,1,False,108602.51797637656,0,108602.51797637656,108602.51797637656,110319.0202898511,0,110319.0202898511,110319.0202898511,110492.34687503497,0,110492.34687503497,110492.34687503497,111628.04272304112,0,111628.04272304112,111628.04272304112,880.9236841047307,0,880.9236841047307,880.9236841047307,108602.51797637656,0,108602.51797637656,108602.51797637656,141364.07300643745,0,141364.07300643745,141364.07300643745,246.0,0,246.0,246.0,141364.07300643745,0,141364.07300643745,141364.07300643745,114529805.77057998,0,114529805.77057998,114529805.77057998,116867.14874548977,0,116867.14874548977,116867.14874548977,117685.25729495547,0,117685.25729495547,117685.25729495547,114073.20558414243,0,114073.20558414243,114073.20558414243,111399.79694193402,0,111399.79694193402,111399.79694193402,108602.51797637656,0,108602.51797637656,108602.51797637656,32.0,0,32.0,32.0,32.0,0,32.0,32.0,76.0,0,76.0,76.0,84.0,0,84.0,84.0,980.0,0,980.0,980.0,1,best,eval_to_90pct_improvement_mean
continous_fixed_toplogies,more_local_40bench_continuous_fixed_v1,continuous,c03_discus,30,1000,12,torus,maxDistance,plain,20,2,1,1,False,114619.66075665946,0,114619.66075665946,114619.66075665946,115856.44852756293,0,115856.44852756293,115856.44852756293,115367.00411757104,0,115367.00411757104,115367.00411757104,117705.43272679277,0,117705.43272679277,117705.43272679277,1085.2859231018192,0,1085.2859231018192,1085.2859231018192,114619.66075665946,0,114619.66075665946,114619.66075665946,106467.3134809263,0,106467.3134809263,106467.3134809263,246.0,0,246.0,246.0,106467.3134809263,0,106467.3134809263,106467.3134809263,119697390.99003372,0,119697390.99003372,119697390.99003372,122140.1948877895,0,122140.1948877895,122140.1948877895,121004.64827491494,0,121004.64827491494,121004.64827491494,118026.26281121749,0,118026.26281121749,118026.26281121749,115690.84716815184,0,115690.84716815184,115690.84716815184,114619.66075665946,0,114619.66075665946,114619.66075665946,40.0,0,40.0,40.0,64.0,0,64.0,64.0,64.0,0,64.0,64.0,136.0,0,136.0,136.0,824.0,0,824.0,824.0,2,maxDistance,eval_to_90pct_improvement_mean
continous_fixed_toplogies,more_local_40bench_continuous_fixed_v1,continuous,c03_discus,30,1000,12,torus,random,plain,20,2,1,1,False,105857.97899445394,0,105857.97899445394,105857.97899445394,106862.7417016196,0,106862.7417016196,106862.7417016196,107031.58984087926,0,107031.58984087926,107031.58984087926,107403.1967357891,0,107403.1967357891,107403.1967357891,472.35542276281325,0,472.35542276281325,472.35542276281325,105857.97899445394,0,105857.97899445394,105857.97899445394,155400.16730565802,0,155400.16730565802,155400.16730565802,246.0,0,246.0,246.0,155400.16730565802,0,155400.16730565802,155400.16730565802,116816395.24974415,0,116816395.24974415,116816395.24974415,119200.40331606545,0,119200.40331606545,119200.40331606545,121460.58056279492,0,121460.58056279492,121460.58056279492,108444.95276474743,0,108444.95276474743,108444.95276474743,107521.50205085886,0,107521.50205085886,107521.50205085886,105857.97899445394,0,105857.97899445394,105857.97899445394,52.0,0,52.0,52.0,80.0,0,80.0,80.0,100.0,0,100.0,100.0,260.0,0,260.0,260.0,992.0,0,992.0,992.0,3,random,eval_to_90pct_improvement_mean
continous_fixed_toplogies,more_local_40bench_continuous_fixed_v1,continuous,c03_discus,30,1000,12,torus,worst,plain,20,2,1,1,False,100032.21588273197,0,100032.21588273197,100032.21588273197,139511.52216419825,0,139511.52216419825,139511.52216419825,137839.95746952054,0,137839.95746952054,137839.95746952054,155187.2742201681,0,155187.2742201681,155187.2742201681,14311.93669104872,0,14311.93669104872,14311.93669104872,100032.21588273197,0,100032.21588273197,100032.21588273197,60156.448586086,0,60156.448586086,60156.448586086,246.0,0,246.0,246.0,60156.448586086,0,60156.448586086,60156.448586086,136223730.62886205,0,136223730.62886205,136223730.62886205,139003.80676414495,0,139003.80676414495,139003.80676414495,147186.36997229268,0,147186.36997229268,147186.36997229268,138410.55567110731,0,138410.55567110731,138410.55567110731,129811.8078528151,0,129811.8078528151,129811.8078528151,100032.21588273197,0,100032.21588273197,100032.21588273197,436.0,0,436.0,436.0,676.0,0,676.0,676.0,912.0,0,912.0,912.0,960.0,0,960.0,960.0,1000.0,0,1000.0,1000.0,4,worst,eval_to_90pct_improvement_mean
continous_fixed_toplogies,more_local_40bench_continuous_fixed_v1,continuous,c03_discus,30,1000,12,complete,worst,plain,20,2,1,1,False,111098.80038822965,0,111098.80038822965,111098.80038822965,111610.07191040441,0,111610.07191040441,111610.07191040441,111720.07254305512,0,111720.07254305512,111720.07254305512,111865.07622014229,0,111865.07622014229,111865.07622014229,252.05904924690833,0,252.05904924690833,252.05904924690833,111098.80038822965,0,111098.80038822965,111098.80038822965,58401.06247942922,0,58401.06247942922,58401.06247942922,246.0,0,246.0,246.0,58401.06247942922,0,58401.06247942922,58401.06247942922,112532500.57965344,0,112532500.57965344,112532500.57965344,114829.08222413616,0,114829.08222413616,114829.08222413616,113956.61536599933,0,113956.61536599933,113956.61536599933,111948.30403672543,0,111948.30403672543,111948.30403672543,111800.99325285699,0,111800.99325285699,111800.99325285699,111098.80038822965,0,111098.80038822965,111098.80038822965,36.0,0,36.0,36.0,68.0,0,68.0,68.0,68.0,0,68.0,68.0,76.0,0,76.0,76.0,940.0,0,940.0,940.0,1,worst,eval_to_90pct_improvement_mean
continous_fixed_toplogies,more_local_40bench_continuous_fixed_v1,continuous,c03_discus,30,1000,12,complete,best,plain,20,2,1,1,False,109779.79701895437,0,109779.79701895437,109779.79701895437,110262.4040159853,0,110262.4040159853,110262.4040159853,110253.99463011816,0,110253.99463011816,110253.99463011816,110578.6843078086,0,110578.6843078086,110578.6843078086,250.2501835454644,0,250.2501835454644,250.2501835454644,109779.79701895437,0,109779.79701895437,109779.79701895437,121214.02365058126,0,121214.02365058126,121214.02365058126,246.0,0,246.0,246.0,121214.02365058126,0,121214.02365058126,121214.02365058126,114786384.9597276,0,114786384.9597276,114786384.9597276,117128.96424462,0,117128.96424462,117128.96424462,115355.14924852455,0,115355.14924852455,115355.14924852455,112915.59121221464,0,112915.59121221464,112915.59121221464,110873.99550154597,0,110873.99550154597,110873.99550154597,109779.79701895437,0,109779.79701895437,109779.79701895437,40.0,0,40.0,40.0,40.0,0,40.0,40.0,80.0,0,80.0,80.0,108.0,0,108.0,108.0,988.0,0,988.0,988.0,2,best,eval_to_90pct_improvement_mean
continous_fixed_toplogies,more_local_40bench_continuous_fixed_v1,continuous,c03_discus,30,1000,12,complete,maxDistance,plain,20,2,1,1,False,72850.71371417651,0,72850.71371417651,72850.71371417651,73304.58263106989,0,73304.58263106989,73304.58263106989,73328.14449369772,0,73328.14449369772,73328.14449369772,73874.3559777483,0,73874.3559777483,73874.3559777483,265.860734063903,0,265.860734063903,265.860734063903,72850.71371417651,0,72850.71371417651,72850.71371417651,321298.8190974386,0,321298.8190974386,321298.8190974386,246.0,0,246.0,246.0,321298.8190974386,0,321298.8190974386,321298.8190974386,86400966.84828484,0,86400966.84828484,86400966.84828484,88164.25188600495,0,88164.25188600495,88164.25188600495,76157.59308993441,0,76157.59308993441,76157.59308993441,75172.98930970089,0,75172.98930970089,75172.98930970089,74177.95960378148,0,74177.95960378148,74177.95960378148,72850.71371417651,0,72850.71371417651,72850.71371417651,40.0,0,40.0,40.0,40.0,0,40.0,40.0,40.0,0,40.0,40.0,188.0,0,188.0,188.0,1000.0,0,1000.0,1000.0,3,maxDistance,eval_to_90pct_improvement_mean
continous_fixed_toplogies,more_local_40bench_continuous_fixed_v1,continuous,c03_discus,30,1000,12,complete,random,plain,20,2,1,1,False,98600.38208476992,0,98600.38208476992,98600.38208476992,98961.63881659198,0,98961.63881659198,98961.63881659198,98851.67993251982,0,98851.67993251982,98851.67993251982,99777.80754784247,0,99777.80754784247,99777.80754784247,339.4345122287708,0,339.4345122287708,339.4345122287708,98600.38208476992,0,98600.38208476992,98600.38208476992,5357.740058262047,0,5357.740058262047,5357.740058262047,246.0,0,246.0,246.0,5357.740058262047,0,5357.740058262047,5357.740058262047,99309044.60982554,0,99309044.60982554,99309044.60982554,101335.75980594443,0,101335.75980594443,101335.75980594443,102845.59073129896,0,102845.59073129896,102845.59073129896,101932.4781909648,0,101932.4781909648,101932.4781909648,99673.39145479875,0,99673.39145479875,99673.39145479875,98600.38208476992,0,98600.38208476992,98600.38208476992,324.0,0,324.0,324.0,608.0,0,608.0,608.0,648.0,0,648.0,648.0,832.0,0,832.0,832.0,996.0,0,996.0,996.0,4,random,eval_to_90pct_improvement_mean
continous_fixed_toplogies,more_local_40bench_continuous_fixed_v1,continuous,c04_rosenbrock,30,1000,12,ring,maxDistance,plain,20,2,1,1,False,823.1849408967938,0,823.1849408967938,823.1849408967938,1175.068350817597,0,1175.068350817597,1175.068350817597,1078.2170323367109,0,1078.2170323367109,1078.2170323367109,2535.3539754928343,0,2535.3539754928343,2535.3539754928343,446.1131636930709,0,446.1131636930709,446.1131636930709,823.1849408967938,0,823.1849408967938,823.1849408967938,23107.942602630206,0,23107.942602630206,23107.942602630206,246.0,0,246.0,246.0,23107.942602630206,0,23107.942602630206,23107.942602630206,2315071.5753139784,0,2315071.5753139784,2315071.5753139784,2362.3179339938556,0,2362.3179339938556,2362.3179339938556,1871.4232896466826,0,1871.4232896466826,1871.4232896466826,1332.7361343745697,0,1332.7361343745697,1332.7361343745697,1036.3760469242807,0,1036.3760469242807,1036.3760469242807,823.1849408967938,0,823.1849408967938,823.1849408967938,36.0,0,36.0,36.0,56.0,0,56.0,56.0,100.0,0,100.0,100.0,152.0,0,152.0,152.0,1000.0,0,1000.0,1000.0,1,maxDistance,eval_to_90pct_improvement_mean
continous_fixed_toplogies,more_local_40bench_continuous_fixed_v1,continuous,c04_rosenbrock,30,1000,12,ring,worst,plain,20,2,1,1,False,797.0259299253352,0,797.0259299253352,797.0259299253352,1418.790070823498,0,1418.790070823498,1418.790070823498,1079.3227116446208,0,1079.3227116446208,1079.3227116446208,3327.7518214645647,0,3327.7518214645647,3327.7518214645647,765.0180249823807,0,765.0180249823807,765.0180249823807,797.0259299253352,0,797.0259299253352,797.0259299253352,18776.91241860051,0,18776.91241860051,18776.91241860051,246.0,0,246.0,246.0,18776.91241860051,0,18776.91241860051,18776.91241860051,2030502.243734395,0,2030502.243734395,2030502.243734395,2071.941065035097,0,2071.941065035097,2071.941065035097,2292.230904704332,0,2292.230904704332,2292.230904704332,1184.366449731861,0,1184.366449731861,1184.366449731861,927.8317301328293,0,927.8317301328293,927.8317301328293,797.0259299253352,0,797.0259299253352,797.0259299253352,24.0,0,24.0,24.0,48.0,0,48.0,48.0,68.0,0,68.0,68.0,208.0,0,208.0,208.0,1000.0,0,1000.0,1000.0,2,worst,eval_to_90pct_improvement_mean
continous_fixed_toplogies,more_local_40bench_continuous_fixed_v1,continuous,c04_rosenbrock,30,1000,12,ring,best,plain,20,2,1,1,False,753.079539522343,0,753.079539522343,753.079539522343,1577.4363794464962,0,1577.4363794464962,1577.4363794464962,1144.3579377975973,0,1144.3579377975973,1144.3579377975973,4320.319263852641,0,4320.319263852641,4320.319263852641,1056.7612898268505,0,1056.7612898268505,1056.7612898268505,753.079539522343,0,753.079539522343,753.079539522343,11708.943042132183,0,11708.943042132183,11708.943042132183,246.0,0,246.0,246.0,11708.943042132183,0,11708.943042132183,11708.943042132183,1946691.3799835201,0,1946691.3799835201,1946691.3799835201,1986.419775493388,0,1986.419775493388,1986.419775493388,1731.9321528339365,0,1731.9321528339365,1731.9321528339365,1018.3434101166653,0,1018.3434101166653,1018.3434101166653,829.217289139003,0,829.217289139003,829.217289139003,753.079539522343,0,753.079539522343,753.079539522343,56.0,0,56.0,56.0,76.0,0,76.0,76.0,148.0,0,148.0,148.0,236.0,0,236.0,236.0,992.0,0,992.0,992.0,3,best,eval_to_90pct_improvement_mean
continous_fixed_toplogies,more_local_40bench_continuous_fixed_v1,continuous,c04_rosenbrock,30,1000,12,ring,random,plain,20,2,1,1,False,738.3049814412743,0,738.3049814412743,738.3049814412743,1927.4666193434496,0,1927.4666193434496,1927.4666193434496,1723.3831960142707,0,1723.3831960142707,1723.3831960142707,4812.645332110262,0,4812.645332110262,4812.645332110262,1131.4733703256816,0,1131.4733703256816,1131.4733703256816,738.3049814412743,0,738.3049814412743,738.3049814412743,20500.601582368094,0,20500.601582368094,20500.601582368094,246.0,0,246.0,246.0,20500.601582368094,0,20500.601582368094,20500.601582368094,2359417.17424048,0,2359417.17424048,2359417.17424048,2407.568545143347,0,2407.568545143347,2407.568545143347,3182.736945520465,0,3182.736945520465,3182.736945520465,1157.19503467175,0,1157.19503467175,1157.19503467175,869.3085724488114,0,869.3085724488114,869.3085724488114,738.3049814412743,0,738.3049814412743,738.3049814412743,24.0,0,24.0,24.0,52.0,0,52.0,52.0,96.0,0,96.0,96.0,324.0,0,324.0,324.0,980.0,0,980.0,980.0,4,random,eval_to_90pct_improvement_mean
continous_fixed_toplogies,more_local_40bench_continuous_fixed_v1,continuous,c04_rosenbrock,30,1000,12,torus,random,plain,20,2,1,1,False,597.1743563817175,0,597.1743563817175,597.1743563817175,625.4517697517515,0,625.4517697517515,625.4517697517515,626.5300822252423,0,626.5300822252423,626.5300822252423,645.6914442895427,0,645.6914442895427,645.6914442895427,13.685687852469119,0,13.685687852469119,13.685687852469119,597.1743563817175,0,597.1743563817175,597.1743563817175,20336.906626253294,0,20336.906626253294,20336.906626253294,246.0,0,246.0,246.0,20336.906626253294,0,20336.906626253294,20336.906626253294,1860225.069363758,0,1860225.069363758,1860225.069363758,1898.188846289549,0,1898.188846289549,1898.188846289549,1271.8837382010474,0,1271.8837382010474,1271.8837382010474,782.4838986988691,0,782.4838986988691,782.4838986988691,656.5662564310992,0,656.5662564310992,656.5662564310992,597.1743563817175,0,597.1743563817175,597.1743563817175,32.0,0,32.0,32.0,60.0,0,60.0,60.0,104.0,0,104.0,104.0,152.0,0,152.0,152.0,988.0,0,988.0,988.0,1,random,eval_to_90pct_improvement_mean
continous_fixed_toplogies,more_local_40bench_continuous_fixed_v1,continuous,c04_rosenbrock,30,1000,12,torus,best,plain,20,2,1,1,False,538.7851436679069,0,538.7851436679069,538.7851436679069,542.657926522553,0,542.657926522553,542.657926522553,542.9665755033269,0,542.9665755033269,542.9665755033269,547.0920417354694,0,547.0920417354694,547.0920417354694,2.5479993838705126,0,2.5479993838705126,2.5479993838705126,538.7851436679069,0,538.7851436679069,538.7851436679069,11994.20722805283,0,11994.20722805283,11994.20722805283,246.0,0,246.0,246.0,11994.20722805283,0,11994.20722805283,11994.20722805283,1322146.2575723962,0,1322146.2575723962,1322146.2575723962,1349.1288342575472,0,1349.1288342575472,1349.1288342575472,1069.4788427787707,0,1069.4788427787707,1069.4788427787707,643.1940224572099,0,643.1940224572099,643.1940224572099,555.7021302545513,0,555.7021302545513,555.7021302545513,538.7851436679069,0,538.7851436679069,538.7851436679069,44.0,0,44.0,44.0,48.0,0,48.0,48.0,100.0,0,100.0,100.0,180.0,0,180.0,180.0,992.0,0,992.0,992.0,2,best,eval_to_90pct_improvement_mean
continous_fixed_toplogies,more_local_40bench_continuous_fixed_v1,continuous,c04_rosenbrock,30,1000,12,torus,maxDistance,plain,20,2,1,1,False,571.0250349965977,0,571.0250349965977,571.0250349965977,589.0200908187664,0,589.0200908187664,589.0200908187664,589.4682493627331,0,589.4682493627331,589.4682493627331,615.69686322687,0,615.69686322687,615.69686322687,12.882663188021311,0,12.882663188021311,12.882663188021311,571.0250349965977,0,571.0250349965977,571.0250349965977,12067.068573605187,0,12067.068573605187,12067.068573605187,246.0,0,246.0,246.0,12067.068573605187,0,12067.068573605187,12067.068573605187,1715612.669046215,0,1715612.669046215,1715612.669046215,1750.6251724961378,0,1750.6251724961378,1750.6251724961378,1684.9479000508707,0,1684.9479000508707,1684.9479000508707,711.1784942182223,0,711.1784942182223,711.1784942182223,602.7761253740739,0,602.7761253740739,602.7761253740739,571.0250349965977,0,571.0250349965977,571.0250349965977,52.0,0,52.0,52.0,80.0,0,80.0,80.0,148.0,0,148.0,148.0,208.0,0,208.0,208.0,1000.0,0,1000.0,1000.0,3,maxDistance,eval_to_90pct_improvement_mean
continous_fixed_toplogies,more_local_40bench_continuous_fixed_v1,continuous,c04_rosenbrock,30,1000,12,torus,worst,plain,20,2,1,1,False,605.5008468430422,0,605.5008468430422,605.5008468430422,642.5277543654013,0,642.5277543654013,642.5277543654013,635.7456804230906,0,635.7456804230906,635.7456804230906,688.2815379737692,0,688.2815379737692,688.2815379737692,27.619486731075053,0,27.619486731075053,27.619486731075053,605.5008468430422,0,605.5008468430422,605.5008468430422,11268.676521193775,0,11268.676521193775,11268.676521193775,246.0,0,246.0,246.0,11268.676521193775,0,11268.676521193775,11268.676521193775,1651131.9650888648,0,1651131.9650888648,1651131.9650888648,1684.828535804964,0,1684.828535804964,1684.828535804964,1478.9205192594186,0,1478.9205192594186,1478.9205192594186,880.6888497537691,0,880.6888497537691,880.6888497537691,671.6219539063719,0,671.6219539063719,671.6219539063719,605.5008468430422,0,605.5008468430422,605.5008468430422,56.0,0,56.0,56.0,64.0,0,64.0,64.0,116.0,0,116.0,116.0,208.0,0,208.0,208.0,1000.0,0,1000.0,1000.0,4,worst,eval_to_90pct_improvement_mean
continous_fixed_toplogies,more_local_40bench_continuous_fixed_v1,continuous,c04_rosenbrock,30,1000,12,complete,worst,plain,20,2,1,1,False,553.2780851618063,0,553.2780851618063,553.2780851618063,562.5549619919021,0,562.5549619919021,562.5549619919021,562.6433944492189,0,562.6433944492189,562.6433944492189,571.390913640055,0,571.390913640055,571.390913640055,5.322152957356285,0,5.322152957356285,5.322152957356285,553.2780851618063,0,553.2780851618063,553.2780851618063,18380.759030696565,0,18380.759030696565,18380.759030696565,246.0,0,246.0,246.0,18380.759030696565,0,18380.759030696565,18380.759030696565,1609883.300215364,0,1609883.300215364,1609883.300215364,1642.7380614442488,0,1642.7380614442488,1642.7380614442488,1560.4333881720272,0,1560.4333881720272,1560.4333881720272,703.9725229707058,0,703.9725229707058,703.9725229707058,582.375618590902,0,582.375618590902,582.375618590902,553.2780851618063,0,553.2780851618063,553.2780851618063,36.0,0,36.0,36.0,48.0,0,48.0,48.0,88.0,0,88.0,88.0,136.0,0,136.0,136.0,992.0,0,992.0,992.0,1,worst,eval_to_90pct_improvement_mean
continous_fixed_toplogies,more_local_40bench_continuous_fixed_v1,continuous,c04_rosenbrock,30,1000,12,complete,random,plain,20,2,1,1,False,570.4530676192721,0,570.4530676192721,570.4530676192721,576.5849884268215,0,576.5849884268215,576.5849884268215,576.2193132975947,0,576.2193132975947,576.2193132975947,586.4395003888897,0,586.4395003888897,586.4395003888897,4.649453142710651,0,4.649453142710651,4.649453142710651,570.4530676192721,0,570.4530676192721,570.4530676192721,19566.286711707035,0,19566.286711707035,19566.286711707035,246.0,0,246.0,246.0,19566.286711707035,0,19566.286711707035,19566.286711707035,1774296.7086072236,0,1774296.7086072236,1774296.7086072236,1810.5068455175751,0,1810.5068455175751,1810.5068455175751,1042.2827775835844,0,1042.2827775835844,1042.2827775835844,678.5712511062932,0,678.5712511062932,678.5712511062932,589.7808206727959,0,589.7808206727959,589.7808206727959,570.4530676192721,0,570.4530676192721,570.4530676192721,48.0,0,48.0,48.0,48.0,0,48.0,48.0,116.0,0,116.0,116.0,140.0,0,140.0,140.0,996.0,0,996.0,996.0,2,random,eval_to_90pct_improvement_mean
continous_fixed_toplogies,more_local_40bench_continuous_fixed_v1,continuous,c04_rosenbrock,30,1000,12,complete,best,plain,20,2,1,1,False,698.2913483928033,0,698.2913483928033,698.2913483928033,709.144971788193,0,709.144971788193,709.144971788193,709.2056160939062,0,709.2056160939062,709.2056160939062,718.9686104019722,0,718.9686104019722,718.9686104019722,5.381920171908486,0,5.381920171908486,5.381920171908486,698.2913483928033,0,698.2913483928033,698.2913483928033,13697.118510456216,0,13697.118510456216,13697.118510456216,246.0,0,246.0,246.0,13697.118510456216,0,13697.118510456216,13697.118510456216,1654115.8630631333,0,1654115.8630631333,1654115.8630631333,1687.8733296562584,0,1687.8733296562584,1687.8733296562584,1272.516070640743,0,1272.516070640743,1272.516070640743,827.7111166328827,0,827.7111166328827,827.7111166328827,727.3137808637097,0,727.3137808637097,727.3137808637097,698.2913483928033,0,698.2913483928033,698.2913483928033,48.0,0,48.0,48.0,68.0,0,68.0,68.0,88.0,0,88.0,88.0,180.0,0,180.0,180.0,1000.0,0,1000.0,1000.0,3,best,eval_to_90pct_improvement_mean
continous_fixed_toplogies,more_local_40bench_continuous_fixed_v1,continuous,c04_rosenbrock,30,1000,12,complete,maxDistance,plain,20,2,1,1,False,621.6325885640881,0,621.6325885640881,621.6325885640881,634.1089072802974,0,634.1089072802974,634.1089072802974,634.6497415864444,0,634.6497415864444,634.6497415864444,651.5801895453444,0,651.5801895453444,651.5801895453444,7.9034579747191,0,7.9034579747191,7.9034579747191,621.6325885640881,0,621.6325885640881,621.6325885640881,15418.190656067312,0,15418.190656067312,15418.190656067312,246.0,0,246.0,246.0,15418.190656067312,0,15418.190656067312,15418.190656067312,2091522.794374144,0,2091522.794374144,2091522.794374144,2134.206933034841,0,2134.206933034841,2134.206933034841,1967.316816779451,0,1967.316816779451,1967.316816779451,743.3951161144196,0,743.3951161144196,743.3951161144196,657.1322641783995,0,657.1322641783995,657.1322641783995,621.6325885640881,0,621.6325885640881,621.6325885640881,60.0,0,60.0,60.0,84.0,0,84.0,84.0,156.0,0,156.0,156.0,248.0,0,248.0,248.0,992.0,0,992.0,992.0,4,maxDistance,eval_to_90pct_improvement_mean
continous_fixed_toplogies,more_local_40bench_continuous_fixed_v1,continuous,c05_ackley,30,1000,12,ring,best,plain,20,2,1,1,False,520.5921246150035,0,520.5921246150035,520.5921246150035,520.6665246190739,0,520.6665246190739,520.6665246190739,520.6410795397492,0,520.6410795397492,520.6410795397492,520.9267781699966,0,520.9267781699966,520.9267781699966,0.08433735277564118,0,0.08433735277564118,0.08433735277564118,520.5921246150035,0,520.5921246150035,520.5921246150035,0.7998424503438173,0,0.7998424503438173,0.7998424503438173,246.0,0,246.0,246.0,0.7998424503438173,0,0.7998424503438173,0.7998424503438173,510475.61197394115,0,510475.61197394115,510475.61197394115,520.8934816060624,0,520.8934816060624,520.8934816060624,521.0968802077616,0,521.0968802077616,521.0968802077616,520.9263171899231,0,520.9263171899231,520.9263171899231,520.6320713184778,0,520.6320713184778,520.6320713184778,520.5921246150035,0,520.5921246150035,520.5921246150035,144.0,0,144.0,144.0,412.0,0,412.0,412.0,652.0,0,652.0,652.0,728.0,0,728.0,728.0,956.0,0,956.0,956.0,1,best,eval_to_90pct_improvement_mean
continous_fixed_toplogies,more_local_40bench_continuous_fixed_v1,continuous,c05_ackley,30,1000,12,ring,maxDistance,plain,20,2,1,1,False,520.5456193686574,0,520.5456193686574,520.5456193686574,520.6663960887342,0,520.6663960887342,520.6663960887342,520.6490817011677,0,520.6490817011677,520.6490817011677,520.898412709527,0,520.898412709527,520.898412709527,0.09753458571999658,0,0.09753458571999658,0.09753458571999658,520.5456193686574,0,520.5456193686574,520.5456193686574,0.7630774465535524,0,0.7630774465535524,0.7630774465535524,246.0,0,246.0,246.0,0.7630774465535524,0,0.7630774465535524,0.7630774465535524,510399.99159198743,0,510399.99159198743,510399.99159198743,520.8163179510076,0,520.8163179510076,520.8163179510076,520.9991514497369,0,520.9991514497369,520.9991514497369,520.7426859842457,0,520.7426859842457,520.7426859842457,520.671985719767,0,520.671985719767,520.671985719767,520.5456193686574,0,520.5456193686574,520.5456193686574,140.0,0,140.0,140.0,384.0,0,384.0,384.0,504.0,0,504.0,504.0,768.0,0,768.0,768.0,864.0,0,864.0,864.0,2,maxDistance,eval_to_90pct_improvement_mean
continous_fixed_toplogies,more_local_40bench_continuous_fixed_v1,continuous,c05_ackley,30,1000,12,ring,random,plain,20,2,1,1,False,520.6578328286258,0,520.6578328286258,520.6578328286258,520.8196851496809,0,520.8196851496809,520.8196851496809,520.8474287329699,0,520.8474287329699,520.8474287329699,520.921156483237,0,520.921156483237,520.921156483237,0.07671808570772341,0,0.07671808570772341,0.07671808570772341,520.6578328286258,0,520.6578328286258,520.6578328286258,0.6594649608280179,0,0.6594649608280179,0.6594649608280179,246.0,0,246.0,246.0,0.6594649608280179,0,0.6594649608280179,0.6594649608280179,510520.7272940626,0,510520.7272940626,510520.7272940626,520.9395176470026,0,520.9395176470026,520.9395176470026,521.1473814849886,0,521.1473814849886,521.1473814849886,520.886424341166,0,520.886424341166,520.886424341166,520.8227333294592,0,520.8227333294592,520.8227333294592,520.6578328286258,0,520.6578328286258,520.6578328286258,240.0,0,240.0,240.0,408.0,0,408.0,408.0,792.0,0,792.0,792.0,908.0,0,908.0,908.0,984.0,0,984.0,984.0,3,random,eval_to_90pct_improvement_mean
continous_fixed_toplogies,more_local_40bench_continuous_fixed_v1,continuous,c05_ackley,30,1000,12,ring,worst,plain,20,2,1,1,False,520.7281774693436,0,520.7281774693436,520.7281774693436,520.8554614937786,0,520.8554614937786,520.8554614937786,520.8404702942788,0,520.8404702942788,520.8404702942788,521.0256934282256,0,521.0256934282256,521.0256934282256,0.08269247950707835,0,0.08269247950707835,0.08269247950707835,520.7281774693436,0,520.7281774693436,520.7281774693436,0.5262971211167269,0,0.5262971211167269,0.5262971211167269,246.0,0,246.0,246.0,0.5262971211167269,0,0.5262971211167269,0.5262971211167269,510550.1266883828,0,510550.1266883828,510550.1266883828,520.9695170289621,0,520.9695170289621,520.9695170289621,521.0773352795776,0,521.0773352795776,521.0773352795776,520.9680182136927,0,520.9680182136927,520.9680182136927,520.8271184221062,0,520.8271184221062,520.8271184221062,520.7281774693436,0,520.7281774693436,520.7281774693436,160.0,0,160.0,160.0,488.0,0,488.0,488.0,732.0,0,732.0,732.0,928.0,0,928.0,928.0,976.0,0,976.0,976.0,4,worst,eval_to_90pct_improvement_mean
continous_fixed_toplogies,more_local_40bench_continuous_fixed_v1,continuous,c05_ackley,30,1000,12,torus,best,plain,20,2,1,1,False,520.2110603435514,0,520.2110603435514,520.2110603435514,520.2456742862215,0,520.2456742862215,520.2456742862215,520.2507969156346,0,520.2507969156346,520.2507969156346,520.2643685272104,0,520.2643685272104,520.2643685272104,0.016420153484892844,0,0.016420153484892844,0.016420153484892844,520.2110603435514,0,520.2110603435514,520.2110603435514,1.0718726188373466,0,1.0718726188373466,1.0718726188373466,246.0,0,246.0,246.0,1.0718726188373466,0,1.0718726188373466,1.0718726188373466,510204.69206644304,0,510204.69206644304,510204.69206644304,520.6170327208603,0,520.6170327208603,520.6170327208603,520.9693691856979,0,520.9693691856979,520.9693691856979,520.5272828535092,0,520.5272828535092,520.5272828535092,520.2815606291094,0,520.2815606291094,520.2815606291094,520.2110603435514,0,520.2110603435514,520.2110603435514,196.0,0,196.0,196.0,380.0,0,380.0,380.0,536.0,0,536.0,536.0,700.0,0,700.0,700.0,992.0,0,992.0,992.0,1,best,eval_to_90pct_improvement_mean
continous_fixed_toplogies,more_local_40bench_continuous_fixed_v1,continuous,c05_ackley,30,1000,12,torus,worst,plain,20,2,1,1,False,520.6834847448648,0,520.6834847448648,520.6834847448648,520.7980904351471,0,520.7980904351471,520.7980904351471,520.7953238395651,0,520.7953238395651,520.7953238395651,520.901157056396,0,520.901157056396,520.901157056396,0.06455423197421037,0,0.06455423197421037,0.06455423197421037,520.6834847448648,0,520.6834847448648,520.6834847448648,0.5144156728711096,0,0.5144156728711096,0.5144156728711096,246.0,0,246.0,246.0,0.5144156728711096,0,0.5144156728711096,0.5144156728711096,510553.29367775883,0,510553.29367775883,510553.29367775883,520.9727486507743,0,520.9727486507743,520.9727486507743,521.0892585930383,0,521.0892585930383,521.0892585930383,521.0000277070799,0,521.0000277070799,521.0000277070799,520.840705155508,0,520.840705155508,520.840705155508,520.6834847448648,0,520.6834847448648,520.6834847448648,424.0,0,424.0,424.0,664.0,0,664.0,664.0,784.0,0,784.0,784.0,828.0,0,828.0,828.0,992.0,0,992.0,992.0,2,worst,eval_to_90pct_improvement_mean
continous_fixed_toplogies,more_local_40bench_continuous_fixed_v1,continuous,c05_ackley,30,1000,12,torus,random,plain,20,2,1,1,False,520.6720661733818,0,520.6720661733818,520.6720661733818,520.7376476691886,0,520.7376476691886,520.7376476691886,520.7091044182787,0,520.7091044182787,520.7091044182787,520.835288033447,0,520.835288033447,520.835288033447,0.05602968055741494,0,0.05602968055741494,0.05602968055741494,520.6720661733818,0,520.6720661733818,520.6720661733818,0.6409295905297085,0,0.6409295905297085,0.6409295905297085,246.0,0,246.0,246.0,0.6409295905297085,0,0.6409295905297085,0.6409295905297085,510538.02918496646,0,510538.02918496646,510538.02918496646,520.9571726377209,0,520.9571726377209,520.9571726377209,521.1181471928098,0,521.1181471928098,521.1181471928098,520.9979827834026,0,520.9979827834026,520.9979827834026,520.7385769517805,0,520.7385769517805,520.7385769517805,520.6720661733818,0,520.6720661733818,520.6720661733818,216.0,0,216.0,216.0,564.0,0,564.0,564.0,564.0,0,564.0,564.0,860.0,0,860.0,860.0,904.0,0,904.0,904.0,3,random,eval_to_90pct_improvement_mean
continous_fixed_toplogies,more_local_40bench_continuous_fixed_v1,continuous,c05_ackley,30,1000,12,torus,maxDistance,plain,20,2,1,1,False,520.5332200691042,0,520.5332200691042,520.5332200691042,520.6403555351851,0,520.6403555351851,520.6403555351851,520.6515001583102,0,520.6515001583102,520.6515001583102,520.7422040671979,0,520.7422040671979,520.7422040671979,0.05714753841656393,0,0.05714753841656393,0.05714753841656393,520.5332200691042,0,520.5332200691042,520.5332200691042,0.8228096643626941,0,0.8228096643626941,0.8228096643626941,246.0,0,246.0,246.0,0.8228096643626941,0,0.8228096643626941,0.8228096643626941,510515.0897306491,0,510515.0897306491,510515.0897306491,520.9337650312746,0,520.9337650312746,520.9337650312746,521.1444395536672,0,521.1444395536672,521.1444395536672,520.9130603154464,0,520.9130603154464,520.9130603154464,520.7599052140182,0,520.7599052140182,520.7599052140182,520.5332200691042,0,520.5332200691042,520.5332200691042,228.0,0,228.0,228.0,480.0,0,480.0,480.0,816.0,0,816.0,816.0,904.0,0,904.0,904.0,952.0,0,952.0,952.0,4,maxDistance,eval_to_90pct_improvement_mean
continous_fixed_toplogies,more_local_40bench_continuous_fixed_v1,continuous,c05_ackley,30,1000,12,complete,worst,plain,20,2,1,1,False,520.3430957051178,0,520.3430957051178,520.3430957051178,520.4005961277468,0,520.4005961277468,520.4005961277468,520.3888326157191,0,520.3888326157191,520.3888326157191,520.4788563210129,0,520.4788563210129,520.4788563210129,0.03767579557314145,0,0.03767579557314145,0.03767579557314145,520.3430957051178,0,520.3430957051178,520.3430957051178,0.9188578277421584,0,0.9188578277421584,0.9188578277421584,246.0,0,246.0,246.0,0.9188578277421584,0,0.9188578277421584,0.9188578277421584,510362.17687872396,0,510362.17687872396,510362.17687872396,520.777731508902,0,520.777731508902,520.777731508902,521.0103512016573,0,521.0103512016573,521.0103512016573,520.7155986690547,0,520.7155986690547,520.7155986690547,520.4139564973729,0,520.4139564973729,520.4139564973729,520.3430957051178,0,520.3430957051178,520.3430957051178,240.0,0,240.0,240.0,488.0,0,488.0,488.0,656.0,0,656.0,656.0,716.0,0,716.0,716.0,992.0,0,992.0,992.0,1,worst,eval_to_90pct_improvement_mean
continous_fixed_toplogies,more_local_40bench_continuous_fixed_v1,continuous,c05_ackley,30,1000,12,complete,best,plain,20,2,1,1,False,520.2481731996567,0,520.2481731996567,520.2481731996567,520.3090938719811,0,520.3090938719811,520.3090938719811,520.3177752572105,0,520.3177752572105,520.3177752572105,520.3465572347561,0,520.3465572347561,520.3465572347561,0.030805480801680097,0,0.030805480801680097,0.030805480801680097,520.2481731996567,0,520.2481731996567,520.2481731996567,0.9576522137870143,0,0.9576522137870143,0.9576522137870143,246.0,0,246.0,246.0,0.9576522137870143,0,0.9576522137870143,0.9576522137870143,510239.6353789818,0,510239.6353789818,510239.6353789818,520.6526891622264,0,520.6526891622264,520.6526891622264,520.9920426815686,0,520.9920426815686,520.9920426815686,520.5619874185325,0,520.5619874185325,520.5619874185325,520.3465572347561,0,520.3465572347561,520.3465572347561,520.2481731996567,0,520.2481731996567,520.2481731996567,272.0,0,272.0,272.0,448.0,0,448.0,448.0,556.0,0,556.0,556.0,772.0,0,772.0,772.0,988.0,0,988.0,988.0,2,best,eval_to_90pct_improvement_mean
continous_fixed_toplogies,more_local_40bench_continuous_fixed_v1,continuous,c05_ackley,30,1000,12,complete,maxDistance,plain,20,2,1,1,False,520.427211337162,0,520.427211337162,520.427211337162,520.4626914770431,0,520.4626914770431,520.4626914770431,520.4580082812163,0,520.4580082812163,520.4580082812163,520.504137564715,0,520.504137564715,520.504137564715,0.025629072945756587,0,0.025629072945756587,0.025629072945756587,520.427211337162,0,520.427211337162,520.427211337162,0.898668968938864,0,0.898668968938864,0.898668968938864,246.0,0,246.0,246.0,0.898668968938864,0,0.898668968938864,0.898668968938864,510399.2161323125,0,510399.2161323125,510399.2161323125,520.815526665625,0,520.815526665625,520.815526665625,521.103807228835,0,521.103807228835,521.103807228835,520.8315781484293,0,520.8315781484293,520.8315781484293,520.5653684696102,0,520.5653684696102,520.5653684696102,520.427211337162,0,520.427211337162,520.427211337162,312.0,0,312.0,312.0,468.0,0,468.0,468.0,632.0,0,632.0,632.0,824.0,0,824.0,824.0,936.0,0,936.0,936.0,3,maxDistance,eval_to_90pct_improvement_mean
continous_fixed_toplogies,more_local_40bench_continuous_fixed_v1,continuous,c05_ackley,30,1000,12,complete,random,plain,20,2,1,1,False,520.4627103377974,0,520.4627103377974,520.4627103377974,520.5372596451134,0,520.5372596451134,520.5372596451134,520.5385210805791,0,520.5385210805791,520.5385210805791,520.6134826751002,0,520.6134826751002,520.6134826751002,0.03802942019033318,0,0.03802942019033318,0.03802942019033318,520.4627103377974,0,520.4627103377974,520.4627103377974,0.8892071483010113,0,0.8892071483010113,0.8892071483010113,246.0,0,246.0,246.0,0.8892071483010113,0,0.8892071483010113,0.8892071483010113,510495.50194530527,0,510495.50194530527,510495.50194530527,520.9137774952095,0,520.9137774952095,520.9137774952095,521.1829446483084,0,521.1829446483084,521.1829446483084,520.9552199190794,0,520.9552199190794,520.9552199190794,520.6455619070965,0,520.6455619070965,520.6455619070965,520.4627103377974,0,520.4627103377974,520.4627103377974,316.0,0,316.0,316.0,512.0,0,512.0,512.0,748.0,0,748.0,748.0,856.0,0,856.0,856.0,1000.0,0,1000.0,1000.0,4,random,eval_to_90pct_improvement_mean
continous_fixed_toplogies,more_local_40bench_continuous_fixed_v1,continuous,c06_weierstrass,30,1000,12,ring,best,plain,20,2,1,1,False,635.1828303338493,0,635.1828303338493,635.1828303338493,637.3197181321716,0,637.3197181321716,637.3197181321716,635.5754038643515,0,635.5754038643515,635.5754038643515,645.1744209296007,0,645.1744209296007,645.1744209296007,3.5388441155915356,0,3.5388441155915356,3.5388441155915356,635.1828303338493,0,635.1828303338493,635.1828303338493,13.092803977549693,0,13.092803977549693,13.092803977549693,246.0,0,246.0,246.0,13.092803977549693,0,13.092803977549693,13.092803977549693,624328.3159802892,0,624328.3159802892,624328.3159802892,637.0697101839686,0,637.0697101839686,637.0697101839686,637.9929189707779,0,637.9929189707779,637.9929189707779,636.2070224310027,0,636.2070224310027,636.2070224310027,635.6660011130275,0,635.6660011130275,635.6660011130275,635.1828303338493,0,635.1828303338493,635.1828303338493,36.0,0,36.0,36.0,64.0,0,64.0,64.0,216.0,0,216.0,216.0,364.0,0,364.0,364.0,916.0,0,916.0,916.0,1,best,eval_to_90pct_improvement_mean
continous_fixed_toplogies,more_local_40bench_continuous_fixed_v1,continuous,c06_weierstrass,30,1000,12,ring,worst,plain,20,2,1,1,False,631.7975526356815,0,631.7975526356815,631.7975526356815,633.4780745708283,0,633.4780745708283,633.4780745708283,632.3460456264561,0,632.3460456264561,632.3460456264561,637.6262474207784,0,637.6262474207784,637.6262474207784,2.012596586016325,0,2.012596586016325,2.012596586016325,631.7975526356815,0,631.7975526356815,631.7975526356815,13.518382836412798,0,13.518382836412798,13.518382836412798,246.0,0,246.0,246.0,13.518382836412798,0,13.518382836412798,13.518382836412798,621966.6265045586,0,621966.6265045586,621966.6265045586,634.6598229638353,0,634.6598229638353,634.6598229638353,636.0553716316911,0,636.0553716316911,636.0553716316911,633.1026667334582,0,633.1026667334582,633.1026667334582,632.3472228886661,0,632.3472228886661,632.3472228886661,631.7975526356815,0,631.7975526356815,631.7975526356815,76.0,0,76.0,76.0,172.0,0,172.0,172.0,332.0,0,332.0,332.0,500.0,0,500.0,500.0,1000.0,0,1000.0,1000.0,2,worst,eval_to_90pct_improvement_mean
continous_fixed_toplogies,more_local_40bench_continuous_fixed_v1,continuous,c06_weierstrass,30,1000,12,ring,random,plain,20,2,1,1,False,636.0639235990259,0,636.0639235990259,636.0639235990259,637.685930463746,0,637.685930463746,637.685930463746,636.7929506191438,0,636.7929506191438,636.7929506191438,643.4142156284382,0,643.4142156284382,643.4142156284382,1.9579152779657465,0,1.9579152779657465,1.9579152779657465,636.0639235990259,0,636.0639235990259,636.0639235990259,11.048947599777193,0,11.048947599777193,11.048947599777193,246.0,0,246.0,246.0,11.048947599777193,0,11.048947599777193,11.048947599777193,625480.9111767033,0,625480.9111767033,625480.9111767033,638.2458277313299,0,638.2458277313299,638.2458277313299,640.0215067465726,0,640.0215067465726,640.0215067465726,637.1719310992669,0,637.1719310992669,637.1719310992669,636.1883241802568,0,636.1883241802568,636.1883241802568,636.0639235990259,0,636.0639235990259,636.0639235990259,92.0,0,92.0,92.0,160.0,0,160.0,160.0,324.0,0,324.0,324.0,508.0,0,508.0,508.0,760.0,0,760.0,760.0,3,random,eval_to_90pct_improvement_mean
continous_fixed_toplogies,more_local_40bench_continuous_fixed_v1,continuous,c06_weierstrass,30,1000,12,ring,maxDistance,plain,20,2,1,1,False,629.2576136008496,0,629.2576136008496,629.2576136008496,630.5128623768926,0,630.5128623768926,630.5128623768926,629.7737335560319,0,629.7737335560319,629.7737335560319,634.972033418104,0,634.972033418104,634.972033418104,1.6724023398509578,0,1.6724023398509578,1.6724023398509578,629.2576136008496,0,629.2576136008496,629.2576136008496,12.949282718614313,0,12.949282718614313,12.949282718614313,246.0,0,246.0,246.0,12.949282718614313,0,12.949282718614313,12.949282718614313,620255.6381911959,0,620255.6381911959,620255.6381911959,632.9139165216285,0,632.9139165216285,632.9139165216285,635.1322051794542,0,635.1322051794542,635.1322051794542,632.1405501241976,0,632.1405501241976,632.1405501241976,629.7166063951757,0,629.7166063951757,629.7166063951757,629.2576136008496,0,629.2576136008496,629.2576136008496,92.0,0,92.0,92.0,216.0,0,216.0,216.0,484.0,0,484.0,484.0,648.0,0,648.0,648.0,924.0,0,924.0,924.0,4,maxDistance,eval_to_90pct_improvement_mean
continous_fixed_toplogies,more_local_40bench_continuous_fixed_v1,continuous,c06_weierstrass,30,1000,12,torus,best,plain,20,2,1,1,False,632.3041267314018,0,632.3041267314018,632.3041267314018,632.4869251805314,0,632.4869251805314,632.4869251805314,632.4854364642999,0,632.4854364642999,632.4854364642999,632.6132322907157,0,632.6132322907157,632.6132322907157,0.07673159504733656,0,0.07673159504733656,0.07673159504733656,632.3041267314018,0,632.3041267314018,632.3041267314018,15.599540980490588,0,15.599540980490588,15.599540980490588,246.0,0,246.0,246.0,15.599540980490588,0,15.599540980490588,15.599540980490588,622262.5178813116,0,622262.5178813116,622262.5178813116,634.9617529401139,0,634.9617529401139,634.9617529401139,636.7936325916037,0,636.7936325916037,636.7936325916037,633.3406167297818,0,633.3406167297818,633.3406167297818,632.5995006387607,0,632.5995006387607,632.5995006387607,632.3041267314018,0,632.3041267314018,632.3041267314018,40.0,0,40.0,40.0,128.0,0,128.0,128.0,288.0,0,288.0,288.0,432.0,0,432.0,432.0,932.0,0,932.0,932.0,1,best,eval_to_90pct_improvement_mean
continous_fixed_toplogies,more_local_40bench_continuous_fixed_v1,continuous,c06_weierstrass,30,1000,12,torus,random,plain,20,2,1,1,False,631.3159039646957,0,631.3159039646957,631.3159039646957,631.6685135182245,0,631.6685135182245,631.6685135182245,631.4413475185477,0,631.4413475185477,631.4413475185477,632.3228490446933,0,632.3228490446933,632.3228490446933,0.39858343219926634,0,0.39858343219926634,0.39858343219926634,631.3159039646957,0,631.3159039646957,631.3159039646957,13.758442844944966,0,13.758442844944966,13.758442844944966,246.0,0,246.0,246.0,13.758442844944966,0,13.758442844944966,13.758442844944966,621389.8297919563,0,621389.8297919563,621389.8297919563,634.0712548897513,0,634.0712548897513,634.0712548897513,636.369612922356,0,636.369612922356,636.369612922356,632.365750695968,0,632.365750695968,632.365750695968,631.3764235336257,0,631.3764235336257,631.3764235336257,631.3159039646957,0,631.3159039646957,631.3159039646957,84.0,0,84.0,84.0,152.0,0,152.0,152.0,344.0,0,344.0,344.0,476.0,0,476.0,476.0,952.0,0,952.0,952.0,2,random,eval_to_90pct_improvement_mean
continous_fixed_toplogies,more_local_40bench_continuous_fixed_v1,continuous,c06_weierstrass,30,1000,12,torus,maxDistance,plain,20,2,1,1,False,627.6016586019103,0,627.6016586019103,627.6016586019103,627.95257907171,0,627.95257907171,627.95257907171,628.0216002371542,0,628.0216002371542,628.0216002371542,628.3064324037605,0,628.3064324037605,628.3064324037605,0.2309112379018823,0,0.2309112379018823,0.2309112379018823,627.6016586019103,0,627.6016586019103,627.6016586019103,17.8442440568366,0,17.8442440568366,17.8442440568366,246.0,0,246.0,246.0,17.8442440568366,0,17.8442440568366,17.8442440568366,618091.1050347448,0,618091.1050347448,618091.1050347448,630.7052092191274,0,630.7052092191274,630.7052092191274,632.0782046117528,0,632.0782046117528,632.0782046117528,629.4414956554658,0,629.4414956554658,629.4414956554658,627.8309812457799,0,627.8309812457799,627.8309812457799,627.6016586019103,0,627.6016586019103,627.6016586019103,44.0,0,44.0,44.0,128.0,0,128.0,128.0,260.0,0,260.0,260.0,512.0,0,512.0,512.0,976.0,0,976.0,976.0,3,maxDistance,eval_to_90pct_improvement_mean
continous_fixed_toplogies,more_local_40bench_continuous_fixed_v1,continuous,c06_weierstrass,30,1000,12,torus,worst,plain,20,2,1,1,False,628.4817662936841,0,628.4817662936841,628.4817662936841,629.3824240551646,0,629.3824240551646,629.3824240551646,629.4270776670633,0,629.4270776670633,629.4270776670633,629.7989430384184,0,629.7989430384184,629.7989430384184,0.3377027596597439,0,0.3377027596597439,0.3377027596597439,628.4817662936841,0,628.4817662936841,628.4817662936841,16.34341225588537,0,16.34341225588537,16.34341225588537,246.0,0,246.0,246.0,16.34341225588537,0,16.34341225588537,16.34341225588537,620394.7947227524,0,620394.7947227524,620394.7947227524,633.0559129824004,0,633.0559129824004,633.0559129824004,637.8160126078083,0,637.8160126078083,637.8160126078083,631.3892891367099,0,631.3892891367099,631.3892891367099,629.7314029457959,0,629.7314029457959,629.7314029457959,628.4817662936841,0,628.4817662936841,628.4817662936841,96.0,0,96.0,96.0,252.0,0,252.0,252.0,408.0,0,408.0,408.0,668.0,0,668.0,668.0,912.0,0,912.0,912.0,4,worst,eval_to_90pct_improvement_mean
continous_fixed_toplogies,more_local_40bench_continuous_fixed_v1,continuous,c06_weierstrass,30,1000,12,complete,best,plain,20,2,1,1,False,633.0334179299581,0,633.0334179299581,633.0334179299581,633.0979721973649,0,633.0979721973649,633.0979721973649,633.1203182047182,0,633.1203182047182,633.1203182047182,633.1247213743058,0,633.1247213743058,633.1247213743058,0.03381557338756434,0,0.03381557338756434,0.03381557338756434,633.0334179299581,0,633.0334179299581,633.0334179299581,13.931743308081764,0,13.931743308081764,13.931743308081764,246.0,0,246.0,246.0,13.931743308081764,0,13.931743308081764,13.931743308081764,621909.471537058,0,621909.471537058,621909.471537058,634.6015015684266,0,634.6015015684266,634.6015015684266,635.2402127872231,0,635.2402127872231,635.2402127872231,633.3976162816699,0,633.3976162816699,633.3976162816699,633.1247213743058,0,633.1247213743058,633.1247213743058,633.0334179299581,0,633.0334179299581,633.0334179299581,36.0,0,36.0,36.0,52.0,0,52.0,52.0,208.0,0,208.0,208.0,276.0,0,276.0,276.0,908.0,0,908.0,908.0,1,best,eval_to_90pct_improvement_mean
continous_fixed_toplogies,more_local_40bench_continuous_fixed_v1,continuous,c06_weierstrass,30,1000,12,complete,worst,plain,20,2,1,1,False,632.3108035422649,0,632.3108035422649,632.3108035422649,632.4651355066472,0,632.4651355066472,632.4651355066472,632.4530782388119,0,632.4530782388119,632.4530782388119,632.6806715430369,0,632.6806715430369,632.6806715430369,0.11176498144709826,0,0.11176498144709826,0.11176498144709826,632.3108035422649,0,632.3108035422649,632.3108035422649,14.553137944467494,0,14.553137944467494,14.553137944467494,246.0,0,246.0,246.0,14.553137944467494,0,14.553137944467494,14.553137944467494,622027.8824646826,0,622027.8824646826,622027.8824646826,634.7223290455945,0,634.7223290455945,634.7223290455945,635.1153196587867,0,635.1153196587867,635.1153196587867,633.5025957918001,0,633.5025957918001,633.5025957918001,632.4812459620008,0,632.4812459620008,632.4812459620008,632.3108035422649,0,632.3108035422649,632.3108035422649,68.0,0,68.0,68.0,112.0,0,112.0,112.0,228.0,0,228.0,228.0,412.0,0,412.0,412.0,856.0,0,856.0,856.0,2,worst,eval_to_90pct_improvement_mean
continous_fixed_toplogies,more_local_40bench_continuous_fixed_v1,continuous,c06_weierstrass,30,1000,12,complete,random,plain,20,2,1,1,False,631.7243729586713,0,631.7243729586713,631.7243729586713,631.969553769797,0,631.969553769797,631.969553769797,631.9659679299339,0,631.9659679299339,631.9659679299339,632.1976219696974,0,632.1976219696974,632.1976219696974,0.16064661361434157,0,0.16064661361434157,0.16064661361434157,631.7243729586713,0,631.7243729586713,631.7243729586713,11.877996967037689,0,11.877996967037689,11.877996967037689,246.0,0,246.0,246.0,11.877996967037689,0,11.877996967037689,11.877996967037689,622090.6333763778,0,622090.6333763778,622090.6333763778,634.7863605881406,0,634.7863605881406,634.7863605881406,636.4752662727104,0,636.4752662727104,636.4752662727104,634.2181991427351,0,634.2181991427351,634.2181991427351,632.2044636158175,0,632.2044636158175,632.2044636158175,631.7243729586713,0,631.7243729586713,631.7243729586713,100.0,0,100.0,100.0,208.0,0,208.0,208.0,404.0,0,404.0,404.0,636.0,0,636.0,636.0,996.0,0,996.0,996.0,3,random,eval_to_90pct_improvement_mean
continous_fixed_toplogies,more_local_40bench_continuous_fixed_v1,continuous,c06_weierstrass,30,1000,12,complete,maxDistance,plain,20,2,1,1,False,628.0156429300996,0,628.0156429300996,628.0156429300996,628.642718645804,0,628.642718645804,628.642718645804,628.7099586764982,0,628.7099586764982,628.7099586764982,629.3959455457904,0,629.3959455457904,629.3959455457904,0.41054211697505233,0,0.41054211697505233,0.41054211697505233,628.0156429300996,0,628.0156429300996,628.0156429300996,13.270327663171201,0,13.270327663171201,13.270327663171201,246.0,0,246.0,246.0,13.270327663171201,0,13.270327663171201,13.270327663171201,619572.8266187819,0,619572.8266187819,619572.8266187819,632.2171700191652,0,632.2171700191652,632.2171700191652,634.957930273408,0,634.957930273408,634.957930273408,631.2914532986919,0,631.2914532986919,631.2914532986919,629.3551267065534,0,629.3551267065534,629.3551267065534,628.0156429300996,0,628.0156429300996,628.0156429300996,136.0,0,136.0,136.0,260.0,0,260.0,260.0,488.0,0,488.0,488.0,756.0,0,756.0,756.0,968.0,0,968.0,968.0,4,maxDistance,eval_to_90pct_improvement_mean
continous_fixed_toplogies,more_local_40bench_continuous_fixed_v1,continuous,c07_griewank,30,1000,12,ring,best,plain,20,2,1,1,False,704.5088204674095,0,704.5088204674095,704.5088204674095,745.5069794292663,0,745.5069794292663,745.5069794292663,712.8433932121906,0,712.8433932121906,712.8433932121906,923.5680877076305,0,923.5680877076305,923.5680877076305,68.50218028073871,0,68.50218028073871,68.50218028073871,704.5088204674095,0,704.5088204674095,704.5088204674095,755.9528120417002,0,755.9528120417002,755.9528120417002,246.0,0,246.0,246.0,755.9528120417002,0,755.9528120417002,755.9528120417002,756606.7916996315,0,756606.7916996315,756606.7916996315,772.047746632277,0,772.047746632277,772.047746632277,774.223411215564,0,774.223411215564,774.223411215564,726.526857610938,0,726.526857610938,726.526857610938,712.3229844168078,0,712.3229844168078,712.3229844168078,704.5088204674095,0,704.5088204674095,704.5088204674095,24.0,0,24.0,24.0,56.0,0,56.0,56.0,124.0,0,124.0,124.0,224.0,0,224.0,224.0,1000.0,0,1000.0,1000.0,1,best,eval_to_90pct_improvement_mean
continous_fixed_toplogies,more_local_40bench_continuous_fixed_v1,continuous,c07_griewank,30,1000,12,ring,maxDistance,plain,20,2,1,1,False,708.4480300499866,0,708.4480300499866,708.4480300499866,772.4074558289032,0,772.4074558289032,772.4074558289032,725.6465224604974,0,725.6465224604974,725.6465224604974,988.4766539374863,0,988.4766539374863,988.4766539374863,89.82872922496442,0,89.82872922496442,89.82872922496442,708.4480300499866,0,708.4480300499866,708.4480300499866,751.7905321740069,0,751.7905321740069,751.7905321740069,246.0,0,246.0,246.0,751.7905321740069,0,751.7905321740069,751.7905321740069,773211.9349060883,0,773211.9349060883,773211.9349060883,788.991770312335,0,788.991770312335,788.991770312335,784.1066464659448,0,784.1066464659448,784.1066464659448,734.3681291589168,0,734.3681291589168,734.3681291589168,717.0874867539735,0,717.0874867539735,717.0874867539735,708.4480300499866,0,708.4480300499866,708.4480300499866,36.0,0,36.0,36.0,72.0,0,72.0,72.0,160.0,0,160.0,160.0,272.0,0,272.0,272.0,984.0,0,984.0,984.0,2,maxDistance,eval_to_90pct_improvement_mean
continous_fixed_toplogies,more_local_40bench_continuous_fixed_v1,continuous,c07_griewank,30,1000,12,ring,random,plain,20,2,1,1,False,705.8980955256776,0,705.8980955256776,705.8980955256776,739.4741267835143,0,739.4741267835143,739.4741267835143,731.1561139500185,0,731.1561139500185,731.1561139500185,822.8039704565377,0,822.8039704565377,822.8039704565377,35.90194603058855,0,35.90194603058855,35.90194603058855,705.8980955256776,0,705.8980955256776,705.8980955256776,835.6572855988492,0,835.6572855988492,835.6572855988492,246.0,0,246.0,246.0,835.6572855988492,0,835.6572855988492,835.6572855988492,784054.1200143768,0,784054.1200143768,784054.1200143768,800.0552245044662,0,800.0552245044662,800.0552245044662,835.9143093201388,0,835.9143093201388,835.9143093201388,754.5505713277377,0,754.5505713277377,754.5505713277377,713.4099330016151,0,713.4099330016151,713.4099330016151,705.8980955256776,0,705.8980955256776,705.8980955256776,32.0,0,32.0,32.0,52.0,0,52.0,52.0,176.0,0,176.0,176.0,352.0,0,352.0,352.0,996.0,0,996.0,996.0,3,random,eval_to_90pct_improvement_mean
continous_fixed_toplogies,more_local_40bench_continuous_fixed_v1,continuous,c07_griewank,30,1000,12,ring,worst,plain,20,2,1,1,False,711.5983707020432,0,711.5983707020432,711.5983707020432,744.4052999838175,0,744.4052999838175,744.4052999838175,729.6477603784087,0,729.6477603784087,729.6477603784087,850.9779405036616,0,850.9779405036616,850.9779405036616,40.916901609026525,0,40.916901609026525,40.916901609026525,711.5983707020432,0,711.5983707020432,711.5983707020432,845.2338628204625,0,845.2338628204625,845.2338628204625,246.0,0,246.0,246.0,845.2338628204625,0,845.2338628204625,845.2338628204625,805053.6329504043,0,805053.6329504043,805053.6329504043,821.483298928984,0,821.483298928984,821.483298928984,860.7425497000396,0,860.7425497000396,860.7425497000396,755.0824594876983,0,755.0824594876983,755.0824594876983,728.7835353432188,0,728.7835353432188,728.7835353432188,711.5983707020432,0,711.5983707020432,711.5983707020432,36.0,0,36.0,36.0,80.0,0,80.0,80.0,188.0,0,188.0,188.0,372.0,0,372.0,372.0,1000.0,0,1000.0,1000.0,4,worst,eval_to_90pct_improvement_mean
continous_fixed_toplogies,more_local_40bench_continuous_fixed_v1,continuous,c07_griewank,30,1000,12,torus,maxDistance,plain,20,2,1,1,False,701.4829237016011,0,701.4829237016011,701.4829237016011,702.2486708296184,0,702.2486708296184,702.2486708296184,702.0638446890165,0,702.0638446890165,702.0638446890165,704.4384102259262,0,704.4384102259262,704.4384102259262,0.7472318057314126,0,0.7472318057314126,0.7472318057314126,701.4829237016011,0,701.4829237016011,701.4829237016011,931.5720257303669,0,931.5720257303669,931.5720257303669,246.0,0,246.0,246.0,931.5720257303669,0,931.5720257303669,931.5720257303669,764322.9361567097,0,764322.9361567097,764322.9361567097,779.9213634252139,0,779.9213634252139,779.9213634252139,771.7775426943144,0,771.7775426943144,771.7775426943144,718.9904670060681,0,718.9904670060681,718.9904670060681,703.5053529315278,0,703.5053529315278,703.5053529315278,701.4829237016011,0,701.4829237016011,701.4829237016011,28.0,0,28.0,28.0,44.0,0,44.0,44.0,124.0,0,124.0,124.0,232.0,0,232.0,232.0,1000.0,0,1000.0,1000.0,1,maxDistance,eval_to_90pct_improvement_mean
continous_fixed_toplogies,more_local_40bench_continuous_fixed_v1,continuous,c07_griewank,30,1000,12,torus,best,plain,20,2,1,1,False,701.1930762904792,0,701.1930762904792,701.1930762904792,701.5374269344886,0,701.5374269344886,701.5374269344886,701.3222949849619,0,701.3222949849619,701.3222949849619,702.7510785324894,0,702.7510785324894,702.7510785324894,0.4327024292885254,0,0.4327024292885254,0.4327024292885254,701.1930762904792,0,701.1930762904792,701.1930762904792,669.2450165180976,0,669.2450165180976,669.2450165180976,246.0,0,246.0,246.0,669.2450165180976,0,669.2450165180976,669.2450165180976,740062.6542865997,0,740062.6542865997,740062.6542865997,755.1659737618364,0,755.1659737618364,755.1659737618364,752.4427172570201,0,752.4427172570201,752.4427172570201,709.3451422793611,0,709.3451422793611,709.3451422793611,702.0583105978345,0,702.0583105978345,702.0583105978345,701.1930762904792,0,701.1930762904792,701.1930762904792,32.0,0,32.0,32.0,56.0,0,56.0,56.0,112.0,0,112.0,112.0,240.0,0,240.0,240.0,996.0,0,996.0,996.0,2,best,eval_to_90pct_improvement_mean
continous_fixed_toplogies,more_local_40bench_continuous_fixed_v1,continuous,c07_griewank,30,1000,12,torus,worst,plain,20,2,1,1,False,705.1837150327594,0,705.1837150327594,705.1837150327594,707.500807126674,0,707.500807126674,707.500807126674,707.5892630466303,0,707.5892630466303,707.5892630466303,709.0278826944141,0,709.0278826944141,709.0278826944141,1.1558931957208598,0,1.1558931957208598,1.1558931957208598,705.1837150327594,0,705.1837150327594,705.1837150327594,743.2640784082357,0,743.2640784082357,743.2640784082357,246.0,0,246.0,246.0,743.2640784082357,0,743.2640784082357,743.2640784082357,771806.5930459878,0,771806.5930459878,771806.5930459878,787.5577480061099,0,787.5577480061099,787.5577480061099,772.7740093130566,0,772.7740093130566,772.7740093130566,730.9183767903684,0,730.9183767903684,730.9183767903684,711.0883538176066,0,711.0883538176066,711.0883538176066,705.1837150327594,0,705.1837150327594,705.1837150327594,56.0,0,56.0,56.0,88.0,0,88.0,88.0,136.0,0,136.0,136.0,244.0,0,244.0,244.0,992.0,0,992.0,992.0,3,worst,eval_to_90pct_improvement_mean
continous_fixed_toplogies,more_local_40bench_continuous_fixed_v1,continuous,c07_griewank,30,1000,12,torus,random,plain,20,2,1,1,False,701.632174371663,0,701.632174371663,701.632174371663,702.3829712058653,0,702.3829712058653,702.3829712058653,702.3312304050288,0,702.3312304050288,702.3312304050288,703.527343642402,0,703.527343642402,703.527343642402,0.6076681763859523,0,0.6076681763859523,0.6076681763859523,701.632174371663,0,701.632174371663,701.632174371663,778.6769592056557,0,778.6769592056557,778.6769592056557,246.0,0,246.0,246.0,778.6769592056557,0,778.6769592056557,778.6769592056557,767355.3450467011,0,767355.3450467011,767355.3450467011,783.0156582109196,0,783.0156582109196,783.0156582109196,804.4330911227833,0,804.4330911227833,804.4330911227833,718.2259915258473,0,718.2259915258473,718.2259915258473,704.6316109955362,0,704.6316109955362,704.6316109955362,701.632174371663,0,701.632174371663,701.632174371663,56.0,0,56.0,56.0,84.0,0,84.0,84.0,132.0,0,132.0,132.0,288.0,0,288.0,288.0,976.0,0,976.0,976.0,4,random,eval_to_90pct_improvement_mean
continous_fixed_toplogies,more_local_40bench_continuous_fixed_v1,continuous,c07_griewank,30,1000,12,complete,best,plain,20,2,1,1,False,701.0727772936015,0,701.0727772936015,701.0727772936015,701.1905471539982,0,701.1905471539982,701.1905471539982,701.1229152429097,0,701.1229152429097,701.1229152429097,701.5395405762775,0,701.5395405762775,701.5395405762775,0.13104438880333516,0,0.13104438880333516,0.13104438880333516,701.0727772936015,0,701.0727772936015,701.0727772936015,800.7069412203638,0,800.7069412203638,800.7069412203638,246.0,0,246.0,246.0,800.7069412203638,0,800.7069412203638,800.7069412203638,728662.3665251479,0,728662.3665251479,728662.3665251479,743.5330270664775,0,743.5330270664775,743.5330270664775,730.8773101042121,0,730.8773101042121,730.8773101042121,704.2556206082984,0,704.2556206082984,704.2556206082984,701.2057107352239,0,701.2057107352239,701.2057107352239,701.0727772936015,0,701.0727772936015,701.0727772936015,36.0,0,36.0,36.0,52.0,0,52.0,52.0,80.0,0,80.0,80.0,152.0,0,152.0,152.0,996.0,0,996.0,996.0,1,best,eval_to_90pct_improvement_mean
continous_fixed_toplogies,more_local_40bench_continuous_fixed_v1,continuous,c07_griewank,30,1000,12,complete,random,plain,20,2,1,1,False,701.5493794346795,0,701.5493794346795,701.5493794346795,702.0160645322934,0,702.0160645322934,702.0160645322934,701.8031160950095,0,701.8031160950095,701.8031160950095,703.8206660124675,0,703.8206660124675,703.8206660124675,0.6049842484906203,0,0.6049842484906203,0.6049842484906203,701.5493794346795,0,701.5493794346795,701.5493794346795,778.5639683285152,0,778.5639683285152,778.5639683285152,246.0,0,246.0,246.0,778.5639683285152,0,778.5639683285152,778.5639683285152,756996.9004228624,0,756996.9004228624,756996.9004228624,772.4458167580228,0,772.4458167580228,772.4458167580228,766.9166768097057,0,766.9166768097057,766.9166768097057,716.0585112573812,0,716.0585112573812,716.0585112573812,705.6377493927304,0,705.6377493927304,705.6377493927304,701.5493794346795,0,701.5493794346795,701.5493794346795,40.0,0,40.0,40.0,64.0,0,64.0,64.0,128.0,0,128.0,128.0,236.0,0,236.0,236.0,1000.0,0,1000.0,1000.0,2,random,eval_to_90pct_improvement_mean
continous_fixed_toplogies,more_local_40bench_continuous_fixed_v1,continuous,c07_griewank,30,1000,12,complete,maxDistance,plain,20,2,1,1,False,701.3981574498393,0,701.3981574498393,701.3981574498393,701.8434514175267,0,701.8434514175267,701.8434514175267,701.6841750205137,0,701.6841750205137,701.6841750205137,702.4086856728245,0,702.4086856728245,702.4086856728245,0.39469798453085475,0,0.39469798453085475,0.39469798453085475,701.3981574498393,0,701.3981574498393,701.3981574498393,809.5442105536335,0,809.5442105536335,809.5442105536335,246.0,0,246.0,246.0,809.5442105536335,0,809.5442105536335,809.5442105536335,761157.813049068,0,761157.813049068,761157.813049068,776.6916459684367,0,776.6916459684367,776.6916459684367,769.1896528523594,0,769.1896528523594,769.1896528523594,715.7815304866083,0,715.7815304866083,715.7815304866083,704.1698848306414,0,704.1698848306414,704.1698848306414,701.3981574498393,0,701.3981574498393,701.3981574498393,52.0,0,52.0,52.0,80.0,0,80.0,80.0,136.0,0,136.0,136.0,240.0,0,240.0,240.0,996.0,0,996.0,996.0,3,maxDistance,eval_to_90pct_improvement_mean
continous_fixed_toplogies,more_local_40bench_continuous_fixed_v1,continuous,c07_griewank,30,1000,12,complete,worst,plain,20,2,1,1,False,701.5505843603363,0,701.5505843603363,701.5505843603363,702.44366769903,0,702.44366769903,702.44366769903,702.1993326681895,0,702.1993326681895,702.1993326681895,704.101608063273,0,704.101608063273,704.101608063273,0.7601865333509459,0,0.7601865333509459,0.7601865333509459,701.5505843603363,0,701.5505843603363,701.5505843603363,830.5183829319361,0,830.5183829319361,830.5183829319361,246.0,0,246.0,246.0,830.5183829319361,0,830.5183829319361,830.5183829319361,768176.5469346287,0,768176.5469346287,768176.5469346287,783.8536193210498,0,783.8536193210498,783.8536193210498,796.8177438395642,0,796.8177438395642,796.8177438395642,714.7715887718962,0,714.7715887718962,714.7715887718962,704.0303107139506,0,704.0303107139506,704.0303107139506,701.5505843603363,0,701.5505843603363,701.5505843603363,48.0,0,48.0,48.0,64.0,0,64.0,64.0,148.0,0,148.0,148.0,252.0,0,252.0,252.0,992.0,0,992.0,992.0,4,worst,eval_to_90pct_improvement_mean
continous_fixed_toplogies,more_local_40bench_continuous_fixed_v1,continuous,c08_rastrigin,30,1000,12,ring,best,plain,20,2,1,1,False,810.3622656352645,0,810.3622656352645,810.3622656352645,853.0682682768401,0,853.0682682768401,853.0682682768401,826.6049773919113,0,826.6049773919113,826.6049773919113,961.2992122725269,0,961.2992122725269,961.2992122725269,46.63110303646859,0,46.63110303646859,46.63110303646859,810.3622656352645,0,810.3622656352645,810.3622656352645,516.551272154954,0,516.551272154954,516.551272154954,246.0,0,246.0,246.0,516.551272154954,0,516.551272154954,516.551272154954,863316.1288820764,0,863316.1288820764,863316.1288820764,880.9348253898738,0,880.9348253898738,880.9348253898738,900.4916080017495,0,900.4916080017495,900.4916080017495,836.8881979540499,0,836.8881979540499,836.8881979540499,814.7750315506458,0,814.7750315506458,814.7750315506458,810.3622656352645,0,810.3622656352645,810.3622656352645,56.0,0,56.0,56.0,96.0,0,96.0,96.0,212.0,0,212.0,212.0,356.0,0,356.0,356.0,992.0,0,992.0,992.0,1,best,eval_to_90pct_improvement_mean
continous_fixed_toplogies,more_local_40bench_continuous_fixed_v1,continuous,c08_rastrigin,30,1000,12,ring,random,plain,20,2,1,1,False,839.2461120859301,0,839.2461120859301,839.2461120859301,888.8676352811159,0,888.8676352811159,888.8676352811159,854.2311508963935,0,854.2311508963935,854.2311508963935,1025.5658799634064,0,1025.5658799634064,1025.5658799634064,57.720293226585696,0,57.720293226585696,57.720293226585696,839.2461120859301,0,839.2461120859301,839.2461120859301,460.36122473388934,0,460.36122473388934,460.36122473388934,246.0,0,246.0,246.0,460.36122473388934,0,460.36122473388934,460.36122473388934,899527.7095153404,0,899527.7095153404,899527.7095153404,917.8854178727963,0,917.8854178727963,917.8854178727963,964.1276251946687,0,964.1276251946687,964.1276251946687,861.2839179438255,0,861.2839179438255,861.2839179438255,843.787227795228,0,843.787227795228,843.787227795228,839.2461120859301,0,839.2461120859301,839.2461120859301,52.0,0,52.0,52.0,140.0,0,140.0,140.0,280.0,0,280.0,280.0,400.0,0,400.0,400.0,1000.0,0,1000.0,1000.0,2,random,eval_to_90pct_improvement_mean
continous_fixed_toplogies,more_local_40bench_continuous_fixed_v1,continuous,c08_rastrigin,30,1000,12,ring,worst,plain,20,2,1,1,False,835.2920299530555,0,835.2920299530555,835.2920299530555,872.7216408531762,0,872.7216408531762,872.7216408531762,867.0661413230957,0,867.0661413230957,867.0661413230957,942.2432556186473,0,942.2432556186473,942.2432556186473,35.5396418666338,0,35.5396418666338,35.5396418666338,835.2920299530555,0,835.2920299530555,835.2920299530555,490.79697919269154,0,490.79697919269154,490.79697919269154,246.0,0,246.0,246.0,490.79697919269154,0,490.79697919269154,490.79697919269154,910078.986779455,0,910078.986779455,910078.986779455,928.6520273259745,0,928.6520273259745,928.6520273259745,1008.0962858901855,0,1008.0962858901855,1008.0962858901855,874.2833475212217,0,874.2833475212217,874.2833475212217,851.3993320484202,0,851.3993320484202,851.3993320484202,835.2920299530555,0,835.2920299530555,835.2920299530555,44.0,0,44.0,44.0,160.0,0,160.0,160.0,280.0,0,280.0,280.0,464.0,0,464.0,464.0,972.0,0,972.0,972.0,3,worst,eval_to_90pct_improvement_mean
continous_fixed_toplogies,more_local_40bench_continuous_fixed_v1,continuous,c08_rastrigin,30,1000,12,ring,maxDistance,plain,20,2,1,1,False,843.6565669144873,0,843.6565669144873,843.6565669144873,889.2558168185859,0,889.2558168185859,889.2558168185859,871.4095090850535,0,871.4095090850535,871.4095090850535,1026.4131431146295,0,1026.4131431146295,1026.4131431146295,51.69781562077774,0,51.69781562077774,51.69781562077774,843.6565669144873,0,843.6565669144873,843.6565669144873,419.7678947376587,0,419.7678947376587,419.7678947376587,246.0,0,246.0,246.0,419.7678947376587,0,419.7678947376587,419.7678947376587,919453.0826762085,0,919453.0826762085,919453.0826762085,938.2174313022535,0,938.2174313022535,938.2174313022535,993.0747448497893,0,993.0747448497893,993.0747448497893,891.1542067830017,0,891.1542067830017,891.1542067830017,854.210902156844,0,854.210902156844,854.210902156844,843.6565669144873,0,843.6565669144873,843.6565669144873,100.0,0,100.0,100.0,156.0,0,156.0,156.0,348.0,0,348.0,348.0,508.0,0,508.0,508.0,1000.0,0,1000.0,1000.0,4,maxDistance,eval_to_90pct_improvement_mean
continous_fixed_toplogies,more_local_40bench_continuous_fixed_v1,continuous,c08_rastrigin,30,1000,12,torus,best,plain,20,2,1,1,False,814.0526902773604,0,814.0526902773604,814.0526902773604,814.4613242754925,0,814.4613242754925,814.4613242754925,814.3681355618224,0,814.3681355618224,814.3681355618224,815.1989001062716,0,815.1989001062716,815.1989001062716,0.3764952044013629,0,0.3764952044013629,0.3764952044013629,814.0526902773604,0,814.0526902773604,814.0526902773604,474.0829838216782,0,474.0829838216782,474.0829838216782,246.0,0,246.0,246.0,474.0829838216782,0,474.0829838216782,474.0829838216782,857906.2362470968,0,857906.2362470968,857906.2362470968,875.4145267827519,0,875.4145267827519,875.4145267827519,888.5283596022477,0,888.5283596022477,888.5283596022477,825.2701617459239,0,825.2701617459239,825.2701617459239,815.1941600772126,0,815.1941600772126,815.1941600772126,814.0526902773604,0,814.0526902773604,814.0526902773604,52.0,0,52.0,52.0,108.0,0,108.0,108.0,212.0,0,212.0,212.0,308.0,0,308.0,308.0,972.0,0,972.0,972.0,1,best,eval_to_90pct_improvement_mean
continous_fixed_toplogies,more_local_40bench_continuous_fixed_v1,continuous,c08_rastrigin,30,1000,12,torus,random,plain,20,2,1,1,False,818.6051086151505,0,818.6051086151505,818.6051086151505,820.1925533419205,0,820.1925533419205,820.1925533419205,819.6877009050377,0,819.6877009050377,819.6877009050377,823.5343980564375,0,823.5343980564375,823.5343980564375,1.3994452008718956,0,1.3994452008718956,1.3994452008718956,818.6051086151505,0,818.6051086151505,818.6051086151505,497.17417672152135,0,497.17417672152135,497.17417672152135,246.0,0,246.0,246.0,497.17417672152135,0,497.17417672152135,497.17417672152135,880201.9314761724,0,880201.9314761724,880201.9314761724,898.165236200176,0,898.165236200176,898.165236200176,946.024824649425,0,946.024824649425,946.024824649425,848.7327215555166,0,848.7327215555166,848.7327215555166,827.0790480954855,0,827.0790480954855,827.0790480954855,818.6051086151505,0,818.6051086151505,818.6051086151505,52.0,0,52.0,52.0,112.0,0,112.0,112.0,252.0,0,252.0,252.0,432.0,0,432.0,432.0,964.0,0,964.0,964.0,2,random,eval_to_90pct_improvement_mean
continous_fixed_toplogies,more_local_40bench_continuous_fixed_v1,continuous,c08_rastrigin,30,1000,12,torus,worst,plain,20,2,1,1,False,816.1633128100946,0,816.1633128100946,816.1633128100946,822.882346892155,0,822.882346892155,822.882346892155,822.1298543535886,0,822.1298543535886,822.1298543535886,834.6990303077897,0,834.6990303077897,834.6990303077897,5.05263834286433,0,5.05263834286433,5.05263834286433,816.1633128100946,0,816.1633128100946,816.1633128100946,403.36646942998937,0,403.36646942998937,403.36646942998937,246.0,0,246.0,246.0,403.36646942998937,0,403.36646942998937,403.36646942998937,881806.6530220038,0,881806.6530220038,881806.6530220038,899.80270716531,0,899.80270716531,899.80270716531,937.0038667869629,0,937.0038667869629,937.0038667869629,854.5080298278708,0,854.5080298278708,854.5080298278708,821.9947913942473,0,821.9947913942473,821.9947913942473,816.1633128100946,0,816.1633128100946,816.1633128100946,96.0,0,96.0,96.0,172.0,0,172.0,172.0,336.0,0,336.0,336.0,484.0,0,484.0,484.0,992.0,0,992.0,992.0,3,worst,eval_to_90pct_improvement_mean
continous_fixed_toplogies,more_local_40bench_continuous_fixed_v1,continuous,c08_rastrigin,30,1000,12,torus,maxDistance,plain,20,2,1,1,False,816.4749137738877,0,816.4749137738877,816.4749137738877,819.7942296712333,0,819.7942296712333,819.7942296712333,819.7562324093317,0,819.7562324093317,819.7562324093317,825.3028784100702,0,825.3028784100702,825.3028784100702,2.6627175694056526,0,2.6627175694056526,2.6627175694056526,816.4749137738877,0,816.4749137738877,816.4749137738877,441.28873781139623,0,441.28873781139623,441.28873781139623,246.0,0,246.0,246.0,441.28873781139623,0,441.28873781139623,441.28873781139623,884971.6913408987,0,884971.6913408987,884971.6913408987,903.0323381029579,0,903.0323381029579,903.0323381029579,966.1953627298972,0,966.1953627298972,966.1953627298972,863.662637820582,0,863.662637820582,863.662637820582,830.6713871995113,0,830.6713871995113,830.6713871995113,816.4749137738877,0,816.4749137738877,816.4749137738877,68.0,0,68.0,68.0,172.0,0,172.0,172.0,252.0,0,252.0,252.0,540.0,0,540.0,540.0,988.0,0,988.0,988.0,4,maxDistance,eval_to_90pct_improvement_mean
continous_fixed_toplogies,more_local_40bench_continuous_fixed_v1,continuous,c08_rastrigin,30,1000,12,complete,best,plain,20,2,1,1,False,825.1408486217679,0,825.1408486217679,825.1408486217679,825.3140094057192,0,825.3140094057192,825.3140094057192,825.3310598478238,0,825.3310598478238,825.3310598478238,825.4810053845167,0,825.4810053845167,825.4810053845167,0.12370478692035841,0,0.12370478692035841,0.12370478692035841,825.1408486217679,0,825.1408486217679,825.1408486217679,492.5908979180613,0,492.5908979180613,492.5908979180613,246.0,0,246.0,246.0,492.5908979180613,0,492.5908979180613,492.5908979180613,856182.5508402564,0,856182.5508402564,856182.5508402564,873.6556641227106,0,873.6556641227106,873.6556641227106,870.4648453440851,0,870.4648453440851,870.4648453440851,831.5650792963759,0,831.5650792963759,831.5650792963759,825.9391842584794,0,825.9391842584794,825.9391842584794,825.1408486217679,0,825.1408486217679,825.1408486217679,40.0,0,40.0,40.0,72.0,0,72.0,72.0,156.0,0,156.0,156.0,248.0,0,248.0,248.0,932.0,0,932.0,932.0,1,best,eval_to_90pct_improvement_mean
continous_fixed_toplogies,more_local_40bench_continuous_fixed_v1,continuous,c08_rastrigin,30,1000,12,complete,maxDistance,plain,20,2,1,1,False,825.8718472813176,0,825.8718472813176,825.8718472813176,826.9991676265206,0,826.9991676265206,826.9991676265206,826.8633924147285,0,826.8633924147285,826.8633924147285,828.1124501951156,0,828.1124501951156,828.1124501951156,0.6794035926194532,0,0.6794035926194532,0.6794035926194532,825.8718472813176,0,825.8718472813176,825.8718472813176,450.2520185063994,0,450.2520185063994,450.2520185063994,246.0,0,246.0,246.0,450.2520185063994,0,450.2520185063994,450.2520185063994,869347.2331443771,0,869347.2331443771,869347.2331443771,887.0890134126297,0,887.0890134126297,887.0890134126297,912.2734719859626,0,912.2734719859626,912.2734719859626,839.3861481142002,0,839.3861481142002,839.3861481142002,827.8765254690219,0,827.8765254690219,827.8765254690219,825.8718472813176,0,825.8718472813176,825.8718472813176,56.0,0,56.0,56.0,136.0,0,136.0,136.0,192.0,0,192.0,192.0,328.0,0,328.0,328.0,972.0,0,972.0,972.0,2,maxDistance,eval_to_90pct_improvement_mean
continous_fixed_toplogies,more_local_40bench_continuous_fixed_v1,continuous,c08_rastrigin,30,1000,12,complete,worst,plain,20,2,1,1,False,820.4183008138606,0,820.4183008138606,820.4183008138606,821.0390347888984,0,821.0390347888984,821.0390347888984,820.8543292261202,0,820.8543292261202,820.8543292261202,822.0503627107247,0,822.0503627107247,822.0503627107247,0.48196648902306183,0,0.48196648902306183,0.48196648902306183,820.4183008138606,0,820.4183008138606,820.4183008138606,430.68780085906803,0,430.68780085906803,430.68780085906803,246.0,0,246.0,246.0,430.68780085906803,0,430.68780085906803,430.68780085906803,872223.5760511417,0,872223.5760511417,872223.5760511417,890.0240571950426,0,890.0240571950426,890.0240571950426,934.6299629528828,0,934.6299629528828,934.6299629528828,836.0821717177438,0,836.0821717177438,836.0821717177438,823.5171089246619,0,823.5171089246619,823.5171089246619,820.4183008138606,0,820.4183008138606,820.4183008138606,64.0,0,64.0,64.0,152.0,0,152.0,152.0,252.0,0,252.0,252.0,356.0,0,356.0,356.0,992.0,0,992.0,992.0,3,worst,eval_to_90pct_improvement_mean
continous_fixed_toplogies,more_local_40bench_continuous_fixed_v1,continuous,c08_rastrigin,30,1000,12,complete,random,plain,20,2,1,1,False,825.2503470148125,0,825.2503470148125,825.2503470148125,826.1504484922705,0,826.1504484922705,826.1504484922705,825.9406325443063,0,825.9406325443063,825.9406325443063,828.2044833077111,0,828.2044833077111,828.2044833077111,0.829986748762304,0,0.829986748762304,0.829986748762304,825.2503470148125,0,825.2503470148125,825.2503470148125,475.36619687545783,0,475.36619687545783,475.36619687545783,246.0,0,246.0,246.0,475.36619687545783,0,475.36619687545783,475.36619687545783,879847.4742325566,0,879847.4742325566,879847.4742325566,897.8035451352619,0,897.8035451352619,897.8035451352619,940.2044387285805,0,940.2044387285805,940.2044387285805,848.6163883915108,0,848.6163883915108,848.6163883915108,828.2735104826596,0,828.2735104826596,828.2735104826596,825.2503470148125,0,825.2503470148125,825.2503470148125,64.0,0,64.0,64.0,116.0,0,116.0,116.0,236.0,0,236.0,236.0,360.0,0,360.0,360.0,996.0,0,996.0,996.0,4,random,eval_to_90pct_improvement_mean
continous_fixed_toplogies,more_local_40bench_continuous_fixed_v1,continuous,c09_rot_rastrigin,30,1000,12,ring,worst,plain,20,2,1,1,False,985.511510916303,0,985.511510916303,985.511510916303,1037.7453980467783,0,1037.7453980467783,1037.7453980467783,1071.9150183887346,0,1071.9150183887346,1071.9150183887346,1075.2420027303974,0,1075.2420027303974,1075.2420027303974,41.89079038632351,0,41.89079038632351,41.89079038632351,985.511510916303,0,985.511510916303,985.511510916303,418.63082514773487,0,418.63082514773487,418.63082514773487,246.0,0,246.0,246.0,418.63082514773487,0,418.63082514773487,418.63082514773487,1041934.7164828404,0,1041934.7164828404,1041934.7164828404,1063.1986902886126,0,1063.1986902886126,1063.1986902886126,1125.8091603198159,0,1125.8091603198159,1125.8091603198159,1020.3175638291028,0,1020.3175638291028,1020.3175638291028,993.0736266662462,0,993.0736266662462,993.0736266662462,985.511510916303,0,985.511510916303,985.511510916303,28.0,0,28.0,28.0,176.0,0,176.0,176.0,280.0,0,280.0,280.0,468.0,0,468.0,468.0,988.0,0,988.0,988.0,1,worst,eval_to_90pct_improvement_mean
continous_fixed_toplogies,more_local_40bench_continuous_fixed_v1,continuous,c09_rot_rastrigin,30,1000,12,ring,best,plain,20,2,1,1,False,1014.0480397716435,0,1014.0480397716435,1014.0480397716435,1023.6696243377737,0,1023.6696243377737,1023.6696243377737,1017.3948119409608,0,1017.3948119409608,1017.3948119409608,1093.9317517104996,0,1093.9317517104996,1093.9317517104996,21.23965062970652,0,21.23965062970652,21.23965062970652,1014.0480397716435,0,1014.0480397716435,1014.0480397716435,322.51259432873053,0,322.51259432873053,322.51259432873053,246.0,0,246.0,246.0,322.51259432873053,0,322.51259432873053,322.51259432873053,1061479.193835082,0,1061479.193835082,1061479.193835082,1083.1420345255938,0,1083.1420345255938,1083.1420345255938,1120.261424502639,0,1120.261424502639,1120.261424502639,1042.1573361837036,0,1042.1573361837036,1042.1573361837036,1021.046060463613,0,1021.046060463613,1021.046060463613,1014.0480397716435,0,1014.0480397716435,1014.0480397716435,80.0,0,80.0,80.0,204.0,0,204.0,204.0,288.0,0,288.0,288.0,476.0,0,476.0,476.0,996.0,0,996.0,996.0,2,best,eval_to_90pct_improvement_mean
continous_fixed_toplogies,more_local_40bench_continuous_fixed_v1,continuous,c09_rot_rastrigin,30,1000,12,ring,maxDistance,plain,20,2,1,1,False,1013.8847071692483,0,1013.8847071692483,1013.8847071692483,1041.5858014504443,0,1041.5858014504443,1041.5858014504443,1020.5837569579724,0,1020.5837569579724,1020.5837569579724,1184.1143172192453,0,1184.1143172192453,1184.1143172192453,46.52755632614233,0,46.52755632614233,46.52755632614233,1013.8847071692483,0,1013.8847071692483,1013.8847071692483,344.8511750241976,0,344.8511750241976,344.8511750241976,246.0,0,246.0,246.0,344.8511750241976,0,344.8511750241976,344.8511750241976,1073565.0842895822,0,1073565.0842895822,1073565.0842895822,1095.474575805696,0,1095.474575805696,1095.474575805696,1151.346517104262,0,1151.346517104262,1151.346517104262,1060.6187464436043,0,1060.6187464436043,1060.6187464436043,1025.4337167452427,0,1025.4337167452427,1025.4337167452427,1013.8847071692483,0,1013.8847071692483,1013.8847071692483,80.0,0,80.0,80.0,212.0,0,212.0,212.0,360.0,0,360.0,360.0,576.0,0,576.0,576.0,1000.0,0,1000.0,1000.0,3,maxDistance,eval_to_90pct_improvement_mean
continous_fixed_toplogies,more_local_40bench_continuous_fixed_v1,continuous,c09_rot_rastrigin,30,1000,12,ring,random,plain,20,2,1,1,False,998.6433155115661,0,998.6433155115661,998.6433155115661,1019.5180477418862,0,1019.5180477418862,1019.5180477418862,1009.7502954809408,0,1009.7502954809408,1009.7502954809408,1085.03406674097,0,1085.03406674097,1085.03406674097,22.26764353344018,0,22.26764353344018,22.26764353344018,998.6433155115661,0,998.6433155115661,998.6433155115661,383.58237789525845,0,383.58237789525845,383.58237789525845,246.0,0,246.0,246.0,383.58237789525845,0,383.58237789525845,383.58237789525845,1066745.8298311017,0,1066745.8298311017,1066745.8298311017,1088.5161528888793,0,1088.5161528888793,1088.5161528888793,1151.9445603491763,0,1151.9445603491763,1151.9445603491763,1059.7848848294097,0,1059.7848848294097,1059.7848848294097,1017.5860551462608,0,1017.5860551462608,1017.5860551462608,998.6433155115661,0,998.6433155115661,998.6433155115661,68.0,0,68.0,68.0,164.0,0,164.0,164.0,396.0,0,396.0,396.0,636.0,0,636.0,636.0,984.0,0,984.0,984.0,4,random,eval_to_90pct_improvement_mean
continous_fixed_toplogies,more_local_40bench_continuous_fixed_v1,continuous,c09_rot_rastrigin,30,1000,12,torus,best,plain,20,2,1,1,False,1003.4328183574283,0,1003.4328183574283,1003.4328183574283,1004.4492336161021,0,1004.4492336161021,1004.4492336161021,1004.4456965880622,0,1004.4456965880622,1004.4456965880622,1005.6269802353546,0,1005.6269802353546,1005.6269802353546,0.5901634100894175,0,0.5901634100894175,0.5901634100894175,1003.4328183574283,0,1003.4328183574283,1003.4328183574283,402.2279259398323,0,402.2279259398323,402.2279259398323,246.0,0,246.0,246.0,402.2279259398323,0,402.2279259398323,402.2279259398323,1048547.0306342464,0,1048547.0306342464,1048547.0306342464,1069.945949626782,0,1069.945949626782,1069.945949626782,1124.2640428000195,0,1124.2640428000195,1124.2640428000195,1021.4344314640175,0,1021.4344314640175,1021.4344314640175,1005.7789888774813,0,1005.7789888774813,1005.7789888774813,1003.4328183574283,0,1003.4328183574283,1003.4328183574283,48.0,0,48.0,48.0,128.0,0,128.0,128.0,288.0,0,288.0,288.0,412.0,0,412.0,412.0,988.0,0,988.0,988.0,1,best,eval_to_90pct_improvement_mean
continous_fixed_toplogies,more_local_40bench_continuous_fixed_v1,continuous,c09_rot_rastrigin,30,1000,12,torus,maxDistance,plain,20,2,1,1,False,1003.9991710242684,0,1003.9991710242684,1003.9991710242684,1007.1750579712094,0,1007.1750579712094,1007.1750579712094,1006.4517875878905,0,1006.4517875878905,1006.4517875878905,1012.3545157597509,0,1012.3545157597509,1012.3545157597509,2.58711288225051,0,2.58711288225051,2.58711288225051,1003.9991710242684,0,1003.9991710242684,1003.9991710242684,400.09955818221374,0,400.09955818221374,400.09955818221374,246.0,0,246.0,246.0,400.09955818221374,0,400.09955818221374,400.09955818221374,1054628.5494003799,0,1054628.5494003799,1054628.5494003799,1076.151581020796,0,1076.151581020796,1076.151581020796,1117.3357801218071,0,1117.3357801218071,1117.3357801218071,1040.8289908156241,0,1040.8289908156241,1040.8289908156241,1012.4549417431441,0,1012.4549417431441,1012.4549417431441,1003.9991710242684,0,1003.9991710242684,1003.9991710242684,56.0,0,56.0,56.0,108.0,0,108.0,108.0,316.0,0,316.0,316.0,496.0,0,496.0,496.0,992.0,0,992.0,992.0,2,maxDistance,eval_to_90pct_improvement_mean
continous_fixed_toplogies,more_local_40bench_continuous_fixed_v1,continuous,c09_rot_rastrigin,30,1000,12,torus,random,plain,20,2,1,1,False,992.7511421333279,0,992.7511421333279,992.7511421333279,995.0930988438378,0,995.0930988438378,995.0930988438378,994.3455271746304,0,994.3455271746304,994.3455271746304,1000.5999713930737,0,1000.5999713930737,1000.5999713930737,2.4032803229743203,0,2.4032803229743203,2.4032803229743203,992.7511421333279,0,992.7511421333279,992.7511421333279,424.85410016828746,0,424.85410016828746,424.85410016828746,246.0,0,246.0,246.0,424.85410016828746,0,424.85410016828746,424.85410016828746,1044200.5037410024,0,1044200.5037410024,1044200.5037410024,1065.5107181030637,0,1065.5107181030637,1065.5107181030637,1112.4710104024452,0,1112.4710104024452,1112.4710104024452,1028.9212797319813,0,1028.9212797319813,1028.9212797319813,998.9670004684981,0,998.9670004684981,998.9670004684981,992.7511421333279,0,992.7511421333279,992.7511421333279,36.0,0,36.0,36.0,124.0,0,124.0,124.0,272.0,0,272.0,272.0,500.0,0,500.0,500.0,956.0,0,956.0,956.0,3,random,eval_to_90pct_improvement_mean
continous_fixed_toplogies,more_local_40bench_continuous_fixed_v1,continuous,c09_rot_rastrigin,30,1000,12,torus,worst,plain,20,2,1,1,False,1018.0591416463881,0,1018.0591416463881,1018.0591416463881,1025.12961806036,0,1025.12961806036,1025.12961806036,1023.1696395701533,0,1023.1696395701533,1023.1696395701533,1033.3705476819664,0,1033.3705476819664,1033.3705476819664,4.652028872419606,0,4.652028872419606,4.652028872419606,1018.0591416463881,0,1018.0591416463881,1018.0591416463881,340.6679068455753,0,340.6679068455753,340.6679068455753,246.0,0,246.0,246.0,340.6679068455753,0,340.6679068455753,340.6679068455753,1078466.3445895803,0,1078466.3445895803,1078466.3445895803,1100.4758618261023,0,1100.4758618261023,1100.4758618261023,1192.418389050907,0,1192.418389050907,1192.418389050907,1062.1579433296538,0,1062.1579433296538,1062.1579433296538,1029.4011042694428,0,1029.4011042694428,1029.4011042694428,1018.0591416463881,0,1018.0591416463881,1018.0591416463881,84.0,0,84.0,84.0,252.0,0,252.0,252.0,388.0,0,388.0,388.0,516.0,0,516.0,516.0,996.0,0,996.0,996.0,4,worst,eval_to_90pct_improvement_mean
continous_fixed_toplogies,more_local_40bench_continuous_fixed_v1,continuous,c09_rot_rastrigin,30,1000,12,complete,best,plain,20,2,1,1,False,1027.668157678308,0,1027.668157678308,1027.668157678308,1028.3868939982747,0,1028.3868939982747,1028.3868939982747,1028.4295157595755,0,1028.4295157595755,1028.4295157595755,1029.2628555280248,0,1029.2628555280248,1029.2628555280248,0.53214621833248,0,0.53214621833248,0.53214621833248,1027.668157678308,0,1027.668157678308,1027.668157678308,387.4174603002348,0,387.4174603002348,387.4174603002348,246.0,0,246.0,246.0,387.4174603002348,0,387.4174603002348,387.4174603002348,1059207.2627795562,0,1059207.2627795562,1059207.2627795562,1080.8237375301594,0,1080.8237375301594,1080.8237375301594,1097.101525728529,0,1097.101525728529,1097.101525728529,1044.1334020568665,0,1044.1334020568665,1044.1334020568665,1030.6910285276479,0,1030.6910285276479,1030.6910285276479,1027.668157678308,0,1027.668157678308,1027.668157678308,48.0,0,48.0,48.0,88.0,0,88.0,88.0,224.0,0,224.0,224.0,320.0,0,320.0,320.0,992.0,0,992.0,992.0,1,best,eval_to_90pct_improvement_mean
continous_fixed_toplogies,more_local_40bench_continuous_fixed_v1,continuous,c09_rot_rastrigin,30,1000,12,complete,maxDistance,plain,20,2,1,1,False,983.719927167817,0,983.719927167817,983.719927167817,987.0524433925682,0,987.0524433925682,987.0524433925682,987.264482200294,0,987.264482200294,987.264482200294,991.2309439010568,0,991.2309439010568,991.2309439010568,2.0289366220877185,0,2.0289366220877185,2.0289366220877185,983.719927167817,0,983.719927167817,983.719927167817,411.8791689041217,0,411.8791689041217,411.8791689041217,246.0,0,246.0,246.0,411.8791689041217,0,411.8791689041217,411.8791689041217,1033865.0507148926,0,1033865.0507148926,1033865.0507148926,1054.9643374641762,0,1054.9643374641762,1054.9643374641762,1092.7003760187322,0,1092.7003760187322,1092.7003760187322,1017.6532254155926,0,1017.6532254155926,1017.6532254155926,992.535751266069,0,992.535751266069,992.535751266069,983.719927167817,0,983.719927167817,983.719927167817,68.0,0,68.0,68.0,152.0,0,152.0,152.0,256.0,0,256.0,256.0,444.0,0,444.0,444.0,988.0,0,988.0,988.0,2,maxDistance,eval_to_90pct_improvement_mean
continous_fixed_toplogies,more_local_40bench_continuous_fixed_v1,continuous,c09_rot_rastrigin,30,1000,12,complete,worst,plain,20,2,1,1,False,1022.0248514908178,0,1022.0248514908178,1022.0248514908178,1023.7263212839554,0,1023.7263212839554,1023.7263212839554,1023.6061534090368,0,1023.6061534090368,1023.6061534090368,1025.433887798911,0,1025.433887798911,1025.433887798911,0.921033275840382,0,0.921033275840382,0.921033275840382,1022.0248514908178,0,1022.0248514908178,1022.0248514908178,258.02819837919833,0,258.02819837919833,258.02819837919833,246.0,0,246.0,246.0,258.02819837919833,0,258.02819837919833,258.02819837919833,1065196.5698678875,0,1065196.5698678875,1065196.5698678875,1086.9352753753953,0,1086.9352753753953,1086.9352753753953,1143.5746045138544,0,1143.5746045138544,1143.5746045138544,1056.6507871475483,0,1056.6507871475483,1056.6507871475483,1025.4093224312926,0,1025.4093224312926,1025.4093224312926,1022.0248514908178,0,1022.0248514908178,1022.0248514908178,144.0,0,144.0,144.0,240.0,0,240.0,240.0,348.0,0,348.0,348.0,516.0,0,516.0,516.0,992.0,0,992.0,992.0,3,worst,eval_to_90pct_improvement_mean
continous_fixed_toplogies,more_local_40bench_continuous_fixed_v1,continuous,c09_rot_rastrigin,30,1000,12,complete,random,plain,20,2,1,1,False,989.1408223165523,0,989.1408223165523,989.1408223165523,990.8799729702816,0,990.8799729702816,990.8799729702816,990.4245109954471,0,990.4245109954471,990.4245109954471,993.5170067323128,0,993.5170067323128,993.5170067323128,1.401606155614504,0,1.401606155614504,1.401606155614504,989.1408223165523,0,989.1408223165523,989.1408223165523,385.7145375085312,0,385.7145375085312,385.7145375085312,246.0,0,246.0,246.0,385.7145375085312,0,385.7145375085312,385.7145375085312,1054122.31722008,0,1054122.31722008,1054122.31722008,1075.6350175715102,0,1075.6350175715102,1075.6350175715102,1165.558805336213,0,1165.558805336213,1165.558805336213,1042.2902040747776,0,1042.2902040747776,1042.2902040747776,998.2186608578469,0,998.2186608578469,998.2186608578469,989.1408223165523,0,989.1408223165523,989.1408223165523,68.0,0,68.0,68.0,164.0,0,164.0,164.0,340.0,0,340.0,340.0,536.0,0,536.0,536.0,988.0,0,988.0,988.0,4,random,eval_to_90pct_improvement_mean
continous_fixed_toplogies,more_local_40bench_continuous_fixed_v1,continuous,c10_schwefel,30,1000,12,ring,best,plain,20,2,1,1,False,1093.3874031313408,0,1093.3874031313408,1093.3874031313408,2470.068335631111,0,2470.068335631111,2470.068335631111,2373.329273633528,0,2373.329273633528,2373.329273633528,4563.367659682268,0,4563.367659682268,4563.367659682268,1098.2431440765074,0,1098.2431440765074,1098.2431440765074,1093.3874031313408,0,1093.3874031313408,1093.3874031313408,9330.109421723064,0,9330.109421723064,9330.109421723064,246.0,0,246.0,246.0,9330.109421723064,0,9330.109421723064,9330.109421723064,2618038.516444142,0,2618038.516444142,2618038.516444142,2671.4678739225938,0,2671.4678739225938,2671.4678739225938,4136.411261298001,0,4136.411261298001,4136.411261298001,1491.9840793949625,0,1491.9840793949625,1491.9840793949625,1151.773327165427,0,1151.773327165427,1151.773327165427,1093.3874031313408,0,1093.3874031313408,1093.3874031313408,56.0,0,56.0,56.0,132.0,0,132.0,132.0,292.0,0,292.0,292.0,388.0,0,388.0,388.0,976.0,0,976.0,976.0,1,best,eval_to_90pct_improvement_mean
continous_fixed_toplogies,more_local_40bench_continuous_fixed_v1,continuous,c10_schwefel,30,1000,12,ring,random,plain,20,2,1,1,False,1717.025239758812,0,1717.025239758812,1717.025239758812,2598.366819987186,0,2598.366819987186,2598.366819987186,2242.646680661035,0,2242.646680661035,2242.646680661035,5109.3234884353005,0,5109.3234884353005,5109.3234884353005,986.623840032062,0,986.623840032062,986.623840032062,1717.025239758812,0,1717.025239758812,1717.025239758812,8374.022998258835,0,8374.022998258835,8374.022998258835,246.0,0,246.0,246.0,8374.022998258835,0,8374.022998258835,8374.022998258835,3009370.560618666,0,3009370.560618666,3009370.560618666,3070.7862863455775,0,3070.7862863455775,3070.7862863455775,3622.104652250897,0,3622.104652250897,3622.104652250897,2059.429610230225,0,2059.429610230225,2059.429610230225,1826.882526903104,0,1826.882526903104,1826.882526903104,1717.025239758812,0,1717.025239758812,1717.025239758812,80.0,0,80.0,80.0,140.0,0,140.0,140.0,232.0,0,232.0,232.0,400.0,0,400.0,400.0,992.0,0,992.0,992.0,2,random,eval_to_90pct_improvement_mean
continous_fixed_toplogies,more_local_40bench_continuous_fixed_v1,continuous,c10_schwefel,30,1000,12,ring,maxDistance,plain,20,2,1,1,False,1358.4905747130506,0,1358.4905747130506,1358.4905747130506,1876.2011989647817,0,1876.2011989647817,1876.2011989647817,1410.4412248861336,0,1410.4412248861336,1410.4412248861336,4316.933994873909,0,4316.933994873909,4316.933994873909,859.1939732014356,0,859.1939732014356,859.1939732014356,1358.4905747130506,0,1358.4905747130506,1358.4905747130506,8921.030096796592,0,8921.030096796592,8921.030096796592,246.0,0,246.0,246.0,8921.030096796592,0,8921.030096796592,8921.030096796592,2963789.3533209744,0,2963789.3533209744,2963789.3533209744,3024.2748503275247,0,3024.2748503275247,3024.2748503275247,3811.4984696649153,0,3811.4984696649153,3811.4984696649153,2159.1731950061967,0,2159.1731950061967,2159.1731950061967,1509.3261430733728,0,1509.3261430733728,1509.3261430733728,1358.4905747130506,0,1358.4905747130506,1358.4905747130506,80.0,0,80.0,80.0,112.0,0,112.0,112.0,268.0,0,268.0,268.0,492.0,0,492.0,492.0,996.0,0,996.0,996.0,3,maxDistance,eval_to_90pct_improvement_mean
continous_fixed_toplogies,more_local_40bench_continuous_fixed_v1,continuous,c10_schwefel,30,1000,12,ring,worst,plain,20,2,1,1,False,1140.1851112977965,0,1140.1851112977965,1140.1851112977965,2030.432421595318,0,2030.432421595318,2030.432421595318,1367.423904348825,0,1367.423904348825,1367.423904348825,4921.684107622354,0,4921.684107622354,4921.684107622354,1192.9239283169982,0,1192.9239283169982,1192.9239283169982,1140.1851112977965,0,1140.1851112977965,1140.1851112977965,8655.814824185272,0,8655.814824185272,8655.814824185272,246.0,0,246.0,246.0,8655.814824185272,0,8655.814824185272,8655.814824185272,3126834.774638505,0,3126834.774638505,3126834.774638505,3190.6477292229647,0,3190.6477292229647,3190.6477292229647,4253.870793745997,0,4253.870793745997,4253.870793745997,2087.8520538449065,0,2087.8520538449065,2087.8520538449065,1336.2237399998921,0,1336.2237399998921,1336.2237399998921,1140.1851112977965,0,1140.1851112977965,1140.1851112977965,116.0,0,116.0,116.0,192.0,0,192.0,192.0,364.0,0,364.0,364.0,516.0,0,516.0,516.0,944.0,0,944.0,944.0,4,worst,eval_to_90pct_improvement_mean
continous_fixed_toplogies,more_local_40bench_continuous_fixed_v1,continuous,c10_schwefel,30,1000,12,torus,best,plain,20,2,1,1,False,1036.529302025183,0,1036.529302025183,1036.529302025183,1045.0712894477092,0,1045.0712894477092,1045.0712894477092,1044.6240273370122,0,1044.6240273370122,1044.6240273370122,1052.9936236167086,0,1052.9936236167086,1052.9936236167086,5.471914253747317,0,5.471914253747317,5.471914253747317,1036.529302025183,0,1036.529302025183,1036.529302025183,8583.12277980805,0,8583.12277980805,8583.12277980805,246.0,0,246.0,246.0,8583.12277980805,0,8583.12277980805,8583.12277980805,2160559.091489123,0,2160559.091489123,2160559.091489123,2204.6521341725747,0,2204.6521341725747,2204.6521341725747,2659.135617098749,0,2659.135617098749,2659.135617098749,1183.621694174104,0,1183.621694174104,1183.621694174104,1074.5961826234834,0,1074.5961826234834,1074.5961826234834,1036.529302025183,0,1036.529302025183,1036.529302025183,80.0,0,80.0,80.0,112.0,0,112.0,112.0,212.0,0,212.0,212.0,292.0,0,292.0,292.0,924.0,0,924.0,924.0,1,best,eval_to_90pct_improvement_mean
continous_fixed_toplogies,more_local_40bench_continuous_fixed_v1,continuous,c10_schwefel,30,1000,12,torus,maxDistance,plain,20,2,1,1,False,1070.0538329472638,0,1070.0538329472638,1070.0538329472638,1101.685725645745,0,1101.685725645745,1101.685725645745,1103.1097198546677,0,1103.1097198546677,1103.1097198546677,1130.463405316299,0,1130.463405316299,1130.463405316299,17.1117822338001,0,17.1117822338001,17.1117822338001,1070.0538329472638,0,1070.0538329472638,1070.0538329472638,8499.636865551523,0,8499.636865551523,8499.636865551523,246.0,0,246.0,246.0,8499.636865551523,0,8499.636865551523,8499.636865551523,2344281.199979325,0,2344281.199979325,2344281.199979325,2392.1236734482904,0,2392.1236734482904,2392.1236734482904,3111.2751863947215,0,3111.2751863947215,3111.2751863947215,1367.534358987201,0,1367.534358987201,1367.534358987201,1102.5615980261446,0,1102.5615980261446,1102.5615980261446,1070.0538329472638,0,1070.0538329472638,1070.0538329472638,84.0,0,84.0,84.0,112.0,0,112.0,112.0,232.0,0,232.0,232.0,352.0,0,352.0,352.0,988.0,0,988.0,988.0,2,maxDistance,eval_to_90pct_improvement_mean
continous_fixed_toplogies,more_local_40bench_continuous_fixed_v1,continuous,c10_schwefel,30,1000,12,torus,random,plain,20,2,1,1,False,1172.4819971782617,0,1172.4819971782617,1172.4819971782617,1202.8609660803677,0,1202.8609660803677,1202.8609660803677,1201.5899945431938,0,1201.5899945431938,1201.5899945431938,1236.2547088840383,0,1236.2547088840383,1236.2547088840383,19.235770772116478,0,19.235770772116478,19.235770772116478,1172.4819971782617,0,1172.4819971782617,1172.4819971782617,8759.315317963217,0,8759.315317963217,8759.315317963217,246.0,0,246.0,246.0,8759.315317963217,0,8759.315317963217,8759.315317963217,2656270.8133381805,0,2656270.8133381805,2656270.8133381805,2710.4804217736537,0,2710.4804217736537,2710.4804217736537,3720.7455348130134,0,3720.7455348130134,3720.7455348130134,1574.7988975593307,0,1574.7988975593307,1574.7988975593307,1247.3536676645854,0,1247.3536676645854,1247.3536676645854,1172.4819971782617,0,1172.4819971782617,1172.4819971782617,88.0,0,88.0,88.0,152.0,0,152.0,152.0,272.0,0,272.0,272.0,364.0,0,364.0,364.0,1000.0,0,1000.0,1000.0,3,random,eval_to_90pct_improvement_mean
continous_fixed_toplogies,more_local_40bench_continuous_fixed_v1,continuous,c10_schwefel,30,1000,12,torus,worst,plain,20,2,1,1,False,1232.56066343147,0,1232.56066343147,1232.56066343147,1261.7131729020732,0,1261.7131729020732,1261.7131729020732,1259.560777989318,0,1259.560777989318,1259.560777989318,1293.558578385935,0,1293.558578385935,1293.558578385935,15.197649142913976,0,15.197649142913976,15.197649142913976,1232.56066343147,0,1232.56066343147,1232.56066343147,8243.35002575581,0,8243.35002575581,8243.35002575581,246.0,0,246.0,246.0,8243.35002575581,0,8243.35002575581,8243.35002575581,2847419.7451642426,0,2847419.7451642426,2847419.7451642426,2905.530352208411,0,2905.530352208411,2905.530352208411,4016.245969290396,0,4016.245969290396,4016.245969290396,2075.593616574335,0,2075.593616574335,2075.593616574335,1288.132642689132,0,1288.132642689132,1288.132642689132,1232.56066343147,0,1232.56066343147,1232.56066343147,60.0,0,60.0,60.0,156.0,0,156.0,156.0,352.0,0,352.0,352.0,504.0,0,504.0,504.0,1000.0,0,1000.0,1000.0,4,worst,eval_to_90pct_improvement_mean
continous_fixed_toplogies,more_local_40bench_continuous_fixed_v1,continuous,c10_schwefel,30,1000,12,complete,random,plain,20,2,1,1,False,1175.4030842608263,0,1175.4030842608263,1175.4030842608263,1182.183393631542,0,1182.183393631542,1182.183393631542,1179.3981985169048,0,1179.3981985169048,1179.3981985169048,1202.840144988124,0,1202.840144988124,1202.840144988124,8.311989977500147,0,8.311989977500147,8.311989977500147,1175.4030842608263,0,1175.4030842608263,1175.4030842608263,8873.735085599317,0,8873.735085599317,8873.735085599317,246.0,0,246.0,246.0,8873.735085599317,0,8873.735085599317,8873.735085599317,1985338.3416657494,0,1985338.3416657494,1985338.3416657494,2025.8554506793362,0,2025.8554506793362,2025.8554506793362,1716.443527791871,0,1716.443527791871,1716.443527791871,1311.4737962238742,0,1311.4737962238742,1311.4737962238742,1193.6260616241107,0,1193.6260616241107,1193.6260616241107,1175.4030842608263,0,1175.4030842608263,1175.4030842608263,56.0,0,56.0,56.0,100.0,0,100.0,100.0,136.0,0,136.0,136.0,220.0,0,220.0,220.0,1000.0,0,1000.0,1000.0,1,random,eval_to_90pct_improvement_mean
continous_fixed_toplogies,more_local_40bench_continuous_fixed_v1,continuous,c10_schwefel,30,1000,12,complete,best,plain,20,2,1,1,False,1029.2119081047822,0,1029.2119081047822,1029.2119081047822,1031.0142664863063,0,1031.0142664863063,1031.0142664863063,1030.884044715278,0,1030.884044715278,1030.884044715278,1032.9646720720266,0,1032.9646720720266,1032.9646720720266,0.9842311587813217,0,0.9842311587813217,0.9842311587813217,1029.2119081047822,0,1029.2119081047822,1029.2119081047822,9886.688304439062,0,9886.688304439062,9886.688304439062,246.0,0,246.0,246.0,9886.688304439062,0,9886.688304439062,9886.688304439062,2046872.3865421796,0,2046872.3865421796,2046872.3865421796,2088.645292389979,0,2088.645292389979,2088.645292389979,1895.0556745219292,0,1895.0556745219292,1895.0556745219292,1128.0324219637296,0,1128.0324219637296,1128.0324219637296,1035.8605151179527,0,1035.8605151179527,1035.8605151179527,1029.2119081047822,0,1029.2119081047822,1029.2119081047822,52.0,0,52.0,52.0,108.0,0,108.0,108.0,172.0,0,172.0,172.0,248.0,0,248.0,248.0,888.0,0,888.0,888.0,2,best,eval_to_90pct_improvement_mean
continous_fixed_toplogies,more_local_40bench_continuous_fixed_v1,continuous,c10_schwefel,30,1000,12,complete,maxDistance,plain,20,2,1,1,False,1309.7382148160777,0,1309.7382148160777,1309.7382148160777,1342.2252231832201,0,1342.2252231832201,1342.2252231832201,1331.0853147576918,0,1331.0853147576918,1331.0853147576918,1406.6744186466221,0,1406.6744186466221,1406.6744186466221,32.11872811810341,0,32.11872811810341,32.11872811810341,1309.7382148160777,0,1309.7382148160777,1309.7382148160777,8695.601273467848,0,8695.601273467848,8695.601273467848,246.0,0,246.0,246.0,8695.601273467848,0,8695.601273467848,8695.601273467848,2533177.576536549,0,2533177.576536549,2533177.576536549,2584.875078098519,0,2584.875078098519,2584.875078098519,3109.256856195103,0,3109.256856195103,3109.256856195103,1538.6824152693298,0,1538.6824152693298,1538.6824152693298,1336.9294453170078,0,1336.9294453170078,1336.9294453170078,1309.7382148160777,0,1309.7382148160777,1309.7382148160777,64.0,0,64.0,64.0,136.0,0,136.0,136.0,216.0,0,216.0,216.0,336.0,0,336.0,336.0,980.0,0,980.0,980.0,3,maxDistance,eval_to_90pct_improvement_mean
continous_fixed_toplogies,more_local_40bench_continuous_fixed_v1,continuous,c10_schwefel,30,1000,12,complete,worst,plain,20,2,1,1,False,1084.8588566643502,0,1084.8588566643502,1084.8588566643502,1124.1303485543551,0,1124.1303485543551,1124.1303485543551,1126.3110205033545,0,1126.3110205033545,1126.3110205033545,1165.139725849167,0,1165.139725849167,1165.139725849167,23.324661408258162,0,23.324661408258162,23.324661408258162,1084.8588566643502,0,1084.8588566643502,1084.8588566643502,8931.314228109693,0,8931.314228109693,8931.314228109693,246.0,0,246.0,246.0,8931.314228109693,0,8931.314228109693,8931.314228109693,2444216.9761812203,0,2444216.9761812203,2444216.9761812203,2494.0989552869596,0,2494.0989552869596,2494.0989552869596,2945.0936699871036,0,2945.0936699871036,2945.0936699871036,1465.188011203989,0,1465.188011203989,1465.188011203989,1149.060715016818,0,1149.060715016818,1149.060715016818,1084.8588566643502,0,1084.8588566643502,1084.8588566643502,76.0,0,76.0,76.0,144.0,0,144.0,144.0,228.0,0,228.0,228.0,356.0,0,356.0,356.0,972.0,0,972.0,972.0,4,worst,eval_to_90pct_improvement_mean
continous_fixed_toplogies,more_local_40bench_continuous_fixed_v1,continuous,c11_rot_schwefel,30,1000,12,ring,best,plain,20,2,1,1,False,3968.933195400261,0,3968.933195400261,3968.933195400261,5083.249972842973,0,5083.249972842973,5083.249972842973,5254.61253822357,0,5254.61253822357,5254.61253822357,5538.283679605081,0,5538.283679605081,5538.283679605081,503.27645209166025,0,503.27645209166025,503.27645209166025,3968.933195400261,0,3968.933195400261,3968.933195400261,5399.352384371694,0,5399.352384371694,5399.352384371694,246.0,0,246.0,246.0,5399.352384371694,0,5399.352384371694,5399.352384371694,5079357.235963068,0,5079357.235963068,5079357.235963068,5183.017587717416,0,5183.017587717416,5183.017587717416,6072.4661460612815,0,6072.4661460612815,6072.4661460612815,4385.568367604061,0,4385.568367604061,4385.568367604061,4004.5268639865662,0,4004.5268639865662,4004.5268639865662,3968.933195400261,0,3968.933195400261,3968.933195400261,124.0,0,124.0,124.0,192.0,0,192.0,192.0,336.0,0,336.0,336.0,472.0,0,472.0,472.0,980.0,0,980.0,980.0,1,best,eval_to_90pct_improvement_mean
continous_fixed_toplogies,more_local_40bench_continuous_fixed_v1,continuous,c11_rot_schwefel,30,1000,12,ring,random,plain,20,2,1,1,False,5316.980838438698,0,5316.980838438698,5316.980838438698,5623.478273337837,0,5623.478273337837,5623.478273337837,5422.651521851228,0,5422.651521851228,5422.651521851228,6198.270940999559,0,6198.270940999559,6198.270940999559,326.72001438079906,0,326.72001438079906,326.72001438079906,5316.980838438698,0,5316.980838438698,5316.980838438698,4004.6940744224285,0,4004.6940744224285,4004.6940744224285,246.0,0,246.0,246.0,4004.6940744224285,0,4004.6940744224285,4004.6940744224285,6188153.362868278,0,6188153.362868278,6188153.362868278,6314.442207008447,0,6314.442207008447,6314.442207008447,7450.247177442586,0,7450.247177442586,7450.247177442586,5806.581691313387,0,5806.581691313387,5806.581691313387,5364.659946433376,0,5364.659946433376,5364.659946433376,5316.980838438698,0,5316.980838438698,5316.980838438698,104.0,0,104.0,104.0,256.0,0,256.0,256.0,376.0,0,376.0,376.0,536.0,0,536.0,536.0,948.0,0,948.0,948.0,2,random,eval_to_90pct_improvement_mean
continous_fixed_toplogies,more_local_40bench_continuous_fixed_v1,continuous,c11_rot_schwefel,30,1000,12,ring,worst,plain,20,2,1,1,False,3941.096154668432,0,3941.096154668432,3941.096154668432,4401.570758474424,0,4401.570758474424,4401.570758474424,4041.253867077321,0,4041.253867077321,4041.253867077321,5759.324921494655,0,5759.324921494655,5759.324921494655,574.6748239832662,0,574.6748239832662,574.6748239832662,3941.096154668432,0,3941.096154668432,3941.096154668432,6571.7914406833515,0,6571.7914406833515,6571.7914406833515,246.0,0,246.0,246.0,6571.7914406833515,0,6571.7914406833515,6571.7914406833515,5828964.714215157,0,5828964.714215157,5828964.714215157,5947.923177770568,0,5947.923177770568,5947.923177770568,7496.320386692289,0,7496.320386692289,7496.320386692289,5331.199090592971,0,5331.199090592971,5331.199090592971,4141.996271369768,0,4141.996271369768,4141.996271369768,3941.096154668432,0,3941.096154668432,3941.096154668432,100.0,0,100.0,100.0,272.0,0,272.0,272.0,496.0,0,496.0,496.0,620.0,0,620.0,620.0,992.0,0,992.0,992.0,3,worst,eval_to_90pct_improvement_mean
continous_fixed_toplogies,more_local_40bench_continuous_fixed_v1,continuous,c11_rot_schwefel,30,1000,12,ring,maxDistance,plain,20,2,1,1,False,3850.5149726360905,0,3850.5149726360905,3850.5149726360905,4475.7008088728935,0,4475.7008088728935,4475.7008088728935,4079.2454618053616,0,4079.2454618053616,4079.2454618053616,6375.6462386714475,0,6375.6462386714475,6375.6462386714475,719.234045720892,0,719.234045720892,719.234045720892,3850.5149726360905,0,3850.5149726360905,3850.5149726360905,4982.7723012435035,0,4982.7723012435035,4982.7723012435035,246.0,0,246.0,246.0,4982.7723012435035,0,4982.7723012435035,4982.7723012435035,5780042.2398293605,0,5780042.2398293605,5780042.2398293605,5898.002285540164,0,5898.002285540164,5898.002285540164,7653.867860224164,0,7653.867860224164,7653.867860224164,5546.904942530876,0,5546.904942530876,5546.904942530876,4249.744275184614,0,4249.744275184614,4249.744275184614,3850.5149726360905,0,3850.5149726360905,3850.5149726360905,264.0,0,264.0,264.0,392.0,0,392.0,392.0,548.0,0,548.0,548.0,720.0,0,720.0,720.0,1000.0,0,1000.0,1000.0,4,maxDistance,eval_to_90pct_improvement_mean
continous_fixed_toplogies,more_local_40bench_continuous_fixed_v1,continuous,c11_rot_schwefel,30,1000,12,torus,best,plain,20,2,1,1,False,5129.88152492008,0,5129.88152492008,5129.88152492008,5151.92217277281,0,5151.92217277281,5151.92217277281,5150.408853506706,0,5150.408853506706,5150.408853506706,5191.080935949598,0,5191.080935949598,5191.080935949598,16.195089371754786,0,16.195089371754786,16.195089371754786,5129.88152492008,0,5129.88152492008,5129.88152492008,4775.347327033607,0,4775.347327033607,4775.347327033607,246.0,0,246.0,246.0,4775.347327033607,0,4775.347327033607,4775.347327033607,6001733.191813143,0,6001733.191813143,6001733.191813143,6124.217542666473,0,6124.217542666473,6124.217542666473,6454.907424446317,0,6454.907424446317,6454.907424446317,5441.4784198739035,0,5441.4784198739035,5441.4784198739035,5184.352444962373,0,5184.352444962373,5184.352444962373,5129.88152492008,0,5129.88152492008,5129.88152492008,128.0,0,128.0,128.0,168.0,0,168.0,168.0,288.0,0,288.0,288.0,392.0,0,392.0,392.0,992.0,0,992.0,992.0,1,best,eval_to_90pct_improvement_mean
continous_fixed_toplogies,more_local_40bench_continuous_fixed_v1,continuous,c11_rot_schwefel,30,1000,12,torus,random,plain,20,2,1,1,False,4936.9601432066775,0,4936.9601432066775,4936.9601432066775,4993.361630841543,0,4993.361630841543,4993.361630841543,4964.0481777150635,0,4964.0481777150635,4964.0481777150635,5178.970560372931,0,5178.970560372931,5178.970560372931,66.0358060464366,0,66.0358060464366,66.0358060464366,4936.9601432066775,0,4936.9601432066775,4936.9601432066775,5470.867048954136,0,5470.867048954136,5470.867048954136,246.0,0,246.0,246.0,5470.867048954136,0,5470.867048954136,5470.867048954136,6096374.27814163,0,6096374.27814163,6096374.27814163,6220.790079736357,0,6220.790079736357,6220.790079736357,7303.419814751197,0,7303.419814751197,7303.419814751197,5354.089831144145,0,5354.089831144145,5354.089831144145,5042.293031952444,0,5042.293031952444,5042.293031952444,4936.9601432066775,0,4936.9601432066775,4936.9601432066775,132.0,0,132.0,132.0,232.0,0,232.0,232.0,320.0,0,320.0,320.0,464.0,0,464.0,464.0,1000.0,0,1000.0,1000.0,2,random,eval_to_90pct_improvement_mean
continous_fixed_toplogies,more_local_40bench_continuous_fixed_v1,continuous,c11_rot_schwefel,30,1000,12,torus,maxDistance,plain,20,2,1,1,False,4313.126506620967,0,4313.126506620967,4313.126506620967,4377.157267611281,0,4377.157267611281,4377.157267611281,4370.479207359932,0,4370.479207359932,4370.479207359932,4500.939198193535,0,4500.939198193535,4500.939198193535,48.02481101714606,0,48.02481101714606,48.02481101714606,4313.126506620967,0,4313.126506620967,4313.126506620967,5527.914419011175,0,5527.914419011175,5527.914419011175,246.0,0,246.0,246.0,5527.914419011175,0,5527.914419011175,5527.914419011175,5601384.92441951,0,5601384.92441951,5601384.92441951,5715.698902468888,0,5715.698902468888,5715.698902468888,6811.2379509683615,0,6811.2379509683615,6811.2379509683615,4779.288822205466,0,4779.288822205466,4779.288822205466,4380.141275707949,0,4380.141275707949,4380.141275707949,4313.126506620967,0,4313.126506620967,4313.126506620967,144.0,0,144.0,144.0,232.0,0,232.0,232.0,428.0,0,428.0,428.0,488.0,0,488.0,488.0,1000.0,0,1000.0,1000.0,3,maxDistance,eval_to_90pct_improvement_mean
continous_fixed_toplogies,more_local_40bench_continuous_fixed_v1,continuous,c11_rot_schwefel,30,1000,12,torus,worst,plain,20,2,1,1,False,5143.645516326154,0,5143.645516326154,5143.645516326154,5213.073191518309,0,5213.073191518309,5213.073191518309,5201.491932380176,0,5201.491932380176,5201.491932380176,5344.427593059823,0,5344.427593059823,5344.427593059823,54.36279514370492,0,54.36279514370492,54.36279514370492,5143.645516326154,0,5143.645516326154,5143.645516326154,4765.990279402051,0,4765.990279402051,4765.990279402051,246.0,0,246.0,246.0,4765.990279402051,0,4765.990279402051,4765.990279402051,6563097.150165872,0,6563097.150165872,6563097.150165872,6697.037908332522,0,6697.037908332522,6697.037908332522,8298.815723554133,0,8298.815723554133,8298.815723554133,5885.126406534606,0,5885.126406534606,5885.126406534606,5307.7905847301645,0,5307.7905847301645,5307.7905847301645,5143.645516326154,0,5143.645516326154,5143.645516326154,200.0,0,200.0,200.0,304.0,0,304.0,304.0,464.0,0,464.0,464.0,592.0,0,592.0,592.0,976.0,0,976.0,976.0,4,worst,eval_to_90pct_improvement_mean
continous_fixed_toplogies,more_local_40bench_continuous_fixed_v1,continuous,c11_rot_schwefel,30,1000,12,complete,best,plain,20,2,1,1,False,4528.212696124116,0,4528.212696124116,4528.212696124116,4544.534923814978,0,4544.534923814978,4544.534923814978,4543.668551397626,0,4543.668551397626,4543.668551397626,4560.347981927027,0,4560.347981927027,4560.347981927027,10.367398010597995,0,10.367398010597995,10.367398010597995,4528.212696124116,0,4528.212696124116,4528.212696124116,5672.306974039009,0,5672.306974039009,5672.306974039009,246.0,0,246.0,246.0,5672.306974039009,0,5672.306974039009,5672.306974039009,5460880.4895989075,0,5460880.4895989075,5460880.4895989075,5572.327030202967,0,5572.327030202967,5572.327030202967,6110.563170452844,0,6110.563170452844,6110.563170452844,4785.623869158178,0,4785.623869158178,4785.623869158178,4594.63979140059,0,4594.63979140059,4594.63979140059,4528.212696124116,0,4528.212696124116,4528.212696124116,124.0,0,124.0,124.0,164.0,0,164.0,164.0,292.0,0,292.0,292.0,332.0,0,332.0,332.0,952.0,0,952.0,952.0,1,best,eval_to_90pct_improvement_mean
continous_fixed_toplogies,more_local_40bench_continuous_fixed_v1,continuous,c11_rot_schwefel,30,1000,12,complete,maxDistance,plain,20,2,1,1,False,4609.423483949711,0,4609.423483949711,4609.423483949711,4643.372387194335,0,4643.372387194335,4643.372387194335,4639.314947573418,0,4639.314947573418,4639.314947573418,4712.6593292389025,0,4712.6593292389025,4712.6593292389025,27.778342527267203,0,27.778342527267203,27.778342527267203,4609.423483949711,0,4609.423483949711,4609.423483949711,4730.950524421647,0,4730.950524421647,4730.950524421647,246.0,0,246.0,246.0,4730.950524421647,0,4730.950524421647,4730.950524421647,5870286.044973433,0,5870286.044973433,5870286.044973433,5990.087800993299,0,5990.087800993299,5990.087800993299,7225.86647184045,0,7225.86647184045,7225.86647184045,4947.79264311199,0,4947.79264311199,4947.79264311199,4695.132246204275,0,4695.132246204275,4695.132246204275,4609.423483949711,0,4609.423483949711,4609.423483949711,188.0,0,188.0,188.0,280.0,0,280.0,280.0,372.0,0,372.0,372.0,476.0,0,476.0,476.0,992.0,0,992.0,992.0,2,maxDistance,eval_to_90pct_improvement_mean
continous_fixed_toplogies,more_local_40bench_continuous_fixed_v1,continuous,c11_rot_schwefel,30,1000,12,complete,random,plain,20,2,1,1,False,4554.837954280174,0,4554.837954280174,4554.837954280174,4579.614101192878,0,4579.614101192878,4579.614101192878,4582.488447986093,0,4582.488447986093,4582.488447986093,4597.74989848019,0,4597.74989848019,4597.74989848019,13.311744664944076,0,13.311744664944076,13.311744664944076,4554.837954280174,0,4554.837954280174,4554.837954280174,5153.817375267145,0,5153.817375267145,5153.817375267145,246.0,0,246.0,246.0,5153.817375267145,0,5153.817375267145,5153.817375267145,5718868.839850756,0,5718868.839850756,5718868.839850756,5835.5804488273025,0,5835.5804488273025,5835.5804488273025,6871.670812663317,0,6871.670812663317,6871.670812663317,5131.657508108647,0,5131.657508108647,5131.657508108647,4692.964334088027,0,4692.964334088027,4692.964334088027,4554.837954280174,0,4554.837954280174,4554.837954280174,160.0,0,160.0,160.0,220.0,0,220.0,220.0,324.0,0,324.0,324.0,544.0,0,544.0,544.0,960.0,0,960.0,960.0,3,random,eval_to_90pct_improvement_mean
continous_fixed_toplogies,more_local_40bench_continuous_fixed_v1,continuous,c11_rot_schwefel,30,1000,12,complete,worst,plain,20,2,1,1,False,3917.9327705240503,0,3917.9327705240503,3917.9327705240503,4041.650546787353,0,4041.650546787353,4041.650546787353,4008.133302129635,0,4008.133302129635,4008.133302129635,4223.201763983623,0,4223.201763983623,4223.201763983623,105.2949193931509,0,105.2949193931509,105.2949193931509,3917.9327705240503,0,3917.9327705240503,3917.9327705240503,6159.2034121278775,0,6159.2034121278775,6159.2034121278775,246.0,0,246.0,246.0,6159.2034121278775,0,6159.2034121278775,6159.2034121278775,5598192.304774416,0,5598192.304774416,5598192.304774416,5712.4411273208325,0,5712.4411273208325,5712.4411273208325,6955.297461310129,0,6955.297461310129,6955.297461310129,5097.008908034362,0,5097.008908034362,5097.008908034362,4189.341270176417,0,4189.341270176417,4189.341270176417,3917.9327705240503,0,3917.9327705240503,3917.9327705240503,124.0,0,124.0,124.0,244.0,0,244.0,244.0,448.0,0,448.0,448.0,640.0,0,640.0,640.0,968.0,0,968.0,968.0,4,worst,eval_to_90pct_improvement_mean
continous_fixed_toplogies,more_local_40bench_continuous_fixed_v1,continuous,c12_katsuura,30,1000,12,ring,random,plain,20,2,1,1,False,1200.7359485472114,0,1200.7359485472114,1200.7359485472114,1201.3060868660536,0,1201.3060868660536,1201.3060868660536,1201.2417278404064,0,1201.2417278404064,1201.2417278404064,1201.8005230607139,0,1201.8005230607139,1201.8005230607139,0.3790107002168311,0,0.3790107002168311,0.3790107002168311,1200.7359485472114,0,1200.7359485472114,1200.7359485472114,5.190576698722225,0,5.190576698722225,5.190576698722225,246.0,0,246.0,246.0,5.190576698722225,0,5.190576698722225,5.190576698722225,1177585.3248338073,0,1177585.3248338073,1177585.3248338073,1201.6176784018442,0,1201.6176784018442,1201.6176784018442,1201.8745928400754,0,1201.8745928400754,1201.8745928400754,1200.950003826028,0,1200.950003826028,1200.950003826028,1200.950003826028,0,1200.950003826028,1200.950003826028,1200.7359485472114,0,1200.7359485472114,1200.7359485472114,72.0,0,72.0,72.0,172.0,0,172.0,172.0,240.0,0,240.0,240.0,312.0,0,312.0,312.0,928.0,0,928.0,928.0,1,random,eval_to_90pct_improvement_mean
continous_fixed_toplogies,more_local_40bench_continuous_fixed_v1,continuous,c12_katsuura,30,1000,12,ring,maxDistance,plain,20,2,1,1,False,1200.4417486959048,0,1200.4417486959048,1200.4417486959048,1201.4504446496019,0,1201.4504446496019,1201.4504446496019,1201.7791655870485,0,1201.7791655870485,1201.7791655870485,1202.349250057119,0,1202.349250057119,1202.349250057119,0.6105850932480791,0,0.6105850932480791,0.6105850932480791,1200.4417486959048,0,1200.4417486959048,1200.4417486959048,5.519314865185379,0,5.519314865185379,5.519314865185379,246.0,0,246.0,246.0,5.519314865185379,0,5.519314865185379,5.519314865185379,1177199.3247358114,0,1177199.3247358114,1177199.3247358114,1201.223800750828,0,1201.223800750828,1201.223800750828,1201.1655278681183,0,1201.1655278681183,1201.1655278681183,1200.8174250329046,0,1200.8174250329046,1200.8174250329046,1200.4596627144279,0,1200.4596627144279,1200.4596627144279,1200.4417486959048,0,1200.4417486959048,1200.4417486959048,48.0,0,48.0,48.0,80.0,0,80.0,80.0,184.0,0,184.0,184.0,440.0,0,440.0,440.0,808.0,0,808.0,808.0,2,maxDistance,eval_to_90pct_improvement_mean
continous_fixed_toplogies,more_local_40bench_continuous_fixed_v1,continuous,c12_katsuura,30,1000,12,ring,worst,plain,20,2,1,1,False,1201.054677601107,0,1201.054677601107,1201.054677601107,1201.6880388289464,0,1201.6880388289464,1201.6880388289464,1201.324950031877,0,1201.324950031877,1201.324950031877,1202.8897493049942,0,1202.8897493049942,1202.8897493049942,0.5474855162553196,0,0.5474855162553196,0.5474855162553196,1201.054677601107,0,1201.054677601107,1201.054677601107,4.779512874479224,0,4.779512874479224,4.779512874479224,246.0,0,246.0,246.0,4.779512874479224,0,4.779512874479224,4.779512874479224,1177953.7628824413,0,1177953.7628824413,1177953.7628824413,1201.9936355943278,0,1201.9936355943278,1201.9936355943278,1202.4268008920496,0,1202.4268008920496,1202.4268008920496,1201.3606762758589,0,1201.3606762758589,1201.3606762758589,1201.324950031877,0,1201.324950031877,1201.324950031877,1201.054677601107,0,1201.054677601107,1201.054677601107,28.0,0,28.0,28.0,96.0,0,96.0,96.0,388.0,0,388.0,388.0,496.0,0,496.0,496.0,936.0,0,936.0,936.0,3,worst,eval_to_90pct_improvement_mean
continous_fixed_toplogies,more_local_40bench_continuous_fixed_v1,continuous,c12_katsuura,30,1000,12,ring,best,plain,20,2,1,1,False,1201.1849224621367,0,1201.1849224621367,1201.1849224621367,1201.410158532217,0,1201.410158532217,1201.410158532217,1201.4411436212924,0,1201.4411436212924,1201.4411436212924,1201.764285932368,0,1201.764285932368,1201.764285932368,0.1524602173108306,0,0.1524602173108306,0.1524602173108306,1201.1849224621367,0,1201.1849224621367,1201.1849224621367,3.2520861991367838,0,3.2520861991367838,3.2520861991367838,246.0,0,246.0,246.0,3.2520861991367838,0,3.2520861991367838,3.2520861991367838,1177792.005067264,0,1177792.005067264,1177792.005067264,1201.828576599249,0,1201.828576599249,1201.828576599249,1201.8616820570653,0,1201.8616820570653,1201.8616820570653,1201.6191424498122,0,1201.6191424498122,1201.6191424498122,1201.2400311844292,0,1201.2400311844292,1201.2400311844292,1201.1849224621367,0,1201.1849224621367,1201.1849224621367,84.0,0,84.0,84.0,144.0,0,144.0,144.0,204.0,0,204.0,204.0,584.0,0,584.0,584.0,916.0,0,916.0,916.0,4,best,eval_to_90pct_improvement_mean
continous_fixed_toplogies,more_local_40bench_continuous_fixed_v1,continuous,c12_katsuura,30,1000,12,torus,maxDistance,plain,20,2,1,1,False,1201.3592208363943,0,1201.3592208363943,1201.3592208363943,1201.404239165638,0,1201.404239165638,1201.404239165638,1201.4188517119628,0,1201.4188517119628,1201.4188517119628,1201.4470451415707,0,1201.4470451415707,1201.4470451415707,0.031761838373768114,0,0.031761838373768114,0.031761838373768114,1201.3592208363943,0,1201.3592208363943,1201.3592208363943,3.304566886575458,0,3.304566886575458,3.304566886575458,246.0,0,246.0,246.0,3.304566886575458,0,3.304566886575458,3.304566886575458,1177980.1676349256,0,1177980.1676349256,1177980.1676349256,1202.020579219312,0,1202.020579219312,1202.020579219312,1202.7184027742733,0,1202.7184027742733,1202.7184027742733,1201.4470451415707,0,1201.4470451415707,1201.4470451415707,1201.3636716422795,0,1201.3636716422795,1201.3636716422795,1201.3592208363943,0,1201.3592208363943,1201.3592208363943,140.0,0,140.0,140.0,196.0,0,196.0,196.0,292.0,0,292.0,292.0,292.0,0,292.0,292.0,956.0,0,956.0,956.0,1,maxDistance,eval_to_90pct_improvement_mean
continous_fixed_toplogies,more_local_40bench_continuous_fixed_v1,continuous,c12_katsuura,30,1000,12,torus,best,plain,20,2,1,1,False,1200.4381751270128,0,1200.4381751270128,1200.4381751270128,1200.4759165326757,0,1200.4759165326757,1200.4759165326757,1200.4621640654677,0,1200.4621640654677,1200.4621640654677,1200.5289819642255,0,1200.5289819642255,1200.5289819642255,0.03182993192606777,0,0.03182993192606777,0.03182993192606777,1200.4381751270128,0,1200.4381751270128,1200.4381751270128,4.660174798026901,0,4.660174798026901,4.660174798026901,246.0,0,246.0,246.0,4.660174798026901,0,4.660174798026901,4.660174798026901,1177097.1962251395,0,1177097.1962251395,1177097.1962251395,1201.1195879848362,0,1201.1195879848362,1201.1195879848362,1201.125329178217,0,1201.125329178217,1201.125329178217,1200.6697932824216,0,1200.6697932824216,1200.6697932824216,1200.4508827313048,0,1200.4508827313048,1200.4508827313048,1200.4381751270128,0,1200.4381751270128,1200.4381751270128,92.0,0,92.0,92.0,124.0,0,124.0,124.0,192.0,0,192.0,192.0,324.0,0,324.0,324.0,916.0,0,916.0,916.0,2,best,eval_to_90pct_improvement_mean
continous_fixed_toplogies,more_local_40bench_continuous_fixed_v1,continuous,c12_katsuura,30,1000,12,torus,worst,plain,20,2,1,1,False,1200.590703872941,0,1200.590703872941,1200.590703872941,1200.956593905549,0,1200.956593905549,1200.956593905549,1200.762301840822,0,1200.762301840822,1200.762301840822,1201.9795158976556,0,1201.9795158976556,1201.9795158976556,0.38426501069764685,0,0.38426501069764685,0.38426501069764685,1200.590703872941,0,1200.590703872941,1200.590703872941,3.7101071148752,0,3.7101071148752,3.7101071148752,246.0,0,246.0,246.0,3.7101071148752,0,3.7101071148752,3.7101071148752,1177458.3890001934,0,1177458.3890001934,1177458.3890001934,1201.4881520410138,0,1201.4881520410138,1201.4881520410138,1202.2477456595198,0,1202.2477456595198,1202.2477456595198,1200.8794560364602,0,1200.8794560364602,1200.8794560364602,1200.7115000464187,0,1200.7115000464187,1200.7115000464187,1200.590703872941,0,1200.590703872941,1200.590703872941,100.0,0,100.0,100.0,248.0,0,248.0,248.0,324.0,0,324.0,324.0,396.0,0,396.0,396.0,996.0,0,996.0,996.0,3,worst,eval_to_90pct_improvement_mean
continous_fixed_toplogies,more_local_40bench_continuous_fixed_v1,continuous,c12_katsuura,30,1000,12,torus,random,plain,20,2,1,1,False,1200.5171617263245,0,1200.5171617263245,1200.5171617263245,1200.6576504945608,0,1200.6576504945608,1200.6576504945608,1200.5656544338979,0,1200.5656544338979,1200.5656544338979,1201.0202011547442,0,1201.0202011547442,1201.0202011547442,0.16500542811653077,0,0.16500542811653077,0.16500542811653077,1200.5171617263245,0,1200.5171617263245,1200.5171617263245,5.698797554851126,0,5.698797554851126,5.698797554851126,246.0,0,246.0,246.0,5.698797554851126,0,5.698797554851126,5.698797554851126,1177613.2871969328,0,1177613.2871969328,1177613.2871969328,1201.6462114254416,0,1201.6462114254416,1201.6462114254416,1202.609504820615,0,1202.609504820615,1202.609504820615,1201.0957325139814,0,1201.0957325139814,1201.0957325139814,1200.6729677819576,0,1200.6729677819576,1200.6729677819576,1200.5171617263245,0,1200.5171617263245,1200.5171617263245,40.0,0,40.0,40.0,180.0,0,180.0,180.0,300.0,0,300.0,300.0,504.0,0,504.0,504.0,960.0,0,960.0,960.0,4,random,eval_to_90pct_improvement_mean
continous_fixed_toplogies,more_local_40bench_continuous_fixed_v1,continuous,c12_katsuura,30,1000,12,complete,best,plain,20,2,1,1,False,1201.0762492207607,0,1201.0762492207607,1201.0762492207607,1201.083093859991,0,1201.083093859991,1201.083093859991,1201.0819390282527,0,1201.0819390282527,1201.0819390282527,1201.0932977476891,0,1201.0932977476891,1201.0932977476891,0.006850287052398692,0,0.006850287052398692,0.006850287052398692,1201.0762492207607,0,1201.0762492207607,1201.0762492207607,4.858604861024332,0,4.858604861024332,4.858604861024332,246.0,0,246.0,246.0,4.858604861024332,0,4.858604861024332,4.858604861024332,1177703.426559748,0,1177703.426559748,1177703.426559748,1201.7381903670896,0,1201.7381903670896,1201.7381903670896,1201.7056689899325,0,1201.7056689899325,1201.7056689899325,1201.119721313247,0,1201.119721313247,1201.119721313247,1201.087489309822,0,1201.087489309822,1201.087489309822,1201.0762492207607,0,1201.0762492207607,1201.0762492207607,72.0,0,72.0,72.0,148.0,0,148.0,148.0,184.0,0,184.0,184.0,256.0,0,256.0,256.0,900.0,0,900.0,900.0,1,best,eval_to_90pct_improvement_mean
continous_fixed_toplogies,more_local_40bench_continuous_fixed_v1,continuous,c12_katsuura,30,1000,12,complete,worst,plain,20,2,1,1,False,1200.9985394473158,0,1200.9985394473158,1200.9985394473158,1201.334711982351,0,1201.334711982351,1201.334711982351,1201.145401859932,0,1201.145401859932,1201.145401859932,1202.0953563037356,0,1202.0953563037356,1202.0953563037356,0.3306236043072805,0,0.3306236043072805,0.3306236043072805,1200.9985394473158,0,1200.9985394473158,1200.9985394473158,4.933196767044819,0,4.933196767044819,4.933196767044819,246.0,0,246.0,246.0,4.933196767044819,0,4.933196767044819,4.933196767044819,1177945.709804303,0,1177945.709804303,1177945.709804303,1201.9854181676562,0,1201.9854181676562,1201.9854181676562,1202.5821225640161,0,1202.5821225640161,1202.5821225640161,1201.1706465301988,0,1201.1706465301988,1201.1706465301988,1201.110673505265,0,1201.110673505265,1201.110673505265,1200.9985394473158,0,1200.9985394473158,1200.9985394473158,104.0,0,104.0,104.0,192.0,0,192.0,192.0,304.0,0,304.0,304.0,412.0,0,412.0,412.0,964.0,0,964.0,964.0,2,worst,eval_to_90pct_improvement_mean
continous_fixed_toplogies,more_local_40bench_continuous_fixed_v1,continuous,c12_katsuura,30,1000,12,complete,maxDistance,plain,20,2,1,1,False,1200.8375339719669,0,1200.8375339719669,1200.8375339719669,1200.850971040214,0,1200.850971040214,1200.850971040214,1200.8430133775375,0,1200.8430133775375,1200.8430133775375,1200.8928935484296,0,1200.8928935484296,1200.8928935484296,0.016493118239114167,0,0.016493118239114167,0.016493118239114167,1200.8375339719669,0,1200.8375339719669,1200.8375339719669,4.424224871287379,0,4.424224871287379,4.424224871287379,246.0,0,246.0,246.0,4.424224871287379,0,4.424224871287379,4.424224871287379,1177674.4779121068,0,1177674.4779121068,1177674.4779121068,1201.7086509307212,0,1201.7086509307212,1201.7086509307212,1202.4439387216833,0,1202.4439387216833,1202.4439387216833,1200.9387938730565,0,1200.9387938730565,1200.9387938730565,1200.8381678041562,0,1200.8381678041562,1200.8381678041562,1200.8375339719669,0,1200.8375339719669,1200.8375339719669,100.0,0,100.0,100.0,176.0,0,176.0,176.0,264.0,0,264.0,264.0,456.0,0,456.0,456.0,972.0,0,972.0,972.0,3,maxDistance,eval_to_90pct_improvement_mean
continous_fixed_toplogies,more_local_40bench_continuous_fixed_v1,continuous,c12_katsuura,30,1000,12,complete,random,plain,20,2,1,1,False,1201.4355411929039,0,1201.4355411929039,1201.4355411929039,1201.5769994924974,0,1201.5769994924974,1201.5769994924974,1201.5471524258128,0,1201.5471524258128,1201.5471524258128,1201.7238177457684,0,1201.7238177457684,1201.7238177457684,0.07847163742742504,0,0.07847163742742504,0.07847163742742504,1201.4355411929039,0,1201.4355411929039,1201.4355411929039,2.8123744905606145,0,2.8123744905606145,2.8123744905606145,246.0,0,246.0,246.0,2.8123744905606145,0,2.8123744905606145,2.8123744905606145,1178156.4857366546,0,1178156.4857366546,1178156.4857366546,1202.2004956496476,0,1202.2004956496476,1202.2004956496476,1202.3998753186474,0,1202.3998753186474,1202.3998753186474,1202.1492028255266,0,1202.1492028255266,1202.1492028255266,1201.7238177457684,0,1201.7238177457684,1201.7238177457684,1201.4355411929039,0,1201.4355411929039,1201.4355411929039,116.0,0,116.0,116.0,184.0,0,184.0,184.0,564.0,0,564.0,564.0,796.0,0,796.0,796.0,960.0,0,960.0,960.0,4,random,eval_to_90pct_improvement_mean
continous_fixed_toplogies,more_local_40bench_continuous_fixed_v1,continuous,c13_happycat,30,1000,12,ring,best,plain,20,2,1,1,False,1300.4392701198883,0,1300.4392701198883,1300.4392701198883,1301.6058640864223,0,1301.6058640864223,1301.6058640864223,1300.6414575366057,0,1300.6414575366057,1300.6414575366057,1304.727915664179,0,1304.727915664179,1304.727915664179,1.4591957962547586,0,1.4591957962547586,1.4591957962547586,1300.4392701198883,0,1300.4392701198883,1300.4392701198883,6.908635316639447,0,6.908635316639447,6.908635316639447,246.0,0,246.0,246.0,6.908635316639447,0,6.908635316639447,6.908635316639447,1275354.7081562404,0,1275354.7081562404,1275354.7081562404,1301.38235526147,0,1301.38235526147,1301.38235526147,1302.1823251699554,0,1302.1823251699554,1302.1823251699554,1300.5721511548484,0,1300.5721511548484,1300.5721511548484,1300.4509287082305,0,1300.4509287082305,1300.4509287082305,1300.4392701198883,0,1300.4392701198883,1300.4392701198883,64.0,0,64.0,64.0,124.0,0,124.0,124.0,256.0,0,256.0,256.0,308.0,0,308.0,308.0,908.0,0,908.0,908.0,1,best,eval_to_90pct_improvement_mean
continous_fixed_toplogies,more_local_40bench_continuous_fixed_v1,continuous,c13_happycat,30,1000,12,ring,maxDistance,plain,20,2,1,1,False,1300.410522459904,0,1300.410522459904,1300.410522459904,1301.0686985540037,0,1301.0686985540037,1301.0686985540037,1300.6187569653493,0,1300.6187569653493,1300.6187569653493,1304.2575239380685,0,1304.2575239380685,1304.2575239380685,1.1578548713173975,0,1.1578548713173975,1.1578548713173975,1300.410522459904,0,1300.410522459904,1300.410522459904,6.6236832650092765,0,6.6236832650092765,6.6236832650092765,246.0,0,246.0,246.0,6.6236832650092765,0,6.6236832650092765,6.6236832650092765,1275529.530828661,0,1275529.530828661,1275529.530828661,1301.5607457435317,0,1301.5607457435317,1301.5607457435317,1302.6963840658123,0,1302.6963840658123,1302.6963840658123,1300.7189227061406,0,1300.7189227061406,1300.7189227061406,1300.4346321412208,0,1300.4346321412208,1300.4346321412208,1300.410522459904,0,1300.410522459904,1300.410522459904,52.0,0,52.0,52.0,180.0,0,180.0,180.0,284.0,0,284.0,284.0,324.0,0,324.0,324.0,980.0,0,980.0,980.0,2,maxDistance,eval_to_90pct_improvement_mean
continous_fixed_toplogies,more_local_40bench_continuous_fixed_v1,continuous,c13_happycat,30,1000,12,ring,random,plain,20,2,1,1,False,1300.466977966792,0,1300.466977966792,1300.466977966792,1301.310749029111,0,1301.310749029111,1301.310749029111,1300.5851527861882,0,1300.5851527861882,1300.5851527861882,1303.5538271728074,0,1303.5538271728074,1303.5538271728074,1.1372845976598838,0,1.1372845976598838,1.1372845976598838,1300.466977966792,0,1300.466977966792,1300.466977966792,5.56913242850942,0,5.56913242850942,5.56913242850942,246.0,0,246.0,246.0,5.56913242850942,0,5.56913242850942,5.56913242850942,1275454.040286684,0,1275454.040286684,1275454.040286684,1301.483714578249,0,1301.483714578249,1301.483714578249,1302.2353548659178,0,1302.2353548659178,1302.2353548659178,1300.781082388829,0,1300.781082388829,1300.781082388829,1300.52195711519,0,1300.52195711519,1300.52195711519,1300.466977966792,0,1300.466977966792,1300.466977966792,64.0,0,64.0,64.0,200.0,0,200.0,200.0,288.0,0,288.0,288.0,332.0,0,332.0,332.0,844.0,0,844.0,844.0,3,random,eval_to_90pct_improvement_mean
continous_fixed_toplogies,more_local_40bench_continuous_fixed_v1,continuous,c13_happycat,30,1000,12,ring,worst,plain,20,2,1,1,False,1300.505078477231,0,1300.505078477231,1300.505078477231,1300.9148433158475,0,1300.9148433158475,1300.9148433158475,1300.8394487841456,0,1300.8394487841456,1300.8394487841456,1302.532700391773,0,1302.532700391773,1302.532700391773,0.5060228347797565,0,0.5060228347797565,0.5060228347797565,1300.505078477231,0,1300.505078477231,1300.505078477231,6.874965793407455,0,6.874965793407455,6.874965793407455,246.0,0,246.0,246.0,6.874965793407455,0,6.874965793407455,6.874965793407455,1275506.0849940346,0,1275506.0849940346,1275506.0849940346,1301.5368214224843,0,1301.5368214224843,1301.5368214224843,1302.145910764702,0,1302.145910764702,1302.145910764702,1300.9777479259476,0,1300.9777479259476,1300.9777479259476,1300.5981261668353,0,1300.5981261668353,1300.5981261668353,1300.505078477231,0,1300.505078477231,1300.505078477231,40.0,0,40.0,40.0,116.0,0,116.0,116.0,248.0,0,248.0,248.0,356.0,0,356.0,356.0,872.0,0,872.0,872.0,4,worst,eval_to_90pct_improvement_mean
continous_fixed_toplogies,more_local_40bench_continuous_fixed_v1,continuous,c13_happycat,30,1000,12,torus,random,plain,20,2,1,1,False,1300.7289509611178,0,1300.7289509611178,1300.7289509611178,1300.7359781869186,0,1300.7359781869186,1300.7359781869186,1300.731884497331,0,1300.731884497331,1300.731884497331,1300.7839423085957,0,1300.7839423085957,1300.7839423085957,0.014729726638807285,0,0.014729726638807285,0.014729726638807285,1300.7289509611178,0,1300.7289509611178,1300.7289509611178,5.930131255215656,0,5.930131255215656,5.930131255215656,246.0,0,246.0,246.0,5.930131255215656,0,5.930131255215656,5.930131255215656,1275283.3726746307,0,1275283.3726746307,1275283.3726746307,1301.3095639537048,0,1301.3095639537048,1301.3095639537048,1301.1986940225636,0,1301.1986940225636,1301.1986940225636,1300.7289509611178,0,1300.7289509611178,1300.7289509611178,1300.7289509611178,0,1300.7289509611178,1300.7289509611178,1300.7289509611178,0,1300.7289509611178,1300.7289509611178,32.0,0,32.0,32.0,100.0,0,100.0,100.0,176.0,0,176.0,176.0,244.0,0,244.0,244.0,312.0,0,312.0,312.0,1,random,eval_to_90pct_improvement_mean
continous_fixed_toplogies,more_local_40bench_continuous_fixed_v1,continuous,c13_happycat,30,1000,12,torus,best,plain,20,2,1,1,False,1300.416068003232,0,1300.416068003232,1300.416068003232,1300.416068003232,0,1300.416068003232,1300.416068003232,1300.416068003232,0,1300.416068003232,1300.416068003232,1300.416068003232,0,1300.416068003232,1300.416068003232,0.0,0,0.0,0.0,1300.416068003232,0,1300.416068003232,1300.416068003232,6.881154894583005,0,6.881154894583005,6.881154894583005,246.0,0,246.0,246.0,6.881154894583005,0,6.881154894583005,6.881154894583005,1275121.5481212933,0,1275121.5481212933,1275121.5481212933,1301.1444368584625,0,1301.1444368584625,1301.1444368584625,1301.485662934543,0,1301.485662934543,1301.485662934543,1300.4773935769056,0,1300.4773935769056,1300.4773935769056,1300.416068003232,0,1300.416068003232,1300.416068003232,1300.416068003232,0,1300.416068003232,1300.416068003232,52.0,0,52.0,52.0,88.0,0,88.0,88.0,208.0,0,208.0,208.0,268.0,0,268.0,268.0,552.0,0,552.0,552.0,2,best,eval_to_90pct_improvement_mean
continous_fixed_toplogies,more_local_40bench_continuous_fixed_v1,continuous,c13_happycat,30,1000,12,torus,maxDistance,plain,20,2,1,1,False,1300.5275666826235,0,1300.5275666826235,1300.5275666826235,1300.5491476972197,0,1300.5491476972197,1300.5491476972197,1300.559938204518,0,1300.559938204518,1300.559938204518,1300.559938204518,0,1300.559938204518,1300.559938204518,0.015260081765928244,0,0.015260081765928244,0.015260081765928244,1300.5275666826235,0,1300.5275666826235,1300.5275666826235,6.2196151186049065,0,6.2196151186049065,6.2196151186049065,246.0,0,246.0,246.0,6.2196151186049065,0,6.2196151186049065,6.2196151186049065,1275389.3712224828,0,1275389.3712224828,1275389.3712224828,1301.4177257372273,0,1301.4177257372273,1301.4177257372273,1301.9804446366165,0,1301.9804446366165,1301.9804446366165,1300.587339874833,0,1300.587339874833,1300.587339874833,1300.5764719046622,0,1300.5764719046622,1300.5764719046622,1300.5275666826235,0,1300.5275666826235,1300.5275666826235,32.0,0,32.0,32.0,156.0,0,156.0,156.0,216.0,0,216.0,216.0,332.0,0,332.0,332.0,904.0,0,904.0,904.0,3,maxDistance,eval_to_90pct_improvement_mean
continous_fixed_toplogies,more_local_40bench_continuous_fixed_v1,continuous,c13_happycat,30,1000,12,torus,worst,plain,20,2,1,1,False,1300.3465998931754,0,1300.3465998931754,1300.3465998931754,1300.4753268883117,0,1300.4753268883117,1300.4753268883117,1300.427562894618,0,1300.427562894618,1300.427562894618,1300.660779696222,0,1300.660779696222,1300.660779696222,0.11379259475468477,0,0.11379259475468477,0.11379259475468477,1300.3465998931754,0,1300.3465998931754,1300.3465998931754,6.092976847982072,0,6.092976847982072,6.092976847982072,246.0,0,246.0,246.0,6.092976847982072,0,6.092976847982072,6.092976847982072,1275186.7225563123,0,1275186.7225563123,1275186.7225563123,1301.2109413839921,0,1301.2109413839921,1301.2109413839921,1301.5174699542292,0,1301.5174699542292,1301.5174699542292,1300.3805227048554,0,1300.3805227048554,1300.3805227048554,1300.3805227048554,0,1300.3805227048554,1300.3805227048554,1300.3465998931754,0,1300.3465998931754,1300.3465998931754,56.0,0,56.0,56.0,156.0,0,156.0,156.0,208.0,0,208.0,208.0,336.0,0,336.0,336.0,988.0,0,988.0,988.0,4,worst,eval_to_90pct_improvement_mean
continous_fixed_toplogies,more_local_40bench_continuous_fixed_v1,continuous,c13_happycat,30,1000,12,complete,best,plain,20,2,1,1,False,1300.6607487337344,0,1300.6607487337344,1300.6607487337344,1300.6607487337344,0,1300.6607487337344,1300.6607487337344,1300.6607487337344,0,1300.6607487337344,1300.6607487337344,1300.6607487337344,0,1300.6607487337344,1300.6607487337344,0.0,0,0.0,0.0,1300.6607487337344,0,1300.6607487337344,1300.6607487337344,5.733134713144182,0,5.733134713144182,5.733134713144182,246.0,0,246.0,246.0,5.733134713144182,0,5.733134713144182,5.733134713144182,1275199.352304688,0,1275199.352304688,1275199.352304688,1301.2238288823346,0,1301.2238288823346,1301.2238288823346,1300.7373699090692,0,1300.7373699090692,1300.7373699090692,1300.7290089328321,0,1300.7290089328321,1300.7290089328321,1300.6607487337344,0,1300.6607487337344,1300.6607487337344,1300.6607487337344,0,1300.6607487337344,1300.6607487337344,80.0,0,80.0,80.0,116.0,0,116.0,116.0,152.0,0,152.0,152.0,180.0,0,180.0,180.0,520.0,0,520.0,520.0,1,best,eval_to_90pct_improvement_mean
continous_fixed_toplogies,more_local_40bench_continuous_fixed_v1,continuous,c13_happycat,30,1000,12,complete,random,plain,20,2,1,1,False,1300.5226409786394,0,1300.5226409786394,1300.5226409786394,1300.5318547341903,0,1300.5318547341903,1300.5318547341903,1300.5226409786394,0,1300.5226409786394,1300.5226409786394,1300.5779235119458,0,1300.5779235119458,1300.5779235119458,0.020602583740233882,0,0.020602583740233882,0.020602583740233882,1300.5226409786394,0,1300.5226409786394,1300.5226409786394,6.928155835538519,0,6.928155835538519,6.928155835538519,246.0,0,246.0,246.0,6.928155835538519,0,6.928155835538519,6.928155835538519,1275388.7091068737,0,1275388.7091068737,1275388.7091068737,1301.4170501090548,0,1301.4170501090548,1301.4170501090548,1301.0818344751342,0,1301.0818344751342,1301.0818344751342,1300.6881752801642,0,1300.6881752801642,1300.6881752801642,1300.5583435191766,0,1300.5583435191766,1300.5583435191766,1300.5226409786394,0,1300.5226409786394,1300.5226409786394,48.0,0,48.0,48.0,128.0,0,128.0,128.0,236.0,0,236.0,236.0,240.0,0,240.0,240.0,756.0,0,756.0,756.0,2,random,eval_to_90pct_improvement_mean
continous_fixed_toplogies,more_local_40bench_continuous_fixed_v1,continuous,c13_happycat,30,1000,12,complete,worst,plain,20,2,1,1,False,1300.452480611739,0,1300.452480611739,1300.452480611739,1300.4550718092673,0,1300.4550718092673,1300.4550718092673,1300.452480611739,0,1300.452480611739,1300.452480611739,1300.4628454018523,0,1300.4628454018523,1300.4628454018523,0.004488085771493558,0,0.004488085771493558,0.004488085771493558,1300.452480611739,0,1300.452480611739,1300.452480611739,6.3604124513231,0,6.3604124513231,6.3604124513231,246.0,0,246.0,246.0,6.3604124513231,0,6.3604124513231,6.3604124513231,1275194.788578113,0,1275194.788578113,1275194.788578113,1301.2191720184828,0,1301.2191720184828,1301.2191720184828,1301.0922841081926,0,1301.0922841081926,1301.0922841081926,1300.5332190276094,0,1300.5332190276094,1300.5332190276094,1300.452480611739,0,1300.452480611739,1300.452480611739,1300.452480611739,0,1300.452480611739,1300.452480611739,56.0,0,56.0,56.0,136.0,0,136.0,136.0,200.0,0,200.0,200.0,252.0,0,252.0,252.0,628.0,0,628.0,628.0,3,worst,eval_to_90pct_improvement_mean
continous_fixed_toplogies,more_local_40bench_continuous_fixed_v1,continuous,c13_happycat,30,1000,12,complete,maxDistance,plain,20,2,1,1,False,1300.502411964019,0,1300.502411964019,1300.502411964019,1300.509995071055,0,1300.509995071055,1300.509995071055,1300.502411964019,0,1300.502411964019,1300.502411964019,1300.5206114209054,0,1300.5206114209054,1300.5206114209054,0.00897245324572744,0,0.00897245324572744,0.00897245324572744,1300.502411964019,0,1300.502411964019,1300.502411964019,6.410906539050075,0,6.410906539050075,6.410906539050075,246.0,0,246.0,246.0,6.410906539050075,0,6.410906539050075,6.410906539050075,1275320.6783372134,0,1275320.6783372134,1275320.6783372134,1301.3476309563403,0,1301.3476309563403,1301.3476309563403,1301.4562246244232,0,1301.4562246244232,1301.4562246244232,1300.6361410196105,0,1300.6361410196105,1300.6361410196105,1300.5206114209054,0,1300.5206114209054,1300.5206114209054,1300.502411964019,0,1300.502411964019,1300.502411964019,60.0,0,60.0,60.0,148.0,0,148.0,148.0,212.0,0,212.0,212.0,268.0,0,268.0,268.0,848.0,0,848.0,848.0,4,maxDistance,eval_to_90pct_improvement_mean
continous_fixed_toplogies,more_local_40bench_continuous_fixed_v1,continuous,c14_hgbat,30,1000,12,ring,maxDistance,plain,20,2,1,1,False,1400.3704631456253,0,1400.3704631456253,1400.3704631456253,1418.5317502386238,0,1418.5317502386238,1418.5317502386238,1401.0855735998389,0,1401.0855735998389,1401.0855735998389,1508.3924025777828,0,1508.3924025777828,1508.3924025777828,31.655508277538704,0,31.655508277538704,31.655508277538704,1400.3704631456253,0,1400.3704631456253,1400.3704631456253,224.29835870092825,0,224.29835870092825,224.29835870092825,246.0,0,246.0,246.0,224.29835870092825,0,224.29835870092825,224.29835870092825,1397369.083303729,0,1397369.083303729,1397369.083303729,1425.8868196976828,0,1425.8868196976828,1425.8868196976828,1424.4052402378675,0,1424.4052402378675,1424.4052402378675,1403.644502845708,0,1403.644502845708,1403.644502845708,1400.5500962878502,0,1400.5500962878502,1400.5500962878502,1400.3704631456253,0,1400.3704631456253,1400.3704631456253,40.0,0,40.0,40.0,76.0,0,76.0,76.0,188.0,0,188.0,188.0,264.0,0,264.0,264.0,784.0,0,784.0,784.0,1,maxDistance,eval_to_90pct_improvement_mean
continous_fixed_toplogies,more_local_40bench_continuous_fixed_v1,continuous,c14_hgbat,30,1000,12,ring,worst,plain,20,2,1,1,False,1400.3699266121737,0,1400.3699266121737,1400.3699266121737,1417.1997984913794,0,1417.1997984913794,1417.1997984913794,1400.4662512195998,0,1400.4662512195998,1400.4662512195998,1478.3911999795796,0,1478.3911999795796,1478.3911999795796,28.326985468362345,0,28.326985468362345,28.326985468362345,1400.3699266121737,0,1400.3699266121737,1400.3699266121737,193.71452664536127,0,193.71452664536127,193.71452664536127,246.0,0,246.0,246.0,193.71452664536127,0,193.71452664536127,193.71452664536127,1389399.6551852652,0,1389399.6551852652,1389399.6551852652,1417.7547501890463,0,1417.7547501890463,1417.7547501890463,1430.2486028588967,0,1430.2486028588967,1430.2486028588967,1407.5483583024104,0,1407.5483583024104,1407.5483583024104,1400.6820889322387,0,1400.6820889322387,1400.6820889322387,1400.3699266121737,0,1400.3699266121737,1400.3699266121737,32.0,0,32.0,32.0,56.0,0,56.0,56.0,96.0,0,96.0,96.0,288.0,0,288.0,288.0,852.0,0,852.0,852.0,2,worst,eval_to_90pct_improvement_mean
continous_fixed_toplogies,more_local_40bench_continuous_fixed_v1,continuous,c14_hgbat,30,1000,12,ring,random,plain,20,2,1,1,False,1400.9751835604022,0,1400.9751835604022,1400.9751835604022,1412.7940994256126,0,1412.7940994256126,1412.7940994256126,1407.943371521817,0,1407.943371521817,1407.943371521817,1445.9724570202093,0,1445.9724570202093,1445.9724570202093,14.020496165725007,0,14.020496165725007,14.020496165725007,1400.9751835604022,0,1400.9751835604022,1400.9751835604022,198.54612584521078,0,198.54612584521078,198.54612584521078,246.0,0,246.0,246.0,198.54612584521078,0,198.54612584521078,198.54612584521078,1393312.8699298198,0,1393312.8699298198,1393312.8699298198,1421.7478264589997,0,1421.7478264589997,1421.7478264589997,1432.292595003838,0,1432.292595003838,1432.292595003838,1407.854047485742,0,1407.854047485742,1407.854047485742,1401.0026608478308,0,1401.0026608478308,1401.0026608478308,1400.9751835604022,0,1400.9751835604022,1400.9751835604022,32.0,0,32.0,32.0,80.0,0,80.0,80.0,152.0,0,152.0,152.0,296.0,0,296.0,296.0,888.0,0,888.0,888.0,3,random,eval_to_90pct_improvement_mean
continous_fixed_toplogies,more_local_40bench_continuous_fixed_v1,continuous,c14_hgbat,30,1000,12,ring,best,plain,20,2,1,1,False,1400.3448240986124,0,1400.3448240986124,1400.3448240986124,1426.7981816317674,0,1426.7981816317674,1426.7981816317674,1418.2504902133676,0,1418.2504902133676,1418.2504902133676,1489.1291172124922,0,1489.1291172124922,1489.1291172124922,29.77544184773606,0,29.77544184773606,29.77544184773606,1400.3448240986124,0,1400.3448240986124,1400.3448240986124,207.47287273238976,0,207.47287273238976,207.47287273238976,246.0,0,246.0,246.0,207.47287273238976,0,207.47287273238976,207.47287273238976,1396253.4110509166,0,1396253.4110509166,1396253.4110509166,1424.7483786233843,0,1424.7483786233843,1424.7483786233843,1432.6765075946444,0,1432.6765075946444,1432.6765075946444,1410.1023836600637,0,1410.1023836600637,1410.1023836600637,1400.6955470575251,0,1400.6955470575251,1400.6955470575251,1400.3448240986124,0,1400.3448240986124,1400.3448240986124,44.0,0,44.0,44.0,84.0,0,84.0,84.0,196.0,0,196.0,196.0,316.0,0,316.0,316.0,848.0,0,848.0,848.0,4,best,eval_to_90pct_improvement_mean
continous_fixed_toplogies,more_local_40bench_continuous_fixed_v1,continuous,c14_hgbat,30,1000,12,torus,best,plain,20,2,1,1,False,1400.8941655638178,0,1400.8941655638178,1400.8941655638178,1400.8941655638178,0,1400.8941655638178,1400.8941655638178,1400.8941655638178,0,1400.8941655638178,1400.8941655638178,1400.8941655638178,0,1400.8941655638178,1400.8941655638178,0.0,0,0.0,0.0,1400.8941655638178,0,1400.8941655638178,1400.8941655638178,199.486361738102,0,199.486361738102,199.486361738102,246.0,0,246.0,246.0,199.486361738102,0,199.486361738102,199.486361738102,1386106.536427794,0,1386106.536427794,1386106.536427794,1414.3944249263204,0,1414.3944249263204,1414.3944249263204,1410.863888904638,0,1410.863888904638,1410.863888904638,1400.8941655638178,0,1400.8941655638178,1400.8941655638178,1400.8941655638178,0,1400.8941655638178,1400.8941655638178,1400.8941655638178,0,1400.8941655638178,1400.8941655638178,36.0,0,36.0,36.0,68.0,0,68.0,68.0,112.0,0,112.0,112.0,192.0,0,192.0,192.0,460.0,0,460.0,460.0,1,best,eval_to_90pct_improvement_mean
continous_fixed_toplogies,more_local_40bench_continuous_fixed_v1,continuous,c14_hgbat,30,1000,12,torus,random,plain,20,2,1,1,False,1400.4243844637326,0,1400.4243844637326,1400.4243844637326,1400.4452531690154,0,1400.4452531690154,1400.4452531690154,1400.442346997606,0,1400.442346997606,1400.442346997606,1400.4665996041751,0,1400.4665996041751,1400.4665996041751,0.011724209734904137,0,0.011724209734904137,0.011724209734904137,1400.4243844637326,0,1400.4243844637326,1400.4243844637326,228.8461807235933,0,228.8461807235933,228.8461807235933,246.0,0,246.0,246.0,228.8461807235933,0,228.8461807235933,228.8461807235933,1392116.106207063,0,1392116.106207063,1392116.106207063,1420.5266389867988,0,1420.5266389867988,1420.5266389867988,1425.0281989998844,0,1425.0281989998844,1425.0281989998844,1401.2414652432121,0,1401.2414652432121,1401.2414652432121,1400.4657637937282,0,1400.4657637937282,1400.4657637937282,1400.4243844637326,0,1400.4243844637326,1400.4243844637326,28.0,0,28.0,28.0,76.0,0,76.0,76.0,140.0,0,140.0,140.0,256.0,0,256.0,256.0,924.0,0,924.0,924.0,2,random,eval_to_90pct_improvement_mean
continous_fixed_toplogies,more_local_40bench_continuous_fixed_v1,continuous,c14_hgbat,30,1000,12,torus,maxDistance,plain,20,2,1,1,False,1400.431206833468,0,1400.431206833468,1400.431206833468,1400.4449360427502,0,1400.4449360427502,1400.4449360427502,1400.4348728377588,0,1400.4348728377588,1400.4348728377588,1400.4802010779367,0,1400.4802010779367,1400.4802010779367,0.0180062158906662,0,0.0180062158906662,0.0180062158906662,1400.431206833468,0,1400.431206833468,1400.431206833468,207.41482093100853,0,207.41482093100853,207.41482093100853,246.0,0,246.0,246.0,207.41482093100853,0,207.41482093100853,207.41482093100853,1393138.831222144,0,1393138.831222144,1393138.831222144,1421.5702359409631,0,1421.5702359409631,1421.5702359409631,1424.6102994904697,0,1424.6102994904697,1424.6102994904697,1405.5188837357427,0,1405.5188837357427,1405.5188837357427,1400.4758121495875,0,1400.4758121495875,1400.4758121495875,1400.431206833468,0,1400.431206833468,1400.431206833468,44.0,0,44.0,44.0,76.0,0,76.0,76.0,132.0,0,132.0,132.0,280.0,0,280.0,280.0,832.0,0,832.0,832.0,3,maxDistance,eval_to_90pct_improvement_mean
continous_fixed_toplogies,more_local_40bench_continuous_fixed_v1,continuous,c14_hgbat,30,1000,12,torus,worst,plain,20,2,1,1,False,1400.5245334336635,0,1400.5245334336635,1400.5245334336635,1400.761349995634,0,1400.761349995634,1400.761349995634,1400.8248930544348,0,1400.8248930544348,1400.8248930544348,1400.9893649190233,0,1400.9893649190233,1400.9893649190233,0.15229141269408641,0,0.15229141269408641,0.15229141269408641,1400.5245334336635,0,1400.5245334336635,1400.5245334336635,188.05994252938217,0,188.05994252938217,188.05994252938217,246.0,0,246.0,246.0,188.05994252938217,0,188.05994252938217,188.05994252938217,1393077.990476082,0,1393077.990476082,1393077.990476082,1421.5081535470226,0,1421.5081535470226,1421.5081535470226,1432.8167385014683,0,1432.8167385014683,1432.8167385014683,1408.3828796908317,0,1408.3828796908317,1408.3828796908317,1400.8447008838743,0,1400.8447008838743,1400.8447008838743,1400.5245334336635,0,1400.5245334336635,1400.5245334336635,28.0,0,28.0,28.0,88.0,0,88.0,88.0,140.0,0,140.0,140.0,336.0,0,336.0,336.0,816.0,0,816.0,816.0,4,worst,eval_to_90pct_improvement_mean
continous_fixed_toplogies,more_local_40bench_continuous_fixed_v1,continuous,c14_hgbat,30,1000,12,complete,best,plain,20,2,1,1,False,1401.0146899855793,0,1401.0146899855793,1401.0146899855793,1401.0146899855793,0,1401.0146899855793,1401.0146899855793,1401.0146899855793,0,1401.0146899855793,1401.0146899855793,1401.0146899855793,0,1401.0146899855793,1401.0146899855793,0.0,0,0.0,0.0,1401.0146899855793,0,1401.0146899855793,1401.0146899855793,206.28086962417729,0,206.28086962417729,206.28086962417729,246.0,0,246.0,246.0,206.28086962417729,0,206.28086962417729,206.28086962417729,1385177.7673393218,0,1385177.7673393218,1385177.7673393218,1413.446701366655,0,1413.446701366655,1413.446701366655,1406.0159095141719,0,1406.0159095141719,1406.0159095141719,1401.1843279884608,0,1401.1843279884608,1401.1843279884608,1401.0146899855793,0,1401.0146899855793,1401.0146899855793,1401.0146899855793,0,1401.0146899855793,1401.0146899855793,32.0,0,32.0,32.0,72.0,0,72.0,72.0,112.0,0,112.0,112.0,164.0,0,164.0,164.0,744.0,0,744.0,744.0,1,best,eval_to_90pct_improvement_mean
continous_fixed_toplogies,more_local_40bench_continuous_fixed_v1,continuous,c14_hgbat,30,1000,12,complete,random,plain,20,2,1,1,False,1400.4705948719186,0,1400.4705948719186,1400.4705948719186,1400.478747898207,0,1400.478747898207,1400.478747898207,1400.4828244113514,0,1400.4828244113514,1400.4828244113514,1400.4828244113514,0,1400.4828244113514,1400.4828244113514,0.005765060175831813,0,0.005765060175831813,0.005765060175831813,1400.4705948719186,0,1400.4705948719186,1400.4705948719186,229.99677912890752,0,229.99677912890752,229.99677912890752,246.0,0,246.0,246.0,229.99677912890752,0,229.99677912890752,229.99677912890752,1390045.1948581673,0,1390045.1948581673,1390045.1948581673,1418.4134641409871,0,1418.4134641409871,1418.4134641409871,1413.5602181751347,0,1413.5602181751347,1413.5602181751347,1400.5409019020444,0,1400.5409019020444,1400.5409019020444,1400.4828244113514,0,1400.4828244113514,1400.4828244113514,1400.4705948719186,0,1400.4705948719186,1400.4705948719186,48.0,0,48.0,48.0,68.0,0,68.0,68.0,132.0,0,132.0,132.0,208.0,0,208.0,208.0,872.0,0,872.0,872.0,2,random,eval_to_90pct_improvement_mean
continous_fixed_toplogies,more_local_40bench_continuous_fixed_v1,continuous,c14_hgbat,30,1000,12,complete,maxDistance,plain,20,2,1,1,False,1400.3163148743022,0,1400.3163148743022,1400.3163148743022,1400.3199609402259,0,1400.3199609402259,1400.3199609402259,1400.3163148743022,0,1400.3163148743022,1400.3163148743022,1400.3250654325188,0,1400.3250654325188,1400.3250654325188,0.004314083379702216,0,0.004314083379702216,0.004314083379702216,1400.3163148743022,0,1400.3163148743022,1400.3163148743022,217.35333234501832,0,217.35333234501832,217.35333234501832,246.0,0,246.0,246.0,217.35333234501832,0,217.35333234501832,217.35333234501832,1390925.0898941974,0,1390925.0898941974,1390925.0898941974,1419.311316218569,0,1419.311316218569,1419.311316218569,1416.6245506091361,0,1416.6245506091361,1416.6245506091361,1400.456848906707,0,1400.456848906707,1400.456848906707,1400.3250654325188,0,1400.3250654325188,1400.3250654325188,1400.3163148743022,0,1400.3163148743022,1400.3163148743022,44.0,0,44.0,44.0,84.0,0,84.0,84.0,136.0,0,136.0,136.0,232.0,0,232.0,232.0,856.0,0,856.0,856.0,3,maxDistance,eval_to_90pct_improvement_mean
continous_fixed_toplogies,more_local_40bench_continuous_fixed_v1,continuous,c14_hgbat,30,1000,12,complete,worst,plain,20,2,1,1,False,1400.3635994966635,0,1400.3635994966635,1400.3635994966635,1400.3853868301653,0,1400.3853868301653,1400.3853868301653,1400.3920589665613,0,1400.3920589665613,1400.3920589665613,1400.39399860557,0,1400.39399860557,1400.39399860557,0.012694022070750745,0,0.012694022070750745,0.012694022070750745,1400.3635994966635,0,1400.3635994966635,1400.3635994966635,178.53627825869444,0,178.53627825869444,178.53627825869444,246.0,0,246.0,246.0,178.53627825869444,0,178.53627825869444,178.53627825869444,1388792.4748576651,0,1388792.4748576651,1388792.4748576651,1417.135178426189,0,1417.135178426189,1417.135178426189,1418.4449864888597,0,1418.4449864888597,1418.4449864888597,1400.5565469005674,0,1400.5565469005674,1400.5565469005674,1400.3920589665613,0,1400.3920589665613,1400.3920589665613,1400.3635994966635,0,1400.3635994966635,1400.3635994966635,48.0,0,48.0,48.0,84.0,0,84.0,84.0,120.0,0,120.0,120.0,256.0,0,256.0,256.0,912.0,0,912.0,912.0,4,worst,eval_to_90pct_improvement_mean
continous_fixed_toplogies,more_local_40bench_continuous_fixed_v1,continuous,c15_grie_rosen,30,1000,12,ring,random,plain,20,2,1,1,False,1797.6602093342997,0,1797.6602093342997,1797.6602093342997,8292.24314856402,0,8292.24314856402,8292.24314856402,2039.1878307643792,0,2039.1878307643792,2039.1878307643792,71087.35255270751,0,71087.35255270751,71087.35255270751,18981.219551912614,0,18981.219551912614,18981.219551912614,1797.6602093342997,0,1797.6602093342997,1797.6602093342997,3532874.7193672503,0,3532874.7193672503,3532874.7193672503,246.0,0,246.0,246.0,3532874.7193672503,0,3532874.7193672503,3532874.7193672503,92249929.4727446,0,92249929.4727446,92249929.4727446,94132.58109463735,0,94132.58109463735,94132.58109463735,45396.673036154156,0,45396.673036154156,45396.673036154156,6054.242602938434,0,6054.242602938434,6054.242602938434,2268.2334537402794,0,2268.2334537402794,2268.2334537402794,1797.6602093342997,0,1797.6602093342997,1797.6602093342997,32.0,0,32.0,32.0,36.0,0,36.0,36.0,40.0,0,40.0,40.0,80.0,0,80.0,80.0,996.0,0,996.0,996.0,1,random,eval_to_90pct_improvement_mean
continous_fixed_toplogies,more_local_40bench_continuous_fixed_v1,continuous,c15_grie_rosen,30,1000,12,ring,maxDistance,plain,20,2,1,1,False,1614.2012004201404,0,1614.2012004201404,1614.2012004201404,7052.965641619876,0,7052.965641619876,7052.965641619876,1766.1328000480837,0,1766.1328000480837,1766.1328000480837,24920.3749229547,0,24920.3749229547,24920.3749229547,7813.394721334566,0,7813.394721334566,7813.394721334566,1614.2012004201404,0,1614.2012004201404,1614.2012004201404,2471216.5204489147,0,2471216.5204489147,2471216.5204489147,246.0,0,246.0,246.0,2471216.5204489147,0,2471216.5204489147,2471216.5204489147,83841418.95329107,0,83841418.95329107,83841418.95329107,85552.46831968476,0,85552.46831968476,85552.46831968476,35595.84198371621,0,35595.84198371621,35595.84198371621,3083.183969794579,0,3083.183969794579,3083.183969794579,1881.1564350753458,0,1881.1564350753458,1881.1564350753458,1614.2012004201404,0,1614.2012004201404,1614.2012004201404,36.0,0,36.0,36.0,40.0,0,40.0,40.0,56.0,0,56.0,56.0,88.0,0,88.0,88.0,1000.0,0,1000.0,1000.0,2,maxDistance,eval_to_90pct_improvement_mean
continous_fixed_toplogies,more_local_40bench_continuous_fixed_v1,continuous,c15_grie_rosen,30,1000,12,ring,best,plain,20,2,1,1,False,1572.6617352440398,0,1572.6617352440398,1572.6617352440398,7914.260803716198,0,7914.260803716198,7914.260803716198,1839.7346594184123,0,1839.7346594184123,1839.7346594184123,73134.62364652565,0,73134.62364652565,73134.62364652565,19670.73870461266,0,19670.73870461266,19670.73870461266,1572.6617352440398,0,1572.6617352440398,1572.6617352440398,1318199.4565230953,0,1318199.4565230953,1318199.4565230953,246.0,0,246.0,246.0,1318199.4565230953,0,1318199.4565230953,1318199.4565230953,91099720.88910133,0,91099720.88910133,91099720.88910133,92958.89886642992,0,92958.89886642992,92958.89886642992,26474.54721317,0,26474.54721317,26474.54721317,1970.239644790769,0,1970.239644790769,1970.239644790769,1605.8611119392021,0,1605.8611119392021,1605.8611119392021,1572.6617352440398,0,1572.6617352440398,1572.6617352440398,72.0,0,72.0,72.0,88.0,0,88.0,88.0,100.0,0,100.0,100.0,120.0,0,120.0,120.0,988.0,0,988.0,988.0,3,best,eval_to_90pct_improvement_mean
continous_fixed_toplogies,more_local_40bench_continuous_fixed_v1,continuous,c15_grie_rosen,30,1000,12,ring,worst,plain,20,2,1,1,False,1757.2380756459572,0,1757.2380756459572,1757.2380756459572,12198.72000883323,0,12198.72000883323,12198.72000883323,2285.534152478275,0,2285.534152478275,2285.534152478275,120557.53751631855,0,120557.53751631855,120557.53751631855,32676.53293517383,0,32676.53293517383,32676.53293517383,1757.2380756459572,0,1757.2380756459572,1757.2380756459572,444661.8340821163,0,444661.8340821163,444661.8340821163,246.0,0,246.0,246.0,444661.8340821163,0,444661.8340821163,444661.8340821163,16633419.064673252,0,16633419.064673252,16633419.064673252,16972.876596605358,0,16972.876596605358,16972.876596605358,7839.0465696477695,0,7839.0465696477695,7839.0465696477695,3469.771956810665,0,3469.771956810665,3469.771956810665,2382.1262903039606,0,2382.1262903039606,2382.1262903039606,1757.2380756459572,0,1757.2380756459572,1757.2380756459572,24.0,0,24.0,24.0,24.0,0,24.0,24.0,60.0,0,60.0,60.0,128.0,0,128.0,128.0,992.0,0,992.0,992.0,4,worst,eval_to_90pct_improvement_mean
continous_fixed_toplogies,more_local_40bench_continuous_fixed_v1,continuous,c15_grie_rosen,30,1000,12,torus,best,plain,20,2,1,1,False,1527.5795635252512,0,1527.5795635252512,1527.5795635252512,1528.2988961773044,0,1528.2988961773044,1528.2988961773044,1528.1344704978155,0,1528.1344704978155,1528.1344704978155,1529.6884510125117,0,1529.6884510125117,1529.6884510125117,0.6020971122768118,0,0.6020971122768118,0.6020971122768118,1527.5795635252512,0,1527.5795635252512,1527.5795635252512,2870237.260337427,0,2870237.260337427,2870237.260337427,246.0,0,246.0,246.0,2870237.260337427,0,2870237.260337427,2870237.260337427,82456259.7768894,0,82456259.7768894,82456259.7768894,84139.04058866265,0,84139.04058866265,84139.04058866265,2334.8208791127213,0,2334.8208791127213,2334.8208791127213,1548.5754145760823,0,1548.5754145760823,1548.5754145760823,1530.360385542028,0,1530.360385542028,1530.360385542028,1527.5795635252512,0,1527.5795635252512,1527.5795635252512,44.0,0,44.0,44.0,52.0,0,52.0,52.0,60.0,0,60.0,60.0,60.0,0,60.0,60.0,956.0,0,956.0,956.0,1,best,eval_to_90pct_improvement_mean
continous_fixed_toplogies,more_local_40bench_continuous_fixed_v1,continuous,c15_grie_rosen,30,1000,12,torus,random,plain,20,2,1,1,False,1557.653210010917,0,1557.653210010917,1557.653210010917,1585.490815187363,0,1585.490815187363,1585.490815187363,1577.6528734883584,0,1577.6528734883584,1577.6528734883584,1646.5166588580098,0,1646.5166588580098,1646.5166588580098,24.571898053524684,0,24.571898053524684,24.571898053524684,1557.653210010917,0,1557.653210010917,1557.653210010917,6106075.820602749,0,6106075.820602749,6106075.820602749,246.0,0,246.0,246.0,6106075.820602749,0,6106075.820602749,6106075.820602749,175876401.88232622,0,175876401.88232622,175876401.88232622,179465.7162064553,0,179465.7162064553,179465.7162064553,7529.877328058293,0,7529.877328058293,7529.877328058293,2067.1512412261436,0,2067.1512412261436,2067.1512412261436,1579.1718457327893,0,1579.1718457327893,1579.1718457327893,1557.653210010917,0,1557.653210010917,1557.653210010917,28.0,0,28.0,28.0,48.0,0,48.0,48.0,52.0,0,52.0,52.0,84.0,0,84.0,84.0,988.0,0,988.0,988.0,2,random,eval_to_90pct_improvement_mean
continous_fixed_toplogies,more_local_40bench_continuous_fixed_v1,continuous,c15_grie_rosen,30,1000,12,torus,maxDistance,plain,20,2,1,1,False,1542.1015477368805,0,1542.1015477368805,1542.1015477368805,1547.2752181853518,0,1547.2752181853518,1547.2752181853518,1545.3020663957752,0,1545.3020663957752,1545.3020663957752,1560.601659663056,0,1560.601659663056,1560.601659663056,5.774191352364131,0,5.774191352364131,5.774191352364131,1542.1015477368805,0,1542.1015477368805,1542.1015477368805,2843150.4963501864,0,2843150.4963501864,2843150.4963501864,246.0,0,246.0,246.0,2843150.4963501864,0,2843150.4963501864,2843150.4963501864,103707097.79337507,0,103707097.79337507,103707097.79337507,105823.56917691334,0,105823.56917691334,105823.56917691334,13503.624772036434,0,13503.624772036434,13503.624772036434,1970.4899944883282,0,1970.4899944883282,1970.4899944883282,1559.040490201449,0,1559.040490201449,1559.040490201449,1542.1015477368805,0,1542.1015477368805,1542.1015477368805,28.0,0,28.0,28.0,44.0,0,44.0,44.0,68.0,0,68.0,68.0,92.0,0,92.0,92.0,1000.0,0,1000.0,1000.0,3,maxDistance,eval_to_90pct_improvement_mean
continous_fixed_toplogies,more_local_40bench_continuous_fixed_v1,continuous,c15_grie_rosen,30,1000,12,torus,worst,plain,20,2,1,1,False,1532.343309754224,0,1532.343309754224,1532.343309754224,1539.8710113434988,0,1539.8710113434988,1539.8710113434988,1537.7394833565895,0,1537.7394833565895,1537.7394833565895,1557.2034407691217,0,1557.2034407691217,1557.2034407691217,6.783076811195166,0,6.783076811195166,6.783076811195166,1532.343309754224,0,1532.343309754224,1532.343309754224,3211427.1364600267,0,3211427.1364600267,3211427.1364600267,246.0,0,246.0,246.0,3211427.1364600267,0,3211427.1364600267,3211427.1364600267,107334705.5070788,0,107334705.5070788,107334705.5070788,109525.20970110082,0,109525.20970110082,109525.20970110082,10396.441635406916,0,10396.441635406916,10396.441635406916,1940.095210024694,0,1940.095210024694,1940.095210024694,1564.6696552398953,0,1564.6696552398953,1564.6696552398953,1532.343309754224,0,1532.343309754224,1532.343309754224,28.0,0,28.0,28.0,36.0,0,36.0,36.0,68.0,0,68.0,68.0,112.0,0,112.0,112.0,960.0,0,960.0,960.0,4,worst,eval_to_90pct_improvement_mean
continous_fixed_toplogies,more_local_40bench_continuous_fixed_v1,continuous,c15_grie_rosen,30,1000,12,complete,random,plain,20,2,1,1,False,1517.7455322833498,0,1517.7455322833498,1517.7455322833498,1519.9214308831272,0,1519.9214308831272,1519.9214308831272,1519.5596563633244,0,1519.5596563633244,1519.5596563633244,1522.45035338604,0,1522.45035338604,1522.45035338604,1.0694758694580067,0,1.0694758694580067,1.0694758694580067,1517.7455322833498,0,1517.7455322833498,1517.7455322833498,8519362.834750416,0,8519362.834750416,8519362.834750416,246.0,0,246.0,246.0,8519362.834750416,0,8519362.834750416,8519362.834750416,106548527.00885509,0,106548527.00885509,106548527.00885509,108722.98674372968,0,108722.98674372968,108722.98674372968,2050.229318087245,0,2050.229318087245,2050.229318087245,1527.9268116383885,0,1527.9268116383885,1527.9268116383885,1519.9830261336283,0,1519.9830261336283,1519.9830261336283,1517.7455322833498,0,1517.7455322833498,1517.7455322833498,28.0,0,28.0,28.0,28.0,0,28.0,28.0,32.0,0,32.0,32.0,48.0,0,48.0,48.0,996.0,0,996.0,996.0,1,random,eval_to_90pct_improvement_mean
continous_fixed_toplogies,more_local_40bench_continuous_fixed_v1,continuous,c15_grie_rosen,30,1000,12,complete,best,plain,20,2,1,1,False,1526.7248459133973,0,1526.7248459133973,1526.7248459133973,1528.295415332751,0,1528.295415332751,1528.295415332751,1528.1540851434527,0,1528.1540851434527,1528.1540851434527,1530.3904469249285,0,1530.3904469249285,1530.3904469249285,1.3343368071865942,0,1.3343368071865942,1.3343368071865942,1526.7248459133973,0,1526.7248459133973,1526.7248459133973,4255548.317239871,0,4255548.317239871,4255548.317239871,246.0,0,246.0,246.0,4255548.317239871,0,4255548.317239871,4255548.317239871,79375765.24596731,0,79375765.24596731,79375765.24596731,80995.67882241562,0,80995.67882241562,80995.67882241562,2172.659166560129,0,2172.659166560129,2172.659166560129,1587.5213745825743,0,1587.5213745825743,1587.5213745825743,1530.3904469249285,0,1530.3904469249285,1530.3904469249285,1526.7248459133973,0,1526.7248459133973,1526.7248459133973,28.0,0,28.0,28.0,32.0,0,32.0,32.0,52.0,0,52.0,52.0,76.0,0,76.0,76.0,988.0,0,988.0,988.0,2,best,eval_to_90pct_improvement_mean
continous_fixed_toplogies,more_local_40bench_continuous_fixed_v1,continuous,c15_grie_rosen,30,1000,12,complete,worst,plain,20,2,1,1,False,1526.2008099228576,0,1526.2008099228576,1526.2008099228576,1532.4199964032123,0,1532.4199964032123,1532.4199964032123,1532.7549848957597,0,1532.7549848957597,1532.7549848957597,1534.5188373464614,0,1534.5188373464614,1534.5188373464614,2.2256644264604164,0,2.2256644264604164,2.2256644264604164,1526.2008099228576,0,1526.2008099228576,1526.2008099228576,5580721.805455383,0,5580721.805455383,5580721.805455383,246.0,0,246.0,246.0,5580721.805455383,0,5580721.805455383,5580721.805455383,148968617.10082766,0,148968617.10082766,148968617.10082766,152008.79296002822,0,152008.79296002822,152008.79296002822,3197.4239003598605,0,3197.4239003598605,3197.4239003598605,1621.2725387465423,0,1621.2725387465423,1621.2725387465423,1541.4716325034965,0,1541.4716325034965,1541.4716325034965,1526.2008099228576,0,1526.2008099228576,1526.2008099228576,24.0,0,24.0,24.0,32.0,0,32.0,32.0,72.0,0,72.0,72.0,96.0,0,96.0,96.0,996.0,0,996.0,996.0,3,worst,eval_to_90pct_improvement_mean
continous_fixed_toplogies,more_local_40bench_continuous_fixed_v1,continuous,c15_grie_rosen,30,1000,12,complete,maxDistance,plain,20,2,1,1,False,1532.2238117312036,0,1532.2238117312036,1532.2238117312036,1536.6316931394106,0,1536.6316931394106,1536.6316931394106,1535.506776887463,0,1535.506776887463,1535.506776887463,1549.1203191203704,0,1549.1203191203704,1549.1203191203704,4.342210622841482,0,4.342210622841482,4.342210622841482,1532.2238117312036,0,1532.2238117312036,1532.2238117312036,5862251.705950342,0,5862251.705950342,5862251.705950342,246.0,0,246.0,246.0,5862251.705950342,0,5862251.705950342,5862251.705950342,162646639.99397507,0,162646639.99397507,162646639.99397507,165965.9591775256,0,165965.9591775256,165965.9591775256,2659.2265902098347,0,2659.2265902098347,2659.2265902098347,1592.091703890083,0,1592.091703890083,1592.091703890083,1538.9123267549198,0,1538.9123267549198,1538.9123267549198,1532.2238117312036,0,1532.2238117312036,1532.2238117312036,28.0,0,28.0,28.0,36.0,0,36.0,36.0,64.0,0,64.0,64.0,100.0,0,100.0,100.0,968.0,0,968.0,968.0,4,maxDistance,eval_to_90pct_improvement_mean
continous_fixed_toplogies,more_local_40bench_continuous_fixed_v1,continuous,c16_schaffer_f6,30,1000,12,ring,maxDistance,plain,20,2,1,1,False,1612.581519786852,0,1612.581519786852,1612.581519786852,1612.7476938110447,0,1612.7476938110447,1612.7476938110447,1612.6213302765104,0,1612.6213302765104,1612.6213302765104,1613.1126380219641,0,1613.1126380219641,1613.1126380219641,0.19837228270736573,0,0.19837228270736573,0.19837228270736573,1612.581519786852,0,1612.581519786852,1612.581519786852,1.3488956792562021,0,1.3488956792562021,1.3488956792562021,246.0,0,246.0,246.0,1.3488956792562021,0,1.3488956792562021,1.3488956792562021,1580691.6210253148,0,1580691.6210253148,1580691.6210253148,1612.9506336993009,0,1612.9506336993009,1612.9506336993009,1613.2624359012289,0,1613.2624359012289,1613.2624359012289,1612.6989810904483,0,1612.6989810904483,1612.6989810904483,1612.6108312678878,0,1612.6108312678878,1612.6108312678878,1612.581519786852,0,1612.581519786852,1612.581519786852,156.0,0,156.0,156.0,256.0,0,256.0,256.0,452.0,0,452.0,452.0,488.0,0,488.0,488.0,968.0,0,968.0,968.0,1,maxDistance,eval_to_90pct_improvement_mean
continous_fixed_toplogies,more_local_40bench_continuous_fixed_v1,continuous,c16_schaffer_f6,30,1000,12,ring,worst,plain,20,2,1,1,False,1612.892648295761,0,1612.892648295761,1612.892648295761,1613.0140574565153,0,1613.0140574565153,1613.0140574565153,1612.9333641584108,0,1612.9333641584108,1612.9333641584108,1613.4275873904262,0,1613.4275873904262,1613.4275873904262,0.1865047600507199,0,0.1865047600507199,0.1865047600507199,1612.892648295761,0,1612.892648295761,1612.892648295761,1.2147934522556625,0,1.2147934522556625,1.2147934522556625,246.0,0,246.0,246.0,1.2147934522556625,0,1.2147934522556625,1.2147934522556625,1580841.7910107714,0,1580841.7910107714,1580841.7910107714,1613.1038683783381,0,1613.1038683783381,1613.1038683783381,1613.1705890989408,0,1613.1705890989408,1613.1705890989408,1613.0513838764425,0,1613.0513838764425,1613.0513838764425,1612.9470579416168,0,1612.9470579416168,1612.9470579416168,1612.892648295761,0,1612.892648295761,1612.892648295761,76.0,0,76.0,76.0,96.0,0,96.0,96.0,152.0,0,152.0,152.0,528.0,0,528.0,528.0,992.0,0,992.0,992.0,2,worst,eval_to_90pct_improvement_mean
continous_fixed_toplogies,more_local_40bench_continuous_fixed_v1,continuous,c16_schaffer_f6,30,1000,12,ring,best,plain,20,2,1,1,False,1611.9250650501974,0,1611.9250650501974,1611.9250650501974,1612.4856941417165,0,1612.4856941417165,1612.4856941417165,1611.9781630003085,0,1611.9781630003085,1611.9781630003085,1613.723676545205,0,1613.723676545205,1613.723676545205,0.6606205584990089,0,0.6606205584990089,0.6606205584990089,1611.9250650501974,0,1611.9250650501974,1611.9250650501974,1.6530789125363299,0,1.6530789125363299,1.6530789125363299,246.0,0,246.0,246.0,1.6530789125363299,0,1.6530789125363299,1.6530789125363299,1580149.2891200015,0,1580149.2891200015,1580149.2891200015,1612.3972337959199,0,1612.3972337959199,1612.3972337959199,1612.481931520995,0,1612.481931520995,1612.481931520995,1612.1350327279667,0,1612.1350327279667,1612.1350327279667,1612.0210397941082,0,1612.0210397941082,1612.0210397941082,1611.9250650501974,0,1611.9250650501974,1611.9250650501974,172.0,0,172.0,172.0,236.0,0,236.0,236.0,432.0,0,432.0,432.0,644.0,0,644.0,644.0,976.0,0,976.0,976.0,3,best,eval_to_90pct_improvement_mean
continous_fixed_toplogies,more_local_40bench_continuous_fixed_v1,continuous,c16_schaffer_f6,30,1000,12,ring,random,plain,20,2,1,1,False,1612.8554544481199,0,1612.8554544481199,1612.8554544481199,1612.9279087043449,0,1612.9279087043449,1612.9279087043449,1612.890766262126,0,1612.890766262126,1612.890766262126,1613.117235618656,0,1613.117235618656,1613.117235618656,0.08123608785836928,0,0.08123608785836928,0.08123608785836928,1612.8554544481199,0,1612.8554544481199,1612.8554544481199,1.1808645270323268,0,1.1808645270323268,1.1808645270323268,246.0,0,246.0,246.0,1.1808645270323268,0,1.1808645270323268,1.1808645270323268,1580805.1213765584,0,1580805.1213765584,1580805.1213765584,1613.0664503842434,0,1613.0664503842434,1613.0664503842434,1613.0941426489217,0,1613.0941426489217,1613.0941426489217,1613.026749647939,0,1613.026749647939,1613.026749647939,1612.8728543496252,0,1612.8728543496252,1612.8728543496252,1612.8554544481199,0,1612.8554544481199,1612.8554544481199,60.0,0,60.0,60.0,68.0,0,68.0,68.0,244.0,0,244.0,244.0,672.0,0,672.0,672.0,992.0,0,992.0,992.0,4,random,eval_to_90pct_improvement_mean
continous_fixed_toplogies,more_local_40bench_continuous_fixed_v1,continuous,c16_schaffer_f6,30,1000,12,torus,best,plain,20,2,1,1,False,1612.7790191767706,0,1612.7790191767706,1612.7790191767706,1612.7815991835907,0,1612.7815991835907,1612.7815991835907,1612.7810888972142,0,1612.7810888972142,1612.7810888972142,1612.785004180548,0,1612.785004180548,1612.785004180548,0.002090574519771773,0,0.002090574519771773,0.002090574519771773,1612.7790191767706,0,1612.7790191767706,1612.7790191767706,1.2369921530264492,0,1.2369921530264492,1.2369921530264492,246.0,0,246.0,246.0,1.2369921530264492,0,1.2369921530264492,1.2369921530264492,1580681.879707382,0,1580681.879707382,1580681.879707382,1612.9406935789614,0,1612.9406935789614,1612.9406935789614,1612.8384418642622,0,1612.8384418642622,1612.8384418642622,1612.8067803071096,0,1612.8067803071096,1612.8067803071096,1612.7894041504303,0,1612.7894041504303,1612.7894041504303,1612.7790191767706,0,1612.7790191767706,1612.7790191767706,68.0,0,68.0,68.0,128.0,0,128.0,128.0,212.0,0,212.0,212.0,224.0,0,224.0,224.0,1000.0,0,1000.0,1000.0,1,best,eval_to_90pct_improvement_mean
continous_fixed_toplogies,more_local_40bench_continuous_fixed_v1,continuous,c16_schaffer_f6,30,1000,12,torus,maxDistance,plain,20,2,1,1,False,1612.3173773821836,0,1612.3173773821836,1612.3173773821836,1612.3298934543805,0,1612.3298934543805,1612.3298934543805,1612.331812130631,0,1612.331812130631,1612.331812130631,1612.3360624153445,0,1612.3360624153445,1612.3360624153445,0.005300366146065175,0,0.005300366146065175,0.005300366146065175,1612.3173773821836,0,1612.3173773821836,1612.3173773821836,1.845931558946404,0,1.845931558946404,1.845931558946404,246.0,0,246.0,246.0,1.845931558946404,0,1.845931558946404,1.845931558946404,1580301.1136140616,0,1580301.1136140616,1580301.1136140616,1612.5521567490425,0,1612.5521567490425,1612.5521567490425,1612.6129555018142,0,1612.6129555018142,1612.6129555018142,1612.3619399756708,0,1612.3619399756708,1612.3619399756708,1612.3345442608993,0,1612.3345442608993,1612.3345442608993,1612.3173773821836,0,1612.3173773821836,1612.3173773821836,48.0,0,48.0,48.0,112.0,0,112.0,112.0,204.0,0,204.0,204.0,256.0,0,256.0,256.0,940.0,0,940.0,940.0,2,maxDistance,eval_to_90pct_improvement_mean
continous_fixed_toplogies,more_local_40bench_continuous_fixed_v1,continuous,c16_schaffer_f6,30,1000,12,torus,random,plain,20,2,1,1,False,1611.968995944836,0,1611.968995944836,1611.968995944836,1611.9822945390745,0,1611.9822945390745,1611.9822945390745,1611.9701311636966,0,1611.9701311636966,1611.9701311636966,1612.0107704739455,0,1612.0107704739455,1612.0107704739455,0.015900378811700224,0,0.015900378811700224,0.015900378811700224,1611.968995944836,0,1611.968995944836,1611.968995944836,2.2214338812175356,0,2.2214338812175356,2.2214338812175356,246.0,0,246.0,246.0,2.2214338812175356,0,2.2214338812175356,2.2214338812175356,1580155.9349306782,0,1580155.9349306782,1580155.9349306782,1612.404015235386,0,1612.404015235386,1612.404015235386,1612.9986043096749,0,1612.9986043096749,1612.9986043096749,1612.1078979252359,0,1612.1078979252359,1612.1078979252359,1612.0143881869167,0,1612.0143881869167,1612.0143881869167,1611.968995944836,0,1611.968995944836,1611.968995944836,28.0,0,28.0,28.0,224.0,0,224.0,224.0,288.0,0,288.0,288.0,460.0,0,460.0,460.0,964.0,0,964.0,964.0,3,random,eval_to_90pct_improvement_mean
continous_fixed_toplogies,more_local_40bench_continuous_fixed_v1,continuous,c16_schaffer_f6,30,1000,12,torus,worst,plain,20,2,1,1,False,1612.0580769795472,0,1612.0580769795472,1612.0580769795472,1612.180951786213,0,1612.180951786213,1612.180951786213,1612.1577934230352,0,1612.1577934230352,1612.1577934230352,1612.4261131354835,0,1612.4261131354835,1612.4261131354835,0.09076129307743029,0,0.09076129307743029,0.09076129307743029,1612.0580769795472,0,1612.0580769795472,1612.0580769795472,1.9178642464182758,0,1.9178642464182758,1.9178642464182758,246.0,0,246.0,246.0,1.9178642464182758,0,1.9178642464182758,1.9178642464182758,1580351.6971254754,0,1580351.6971254754,1580351.6971254754,1612.6037725770157,0,1612.6037725770157,1612.6037725770157,1612.9828439247408,0,1612.9828439247408,1612.9828439247408,1612.3286250783008,0,1612.3286250783008,1612.3286250783008,1612.2065024774258,0,1612.2065024774258,1612.2065024774258,1612.0580769795472,0,1612.0580769795472,1612.0580769795472,204.0,0,204.0,204.0,248.0,0,248.0,248.0,268.0,0,268.0,268.0,664.0,0,664.0,664.0,952.0,0,952.0,952.0,4,worst,eval_to_90pct_improvement_mean
continous_fixed_toplogies,more_local_40bench_continuous_fixed_v1,continuous,c16_schaffer_f6,30,1000,12,complete,best,plain,20,2,1,1,False,1612.3303028475807,0,1612.3303028475807,1612.3303028475807,1612.3412880292415,0,1612.3412880292415,1612.3412880292415,1612.3447074280912,0,1612.3447074280912,1612.3447074280912,1612.3515526793499,0,1612.3515526793499,1612.3515526793499,0.008001352748756121,0,0.008001352748756121,0.008001352748756121,1612.3303028475807,0,1612.3303028475807,1612.3303028475807,1.6073214107477725,0,1.6073214107477725,1.6073214107477725,246.0,0,246.0,246.0,1.6073214107477725,0,1.6073214107477725,1.6073214107477725,1580386.2705580988,0,1580386.2705580988,1580386.2705580988,1612.6390515898968,0,1612.6390515898968,1612.6390515898968,1612.6853673027792,0,1612.6853673027792,1612.6853673027792,1612.3903280012569,0,1612.3903280012569,1612.3903280012569,1612.3490107302737,0,1612.3490107302737,1612.3490107302737,1612.3303028475807,0,1612.3303028475807,1612.3303028475807,88.0,0,88.0,88.0,212.0,0,212.0,212.0,248.0,0,248.0,248.0,408.0,0,408.0,408.0,996.0,0,996.0,996.0,1,best,eval_to_90pct_improvement_mean
continous_fixed_toplogies,more_local_40bench_continuous_fixed_v1,continuous,c16_schaffer_f6,30,1000,12,complete,maxDistance,plain,20,2,1,1,False,1613.1883989348817,0,1613.1883989348817,1613.1883989348817,1613.2058065836263,0,1613.2058065836263,1613.2058065836263,1613.2075302129515,0,1613.2075302129515,1613.2075302129515,1613.213857626295,0,1613.213857626295,1613.213857626295,0.006234077987687145,0,0.006234077987687145,0.006234077987687145,1613.1883989348817,0,1613.1883989348817,1613.1883989348817,0.8187329527249858,0,0.8187329527249858,0.8187329527249858,246.0,0,246.0,246.0,0.8187329527249858,0,0.8187329527249858,0.8187329527249858,1581070.888293509,0,1581070.888293509,1581070.888293509,1613.3376411158254,0,1613.3376411158254,1613.3376411158254,1613.4869011270796,0,1613.4869011270796,1613.4869011270796,1613.2613473705649,0,1613.2613473705649,1613.2613473705649,1613.2155847908114,0,1613.2155847908114,1613.2155847908114,1613.1883989348817,0,1613.1883989348817,1613.1883989348817,80.0,0,80.0,80.0,80.0,0,80.0,80.0,296.0,0,296.0,296.0,484.0,0,484.0,484.0,996.0,0,996.0,996.0,2,maxDistance,eval_to_90pct_improvement_mean
continous_fixed_toplogies,more_local_40bench_continuous_fixed_v1,continuous,c16_schaffer_f6,30,1000,12,complete,random,plain,20,2,1,1,False,1613.071150960466,0,1613.071150960466,1613.071150960466,1613.074726108076,0,1613.074726108076,1613.074726108076,1613.074916504904,0,1613.074916504904,1613.074916504904,1613.0774899159876,0,1613.0774899159876,1613.0774899159876,0.0017643441815903148,0,0.0017643441815903148,0.0017643441815903148,1613.071150960466,0,1613.071150960466,1613.071150960466,0.37127302552084984,0,0.37127302552084984,0.37127302552084984,246.0,0,246.0,246.0,0.37127302552084984,0,0.37127302552084984,0.37127302552084984,1580919.255029779,0,1580919.255029779,1580919.255029779,1613.1829132956927,0,1613.1829132956927,1613.1829132956927,1613.224279498099,0,1613.224279498099,1613.224279498099,1613.1362171868109,0,1613.1362171868109,1613.1362171868109,1613.0878316346427,0,1613.0878316346427,1613.0878316346427,1613.071150960466,0,1613.071150960466,1613.071150960466,180.0,0,180.0,180.0,220.0,0,220.0,220.0,432.0,0,432.0,432.0,552.0,0,552.0,552.0,948.0,0,948.0,948.0,3,random,eval_to_90pct_improvement_mean
continous_fixed_toplogies,more_local_40bench_continuous_fixed_v1,continuous,c16_schaffer_f6,30,1000,12,complete,worst,plain,20,2,1,1,False,1612.3716164887426,0,1612.3716164887426,1612.3716164887426,1612.434446671948,0,1612.434446671948,1612.434446671948,1612.4368793349004,0,1612.4368793349004,1612.4368793349004,1612.4781557626034,0,1612.4781557626034,1612.4781557626034,0.02914603636376856,0,0.02914603636376856,0.02914603636376856,1612.3716164887426,0,1612.3716164887426,1612.3716164887426,1.5974301802871196,0,1.5974301802871196,1.5974301802871196,246.0,0,246.0,246.0,1.5974301802871196,0,1.5974301802871196,1.5974301802871196,1580620.1009747775,0,1580620.1009747775,1580620.1009747775,1612.8776540558954,0,1612.8776540558954,1612.8776540558954,1613.305020531799,0,1613.305020531799,1613.305020531799,1612.7322969479737,0,1612.7322969479737,1612.7322969479737,1612.4621814584173,0,1612.4621814584173,1612.4621814584173,1612.3716164887426,0,1612.3716164887426,1612.3716164887426,196.0,0,196.0,196.0,276.0,0,276.0,276.0,460.0,0,460.0,460.0,572.0,0,572.0,572.0,984.0,0,984.0,984.0,4,worst,eval_to_90pct_improvement_mean
continous_fixed_toplogies,more_local_40bench_continuous_fixed_v1,continuous,c17_hybrid1,30,1000,12,ring,worst,plain,20,2,1,1,False,3397095.458509913,0,3397095.458509913,3397095.458509913,12593928.813919842,0,12593928.813919842,12593928.813919842,12267102.137075149,0,12267102.137075149,12267102.137075149,35675704.21172793,0,35675704.21172793,35675704.21172793,7874231.654300541,0,7874231.654300541,7874231.654300541,3397095.458509913,0,3397095.458509913,3397095.458509913,218190960.5030646,0,218190960.5030646,218190960.5030646,246.0,0,246.0,246.0,218190960.5030646,0,218190960.5030646,218190960.5030646,12093930541.710012,0,12093930541.710012,12093930541.710012,12340745.450724503,0,12340745.450724503,12340745.450724503,8021379.672644487,0,8021379.672644487,8021379.672644487,6642685.916882962,0,6642685.916882962,6642685.916882962,5121386.54395927,0,5121386.54395927,5121386.54395927,3397095.458509913,0,3397095.458509913,3397095.458509913,48.0,0,48.0,48.0,52.0,0,52.0,52.0,52.0,0,52.0,52.0,52.0,0,52.0,52.0,992.0,0,992.0,992.0,1,worst,eval_to_90pct_improvement_mean
continous_fixed_toplogies,more_local_40bench_continuous_fixed_v1,continuous,c17_hybrid1,30,1000,12,ring,maxDistance,plain,20,2,1,1,False,7970947.599138998,0,7970947.599138998,7970947.599138998,22884795.33952839,0,22884795.33952839,22884795.33952839,10175900.279368069,0,10175900.279368069,10175900.279368069,56321083.3882223,0,56321083.3882223,56321083.3882223,17350407.5527732,0,17350407.5527732,17350407.5527732,7970947.599138998,0,7970947.599138998,7970947.599138998,121169817.81007212,0,121169817.81007212,121169817.81007212,246.0,0,246.0,246.0,121169817.81007212,0,121169817.81007212,121169817.81007212,20587011042.902096,0,20587011042.902096,20587011042.902096,21007154.125410303,0,21007154.125410303,21007154.125410303,16953340.627507523,0,16953340.627507523,16953340.627507523,15558242.682976615,0,15558242.682976615,15558242.682976615,10237912.829043545,0,10237912.829043545,10237912.829043545,7970947.599138998,0,7970947.599138998,7970947.599138998,52.0,0,52.0,52.0,88.0,0,88.0,88.0,124.0,0,124.0,124.0,176.0,0,176.0,176.0,984.0,0,984.0,984.0,2,maxDistance,eval_to_90pct_improvement_mean
continous_fixed_toplogies,more_local_40bench_continuous_fixed_v1,continuous,c17_hybrid1,30,1000,12,ring,random,plain,20,2,1,1,False,2074188.1565617584,0,2074188.1565617584,2074188.1565617584,2875751.413965693,0,2875751.413965693,2875751.413965693,2360000.294161594,0,2360000.294161594,2360000.294161594,7440096.350532648,0,7440096.350532648,7440096.350532648,1422879.5696080658,0,1422879.5696080658,1422879.5696080658,2074188.1565617584,0,2074188.1565617584,2074188.1565617584,204839781.9446986,0,204839781.9446986,204839781.9446986,246.0,0,246.0,246.0,204839781.9446986,0,204839781.9446986,204839781.9446986,15766907000.045048,0,15766907000.045048,15766907000.045048,16088680.612290865,0,16088680.612290865,16088680.612290865,9806337.29451447,0,9806337.29451447,9806337.29451447,3485663.952067421,0,3485663.952067421,3485663.952067421,2357912.816707187,0,2357912.816707187,2357912.816707187,2074188.1565617584,0,2074188.1565617584,2074188.1565617584,24.0,0,24.0,24.0,80.0,0,80.0,80.0,84.0,0,84.0,84.0,196.0,0,196.0,196.0,960.0,0,960.0,960.0,3,random,eval_to_90pct_improvement_mean
continous_fixed_toplogies,more_local_40bench_continuous_fixed_v1,continuous,c17_hybrid1,30,1000,12,ring,best,plain,20,2,1,1,False,7208326.243283376,0,7208326.243283376,7208326.243283376,10059839.055834241,0,10059839.055834241,10059839.055834241,10709633.866305187,0,10709633.866305187,10709633.866305187,14994755.55799396,0,14994755.55799396,14994755.55799396,2174722.762053253,0,2174722.762053253,2174722.762053253,7208326.243283376,0,7208326.243283376,7208326.243283376,129037389.16620685,0,129037389.16620685,129037389.16620685,246.0,0,246.0,246.0,129037389.16620685,0,129037389.16620685,129037389.16620685,18318869656.000324,0,18318869656.000324,18318869656.000324,18692724.13877584,0,18692724.13877584,18692724.13877584,23185856.803921983,0,23185856.803921983,23185856.803921983,9946081.710848853,0,9946081.710848853,9946081.710848853,7801422.957641322,0,7801422.957641322,7801422.957641322,7208326.243283376,0,7208326.243283376,7208326.243283376,44.0,0,44.0,44.0,56.0,0,56.0,56.0,112.0,0,112.0,112.0,292.0,0,292.0,292.0,1000.0,0,1000.0,1000.0,4,best,eval_to_90pct_improvement_mean
continous_fixed_toplogies,more_local_40bench_continuous_fixed_v1,continuous,c17_hybrid1,30,1000,12,torus,maxDistance,plain,20,2,1,1,False,6669395.037980223,0,6669395.037980223,6669395.037980223,7120068.261088222,0,7120068.261088222,7120068.261088222,7145724.626365882,0,7145724.626365882,7145724.626365882,7815076.0262948135,0,7815076.0262948135,7815076.0262948135,340121.2176010469,0,340121.2176010469,340121.2176010469,6669395.037980223,0,6669395.037980223,6669395.037980223,280032013.4870918,0,280032013.4870918,280032013.4870918,246.0,0,246.0,246.0,280032013.4870918,0,280032013.4870918,280032013.4870918,14929394815.702957,0,14929394815.702957,14929394815.702957,15234076.342554038,0,15234076.342554038,15234076.342554038,11796445.332507994,0,11796445.332507994,11796445.332507994,8688749.951204106,0,8688749.951204106,8688749.951204106,7466869.25404172,0,7466869.25404172,7466869.25404172,6669395.037980223,0,6669395.037980223,6669395.037980223,24.0,0,24.0,24.0,24.0,0,24.0,24.0,48.0,0,48.0,48.0,120.0,0,120.0,120.0,1000.0,0,1000.0,1000.0,1,maxDistance,eval_to_90pct_improvement_mean
continous_fixed_toplogies,more_local_40bench_continuous_fixed_v1,continuous,c17_hybrid1,30,1000,12,torus,best,plain,20,2,1,1,False,1600546.5142303419,0,1600546.5142303419,1600546.5142303419,1697163.456122174,0,1697163.456122174,1697163.456122174,1660906.4161787978,0,1660906.4161787978,1660906.4161787978,1974866.304726747,0,1974866.304726747,1974866.304726747,97731.96311530097,0,97731.96311530097,97731.96311530097,1600546.5142303419,0,1600546.5142303419,1600546.5142303419,288101617.69615984,0,288101617.69615984,288101617.69615984,246.0,0,246.0,246.0,288101617.69615984,0,288101617.69615984,288101617.69615984,16127331321.330832,0,16127331321.330832,16127331321.330832,16456460.531970236,0,16456460.531970236,16456460.531970236,15086763.276980676,0,15086763.276980676,15086763.276980676,3215976.9481991623,0,3215976.9481991623,3215976.9481991623,1906000.1519628563,0,1906000.1519628563,1906000.1519628563,1600546.5142303419,0,1600546.5142303419,1600546.5142303419,28.0,0,28.0,28.0,44.0,0,44.0,44.0,80.0,0,80.0,80.0,172.0,0,172.0,172.0,996.0,0,996.0,996.0,2,best,eval_to_90pct_improvement_mean
continous_fixed_toplogies,more_local_40bench_continuous_fixed_v1,continuous,c17_hybrid1,30,1000,12,torus,random,plain,20,2,1,1,False,13890928.32017402,0,13890928.32017402,13890928.32017402,16475401.506498206,0,16475401.506498206,16475401.506498206,16532918.336014874,0,16532918.336014874,16532918.336014874,18702486.842230372,0,18702486.842230372,18702486.842230372,1465747.6055211101,0,1465747.6055211101,1465747.6055211101,13890928.32017402,0,13890928.32017402,13890928.32017402,191360853.61886817,0,191360853.61886817,191360853.61886817,246.0,0,246.0,246.0,191360853.61886817,0,191360853.61886817,191360853.61886817,33146853474.374104,0,33146853474.374104,33146853474.374104,33823319.87181031,0,33823319.87181031,33823319.87181031,33539523.408500887,0,33539523.408500887,33539523.408500887,22280861.5404082,0,22280861.5404082,22280861.5404082,17952372.7133386,0,17952372.7133386,17952372.7133386,13890928.32017402,0,13890928.32017402,13890928.32017402,40.0,0,40.0,40.0,40.0,0,40.0,40.0,148.0,0,148.0,148.0,280.0,0,280.0,280.0,996.0,0,996.0,996.0,3,random,eval_to_90pct_improvement_mean
continous_fixed_toplogies,more_local_40bench_continuous_fixed_v1,continuous,c17_hybrid1,30,1000,12,torus,worst,plain,20,2,1,1,False,7177614.789271969,0,7177614.789271969,7177614.789271969,8634501.173442833,0,8634501.173442833,8634501.173442833,7979458.012693618,0,7979458.012693618,7979458.012693618,12550222.673956387,0,12550222.673956387,12550222.673956387,1505270.9936211111,0,1505270.9936211111,1505270.9936211111,7177614.789271969,0,7177614.789271969,7177614.789271969,71966161.88371514,0,71966161.88371514,71966161.88371514,246.0,0,246.0,246.0,71966161.88371514,0,71966161.88371514,71966161.88371514,17814246210.484978,0,17814246210.484978,17814246210.484978,18177802.255596917,0,18177802.255596917,18177802.255596917,19008642.205842137,0,19008642.205842137,19008642.205842137,12628646.784705115,0,12628646.784705115,12628646.784705115,8182024.959603108,0,8182024.959603108,8182024.959603108,7177614.789271969,0,7177614.789271969,7177614.789271969,48.0,0,48.0,48.0,128.0,0,128.0,128.0,180.0,0,180.0,180.0,412.0,0,412.0,412.0,1000.0,0,1000.0,1000.0,4,worst,eval_to_90pct_improvement_mean
continous_fixed_toplogies,more_local_40bench_continuous_fixed_v1,continuous,c17_hybrid1,30,1000,12,complete,best,plain,20,2,1,1,False,1516711.698257875,0,1516711.698257875,1516711.698257875,1527923.7288924537,0,1527923.7288924537,1527923.7288924537,1527426.8856965434,0,1527426.8856965434,1527426.8856965434,1534580.8520488667,0,1534580.8520488667,1534580.8520488667,4695.9062943685385,0,4695.9062943685385,4695.9062943685385,1516711.698257875,0,1516711.698257875,1516711.698257875,125622013.59036838,0,125622013.59036838,125622013.59036838,246.0,0,246.0,246.0,125622013.59036838,0,125622013.59036838,125622013.59036838,8887756241.806988,0,8887756241.806988,8887756241.806988,9069139.022252029,0,9069139.022252029,9069139.022252029,2436773.6305959234,0,2436773.6305959234,2436773.6305959234,1716003.2125769735,0,1716003.2125769735,1716003.2125769735,1560795.0203586998,0,1560795.0203586998,1560795.0203586998,1516711.698257875,0,1516711.698257875,1516711.698257875,56.0,0,56.0,56.0,60.0,0,60.0,60.0,124.0,0,124.0,124.0,124.0,0,124.0,124.0,996.0,0,996.0,996.0,1,best,eval_to_90pct_improvement_mean
continous_fixed_toplogies,more_local_40bench_continuous_fixed_v1,continuous,c17_hybrid1,30,1000,12,complete,maxDistance,plain,20,2,1,1,False,4790397.722711317,0,4790397.722711317,4790397.722711317,4848446.358105626,0,4848446.358105626,4848446.358105626,4829877.000780548,0,4829877.000780548,4829877.000780548,4928327.337094564,0,4928327.337094564,4928327.337094564,43062.378155531005,0,43062.378155531005,43062.378155531005,4790397.722711317,0,4790397.722711317,4790397.722711317,67786042.59946111,0,67786042.59946111,67786042.59946111,246.0,0,246.0,246.0,67786042.59946111,0,67786042.59946111,67786042.59946111,10023925190.04447,0,10023925190.04447,10023925190.04447,10228495.091882112,0,10228495.091882112,10228495.091882112,9710819.866156833,0,9710819.866156833,9710819.866156833,5310900.7473484725,0,5310900.7473484725,5310900.7473484725,4953289.22626961,0,4953289.22626961,4953289.22626961,4790397.722711317,0,4790397.722711317,4790397.722711317,32.0,0,32.0,32.0,72.0,0,72.0,72.0,116.0,0,116.0,116.0,200.0,0,200.0,200.0,992.0,0,992.0,992.0,2,maxDistance,eval_to_90pct_improvement_mean
continous_fixed_toplogies,more_local_40bench_continuous_fixed_v1,continuous,c17_hybrid1,30,1000,12,complete,worst,plain,20,2,1,1,False,3226423.354785848,0,3226423.354785848,3226423.354785848,3488872.5759951277,0,3488872.5759951277,3488872.5759951277,3497172.5041622017,0,3497172.5041622017,3497172.5041622017,3741840.9245646726,0,3741840.9245646726,3741840.9245646726,160387.8624299728,0,160387.8624299728,160387.8624299728,3226423.354785848,0,3226423.354785848,3226423.354785848,44539143.35139921,0,44539143.35139921,44539143.35139921,246.0,0,246.0,246.0,44539143.35139921,0,44539143.35139921,44539143.35139921,8047583153.996445,0,8047583153.996445,8047583153.996445,8211819.544894331,0,8211819.544894331,8211819.544894331,9352952.977492174,0,9352952.977492174,9352952.977492174,4835224.717256504,0,4835224.717256504,4835224.717256504,3979540.7099992014,0,3979540.7099992014,3979540.7099992014,3226423.354785848,0,3226423.354785848,3226423.354785848,60.0,0,60.0,60.0,96.0,0,96.0,96.0,116.0,0,116.0,116.0,276.0,0,276.0,276.0,988.0,0,988.0,988.0,3,worst,eval_to_90pct_improvement_mean
continous_fixed_toplogies,more_local_40bench_continuous_fixed_v1,continuous,c17_hybrid1,30,1000,12,complete,random,plain,20,2,1,1,False,2327381.2129220306,0,2327381.2129220306,2327381.2129220306,2546958.9357517934,0,2546958.9357517934,2546958.9357517934,2554026.412225454,0,2554026.412225454,2554026.412225454,2653226.884779427,0,2653226.884779427,2653226.884779427,87699.2047572368,0,87699.2047572368,87699.2047572368,2327381.2129220306,0,2327381.2129220306,2327381.2129220306,74771603.57394446,0,74771603.57394446,74771603.57394446,246.0,0,246.0,246.0,74771603.57394446,0,74771603.57394446,74771603.57394446,16971221086.148548,0,16971221086.148548,16971221086.148548,17317572.536886275,0,17317572.536886275,17317572.536886275,20344712.57098247,0,20344712.57098247,20344712.57098247,3964326.5937517886,0,3964326.5937517886,3964326.5937517886,2805336.2099918076,0,2805336.2099918076,2805336.2099918076,2327381.2129220306,0,2327381.2129220306,2327381.2129220306,160.0,0,160.0,160.0,200.0,0,200.0,200.0,224.0,0,224.0,224.0,308.0,0,308.0,308.0,996.0,0,996.0,996.0,4,random,eval_to_90pct_improvement_mean
continous_fixed_toplogies,more_local_40bench_continuous_fixed_v1,continuous,c18_hybrid2,30,1000,12,ring,random,plain,20,2,1,1,False,351420.43748992437,0,351420.43748992437,351420.43748992437,203454333.95583752,0,203454333.95583752,203454333.95583752,2046884.524855519,0,2046884.524855519,2046884.524855519,2030269622.252971,0,2030269622.252971,2030269622.252971,561341907.0632408,0,561341907.0632408,561341907.0632408,351420.43748992437,0,351420.43748992437,351420.43748992437,8983798697.8092,0,8983798697.8092,8983798697.8092,246.0,0,246.0,246.0,8983798697.8092,0,8983798697.8092,8983798697.8092,386377252470.87195,0,386377252470.87195,386377252470.87195,394262502.52129793,0,394262502.52129793,394262502.52129793,222819603.98725456,0,222819603.98725456,222819603.98725456,4059816.7637116713,0,4059816.7637116713,4059816.7637116713,642525.9892637203,0,642525.9892637203,642525.9892637203,351420.43748992437,0,351420.43748992437,351420.43748992437,32.0,0,32.0,32.0,36.0,0,36.0,36.0,64.0,0,64.0,64.0,112.0,0,112.0,112.0,1000.0,0,1000.0,1000.0,1,random,eval_to_90pct_improvement_mean
continous_fixed_toplogies,more_local_40bench_continuous_fixed_v1,continuous,c18_hybrid2,30,1000,12,ring,maxDistance,plain,20,2,1,1,False,474526.8406375055,0,474526.8406375055,474526.8406375055,141325990.13832024,0,141325990.13832024,141325990.13832024,1095015.8561449244,0,1095015.8561449244,1095015.8561449244,1680624337.8312845,0,1680624337.8312845,1680624337.8312845,464117485.85527194,0,464117485.85527194,464117485.85527194,474526.8406375055,0,474526.8406375055,474526.8406375055,10072570955.521929,0,10072570955.521929,10072570955.521929,246.0,0,246.0,246.0,10072570955.521929,0,10072570955.521929,10072570955.521929,496801074519.879,0,496801074519.879,496801074519.879,506939871.95906025,0,506939871.95906025,506939871.95906025,557092564.9501625,0,557092564.9501625,557092564.9501625,47713131.51354235,0,47713131.51354235,47713131.51354235,1152435.436986175,0,1152435.436986175,1152435.436986175,474526.8406375055,0,474526.8406375055,474526.8406375055,24.0,0,24.0,24.0,52.0,0,52.0,52.0,52.0,0,52.0,52.0,132.0,0,132.0,132.0,1000.0,0,1000.0,1000.0,2,maxDistance,eval_to_90pct_improvement_mean
continous_fixed_toplogies,more_local_40bench_continuous_fixed_v1,continuous,c18_hybrid2,30,1000,12,ring,best,plain,20,2,1,1,False,311662.084720072,0,311662.084720072,311662.084720072,421682110.4171893,0,421682110.4171893,421682110.4171893,794103.2208758969,0,794103.2208758969,794103.2208758969,3334124885.7320065,0,3334124885.7320065,3334124885.7320065,989401937.396343,0,989401937.396343,989401937.396343,311662.084720072,0,311662.084720072,311662.084720072,6129794686.061198,0,6129794686.061198,6129794686.061198,246.0,0,246.0,246.0,6129794686.061198,0,6129794686.061198,6129794686.061198,374746151709.52875,0,374746151709.52875,374746151709.52875,382394032.356662,0,382394032.356662,382394032.356662,452215455.9488772,0,452215455.9488772,452215455.9488772,18520570.296525616,0,18520570.296525616,18520570.296525616,1028446.032838204,0,1028446.032838204,1028446.032838204,311662.084720072,0,311662.084720072,311662.084720072,28.0,0,28.0,28.0,36.0,0,36.0,36.0,68.0,0,68.0,68.0,216.0,0,216.0,216.0,988.0,0,988.0,988.0,3,best,eval_to_90pct_improvement_mean
continous_fixed_toplogies,more_local_40bench_continuous_fixed_v1,continuous,c18_hybrid2,30,1000,12,ring,worst,plain,20,2,1,1,False,356252.3420705217,0,356252.3420705217,356252.3420705217,220978483.56716388,0,220978483.56716388,220978483.56716388,1478478.984116144,0,1478478.984116144,1478478.984116144,2244886806.092762,0,2244886806.092762,2244886806.092762,619608827.2299641,0,619608827.2299641,619608827.2299641,356252.3420705217,0,356252.3420705217,356252.3420705217,5008635275.028154,0,5008635275.028154,5008635275.028154,246.0,0,246.0,246.0,5008635275.028154,0,5008635275.028154,5008635275.028154,484888568276.17456,0,484888568276.17456,484888568276.17456,494784253.3430353,0,494784253.3430353,494784253.3430353,553922276.6381181,0,553922276.6381181,553922276.6381181,34493571.11908729,0,34493571.11908729,34493571.11908729,3802916.6172627457,0,3802916.6172627457,3802916.6172627457,356252.3420705217,0,356252.3420705217,356252.3420705217,64.0,0,64.0,64.0,68.0,0,68.0,68.0,116.0,0,116.0,116.0,264.0,0,264.0,264.0,1000.0,0,1000.0,1000.0,4,worst,eval_to_90pct_improvement_mean
continous_fixed_toplogies,more_local_40bench_continuous_fixed_v1,continuous,c18_hybrid2,30,1000,12,torus,best,plain,20,2,1,1,False,84879.14958584312,0,84879.14958584312,84879.14958584312,112698.86738015652,0,112698.86738015652,112698.86738015652,109648.19779107012,0,109648.19779107012,109648.19779107012,178155.47138537688,0,178155.47138537688,178155.47138537688,25165.743074658763,0,25165.743074658763,25165.743074658763,84879.14958584312,0,84879.14958584312,84879.14958584312,5959932248.864645,0,5959932248.864645,5959932248.864645,246.0,0,246.0,246.0,5959932248.864645,0,5959932248.864645,5959932248.864645,232975720164.90527,0,232975720164.90527,232975720164.90527,237730326.69888294,0,237730326.69888294,237730326.69888294,22607501.055005893,0,22607501.055005893,22607501.055005893,847726.9035895928,0,847726.9035895928,847726.9035895928,158792.95100866776,0,158792.95100866776,158792.95100866776,84879.14958584312,0,84879.14958584312,84879.14958584312,36.0,0,36.0,36.0,44.0,0,44.0,44.0,84.0,0,84.0,84.0,108.0,0,108.0,108.0,1000.0,0,1000.0,1000.0,1,best,eval_to_90pct_improvement_mean
continous_fixed_toplogies,more_local_40bench_continuous_fixed_v1,continuous,c18_hybrid2,30,1000,12,torus,random,plain,20,2,1,1,False,75657.14455932766,0,75657.14455932766,75657.14455932766,114018.62433558436,0,114018.62433558436,114018.62433558436,114067.13834791753,0,114067.13834791753,114067.13834791753,161482.4740759561,0,161482.4740759561,161482.4740759561,20632.52923424177,0,20632.52923424177,20632.52923424177,75657.14455932766,0,75657.14455932766,75657.14455932766,7624253012.31916,0,7624253012.31916,7624253012.31916,246.0,0,246.0,246.0,7624253012.31916,0,7624253012.31916,7624253012.31916,331284987925.0825,0,331284987925.0825,331284987925.0825,338045906.04600257,0,338045906.04600257,338045906.04600257,51631267.678235024,0,51631267.678235024,51631267.678235024,621301.7097213347,0,621301.7097213347,621301.7097213347,205150.760853283,0,205150.760853283,205150.760853283,75657.14455932766,0,75657.14455932766,75657.14455932766,36.0,0,36.0,36.0,40.0,0,40.0,40.0,84.0,0,84.0,84.0,116.0,0,116.0,116.0,996.0,0,996.0,996.0,2,random,eval_to_90pct_improvement_mean
continous_fixed_toplogies,more_local_40bench_continuous_fixed_v1,continuous,c18_hybrid2,30,1000,12,torus,worst,plain,20,2,1,1,False,210266.31014968635,0,210266.31014968635,210266.31014968635,433893.95414502564,0,433893.95414502564,433893.95414502564,259834.99525610716,0,259834.99525610716,259834.99525610716,1286133.265563154,0,1286133.265563154,1286133.265563154,364163.5890719914,0,364163.5890719914,364163.5890719914,210266.31014968635,0,210266.31014968635,210266.31014968635,8425295544.3563795,0,8425295544.3563795,8425295544.3563795,246.0,0,246.0,246.0,8425295544.3563795,0,8425295544.3563795,8425295544.3563795,341539389334.0896,0,341539389334.0896,341539389334.0896,348509580.95315266,0,348509580.95315266,348509580.95315266,192210795.4186289,0,192210795.4186289,192210795.4186289,914002.0784430667,0,914002.0784430667,914002.0784430667,317605.0451660999,0,317605.0451660999,317605.0451660999,210266.31014968635,0,210266.31014968635,210266.31014968635,32.0,0,32.0,32.0,32.0,0,32.0,32.0,64.0,0,64.0,64.0,128.0,0,128.0,128.0,996.0,0,996.0,996.0,3,worst,eval_to_90pct_improvement_mean
continous_fixed_toplogies,more_local_40bench_continuous_fixed_v1,continuous,c18_hybrid2,30,1000,12,torus,maxDistance,plain,20,2,1,1,False,172994.7681304041,0,172994.7681304041,172994.7681304041,269590.81392875937,0,269590.81392875937,269590.81392875937,233822.96271672111,0,233822.96271672111,233822.96271672111,438559.42040628445,0,438559.42040628445,438559.42040628445,86497.31886360125,0,86497.31886360125,86497.31886360125,172994.7681304041,0,172994.7681304041,172994.7681304041,6167858089.661581,0,6167858089.661581,6167858089.661581,246.0,0,246.0,246.0,6167858089.661581,0,6167858089.661581,6167858089.661581,504812058879.5007,0,504812058879.5007,504812058879.5007,515114345.79540884,0,515114345.79540884,515114345.79540884,292778031.18727094,0,292778031.18727094,292778031.18727094,2177734.9949938925,0,2177734.9949938925,2177734.9949938925,517843.5478129804,0,517843.5478129804,517843.5478129804,172994.7681304041,0,172994.7681304041,172994.7681304041,64.0,0,64.0,64.0,64.0,0,64.0,64.0,148.0,0,148.0,148.0,148.0,0,148.0,148.0,1000.0,0,1000.0,1000.0,4,maxDistance,eval_to_90pct_improvement_mean
continous_fixed_toplogies,more_local_40bench_continuous_fixed_v1,continuous,c18_hybrid2,30,1000,12,complete,best,plain,20,2,1,1,False,93287.86046204483,0,93287.86046204483,93287.86046204483,106060.36176726891,0,106060.36176726891,106060.36176726891,97318.4464169897,0,97318.4464169897,97318.4464169897,143989.7359357702,0,143989.7359357702,143989.7359357702,15500.317033785674,0,15500.317033785674,15500.317033785674,93287.86046204483,0,93287.86046204483,93287.86046204483,8770241558.396036,0,8770241558.396036,8770241558.396036,246.0,0,246.0,246.0,8770241558.396036,0,8770241558.396036,8770241558.396036,214220598525.77774,0,214220598525.77774,214220598525.77774,218592447.4752834,0,218592447.4752834,218592447.4752834,27570021.81371763,0,27570021.81371763,27570021.81371763,245456.14169033463,0,245456.14169033463,245456.14169033463,190663.32350195904,0,190663.32350195904,190663.32350195904,93287.86046204483,0,93287.86046204483,93287.86046204483,28.0,0,28.0,28.0,28.0,0,28.0,28.0,60.0,0,60.0,60.0,88.0,0,88.0,88.0,1000.0,0,1000.0,1000.0,1,best,eval_to_90pct_improvement_mean
continous_fixed_toplogies,more_local_40bench_continuous_fixed_v1,continuous,c18_hybrid2,30,1000,12,complete,random,plain,20,2,1,1,False,83769.2333535977,0,83769.2333535977,83769.2333535977,94559.41802525276,0,94559.41802525276,94559.41802525276,91957.85459852732,0,91957.85459852732,91957.85459852732,121769.22282511849,0,121769.22282511849,121769.22282511849,10733.790509173226,0,10733.790509173226,10733.790509173226,83769.2333535977,0,83769.2333535977,83769.2333535977,4706050172.679485,0,4706050172.679485,4706050172.679485,246.0,0,246.0,246.0,4706050172.679485,0,4706050172.679485,4706050172.679485,233121474059.93,0,233121474059.93,233121474059.93,237879055.16319388,0,237879055.16319388,237879055.16319388,48967100.318870224,0,48967100.318870224,48967100.318870224,471115.5325761944,0,471115.5325761944,471115.5325761944,127297.71649068152,0,127297.71649068152,127297.71649068152,83769.2333535977,0,83769.2333535977,83769.2333535977,24.0,0,24.0,24.0,72.0,0,72.0,72.0,96.0,0,96.0,96.0,140.0,0,140.0,140.0,996.0,0,996.0,996.0,2,random,eval_to_90pct_improvement_mean
continous_fixed_toplogies,more_local_40bench_continuous_fixed_v1,continuous,c18_hybrid2,30,1000,12,complete,worst,plain,20,2,1,1,False,141423.45738007364,0,141423.45738007364,141423.45738007364,256425.9720547926,0,256425.9720547926,256425.9720547926,246737.6691234472,0,246737.6691234472,246737.6691234472,473411.2873799985,0,473411.2873799985,473411.2873799985,88887.63806714876,0,88887.63806714876,88887.63806714876,141423.45738007364,0,141423.45738007364,141423.45738007364,6008326330.830519,0,6008326330.830519,6008326330.830519,246.0,0,246.0,246.0,6008326330.830519,0,6008326330.830519,6008326330.830519,290138084893.4631,0,290138084893.4631,290138084893.4631,296059270.2994521,0,296059270.2994521,296059270.2994521,270652130.1440861,0,270652130.1440861,270652130.1440861,3428634.000057672,0,3428634.000057672,3428634.000057672,493489.64326798497,0,493489.64326798497,493489.64326798497,141423.45738007364,0,141423.45738007364,141423.45738007364,28.0,0,28.0,28.0,48.0,0,48.0,48.0,56.0,0,56.0,56.0,156.0,0,156.0,156.0,1000.0,0,1000.0,1000.0,3,worst,eval_to_90pct_improvement_mean
continous_fixed_toplogies,more_local_40bench_continuous_fixed_v1,continuous,c18_hybrid2,30,1000,12,complete,maxDistance,plain,20,2,1,1,False,112974.77702877778,0,112974.77702877778,112974.77702877778,161846.29661641357,0,161846.29661641357,161846.29661641357,161255.16187806553,0,161255.16187806553,161255.16187806553,226099.1979752122,0,226099.1979752122,226099.1979752122,31313.168111743624,0,31313.168111743624,31313.168111743624,112974.77702877778,0,112974.77702877778,112974.77702877778,4221489798.3486414,0,4221489798.3486414,4221489798.3486414,246.0,0,246.0,246.0,4221489798.3486414,0,4221489798.3486414,4221489798.3486414,330653376069.49854,0,330653376069.49854,330653376069.49854,337401404.1525495,0,337401404.1525495,337401404.1525495,174205186.75527906,0,174205186.75527906,174205186.75527906,1599744.7962197114,0,1599744.7962197114,1599744.7962197114,269824.9123267752,0,269824.9123267752,269824.9123267752,112974.77702877778,0,112974.77702877778,112974.77702877778,64.0,0,64.0,64.0,64.0,0,64.0,64.0,132.0,0,132.0,132.0,176.0,0,176.0,176.0,988.0,0,988.0,988.0,4,maxDistance,eval_to_90pct_improvement_mean
continous_fixed_toplogies,more_local_40bench_continuous_fixed_v1,continuous,c19_hybrid3,30,1000,12,ring,maxDistance,plain,20,2,1,1,False,2707.917655458603,0,2707.917655458603,2707.917655458603,9031618.484595213,0,9031618.484595213,9031618.484595213,131477.08080697284,0,131477.08080697284,131477.08080697284,102604631.55556999,0,102604631.55556999,102604631.55556999,28228696.115203623,0,28228696.115203623,28228696.115203623,2707.917655458603,0,2707.917655458603,2707.917655458603,985928958.2805554,0,985928958.2805554,985928958.2805554,246.0,0,246.0,246.0,985928958.2805554,0,985928958.2805554,985928958.2805554,21687206184.81533,0,21687206184.81533,21687206184.81533,22129802.2294034,0,22129802.2294034,22129802.2294034,1537466.5649087068,0,1537466.5649087068,1537466.5649087068,15443.341996499403,0,15443.341996499403,15443.341996499403,3848.8457110991285,0,3848.8457110991285,3848.8457110991285,2707.917655458603,0,2707.917655458603,2707.917655458603,36.0,0,36.0,36.0,36.0,0,36.0,36.0,40.0,0,40.0,40.0,40.0,0,40.0,40.0,996.0,0,996.0,996.0,1,maxDistance,eval_to_90pct_improvement_mean
continous_fixed_toplogies,more_local_40bench_continuous_fixed_v1,continuous,c19_hybrid3,30,1000,12,ring,random,plain,20,2,1,1,False,2672.8523380757315,0,2672.8523380757315,2672.8523380757315,2584090.0842248537,0,2584090.0842248537,2584090.0842248537,215771.48032980636,0,215771.48032980636,215771.48032980636,19178458.032628644,0,19178458.032628644,19178458.032628644,5385088.513653735,0,5385088.513653735,5385088.513653735,2672.8523380757315,0,2672.8523380757315,2672.8523380757315,4114254232.4451766,0,4114254232.4451766,4114254232.4451766,246.0,0,246.0,246.0,4114254232.4451766,0,4114254232.4451766,4114254232.4451766,103777685818.57368,0,103777685818.57368,103777685818.57368,105895597.77405478,0,105895597.77405478,105895597.77405478,2462443.061641578,0,2462443.061641578,2462443.061641578,71530.20638026515,0,71530.20638026515,71530.20638026515,6448.654607492475,0,6448.654607492475,6448.654607492475,2672.8523380757315,0,2672.8523380757315,2672.8523380757315,28.0,0,28.0,28.0,44.0,0,44.0,44.0,52.0,0,52.0,52.0,68.0,0,68.0,68.0,988.0,0,988.0,988.0,2,random,eval_to_90pct_improvement_mean
continous_fixed_toplogies,more_local_40bench_continuous_fixed_v1,continuous,c19_hybrid3,30,1000,12,ring,worst,plain,20,2,1,1,False,4406.50132105345,0,4406.50132105345,4406.50132105345,32742132.622004442,0,32742132.622004442,32742132.622004442,11645.621361273563,0,11645.621361273563,11645.621361273563,292418908.8988631,0,292418908.8988631,292418908.8988631,80792748.85692082,0,80792748.85692082,80792748.85692082,4406.50132105345,0,4406.50132105345,4406.50132105345,2952867958.56703,0,2952867958.56703,2952867958.56703,246.0,0,246.0,246.0,2952867958.56703,0,2952867958.56703,2952867958.56703,101103118340.5493,0,101103118340.5493,101103118340.5493,103166447.28627479,0,103166447.28627479,103166447.28627479,9825204.013170375,0,9825204.013170375,9825204.013170375,81532.10491441061,0,81532.10491441061,81532.10491441061,6876.207318827676,0,6876.207318827676,6876.207318827676,4406.50132105345,0,4406.50132105345,4406.50132105345,36.0,0,36.0,36.0,40.0,0,40.0,40.0,76.0,0,76.0,76.0,96.0,0,96.0,96.0,1000.0,0,1000.0,1000.0,3,worst,eval_to_90pct_improvement_mean
continous_fixed_toplogies,more_local_40bench_continuous_fixed_v1,continuous,c19_hybrid3,30,1000,12,ring,best,plain,20,2,1,1,False,4879.213491257093,0,4879.213491257093,4879.213491257093,1400378.012979248,0,1400378.012979248,1400378.012979248,581744.7654453828,0,581744.7654453828,581744.7654453828,9462842.457090838,0,9462842.457090838,9462842.457090838,2542940.3820335497,0,2542940.3820335497,2542940.3820335497,4879.213491257093,0,4879.213491257093,4879.213491257093,413059571.81421906,0,413059571.81421906,413059571.81421906,246.0,0,246.0,246.0,413059571.81421906,0,413059571.81421906,413059571.81421906,16173895154.596983,0,16173895154.596983,16173895154.596983,16503974.647547942,0,16503974.647547942,16503974.647547942,6718675.545161634,0,6718675.545161634,6718675.545161634,99029.4250573734,0,99029.4250573734,99029.4250573734,11722.401898777985,0,11722.401898777985,11722.401898777985,4879.213491257093,0,4879.213491257093,4879.213491257093,40.0,0,40.0,40.0,40.0,0,40.0,40.0,44.0,0,44.0,44.0,128.0,0,128.0,128.0,1000.0,0,1000.0,1000.0,4,best,eval_to_90pct_improvement_mean
continous_fixed_toplogies,more_local_40bench_continuous_fixed_v1,continuous,c19_hybrid3,30,1000,12,torus,maxDistance,plain,20,2,1,1,False,3216.260680405786,0,3216.260680405786,3216.260680405786,3400.165256996276,0,3400.165256996276,3400.165256996276,3308.8998163786864,0,3308.8998163786864,3308.8998163786864,4165.408801143067,0,4165.408801143067,4165.408801143067,246.8252970643871,0,246.8252970643871,246.8252970643871,3216.260680405786,0,3216.260680405786,3216.260680405786,880103360.9778532,0,880103360.9778532,880103360.9778532,246.0,0,246.0,246.0,880103360.9778532,0,880103360.9778532,880103360.9778532,10222060196.759745,0,10222060196.759745,10222060196.759745,10430673.670163006,0,10430673.670163006,10430673.670163006,556343.466509636,0,556343.466509636,556343.466509636,7737.192863302411,0,7737.192863302411,7737.192863302411,3449.6961799603496,0,3449.6961799603496,3449.6961799603496,3216.260680405786,0,3216.260680405786,3216.260680405786,28.0,0,28.0,28.0,28.0,0,28.0,28.0,32.0,0,32.0,32.0,40.0,0,40.0,40.0,1000.0,0,1000.0,1000.0,1,maxDistance,eval_to_90pct_improvement_mean
continous_fixed_toplogies,more_local_40bench_continuous_fixed_v1,continuous,c19_hybrid3,30,1000,12,torus,best,plain,20,2,1,1,False,7088.510274716207,0,7088.510274716207,7088.510274716207,7159.593122064076,0,7159.593122064076,7159.593122064076,7156.212354372699,0,7156.212354372699,7156.212354372699,7241.964667075985,0,7241.964667075985,7241.964667075985,38.28859905457099,0,38.28859905457099,38.28859905457099,7088.510274716207,0,7088.510274716207,7088.510274716207,2681796001.192862,0,2681796001.192862,2681796001.192862,246.0,0,246.0,246.0,2681796001.192862,0,2681796001.192862,2681796001.192862,38421439901.217125,0,38421439901.217125,38421439901.217125,39205550.91960931,0,39205550.91960931,39205550.91960931,1097925.7561199407,0,1097925.7561199407,1097925.7561199407,9287.340828034688,0,9287.340828034688,9287.340828034688,7244.81417149291,0,7244.81417149291,7244.81417149291,7088.510274716207,0,7088.510274716207,7088.510274716207,24.0,0,24.0,24.0,28.0,0,28.0,28.0,40.0,0,40.0,40.0,56.0,0,56.0,56.0,988.0,0,988.0,988.0,2,best,eval_to_90pct_improvement_mean
continous_fixed_toplogies,more_local_40bench_continuous_fixed_v1,continuous,c19_hybrid3,30,1000,12,torus,random,plain,20,2,1,1,False,131908.8752686999,0,131908.8752686999,131908.8752686999,146835.87662462133,0,146835.87662462133,146835.87662462133,143007.44789636257,0,143007.44789636257,143007.44789636257,160968.1159631276,0,160968.1159631276,160968.1159631276,8580.137850328982,0,8580.137850328982,8580.137850328982,131908.8752686999,0,131908.8752686999,131908.8752686999,2757139966.375108,0,2757139966.375108,2757139966.375108,246.0,0,246.0,246.0,2757139966.375108,0,2757139966.375108,2757139966.375108,39190320675.28096,0,39190320675.28096,39190320675.28096,39990123.138041794,0,39990123.138041794,39990123.138041794,3485114.8824330755,0,3485114.8824330755,3485114.8824330755,280197.6367427375,0,280197.6367427375,280197.6367427375,174346.4035477333,0,174346.4035477333,174346.4035477333,131908.8752686999,0,131908.8752686999,131908.8752686999,32.0,0,32.0,32.0,32.0,0,32.0,32.0,32.0,0,32.0,32.0,56.0,0,56.0,56.0,988.0,0,988.0,988.0,3,random,eval_to_90pct_improvement_mean
continous_fixed_toplogies,more_local_40bench_continuous_fixed_v1,continuous,c19_hybrid3,30,1000,12,torus,worst,plain,20,2,1,1,False,7623.525758227581,0,7623.525758227581,7623.525758227581,12568.503016607596,0,12568.503016607596,12568.503016607596,10662.355311853353,0,10662.355311853353,10662.355311853353,34864.60834547368,0,34864.60834547368,34864.60834547368,6980.844146402685,0,6980.844146402685,6980.844146402685,7623.525758227581,0,7623.525758227581,7623.525758227581,1760393221.639691,0,1760393221.639691,1760393221.639691,246.0,0,246.0,246.0,1760393221.639691,0,1760393221.639691,1760393221.639691,73157003243.79681,0,73157003243.79681,73157003243.79681,74650003.30999675,0,74650003.30999675,74650003.30999675,19895072.802139185,0,19895072.802139185,19895072.802139185,284442.1550352018,0,284442.1550352018,284442.1550352018,8579.332865331486,0,8579.332865331486,8579.332865331486,7623.525758227581,0,7623.525758227581,7623.525758227581,44.0,0,44.0,44.0,56.0,0,56.0,56.0,60.0,0,60.0,60.0,72.0,0,72.0,72.0,988.0,0,988.0,988.0,4,worst,eval_to_90pct_improvement_mean
continous_fixed_toplogies,more_local_40bench_continuous_fixed_v1,continuous,c19_hybrid3,30,1000,12,complete,random,plain,20,2,1,1,False,2177.06284226162,0,2177.06284226162,2177.06284226162,2180.5235825452683,0,2180.5235825452683,2180.5235825452683,2179.4024896404208,0,2179.4024896404208,2179.4024896404208,2185.638484032133,0,2185.638484032133,2185.638484032133,2.8326160249445187,0,2.8326160249445187,2.8326160249445187,2177.06284226162,0,2177.06284226162,2177.06284226162,2670646951.937531,0,2670646951.937531,2670646951.937531,246.0,0,246.0,246.0,2670646951.937531,0,2670646951.937531,2670646951.937531,39174943919.71639,0,39174943919.71639,39174943919.71639,39974432.57113918,0,39974432.57113918,39974432.57113918,387707.9628303407,0,387707.9628303407,387707.9628303407,2488.967886375197,0,2488.967886375197,2488.967886375197,2179.735334532585,0,2179.735334532585,2179.735334532585,2177.06284226162,0,2177.06284226162,2177.06284226162,24.0,0,24.0,24.0,24.0,0,24.0,24.0,44.0,0,44.0,44.0,48.0,0,48.0,48.0,996.0,0,996.0,996.0,1,random,eval_to_90pct_improvement_mean
continous_fixed_toplogies,more_local_40bench_continuous_fixed_v1,continuous,c19_hybrid3,30,1000,12,complete,maxDistance,plain,20,2,1,1,False,1957.0161387596638,0,1957.0161387596638,1957.0161387596638,2086.4458879373847,0,2086.4458879373847,2086.4458879373847,2104.4984897712516,0,2104.4984897712516,2104.4984897712516,2353.873003927619,0,2353.873003927619,2353.873003927619,110.38453759068067,0,110.38453759068067,110.38453759068067,1957.0161387596638,0,1957.0161387596638,1957.0161387596638,4140422080.14146,0,4140422080.14146,4140422080.14146,246.0,0,246.0,246.0,4140422080.14146,0,4140422080.14146,4140422080.14146,57234811054.16237,0,57234811054.16237,57234811054.16237,58402868.422614664,0,58402868.422614664,58402868.422614664,876470.7653879675,0,876470.7653879675,876470.7653879675,11412.702090119488,0,11412.702090119488,11412.702090119488,2407.816223491303,0,2407.816223491303,2407.816223491303,1957.0161387596638,0,1957.0161387596638,1957.0161387596638,28.0,0,28.0,28.0,32.0,0,32.0,32.0,32.0,0,32.0,32.0,52.0,0,52.0,52.0,996.0,0,996.0,996.0,2,maxDistance,eval_to_90pct_improvement_mean
continous_fixed_toplogies,more_local_40bench_continuous_fixed_v1,continuous,c19_hybrid3,30,1000,12,complete,best,plain,20,2,1,1,False,2438.365801479999,0,2438.365801479999,2438.365801479999,2445.517055065556,0,2445.517055065556,2445.517055065556,2446.0886388135386,0,2446.0886388135386,2446.0886388135386,2446.7942351254974,0,2446.7942351254974,2446.7942351254974,2.195311874176962,0,2.195311874176962,2.195311874176962,2438.365801479999,0,2438.365801479999,2438.365801479999,2119093817.6808114,0,2119093817.6808114,2119093817.6808114,246.0,0,246.0,246.0,2119093817.6808114,0,2119093817.6808114,2119093817.6808114,28967531405.004337,0,28967531405.004337,28967531405.004337,29558705.51531055,0,29558705.51531055,29558705.51531055,15771.9005484066,0,15771.9005484066,15771.9005484066,2546.053337230571,0,2546.053337230571,2546.053337230571,2448.421266508233,0,2448.421266508233,2448.421266508233,2438.365801479999,0,2438.365801479999,2438.365801479999,24.0,0,24.0,24.0,24.0,0,24.0,24.0,48.0,0,48.0,48.0,60.0,0,60.0,60.0,968.0,0,968.0,968.0,3,best,eval_to_90pct_improvement_mean
continous_fixed_toplogies,more_local_40bench_continuous_fixed_v1,continuous,c19_hybrid3,30,1000,12,complete,worst,plain,20,2,1,1,False,2204.139364738767,0,2204.139364738767,2204.139364738767,2269.0897136001354,0,2269.0897136001354,2269.0897136001354,2268.303245036923,0,2268.303245036923,2268.303245036923,2341.590943137055,0,2341.590943137055,2341.590943137055,38.894072299156434,0,38.894072299156434,38.894072299156434,2204.139364738767,0,2204.139364738767,2204.139364738767,1395615621.9876251,0,1395615621.9876251,1395615621.9876251,246.0,0,246.0,246.0,1395615621.9876251,0,1395615621.9876251,1395615621.9876251,47808027422.60472,0,47808027422.60472,47808027422.60472,48783701.45163747,0,48783701.45163747,48783701.45163747,2654230.214712519,0,2654230.214712519,2654230.214712519,4322.966599375393,0,4322.966599375393,4322.966599375393,2335.8521863075366,0,2335.8521863075366,2335.8521863075366,2204.139364738767,0,2204.139364738767,2204.139364738767,36.0,0,36.0,36.0,36.0,0,36.0,36.0,88.0,0,88.0,88.0,112.0,0,112.0,112.0,996.0,0,996.0,996.0,4,worst,eval_to_90pct_improvement_mean
continous_fixed_toplogies,more_local_40bench_continuous_fixed_v1,continuous,c20_hybrid4,30,1000,12,ring,random,plain,20,2,1,1,False,90708.47417019375,0,90708.47417019375,90708.47417019375,3301988090.4716644,0,3301988090.4716644,3301988090.4716644,149065.5080726862,0,149065.5080726862,149065.5080726862,39283868487.58807,0,39283868487.58807,39283868487.58807,10849185046.647636,0,10849185046.647636,10849185046.647636,90708.47417019375,0,90708.47417019375,90708.47417019375,1178785203250000.5,0,1178785203250000.5,1178785203250000.5,246.0,0,246.0,246.0,1178785203250000.5,0,1178785203250000.5,1178785203250000.5,6420851946854272.0,0,6420851946854272.0,6420851946854272.0,6551889741688.032,0,6551889741688.032,6551889741688.032,13175078705.205297,0,13175078705.205297,13175078705.205297,25052295.534833327,0,25052295.534833327,25052295.534833327,258580.6615046511,0,258580.6615046511,258580.6615046511,90708.47417019375,0,90708.47417019375,90708.47417019375,24.0,0,24.0,24.0,24.0,0,24.0,24.0,24.0,0,24.0,24.0,24.0,0,24.0,24.0,996.0,0,996.0,996.0,1,random,eval_to_90pct_improvement_mean
continous_fixed_toplogies,more_local_40bench_continuous_fixed_v1,continuous,c20_hybrid4,30,1000,12,ring,maxDistance,plain,20,2,1,1,False,117810.72041752143,0,117810.72041752143,117810.72041752143,6468572629464.147,0,6468572629464.147,6468572629464.147,220065.5951585048,0,220065.5951585048,220065.5951585048,63766420626360.54,0,63766420626360.54,63766420626360.54,17689339833784.094,0,17689339833784.094,17689339833784.094,117810.72041752143,0,117810.72041752143,117810.72041752143,2167523383083021.2,0,2167523383083021.2,2167523383083021.2,246.0,0,246.0,246.0,2167523383083021.2,0,2167523383083021.2,2167523383083021.2,2.3945119688195736e+16,0,2.3945119688195736e+16,2.3945119688195736e+16,24433795600199.73,0,24433795600199.73,24433795600199.73,2374535723.243565,0,2374535723.243565,2374535723.243565,37784462.254578836,0,37784462.254578836,37784462.254578836,165953.3825869477,0,165953.3825869477,165953.3825869477,117810.72041752143,0,117810.72041752143,117810.72041752143,32.0,0,32.0,32.0,32.0,0,32.0,32.0,32.0,0,32.0,32.0,32.0,0,32.0,32.0,1000.0,0,1000.0,1000.0,2,maxDistance,eval_to_90pct_improvement_mean
continous_fixed_toplogies,more_local_40bench_continuous_fixed_v1,continuous,c20_hybrid4,30,1000,12,ring,best,plain,20,2,1,1,False,102911.91450233222,0,102911.91450233222,102911.91450233222,57047547343.59692,0,57047547343.59692,57047547343.59692,1476403.4538873327,0,1476403.4538873327,1476403.4538873327,387829030947.5295,0,387829030947.5295,387829030947.5295,126343672456.01117,0,126343672456.01117,126343672456.01117,102911.91450233222,0,102911.91450233222,102911.91450233222,912468497640541.0,0,912468497640541.0,912468497640541.0,246.0,0,246.0,246.0,912468497640541.0,0,912468497640541.0,912468497640541.0,1.6141772882547328e+16,0,1.6141772882547328e+16,1.6141772882547328e+16,16471196818925.846,0,16471196818925.846,16471196818925.846,7039828225.0500345,0,7039828225.0500345,7039828225.0500345,37486694.41422693,0,37486694.41422693,37486694.41422693,552908.3712466048,0,552908.3712466048,552908.3712466048,102911.91450233222,0,102911.91450233222,102911.91450233222,36.0,0,36.0,36.0,36.0,0,36.0,36.0,36.0,0,36.0,36.0,60.0,0,60.0,60.0,988.0,0,988.0,988.0,3,best,eval_to_90pct_improvement_mean
continous_fixed_toplogies,more_local_40bench_continuous_fixed_v1,continuous,c20_hybrid4,30,1000,12,ring,worst,plain,20,2,1,1,False,134729.85369960737,0,134729.85369960737,134729.85369960737,776542386036.5342,0,776542386036.5342,776542386036.5342,900260.0635540404,0,900260.0635540404,900260.0635540404,9315959589440.771,0,9315959589440.771,9315959589440.771,2574731199768.8306,0,2574731199768.8306,2574731199768.8306,134729.85369960737,0,134729.85369960737,134729.85369960737,684073282753128.8,0,684073282753128.8,684073282753128.8,246.0,0,246.0,246.0,684073282753128.8,0,684073282753128.8,684073282753128.8,1.4921165447687706e+16,0,1.4921165447687706e+16,1.4921165447687706e+16,15225679028252.762,0,15225679028252.762,15225679028252.762,6506907252.4812155,0,6506907252.4812155,6506907252.4812155,26402848.535198327,0,26402848.535198327,26402848.535198327,250190.6854081342,0,250190.6854081342,250190.6854081342,134729.85369960737,0,134729.85369960737,134729.85369960737,32.0,0,32.0,32.0,44.0,0,44.0,44.0,44.0,0,44.0,44.0,60.0,0,60.0,60.0,996.0,0,996.0,996.0,4,worst,eval_to_90pct_improvement_mean
continous_fixed_toplogies,more_local_40bench_continuous_fixed_v1,continuous,c20_hybrid4,30,1000,12,torus,random,plain,20,2,1,1,False,81917.26263048797,0,81917.26263048797,81917.26263048797,98144.54591328325,0,98144.54591328325,98144.54591328325,99976.51189606694,0,99976.51189606694,99976.51189606694,104706.02360009117,0,104706.02360009117,104706.02360009117,6015.397169961271,0,6015.397169961271,6015.397169961271,81917.26263048797,0,81917.26263048797,81917.26263048797,322295888653775.8,0,322295888653775.8,322295888653775.8,246.0,0,246.0,246.0,322295888653775.8,0,322295888653775.8,322295888653775.8,3758042475531172.5,0,3758042475531172.5,3758042475531172.5,3834737219929.768,0,3834737219929.768,3834737219929.768,772803854.8794451,0,772803854.8794451,772803854.8794451,127842.22551163528,0,127842.22551163528,127842.22551163528,102663.85642448823,0,102663.85642448823,102663.85642448823,81917.26263048797,0,81917.26263048797,81917.26263048797,32.0,0,32.0,32.0,32.0,0,32.0,32.0,32.0,0,32.0,32.0,40.0,0,40.0,40.0,996.0,0,996.0,996.0,1,random,eval_to_90pct_improvement_mean
continous_fixed_toplogies,more_local_40bench_continuous_fixed_v1,continuous,c20_hybrid4,30,1000,12,torus,worst,plain,20,2,1,1,False,88167.24853538832,0,88167.24853538832,88167.24853538832,107156.19951557305,0,107156.19951557305,107156.19951557305,108303.8692612311,0,108303.8692612311,108303.8692612311,125609.07785130551,0,125609.07785130551,125609.07785130551,12357.725981547319,0,12357.725981547319,12357.725981547319,88167.24853538832,0,88167.24853538832,88167.24853538832,267745767928354.25,0,267745767928354.25,267745767928354.25,246.0,0,246.0,246.0,267745767928354.25,0,267745767928354.25,267745767928354.25,2213192899968700.8,0,2213192899968700.8,2213192899968700.8,2258360102008.8784,0,2258360102008.8784,2258360102008.8784,2445209832.6470094,0,2445209832.6470094,2445209832.6470094,135197.05549415224,0,135197.05549415224,135197.05549415224,98800.27511505169,0,98800.27511505169,98800.27511505169,88167.24853538832,0,88167.24853538832,88167.24853538832,24.0,0,24.0,24.0,24.0,0,24.0,24.0,24.0,0,24.0,24.0,52.0,0,52.0,52.0,996.0,0,996.0,996.0,2,worst,eval_to_90pct_improvement_mean
continous_fixed_toplogies,more_local_40bench_continuous_fixed_v1,continuous,c20_hybrid4,30,1000,12,torus,best,plain,20,2,1,1,False,64766.31791044113,0,64766.31791044113,64766.31791044113,70702.27064466714,0,70702.27064466714,70702.27064466714,71304.42133543876,0,71304.42133543876,71304.42133543876,73061.03282982622,0,73061.03282982622,73061.03282982622,2162.7444971636132,0,2162.7444971636132,2162.7444971636132,64766.31791044113,0,64766.31791044113,64766.31791044113,392180330641861.1,0,392180330641861.1,392180330641861.1,246.0,0,246.0,246.0,392180330641861.1,0,392180330641861.1,392180330641861.1,4393598961499619.0,0,4393598961499619.0,4393598961499619.0,4483264246428.183,0,4483264246428.183,4483264246428.183,526990784.73247796,0,526990784.73247796,526990784.73247796,949953.8841865964,0,949953.8841865964,949953.8841865964,72053.82126435348,0,72053.82126435348,72053.82126435348,64766.31791044113,0,64766.31791044113,64766.31791044113,24.0,0,24.0,24.0,28.0,0,28.0,28.0,28.0,0,28.0,28.0,64.0,0,64.0,64.0,992.0,0,992.0,992.0,3,best,eval_to_90pct_improvement_mean
continous_fixed_toplogies,more_local_40bench_continuous_fixed_v1,continuous,c20_hybrid4,30,1000,12,torus,maxDistance,plain,20,2,1,1,False,58196.73581853451,0,58196.73581853451,58196.73581853451,62303.319726197835,0,62303.319726197835,62303.319726197835,61201.419201279845,0,61201.419201279845,61201.419201279845,70053.03728791019,0,70053.03728791019,70053.03728791019,3267.498494947423,0,3267.498494947423,3267.498494947423,58196.73581853451,0,58196.73581853451,58196.73581853451,469730885650096.75,0,469730885650096.75,469730885650096.75,246.0,0,246.0,246.0,469730885650096.75,0,469730885650096.75,469730885650096.75,1.0179999171280938e+16,0,1.0179999171280938e+16,1.0179999171280938e+16,10387754256409.121,0,10387754256409.121,10387754256409.121,2317737116.189927,0,2317737116.189927,2317737116.189927,233276.46817701805,0,233276.46817701805,233276.46817701805,67096.66871607934,0,67096.66871607934,67096.66871607934,58196.73581853451,0,58196.73581853451,58196.73581853451,28.0,0,28.0,28.0,28.0,0,28.0,28.0,68.0,0,68.0,68.0,88.0,0,88.0,88.0,1000.0,0,1000.0,1000.0,4,maxDistance,eval_to_90pct_improvement_mean
continous_fixed_toplogies,more_local_40bench_continuous_fixed_v1,continuous,c20_hybrid4,30,1000,12,complete,random,plain,20,2,1,1,False,45865.80364333875,0,45865.80364333875,45865.80364333875,49025.75932511502,0,49025.75932511502,49025.75932511502,47226.37484315819,0,47226.37484315819,47226.37484315819,62282.5331128643,0,62282.5331128643,62282.5331128643,4653.449590235463,0,4653.449590235463,4653.449590235463,45865.80364333875,0,45865.80364333875,45865.80364333875,1210009338458505.0,0,1210009338458505.0,1210009338458505.0,246.0,0,246.0,246.0,1210009338458505.0,0,1210009338458505.0,1210009338458505.0,8670405683319174.0,0,8670405683319174.0,8670405683319174.0,8847352738080.79,0,8847352738080.79,8847352738080.79,225872761.14340892,0,225872761.14340892,225872761.14340892,261703.82478683162,0,261703.82478683162,261703.82478683162,59688.31538647918,0,59688.31538647918,59688.31538647918,45865.80364333875,0,45865.80364333875,45865.80364333875,28.0,0,28.0,28.0,28.0,0,28.0,28.0,28.0,0,28.0,28.0,32.0,0,32.0,32.0,992.0,0,992.0,992.0,1,random,eval_to_90pct_improvement_mean
continous_fixed_toplogies,more_local_40bench_continuous_fixed_v1,continuous,c20_hybrid4,30,1000,12,complete,best,plain,20,2,1,1,False,96990.2674588808,0,96990.2674588808,96990.2674588808,101164.75812377594,0,101164.75812377594,101164.75812377594,101333.64960574778,0,101333.64960574778,101333.64960574778,106568.20313757626,0,106568.20313757626,106568.20313757626,2653.2110478997697,0,2653.2110478997697,2653.2110478997697,96990.2674588808,0,96990.2674588808,96990.2674588808,2349936529141626.5,0,2349936529141626.5,2349936529141626.5,246.0,0,246.0,246.0,2349936529141626.5,0,2349936529141626.5,2349936529141626.5,2.914154609441657e+16,0,2.914154609441657e+16,2.914154609441657e+16,29736271524914.867,0,29736271524914.867,29736271524914.867,1523548018.6331506,0,1523548018.6331506,1523548018.6331506,9407081.19370012,0,9407081.19370012,9407081.19370012,106190.49981278722,0,106190.49981278722,106190.49981278722,96990.2674588808,0,96990.2674588808,96990.2674588808,28.0,0,28.0,28.0,28.0,0,28.0,28.0,40.0,0,40.0,40.0,48.0,0,48.0,48.0,1000.0,0,1000.0,1000.0,2,best,eval_to_90pct_improvement_mean
continous_fixed_toplogies,more_local_40bench_continuous_fixed_v1,continuous,c20_hybrid4,30,1000,12,complete,maxDistance,plain,20,2,1,1,False,28329.878033119778,0,28329.878033119778,28329.878033119778,29853.442358386073,0,29853.442358386073,29853.442358386073,29690.45748066523,0,29690.45748066523,29690.45748066523,32020.038787684836,0,32020.038787684836,32020.038787684836,1006.0078689543697,0,1006.0078689543697,1006.0078689543697,28329.878033119778,0,28329.878033119778,28329.878033119778,147575824242477.6,0,147575824242477.6,147575824242477.6,246.0,0,246.0,246.0,147575824242477.6,0,147575824242477.6,147575824242477.6,2424309669030781.5,0,2424309669030781.5,2424309669030781.5,2473785376562.022,0,2473785376562.022,2473785376562.022,100339375.49623515,0,100339375.49623515,100339375.49623515,88020.78679924631,0,88020.78679924631,88020.78679924631,33264.88384810167,0,33264.88384810167,33264.88384810167,28329.878033119778,0,28329.878033119778,28329.878033119778,24.0,0,24.0,24.0,40.0,0,40.0,40.0,52.0,0,52.0,52.0,52.0,0,52.0,52.0,992.0,0,992.0,992.0,3,maxDistance,eval_to_90pct_improvement_mean
continous_fixed_toplogies,more_local_40bench_continuous_fixed_v1,continuous,c20_hybrid4,30,1000,12,complete,worst,plain,20,2,1,1,False,139847.45486780442,0,139847.45486780442,139847.45486780442,175434.63535695322,0,175434.63535695322,175434.63535695322,152876.56925260814,0,152876.56925260814,152876.56925260814,354226.91133257095,0,354226.91133257095,354226.91133257095,56800.95666693416,0,56800.95666693416,56800.95666693416,139847.45486780442,0,139847.45486780442,139847.45486780442,387138089631205.3,0,387138089631205.3,387138089631205.3,246.0,0,246.0,246.0,387138089631205.3,0,387138089631205.3,387138089631205.3,1.413015477476016e+16,0,1.413015477476016e+16,1.413015477476016e+16,14418525280367.51,0,14418525280367.51,14418525280367.51,19505010389.42895,0,19505010389.42895,19505010389.42895,10721445.149013365,0,10721445.149013365,10721445.149013365,266402.32976283075,0,266402.32976283075,266402.32976283075,139847.45486780442,0,139847.45486780442,139847.45486780442,48.0,0,48.0,48.0,48.0,0,48.0,48.0,72.0,0,72.0,72.0,72.0,0,72.0,72.0,1000.0,0,1000.0,1000.0,4,worst,eval_to_90pct_improvement_mean
continous_fixed_toplogies,more_local_40bench_continuous_fixed_v1,continuous,c21_hybrid5,30,1000,12,ring,worst,plain,20,2,1,1,False,2889231.2327876724,0,2889231.2327876724,2889231.2327876724,16077338.427524677,0,16077338.427524677,16077338.427524677,6150135.862305671,0,6150135.862305671,6150135.862305671,54931927.5515278,0,54931927.5515278,54931927.5515278,18594219.370075677,0,18594219.370075677,18594219.370075677,2889231.2327876724,0,2889231.2327876724,2889231.2327876724,2840231405.2152934,0,2840231405.2152934,2840231405.2152934,246.0,0,246.0,246.0,2840231405.2152934,0,2840231405.2152934,2840231405.2152934,83615335759.2809,0,83615335759.2809,83615335759.2809,85321771.1829397,0,85321771.1829397,85321771.1829397,72507795.39005402,0,72507795.39005402,72507795.39005402,23751887.387717143,0,23751887.387717143,23751887.387717143,8791989.009432424,0,8791989.009432424,8791989.009432424,2889231.2327876724,0,2889231.2327876724,2889231.2327876724,24.0,0,24.0,24.0,24.0,0,24.0,24.0,52.0,0,52.0,52.0,72.0,0,72.0,72.0,992.0,0,992.0,992.0,1,worst,eval_to_90pct_improvement_mean
continous_fixed_toplogies,more_local_40bench_continuous_fixed_v1,continuous,c21_hybrid5,30,1000,12,ring,best,plain,20,2,1,1,False,1578425.2922636578,0,1578425.2922636578,1578425.2922636578,53045146.927409016,0,53045146.927409016,53045146.927409016,1708241.078456927,0,1708241.078456927,1708241.078456927,615677974.0305462,0,615677974.0305462,615677974.0305462,169640557.60974586,0,169640557.60974586,169640557.60974586,1578425.2922636578,0,1578425.2922636578,1578425.2922636578,1976570066.5224748,0,1976570066.5224748,1976570066.5224748,246.0,0,246.0,246.0,1976570066.5224748,0,1976570066.5224748,1976570066.5224748,53056927542.022995,0,53056927542.022995,53056927542.022995,54139721.98165612,0,54139721.98165612,54139721.98165612,22722422.1031776,0,22722422.1031776,22722422.1031776,4855722.348842172,0,4855722.348842172,4855722.348842172,2044518.4957189634,0,2044518.4957189634,2044518.4957189634,1578425.2922636578,0,1578425.2922636578,1578425.2922636578,32.0,0,32.0,32.0,36.0,0,36.0,36.0,36.0,0,36.0,36.0,84.0,0,84.0,84.0,964.0,0,964.0,964.0,2,best,eval_to_90pct_improvement_mean
continous_fixed_toplogies,more_local_40bench_continuous_fixed_v1,continuous,c21_hybrid5,30,1000,12,ring,random,plain,20,2,1,1,False,1352671.8196400928,0,1352671.8196400928,1352671.8196400928,2279372.363045367,0,2279372.363045367,2279372.363045367,1427402.6625124938,0,1427402.6625124938,1427402.6625124938,10024976.237479588,0,10024976.237479588,10024976.237479588,2371598.52191888,0,2371598.52191888,2371598.52191888,1352671.8196400928,0,1352671.8196400928,1352671.8196400928,1096036992.4284692,0,1096036992.4284692,1096036992.4284692,246.0,0,246.0,246.0,1096036992.4284692,0,1096036992.4284692,1096036992.4284692,43025802804.13252,0,43025802804.13252,43025802804.13252,43903880.41238012,0,43903880.41238012,43903880.41238012,21989324.985734712,0,21989324.985734712,21989324.985734712,2547808.72866947,0,2547808.72866947,2547808.72866947,1500281.8031019135,0,1500281.8031019135,1500281.8031019135,1352671.8196400928,0,1352671.8196400928,1352671.8196400928,28.0,0,28.0,28.0,52.0,0,52.0,52.0,72.0,0,72.0,72.0,108.0,0,108.0,108.0,992.0,0,992.0,992.0,3,random,eval_to_90pct_improvement_mean
continous_fixed_toplogies,more_local_40bench_continuous_fixed_v1,continuous,c21_hybrid5,30,1000,12,ring,maxDistance,plain,20,2,1,1,False,3089192.870946473,0,3089192.870946473,3089192.870946473,14916407.669798022,0,14916407.669798022,14916407.669798022,7139700.701695019,0,7139700.701695019,7139700.701695019,72864189.81625053,0,72864189.81625053,72864189.81625053,19026800.830561504,0,19026800.830561504,19026800.830561504,3089192.870946473,0,3089192.870946473,3089192.870946473,775952185.5709306,0,775952185.5709306,775952185.5709306,246.0,0,246.0,246.0,775952185.5709306,0,775952185.5709306,775952185.5709306,86472521871.13188,0,86472521871.13188,86472521871.13188,88237267.21544069,0,88237267.21544069,88237267.21544069,97111262.92238082,0,97111262.92238082,97111262.92238082,19492356.633229963,0,19492356.633229963,19492356.633229963,6651594.451203177,0,6651594.451203177,6651594.451203177,3089192.870946473,0,3089192.870946473,3089192.870946473,56.0,0,56.0,56.0,88.0,0,88.0,88.0,156.0,0,156.0,156.0,296.0,0,296.0,296.0,996.0,0,996.0,996.0,4,maxDistance,eval_to_90pct_improvement_mean
continous_fixed_toplogies,more_local_40bench_continuous_fixed_v1,continuous,c21_hybrid5,30,1000,12,torus,maxDistance,plain,20,2,1,1,False,9111046.491509348,0,9111046.491509348,9111046.491509348,9873036.648501089,0,9873036.648501089,9873036.648501089,9373912.993845368,0,9373912.993845368,9373912.993845368,11170595.652030958,0,11170595.652030958,11170595.652030958,735405.8900202657,0,735405.8900202657,735405.8900202657,9111046.491509348,0,9111046.491509348,9111046.491509348,1926497522.4792948,0,1926497522.4792948,1926497522.4792948,246.0,0,246.0,246.0,1926497522.4792948,0,1926497522.4792948,1926497522.4792948,87198453986.15355,0,87198453986.15355,87198453986.15355,88978014.27158526,0,88978014.27158526,88978014.27158526,51359637.0581235,0,51359637.0581235,51359637.0581235,13518480.869001506,0,13518480.869001506,13518480.869001506,10180759.739019804,0,10180759.739019804,10180759.739019804,9111046.491509348,0,9111046.491509348,9111046.491509348,40.0,0,40.0,40.0,48.0,0,48.0,48.0,64.0,0,64.0,64.0,76.0,0,76.0,76.0,1000.0,0,1000.0,1000.0,1,maxDistance,eval_to_90pct_improvement_mean
continous_fixed_toplogies,more_local_40bench_continuous_fixed_v1,continuous,c21_hybrid5,30,1000,12,torus,best,plain,20,2,1,1,False,4388451.436633891,0,4388451.436633891,4388451.436633891,4567936.822678427,0,4567936.822678427,4567936.822678427,4605249.413784057,0,4605249.413784057,4605249.413784057,4775402.972005315,0,4775402.972005315,4775402.972005315,107154.81992586135,0,107154.81992586135,107154.81992586135,4388451.436633891,0,4388451.436633891,4388451.436633891,928328098.3242775,0,928328098.3242775,928328098.3242775,246.0,0,246.0,246.0,928328098.3242775,0,928328098.3242775,928328098.3242775,38027267102.25965,0,38027267102.25965,38027267102.25965,38803333.77781597,0,38803333.77781597,38803333.77781597,9005349.924249848,0,9005349.924249848,9005349.924249848,5502854.430595809,0,5502854.430595809,5502854.430595809,4861382.56539454,0,4861382.56539454,4861382.56539454,4388451.436633891,0,4388451.436633891,4388451.436633891,32.0,0,32.0,32.0,48.0,0,48.0,48.0,48.0,0,48.0,48.0,124.0,0,124.0,124.0,1000.0,0,1000.0,1000.0,2,best,eval_to_90pct_improvement_mean
continous_fixed_toplogies,more_local_40bench_continuous_fixed_v1,continuous,c21_hybrid5,30,1000,12,torus,worst,plain,20,2,1,1,False,837175.0681807287,0,837175.0681807287,837175.0681807287,1052035.3819603105,0,1052035.3819603105,1052035.3819603105,1037618.5397866215,0,1037618.5397866215,1037618.5397866215,1533924.2281303029,0,1533924.2281303029,1533924.2281303029,184355.40141914756,0,184355.40141914756,184355.40141914756,837175.0681807287,0,837175.0681807287,837175.0681807287,1509562007.0877347,0,1509562007.0877347,1509562007.0877347,246.0,0,246.0,246.0,1509562007.0877347,0,1509562007.0877347,1509562007.0877347,71139361532.83711,0,71139361532.83711,71139361532.83711,72591185.2375889,0,72591185.2375889,72591185.2375889,57398717.65401042,0,57398717.65401042,57398717.65401042,6337226.282340126,0,6337226.282340126,6337226.282340126,1372800.3469689859,0,1372800.3469689859,1372800.3469689859,837175.0681807287,0,837175.0681807287,837175.0681807287,44.0,0,44.0,44.0,52.0,0,52.0,52.0,52.0,0,52.0,52.0,136.0,0,136.0,136.0,980.0,0,980.0,980.0,3,worst,eval_to_90pct_improvement_mean
continous_fixed_toplogies,more_local_40bench_continuous_fixed_v1,continuous,c21_hybrid5,30,1000,12,torus,random,plain,20,2,1,1,False,1081365.9147161755,0,1081365.9147161755,1081365.9147161755,1629954.3770751564,0,1629954.3770751564,1629954.3770751564,1157669.6652199822,0,1157669.6652199822,1157669.6652199822,6022382.83357127,0,6022382.83357127,6022382.83357127,1337350.634132143,0,1337350.634132143,1337350.634132143,1081365.9147161755,0,1081365.9147161755,1081365.9147161755,685091218.7983618,0,685091218.7983618,685091218.7983618,246.0,0,246.0,246.0,685091218.7983618,0,685091218.7983618,685091218.7983618,45874609366.55955,0,45874609366.55955,45874609366.55955,46810825.884244435,0,46810825.884244435,46810825.884244435,36876874.03707777,0,36876874.03707777,36876874.03707777,11791810.684857816,0,11791810.684857816,11791810.684857816,2176737.2265374674,0,2176737.2265374674,2176737.2265374674,1081365.9147161755,0,1081365.9147161755,1081365.9147161755,36.0,0,36.0,36.0,36.0,0,36.0,36.0,104.0,0,104.0,104.0,204.0,0,204.0,204.0,984.0,0,984.0,984.0,4,random,eval_to_90pct_improvement_mean
continous_fixed_toplogies,more_local_40bench_continuous_fixed_v1,continuous,c21_hybrid5,30,1000,12,complete,random,plain,20,2,1,1,False,809259.8967035678,0,809259.8967035678,809259.8967035678,871817.3634706137,0,871817.3634706137,871817.3634706137,875280.7852496346,0,875280.7852496346,875280.7852496346,927687.5233975542,0,927687.5233975542,927687.5233975542,34544.37897650288,0,34544.37897650288,34544.37897650288,809259.8967035678,0,809259.8967035678,809259.8967035678,1913064134.5969207,0,1913064134.5969207,1913064134.5969207,246.0,0,246.0,246.0,1913064134.5969207,0,1913064134.5969207,1913064134.5969207,21758366369.713936,0,21758366369.713936,21758366369.713936,22202414.662973404,0,22202414.662973404,22202414.662973404,7909451.016489896,0,7909451.016489896,7909451.016489896,1531476.1457720732,0,1531476.1457720732,1531476.1457720732,927686.4203716923,0,927686.4203716923,927686.4203716923,809259.8967035678,0,809259.8967035678,809259.8967035678,24.0,0,24.0,24.0,24.0,0,24.0,24.0,24.0,0,24.0,24.0,44.0,0,44.0,44.0,988.0,0,988.0,988.0,1,random,eval_to_90pct_improvement_mean
continous_fixed_toplogies,more_local_40bench_continuous_fixed_v1,continuous,c21_hybrid5,30,1000,12,complete,maxDistance,plain,20,2,1,1,False,828286.0367680197,0,828286.0367680197,828286.0367680197,832661.9934889144,0,832661.9934889144,832661.9934889144,833222.9911363863,0,833222.9911363863,833222.9911363863,835781.140891336,0,835781.140891336,835781.140891336,2011.8591907599493,0,2011.8591907599493,2011.8591907599493,828286.0367680197,0,828286.0367680197,828286.0367680197,3080524587.1157126,0,3080524587.1157126,3080524587.1157126,246.0,0,246.0,246.0,3080524587.1157126,0,3080524587.1157126,3080524587.1157126,84917777422.50238,0,84917777422.50238,84917777422.50238,86650793.28826773,0,86650793.28826773,86650793.28826773,12759509.310685787,0,12759509.310685787,12759509.310685787,1457235.941709249,0,1457235.941709249,1457235.941709249,842416.3639559386,0,842416.3639559386,842416.3639559386,828286.0367680197,0,828286.0367680197,828286.0367680197,28.0,0,28.0,28.0,32.0,0,32.0,32.0,52.0,0,52.0,52.0,96.0,0,96.0,96.0,996.0,0,996.0,996.0,2,maxDistance,eval_to_90pct_improvement_mean
continous_fixed_toplogies,more_local_40bench_continuous_fixed_v1,continuous,c21_hybrid5,30,1000,12,complete,worst,plain,20,2,1,1,False,1773095.7588049932,0,1773095.7588049932,1773095.7588049932,1915643.9163484273,0,1915643.9163484273,1915643.9163484273,1919957.5817876325,0,1919957.5817876325,1919957.5817876325,2003145.865265809,0,2003145.865265809,2003145.865265809,52120.81475944013,0,52120.81475944013,52120.81475944013,1773095.7588049932,0,1773095.7588049932,1773095.7588049932,1261974206.4437354,0,1261974206.4437354,1261974206.4437354,246.0,0,246.0,246.0,1261974206.4437354,0,1261974206.4437354,1261974206.4437354,48454465611.535515,0,48454465611.535515,48454465611.535515,49443332.256668895,0,49443332.256668895,49443332.256668895,19423970.796855155,0,19423970.796855155,19423970.796855155,3324890.870064669,0,3324890.870064669,3324890.870064669,2005521.1467183195,0,2005521.1467183195,2005521.1467183195,1773095.7588049932,0,1773095.7588049932,1773095.7588049932,40.0,0,40.0,40.0,40.0,0,40.0,40.0,52.0,0,52.0,52.0,112.0,0,112.0,112.0,992.0,0,992.0,992.0,3,worst,eval_to_90pct_improvement_mean
continous_fixed_toplogies,more_local_40bench_continuous_fixed_v1,continuous,c21_hybrid5,30,1000,12,complete,best,plain,20,2,1,1,False,13000245.323895887,0,13000245.323895887,13000245.323895887,13597336.981090998,0,13597336.981090998,13597336.981090998,13592103.940970639,0,13592103.940970639,13592103.940970639,14277911.89254463,0,14277911.89254463,14277911.89254463,417623.80341822543,0,417623.80341822543,417623.80341822543,13000245.323895887,0,13000245.323895887,13000245.323895887,1683847274.110587,0,1683847274.110587,1683847274.110587,246.0,0,246.0,246.0,1683847274.110587,0,1683847274.110587,1683847274.110587,75503734325.30412,0,75503734325.30412,75503734325.30412,77044626.86255522,0,77044626.86255522,77044626.86255522,35875882.20167567,0,35875882.20167567,35875882.20167567,18211280.642038964,0,18211280.642038964,18211280.642038964,15231497.118854703,0,15231497.118854703,15231497.118854703,13000245.323895887,0,13000245.323895887,13000245.323895887,32.0,0,32.0,32.0,44.0,0,44.0,44.0,56.0,0,56.0,56.0,132.0,0,132.0,132.0,996.0,0,996.0,996.0,4,best,eval_to_90pct_improvement_mean
continous_fixed_toplogies,more_local_40bench_continuous_fixed_v1,continuous,c22_hybrid6,30,1000,12,ring,random,plain,20,2,1,1,False,5415.325918113277,0,5415.325918113277,5415.325918113277,77956319560.47401,0,77956319560.47401,77956319560.47401,6699.378448216203,0,6699.378448216203,6699.378448216203,935470377262.0364,0,935470377262.0364,935470377262.0364,258550216534.7183,0,258550216534.7183,258550216534.7183,5415.325918113277,0,5415.325918113277,5415.325918113277,94631974885561.23,0,94631974885561.23,94631974885561.23,246.0,0,246.0,246.0,94631974885561.23,0,94631974885561.23,94631974885561.23,1370493418934197.0,0,1370493418934197.0,1370493418934197.0,1398462672381.8337,0,1398462672381.8337,1398462672381.8337,79768604.32785586,0,79768604.32785586,79768604.32785586,6903.5500156553,0,6903.5500156553,6903.5500156553,5974.227909074949,0,5974.227909074949,5974.227909074949,5415.325918113277,0,5415.325918113277,5415.325918113277,32.0,0,32.0,32.0,32.0,0,32.0,32.0,40.0,0,40.0,40.0,40.0,0,40.0,40.0,996.0,0,996.0,996.0,1,random,eval_to_90pct_improvement_mean
continous_fixed_toplogies,more_local_40bench_continuous_fixed_v1,continuous,c22_hybrid6,30,1000,12,ring,worst,plain,20,2,1,1,False,3893.5770464991065,0,3893.5770464991065,3893.5770464991065,26499183752.29218,0,26499183752.29218,26499183752.29218,5825.76693986375,0,5825.76693986375,5825.76693986375,311473771427.15204,0,311473771427.15204,311473771427.15204,85939241119.97025,0,85939241119.97025,85939241119.97025,3893.5770464991065,0,3893.5770464991065,3893.5770464991065,244325625113681.72,0,244325625113681.72,244325625113681.72,246.0,0,246.0,246.0,244325625113681.72,0,244325625113681.72,244325625113681.72,2502983919360698.0,0,2502983919360698.0,2502983919360698.0,2554065223837.447,0,2554065223837.447,2554065223837.447,53529106804.443726,0,53529106804.443726,53529106804.443726,67527008.69194,0,67527008.69194,67527008.69194,4711.43526174639,0,4711.43526174639,4711.43526174639,3893.5770464991065,0,3893.5770464991065,3893.5770464991065,24.0,0,24.0,24.0,24.0,0,24.0,24.0,40.0,0,40.0,40.0,44.0,0,44.0,44.0,1000.0,0,1000.0,1000.0,2,worst,eval_to_90pct_improvement_mean
continous_fixed_toplogies,more_local_40bench_continuous_fixed_v1,continuous,c22_hybrid6,30,1000,12,ring,best,plain,20,2,1,1,False,3657.684541677553,0,3657.684541677553,3657.684541677553,871025.9172796141,0,871025.9172796141,871025.9172796141,4867.747552549714,0,4867.747552549714,4867.747552549714,10134254.229247747,0,10134254.229247747,10134254.229247747,2793930.87041675,0,2793930.87041675,2793930.87041675,3657.684541677553,0,3657.684541677553,3657.684541677553,167135768436.00198,0,167135768436.00198,167135768436.00198,246.0,0,246.0,246.0,167135768436.00198,0,167135768436.00198,167135768436.00198,7985138350565.384,0,7985138350565.384,7985138350565.384,8148100357.719779,0,8148100357.719779,8148100357.719779,6110475.369366502,0,6110475.369366502,6110475.369366502,6129.9130333496105,0,6129.9130333496105,6129.9130333496105,3968.979619672775,0,3968.979619672775,3968.979619672775,3657.684541677553,0,3657.684541677553,3657.684541677553,56.0,0,56.0,56.0,64.0,0,64.0,64.0,92.0,0,92.0,92.0,92.0,0,92.0,92.0,992.0,0,992.0,992.0,3,best,eval_to_90pct_improvement_mean
continous_fixed_toplogies,more_local_40bench_continuous_fixed_v1,continuous,c22_hybrid6,30,1000,12,ring,maxDistance,plain,20,2,1,1,False,2884.767966671197,0,2884.767966671197,2884.767966671197,36809455781.71543,0,36809455781.71543,36809455781.71543,3696.7589763897067,0,3696.7589763897067,3696.7589763897067,441713428746.9032,0,441713428746.9032,441713428746.9032,122083141313.61221,0,122083141313.61221,122083141313.61221,2884.767966671197,0,2884.767966671197,2884.767966671197,1640595807703.9788,0,1640595807703.9788,1640595807703.9788,246.0,0,246.0,246.0,1640595807703.9788,0,1640595807703.9788,1640595807703.9788,45731519275132.56,0,45731519275132.56,45731519275132.56,46664815586.869965,0,46664815586.869965,46664815586.869965,198341388.0965317,0,198341388.0965317,198341388.0965317,5562.043911842413,0,5562.043911842413,5562.043911842413,3129.574431752659,0,3129.574431752659,3129.574431752659,2884.767966671197,0,2884.767966671197,2884.767966671197,32.0,0,32.0,32.0,32.0,0,32.0,32.0,92.0,0,92.0,92.0,92.0,0,92.0,92.0,996.0,0,996.0,996.0,4,maxDistance,eval_to_90pct_improvement_mean
continous_fixed_toplogies,more_local_40bench_continuous_fixed_v1,continuous,c22_hybrid6,30,1000,12,torus,random,plain,20,2,1,1,False,2712.453396894423,0,2712.453396894423,2712.453396894423,2956.2093602017817,0,2956.2093602017817,2956.2093602017817,2984.6567010131193,0,2984.6567010131193,2984.6567010131193,3147.437290317905,0,3147.437290317905,3147.437290317905,138.83349080176876,0,138.83349080176876,138.83349080176876,2712.453396894423,0,2712.453396894423,2712.453396894423,12193401545170.703,0,12193401545170.703,12193401545170.703,246.0,0,246.0,246.0,12193401545170.703,0,12193401545170.703,12193401545170.703,181466498374359.4,0,181466498374359.4,181466498374359.4,185169896300.36673,0,185169896300.36673,185169896300.36673,663517.2194443849,0,663517.2194443849,663517.2194443849,3942.3775633869727,0,3942.3775633869727,3942.3775633869727,2900.3354345483453,0,2900.3354345483453,2900.3354345483453,2712.453396894423,0,2712.453396894423,2712.453396894423,36.0,0,36.0,36.0,36.0,0,36.0,36.0,36.0,0,36.0,36.0,40.0,0,40.0,40.0,996.0,0,996.0,996.0,1,random,eval_to_90pct_improvement_mean
continous_fixed_toplogies,more_local_40bench_continuous_fixed_v1,continuous,c22_hybrid6,30,1000,12,torus,maxDistance,plain,20,2,1,1,False,3061.995843094929,0,3061.995843094929,3061.995843094929,3240.188328135031,0,3240.188328135031,3240.188328135031,3214.97073883168,0,3214.97073883168,3214.97073883168,3473.5102426939034,0,3473.5102426939034,3473.5102426939034,120.61844316133988,0,120.61844316133988,120.61844316133988,3061.995843094929,0,3061.995843094929,3061.995843094929,6437814296034.466,0,6437814296034.466,6437814296034.466,246.0,0,246.0,246.0,6437814296034.466,0,6437814296034.466,6437814296034.466,105607660823360.69,0,105607660823360.69,105607660823360.69,107762919207.51091,0,107762919207.51091,107762919207.51091,3777930.363452933,0,3777930.363452933,3777930.363452933,4013.377422411154,0,4013.377422411154,4013.377422411154,3419.012008216124,0,3419.012008216124,3419.012008216124,3061.995843094929,0,3061.995843094929,3061.995843094929,36.0,0,36.0,36.0,36.0,0,36.0,36.0,36.0,0,36.0,36.0,48.0,0,48.0,48.0,980.0,0,980.0,980.0,2,maxDistance,eval_to_90pct_improvement_mean
continous_fixed_toplogies,more_local_40bench_continuous_fixed_v1,continuous,c22_hybrid6,30,1000,12,torus,best,plain,20,2,1,1,False,2635.498297022177,0,2635.498297022177,2635.498297022177,2791.6764278721103,0,2791.6764278721103,2791.6764278721103,2796.786362244462,0,2796.786362244462,2796.786362244462,2896.5675902620555,0,2896.5675902620555,2896.5675902620555,59.494258954893624,0,59.494258954893624,59.494258954893624,2635.498297022177,0,2635.498297022177,2635.498297022177,9267224557671.643,0,9267224557671.643,9267224557671.643,246.0,0,246.0,246.0,9267224557671.643,0,9267224557671.643,9267224557671.643,179913462185891.12,0,179913462185891.12,179913462185891.12,183585165495.80728,0,183585165495.80728,183585165495.80728,5938.950090413322,0,5938.950090413322,5938.950090413322,3084.348049470811,0,3084.348049470811,3084.348049470811,2758.6105091912086,0,2758.6105091912086,2758.6105091912086,2635.498297022177,0,2635.498297022177,2635.498297022177,28.0,0,28.0,28.0,40.0,0,40.0,40.0,52.0,0,52.0,52.0,52.0,0,52.0,52.0,996.0,0,996.0,996.0,3,best,eval_to_90pct_improvement_mean
continous_fixed_toplogies,more_local_40bench_continuous_fixed_v1,continuous,c22_hybrid6,30,1000,12,torus,worst,plain,20,2,1,1,False,2988.570973062387,0,2988.570973062387,2988.570973062387,3348.4009840520457,0,3348.4009840520457,3348.4009840520457,3395.9291245486966,0,3395.9291245486966,3395.9291245486966,3623.6091748272765,0,3623.6091748272765,3623.6091748272765,213.51923589294375,0,213.51923589294375,213.51923589294375,2988.570973062387,0,2988.570973062387,2988.570973062387,18688695585487.184,0,18688695585487.184,18688695585487.184,246.0,0,246.0,246.0,18688695585487.184,0,18688695585487.184,18688695585487.184,419421839562146.5,0,419421839562146.5,419421839562146.5,427981468940.9658,0,427981468940.9658,427981468940.9658,1514102324.7051046,0,1514102324.7051046,1514102324.7051046,328194.26675112813,0,328194.26675112813,328194.26675112813,3748.714828100794,0,3748.714828100794,3748.714828100794,2988.570973062387,0,2988.570973062387,2988.570973062387,28.0,0,28.0,28.0,32.0,0,32.0,32.0,60.0,0,60.0,60.0,84.0,0,84.0,84.0,1000.0,0,1000.0,1000.0,4,worst,eval_to_90pct_improvement_mean
continous_fixed_toplogies,more_local_40bench_continuous_fixed_v1,continuous,c22_hybrid6,30,1000,12,complete,maxDistance,plain,20,2,1,1,False,2500.6454024598033,0,2500.6454024598033,2500.6454024598033,2542.60230085731,0,2542.60230085731,2542.60230085731,2547.587872950852,0,2547.587872950852,2547.587872950852,2591.276918290385,0,2591.276918290385,2591.276918290385,27.410746279222323,0,27.410746279222323,27.410746279222323,2500.6454024598033,0,2500.6454024598033,2500.6454024598033,463906585168913.8,0,463906585168913.8,463906585168913.8,246.0,0,246.0,246.0,463906585168913.8,0,463906585168913.8,463906585168913.8,2284196657640131.0,0,2284196657640131.0,2284196657640131.0,2330812915959.3174,0,2330812915959.3174,2330812915959.3174,72562.7571935688,0,72562.7571935688,72562.7571935688,3696.7164967343733,0,3696.7164967343733,3696.7164967343733,2714.0834722628742,0,2714.0834722628742,2714.0834722628742,2500.6454024598033,0,2500.6454024598033,2500.6454024598033,24.0,0,24.0,24.0,28.0,0,28.0,28.0,28.0,0,28.0,28.0,28.0,0,28.0,28.0,996.0,0,996.0,996.0,1,maxDistance,eval_to_90pct_improvement_mean
continous_fixed_toplogies,more_local_40bench_continuous_fixed_v1,continuous,c22_hybrid6,30,1000,12,complete,best,plain,20,2,1,1,False,3340.3674446732975,0,3340.3674446732975,3340.3674446732975,3443.2203182503367,0,3443.2203182503367,3443.2203182503367,3436.4497447004487,0,3436.4497447004487,3436.4497447004487,3574.567145305045,0,3574.567145305045,3574.567145305045,72.84950338766402,0,72.84950338766402,72.84950338766402,3340.3674446732975,0,3340.3674446732975,3340.3674446732975,12085670163305.56,0,12085670163305.56,12085670163305.56,246.0,0,246.0,246.0,12085670163305.56,0,12085670163305.56,12085670163305.56,121882469145057.88,0,121882469145057.88,121882469145057.88,124369866474.54886,0,124369866474.54886,124369866474.54886,5168.293724584544,0,5168.293724584544,5168.293724584544,4308.678053095393,0,4308.678053095393,4308.678053095393,3708.3919183593594,0,3708.3919183593594,3708.3919183593594,3340.3674446732975,0,3340.3674446732975,3340.3674446732975,32.0,0,32.0,32.0,32.0,0,32.0,32.0,32.0,0,32.0,32.0,32.0,0,32.0,32.0,992.0,0,992.0,992.0,2,best,eval_to_90pct_improvement_mean
continous_fixed_toplogies,more_local_40bench_continuous_fixed_v1,continuous,c22_hybrid6,30,1000,12,complete,random,plain,20,2,1,1,False,2372.6951983361632,0,2372.6951983361632,2372.6951983361632,2462.989117817886,0,2462.989117817886,2462.989117817886,2448.2903917705007,0,2448.2903917705007,2448.2903917705007,2556.0040611542345,0,2556.0040611542345,2556.0040611542345,52.52808869182856,0,52.52808869182856,52.52808869182856,2372.6951983361632,0,2372.6951983361632,2372.6951983361632,425281368451.5242,0,425281368451.5242,425281368451.5242,246.0,0,246.0,246.0,425281368451.5242,0,425281368451.5242,425281368451.5242,15575574698196.85,0,15575574698196.85,15575574698196.85,15893443569.588621,0,15893443569.588621,15893443569.588621,4005.998526161723,0,4005.998526161723,4005.998526161723,2715.4005287111895,0,2715.4005287111895,2715.4005287111895,2471.1931014272423,0,2471.1931014272423,2471.1931014272423,2372.6951983361632,0,2372.6951983361632,2372.6951983361632,60.0,0,60.0,60.0,60.0,0,60.0,60.0,60.0,0,60.0,60.0,64.0,0,64.0,64.0,996.0,0,996.0,996.0,3,random,eval_to_90pct_improvement_mean
continous_fixed_toplogies,more_local_40bench_continuous_fixed_v1,continuous,c22_hybrid6,30,1000,12,complete,worst,plain,20,2,1,1,False,2328.0770701671704,0,2328.0770701671704,2328.0770701671704,2447.5654981310445,0,2447.5654981310445,2447.5654981310445,2449.3648284734,0,2449.3648284734,2449.3648284734,2527.195839506217,0,2527.195839506217,2527.195839506217,51.19532051851946,0,51.19532051851946,51.19532051851946,2328.0770701671704,0,2328.0770701671704,2328.0770701671704,878552082418.9857,0,878552082418.9857,878552082418.9857,246.0,0,246.0,246.0,878552082418.9857,0,878552082418.9857,878552082418.9857,24942195367036.273,0,24942195367036.273,24942195367036.273,25451219762.28191,0,25451219762.28191,25451219762.28191,59251414.299395576,0,59251414.299395576,59251414.299395576,3303.3691151892835,0,3303.3691151892835,3303.3691151892835,2433.0269306509153,0,2433.0269306509153,2433.0269306509153,2328.0770701671704,0,2328.0770701671704,2328.0770701671704,28.0,0,28.0,28.0,28.0,0,28.0,28.0,52.0,0,52.0,52.0,120.0,0,120.0,120.0,992.0,0,992.0,992.0,4,worst,eval_to_90pct_improvement_mean
continous_fixed_toplogies,more_local_40bench_continuous_fixed_v1,continuous,c23_composition1,30,1000,12,ring,worst,plain,20,2,1,1,False,2649.7089750549594,0,2649.7089750549594,2649.7089750549594,2694.735147377967,0,2694.735147377967,2694.735147377967,2686.3512777601845,0,2686.3512777601845,2686.3512777601845,2779.0824422736177,0,2779.0824422736177,2779.0824422736177,43.20439138996695,0,43.20439138996695,43.20439138996695,2649.7089750549594,0,2649.7089750549594,2649.7089750549594,1332.8835633155968,0,1332.8835633155968,1332.8835633155968,246.0,0,246.0,246.0,1332.8835633155968,0,1332.8835633155968,1332.8835633155968,2707929.3288851758,0,2707929.3288851758,2707929.3288851758,2763.193192739975,0,2763.193192739975,2763.193192739975,2777.6057777128485,0,2777.6057777128485,2777.6057777128485,2709.3514461516065,0,2709.3514461516065,2709.3514461516065,2673.409247337739,0,2673.409247337739,2673.409247337739,2649.7089750549594,0,2649.7089750549594,2649.7089750549594,28.0,0,28.0,28.0,44.0,0,44.0,44.0,120.0,0,120.0,120.0,224.0,0,224.0,224.0,1000.0,0,1000.0,1000.0,1,worst,eval_to_90pct_improvement_mean
continous_fixed_toplogies,more_local_40bench_continuous_fixed_v1,continuous,c23_composition1,30,1000,12,ring,maxDistance,plain,20,2,1,1,False,2611.2910240349065,0,2611.2910240349065,2611.2910240349065,2641.465799867969,0,2641.465799867969,2641.465799867969,2625.6451910818428,0,2625.6451910818428,2625.6451910818428,2720.543035368545,0,2720.543035368545,2720.543035368545,30.97881805269731,0,30.97881805269731,30.97881805269731,2611.2910240349065,0,2611.2910240349065,2611.2910240349065,915.0242776659879,0,915.0242776659879,915.0242776659879,246.0,0,246.0,246.0,915.0242776659879,0,915.0242776659879,915.0242776659879,2639503.9289506446,0,2639503.9289506446,2639503.9289506446,2693.371356072086,0,2693.371356072086,2693.371356072086,2705.0249510929925,0,2705.0249510929925,2705.0249510929925,2655.527250883615,0,2655.527250883615,2655.527250883615,2631.818890751584,0,2631.818890751584,2631.818890751584,2611.2910240349065,0,2611.2910240349065,2611.2910240349065,24.0,0,24.0,24.0,48.0,0,48.0,48.0,108.0,0,108.0,108.0,252.0,0,252.0,252.0,996.0,0,996.0,996.0,2,maxDistance,eval_to_90pct_improvement_mean
continous_fixed_toplogies,more_local_40bench_continuous_fixed_v1,continuous,c23_composition1,30,1000,12,ring,best,plain,20,2,1,1,False,2635.55287564348,0,2635.55287564348,2635.55287564348,2668.424163283953,0,2668.424163283953,2668.424163283953,2665.8000652365663,0,2665.8000652365663,2665.8000652365663,2734.369133147594,0,2734.369133147594,2734.369133147594,31.27768301774867,0,31.27768301774867,31.27768301774867,2635.55287564348,0,2635.55287564348,2635.55287564348,567.873462721328,0,567.873462721328,567.873462721328,246.0,0,246.0,246.0,567.873462721328,0,567.873462721328,567.873462721328,2661449.6486629094,0,2661449.6486629094,2661449.6486629094,2715.7649476152137,0,2715.7649476152137,2715.7649476152137,2704.1335187151935,0,2704.1335187151935,2704.1335187151935,2663.1486707134004,0,2663.1486707134004,2663.1486707134004,2648.7362892909505,0,2648.7362892909505,2648.7362892909505,2635.55287564348,0,2635.55287564348,2635.55287564348,60.0,0,60.0,60.0,112.0,0,112.0,112.0,164.0,0,164.0,164.0,280.0,0,280.0,280.0,992.0,0,992.0,992.0,3,best,eval_to_90pct_improvement_mean
continous_fixed_toplogies,more_local_40bench_continuous_fixed_v1,continuous,c23_composition1,30,1000,12,ring,random,plain,20,2,1,1,False,2656.722270655886,0,2656.722270655886,2656.722270655886,2709.7075914697,0,2709.7075914697,2709.7075914697,2689.0169101005104,0,2689.0169101005104,2689.0169101005104,2805.9648309481463,0,2805.9648309481463,2805.9648309481463,50.93727720535948,0,50.93727720535948,50.93727720535948,2656.722270655886,0,2656.722270655886,2656.722270655886,916.667525053102,0,916.667525053102,916.667525053102,246.0,0,246.0,246.0,916.667525053102,0,916.667525053102,916.667525053102,2725988.624700955,0,2725988.624700955,2725988.624700955,2781.6210456132194,0,2781.6210456132194,2781.6210456132194,2783.939020731128,0,2783.939020731128,2783.939020731128,2718.4644772394463,0,2718.4644772394463,2718.4644772394463,2681.3408444411757,0,2681.3408444411757,2681.3408444411757,2656.722270655886,0,2656.722270655886,2656.722270655886,60.0,0,60.0,60.0,96.0,0,96.0,96.0,132.0,0,132.0,132.0,388.0,0,388.0,388.0,976.0,0,976.0,976.0,4,random,eval_to_90pct_improvement_mean
continous_fixed_toplogies,more_local_40bench_continuous_fixed_v1,continuous,c23_composition1,30,1000,12,torus,random,plain,20,2,1,1,False,2576.397392594548,0,2576.397392594548,2576.397392594548,2578.0310995688765,0,2578.0310995688765,2578.0310995688765,2577.800037037877,0,2577.800037037877,2577.800037037877,2581.893050465025,0,2581.893050465025,2581.893050465025,1.387235978797218,0,1.387235978797218,1.387235978797218,2576.397392594548,0,2576.397392594548,2576.397392594548,1203.3190979923806,0,1203.3190979923806,1203.3190979923806,246.0,0,246.0,246.0,1203.3190979923806,0,1203.3190979923806,1203.3190979923806,2633062.859427046,0,2633062.859427046,2633062.859427046,2686.798836150047,0,2686.798836150047,2686.798836150047,2698.13656512724,0,2698.13656512724,2698.13656512724,2600.180166047805,0,2600.180166047805,2600.180166047805,2585.5655826344273,0,2585.5655826344273,2585.5655826344273,2576.397392594548,0,2576.397392594548,2576.397392594548,40.0,0,40.0,40.0,68.0,0,68.0,68.0,112.0,0,112.0,112.0,256.0,0,256.0,256.0,992.0,0,992.0,992.0,1,random,eval_to_90pct_improvement_mean
continous_fixed_toplogies,more_local_40bench_continuous_fixed_v1,continuous,c23_composition1,30,1000,12,torus,worst,plain,20,2,1,1,False,2590.207233174517,0,2590.207233174517,2590.207233174517,2595.8970534530768,0,2595.8970534530768,2595.8970534530768,2595.7334729124746,0,2595.7334729124746,2595.7334729124746,2603.1150932418586,0,2603.1150932418586,2603.1150932418586,3.697744589467459,0,3.697744589467459,3.697744589467459,2590.207233174517,0,2590.207233174517,2590.207233174517,976.2278885827477,0,976.2278885827477,976.2278885827477,246.0,0,246.0,246.0,976.2278885827477,0,976.2278885827477,976.2278885827477,2618290.9432110786,0,2618290.9432110786,2618290.9432110786,2671.7254522562025,0,2671.7254522562025,2671.7254522562025,2688.978309856554,0,2688.978309856554,2688.978309856554,2632.641650293356,0,2632.641650293356,2632.641650293356,2603.157191774321,0,2603.157191774321,2603.157191774321,2590.207233174517,0,2590.207233174517,2590.207233174517,44.0,0,44.0,44.0,48.0,0,48.0,48.0,88.0,0,88.0,88.0,256.0,0,256.0,256.0,1000.0,0,1000.0,1000.0,2,worst,eval_to_90pct_improvement_mean
continous_fixed_toplogies,more_local_40bench_continuous_fixed_v1,continuous,c23_composition1,30,1000,12,torus,best,plain,20,2,1,1,False,2637.528827918742,0,2637.528827918742,2637.528827918742,2640.7558077981043,0,2640.7558077981043,2640.7558077981043,2640.5671951937857,0,2640.5671951937857,2640.5671951937857,2644.6394386400016,0,2644.6394386400016,2644.6394386400016,1.683600145933558,0,1.683600145933558,1.683600145933558,2637.528827918742,0,2637.528827918742,2637.528827918742,1003.4665282838046,0,1003.4665282838046,1003.4665282838046,246.0,0,246.0,246.0,1003.4665282838046,0,1003.4665282838046,1003.4665282838046,2671255.4876660383,0,2671255.4876660383,2671255.4876660383,2725.770905781672,0,2725.770905781672,2725.770905781672,2744.2755250087134,0,2744.2755250087134,2744.2755250087134,2680.6795611732978,0,2680.6795611732978,2680.6795611732978,2645.962211261426,0,2645.962211261426,2645.962211261426,2637.528827918742,0,2637.528827918742,2637.528827918742,48.0,0,48.0,48.0,48.0,0,48.0,48.0,100.0,0,100.0,100.0,264.0,0,264.0,264.0,996.0,0,996.0,996.0,3,best,eval_to_90pct_improvement_mean
continous_fixed_toplogies,more_local_40bench_continuous_fixed_v1,continuous,c23_composition1,30,1000,12,torus,maxDistance,plain,20,2,1,1,False,2619.3830821128017,0,2619.3830821128017,2619.3830821128017,2630.8876763288345,0,2630.8876763288345,2630.8876763288345,2631.0584679488857,0,2631.0584679488857,2631.0584679488857,2639.689023981019,0,2639.689023981019,2639.689023981019,5.139486783720207,0,5.139486783720207,5.139486783720207,2619.3830821128017,0,2619.3830821128017,2619.3830821128017,1147.2125884942961,0,1147.2125884942961,1147.2125884942961,246.0,0,246.0,246.0,1147.2125884942961,0,1147.2125884942961,1147.2125884942961,2711774.7265164405,0,2711774.7265164405,2711774.7265164405,2767.117067873919,0,2767.117067873919,2767.117067873919,2820.800936385802,0,2820.800936385802,2820.800936385802,2677.2416316409854,0,2677.2416316409854,2677.2416316409854,2638.083890452905,0,2638.083890452905,2638.083890452905,2619.3830821128017,0,2619.3830821128017,2619.3830821128017,48.0,0,48.0,48.0,80.0,0,80.0,80.0,152.0,0,152.0,152.0,416.0,0,416.0,416.0,988.0,0,988.0,988.0,4,maxDistance,eval_to_90pct_improvement_mean
continous_fixed_toplogies,more_local_40bench_continuous_fixed_v1,continuous,c23_composition1,30,1000,12,complete,best,plain,20,2,1,1,False,2633.379840703013,0,2633.379840703013,2633.379840703013,2637.8305422948365,0,2637.8305422948365,2637.8305422948365,2638.15435776113,0,2638.15435776113,2638.15435776113,2641.7689466272936,0,2641.7689466272936,2641.7689466272936,2.268594130602935,0,2.268594130602935,2.268594130602935,2633.379840703013,0,2633.379840703013,2633.379840703013,631.5679537194242,0,631.5679537194242,631.5679537194242,246.0,0,246.0,246.0,631.5679537194242,0,631.5679537194242,631.5679537194242,2635921.3995279795,0,2635921.3995279795,2635921.3995279795,2689.7157138040607,0,2689.7157138040607,2689.7157138040607,2677.0461715058264,0,2677.0461715058264,2677.0461715058264,2648.8562959896926,0,2648.8562959896926,2648.8562959896926,2639.2395295713504,0,2639.2395295713504,2639.2395295713504,2633.379840703013,0,2633.379840703013,2633.379840703013,48.0,0,48.0,48.0,48.0,0,48.0,48.0,128.0,0,128.0,128.0,196.0,0,196.0,196.0,992.0,0,992.0,992.0,1,best,eval_to_90pct_improvement_mean
continous_fixed_toplogies,more_local_40bench_continuous_fixed_v1,continuous,c23_composition1,30,1000,12,complete,random,plain,20,2,1,1,False,2573.9814376925133,0,2573.9814376925133,2573.9814376925133,2576.1423735122808,0,2576.1423735122808,2576.1423735122808,2575.7741351832574,0,2575.7741351832574,2575.7741351832574,2578.203944308235,0,2578.203944308235,2578.203944308235,1.3663869403203737,0,1.3663869403203737,1.3663869403203737,2573.9814376925133,0,2573.9814376925133,2573.9814376925133,1093.6384028775328,0,1093.6384028775328,1093.6384028775328,246.0,0,246.0,246.0,1093.6384028775328,0,1093.6384028775328,1093.6384028775328,2635874.2092007184,0,2635874.2092007184,2635874.2092007184,2689.6675604088964,0,2689.6675604088964,2689.6675604088964,2647.8040583399224,0,2647.8040583399224,2647.8040583399224,2598.5382220440924,0,2598.5382220440924,2598.5382220440924,2581.2205926686834,0,2581.2205926686834,2581.2205926686834,2573.9814376925133,0,2573.9814376925133,2573.9814376925133,32.0,0,32.0,32.0,76.0,0,76.0,76.0,200.0,0,200.0,200.0,244.0,0,244.0,244.0,992.0,0,992.0,992.0,2,random,eval_to_90pct_improvement_mean
continous_fixed_toplogies,more_local_40bench_continuous_fixed_v1,continuous,c23_composition1,30,1000,12,complete,maxDistance,plain,20,2,1,1,False,2593.6976556188833,0,2593.6976556188833,2593.6976556188833,2596.7688516611142,0,2596.7688516611142,2596.7688516611142,2596.6191410690108,0,2596.6191410690108,2596.6191410690108,2599.5182398884717,0,2599.5182398884717,2599.5182398884717,1.4846383571345427,0,1.4846383571345427,1.4846383571345427,2593.6976556188833,0,2593.6976556188833,2593.6976556188833,1267.6169422897474,0,1267.6169422897474,1267.6169422897474,246.0,0,246.0,246.0,1267.6169422897474,0,1267.6169422897474,1267.6169422897474,2645981.2201828705,0,2645981.2201828705,2645981.2201828705,2699.9808369212965,0,2699.9808369212965,2699.9808369212965,2752.60876299436,0,2752.60876299436,2752.60876299436,2612.761324657497,0,2612.761324657497,2612.761324657497,2598.6434207978773,0,2598.6434207978773,2598.6434207978773,2593.6976556188833,0,2593.6976556188833,2593.6976556188833,28.0,0,28.0,28.0,56.0,0,56.0,56.0,136.0,0,136.0,136.0,256.0,0,256.0,256.0,1000.0,0,1000.0,1000.0,3,maxDistance,eval_to_90pct_improvement_mean
continous_fixed_toplogies,more_local_40bench_continuous_fixed_v1,continuous,c23_composition1,30,1000,12,complete,worst,plain,20,2,1,1,False,2580.9842752729014,0,2580.9842752729014,2580.9842752729014,2585.774296303351,0,2585.774296303351,2585.774296303351,2585.6922558483893,0,2585.6922558483893,2585.6922558483893,2591.1902099621634,0,2591.1902099621634,2591.1902099621634,2.8855323209812918,0,2.8855323209812918,2.8855323209812918,2580.9842752729014,0,2580.9842752729014,2580.9842752729014,873.3783061447439,0,873.3783061447439,873.3783061447439,246.0,0,246.0,246.0,873.3783061447439,0,873.3783061447439,873.3783061447439,2617205.448443755,0,2617205.448443755,2617205.448443755,2670.617804534444,0,2670.617804534444,2670.617804534444,2671.9382155156677,0,2671.9382155156677,2671.9382155156677,2615.1091382188397,0,2615.1091382188397,2615.1091382188397,2590.6776288991546,0,2590.6776288991546,2590.6776288991546,2580.9842752729014,0,2580.9842752729014,2580.9842752729014,60.0,0,60.0,60.0,72.0,0,72.0,72.0,120.0,0,120.0,120.0,272.0,0,272.0,272.0,1000.0,0,1000.0,1000.0,4,worst,eval_to_90pct_improvement_mean
continous_fixed_toplogies,more_local_40bench_continuous_fixed_v1,continuous,c24_composition2,30,1000,12,ring,best,plain,20,2,1,1,False,2782.967483489392,0,2782.967483489392,2782.967483489392,2848.911257786847,0,2848.911257786847,2848.911257786847,2820.4143190932,0,2820.4143190932,2820.4143190932,3015.527455613911,0,3015.527455613911,3015.527455613911,77.80457326250718,0,77.80457326250718,77.80457326250718,2782.967483489392,0,2782.967483489392,2782.967483489392,527.8845851024253,0,527.8845851024253,527.8845851024253,246.0,0,246.0,246.0,527.8845851024253,0,527.8845851024253,527.8845851024253,2770757.887897718,0,2770757.887897718,2770757.887897718,2827.30396724257,0,2827.30396724257,2827.30396724257,2846.467164822939,0,2846.467164822939,2846.467164822939,2801.3168303358834,0,2801.3168303358834,2801.3168303358834,2788.1218119488653,0,2788.1218119488653,2788.1218119488653,2782.967483489392,0,2782.967483489392,2782.967483489392,28.0,0,28.0,28.0,48.0,0,48.0,48.0,96.0,0,96.0,96.0,320.0,0,320.0,320.0,1000.0,0,1000.0,1000.0,1,best,eval_to_90pct_improvement_mean
continous_fixed_toplogies,more_local_40bench_continuous_fixed_v1,continuous,c24_composition2,30,1000,12,ring,random,plain,20,2,1,1,False,2791.426088167949,0,2791.426088167949,2791.426088167949,2835.2890915540747,0,2835.2890915540747,2835.2890915540747,2821.5694894914513,0,2821.5694894914513,2821.5694894914513,2963.242407040435,0,2963.242407040435,2963.242407040435,47.367901368608116,0,47.367901368608116,47.367901368608116,2791.426088167949,0,2791.426088167949,2791.426088167949,288.219990637333,0,288.219990637333,288.219990637333,246.0,0,246.0,246.0,288.219990637333,0,288.219990637333,288.219990637333,2772353.324728743,0,2772353.324728743,2772353.324728743,2828.9319640089216,0,2828.9319640089216,2828.9319640089216,2833.901047620272,0,2833.901047620272,2833.901047620272,2811.2639917021943,0,2811.2639917021943,2811.2639917021943,2795.4604821278294,0,2795.4604821278294,2795.4604821278294,2791.426088167949,0,2791.426088167949,2791.426088167949,52.0,0,52.0,52.0,96.0,0,96.0,96.0,156.0,0,156.0,156.0,384.0,0,384.0,384.0,992.0,0,992.0,992.0,2,random,eval_to_90pct_improvement_mean
continous_fixed_toplogies,more_local_40bench_continuous_fixed_v1,continuous,c24_composition2,30,1000,12,ring,maxDistance,plain,20,2,1,1,False,2762.8614249620873,0,2762.8614249620873,2762.8614249620873,2794.737547799341,0,2794.737547799341,2794.737547799341,2782.1062701985147,0,2782.1062701985147,2782.1062701985147,2902.2611374369717,0,2902.2611374369717,2902.2611374369717,37.27492514549996,0,37.27492514549996,37.27492514549996,2762.8614249620873,0,2762.8614249620873,2762.8614249620873,390.26093711611156,0,390.26093711611156,390.26093711611156,246.0,0,246.0,246.0,390.26093711611156,0,390.26093711611156,390.26093711611156,2765011.9286535624,0,2765011.9286535624,2765011.9286535624,2821.4407435240432,0,2821.4407435240432,2821.4407435240432,2844.083152443658,0,2844.083152443658,2844.083152443658,2795.3999874188494,0,2795.3999874188494,2795.3999874188494,2773.176911087408,0,2773.176911087408,2773.176911087408,2762.8614249620873,0,2762.8614249620873,2762.8614249620873,44.0,0,44.0,44.0,96.0,0,96.0,96.0,208.0,0,208.0,208.0,440.0,0,440.0,440.0,992.0,0,992.0,992.0,3,maxDistance,eval_to_90pct_improvement_mean
continous_fixed_toplogies,more_local_40bench_continuous_fixed_v1,continuous,c24_composition2,30,1000,12,ring,worst,plain,20,2,1,1,False,2783.1766415933303,0,2783.1766415933303,2783.1766415933303,2834.037745462686,0,2834.037745462686,2834.037745462686,2795.0365377543267,0,2795.0365377543267,2795.0365377543267,3067.1334348767355,0,3067.1334348767355,3067.1334348767355,79.28115147494056,0,79.28115147494056,79.28115147494056,2783.1766415933303,0,2783.1766415933303,2783.1766415933303,355.1200388643424,0,355.1200388643424,355.1200388643424,246.0,0,246.0,246.0,355.1200388643424,0,355.1200388643424,355.1200388643424,2784556.670003035,0,2784556.670003035,2784556.670003035,2841.3843571459543,0,2841.3843571459543,2841.3843571459543,2862.285844466729,0,2862.285844466729,2862.285844466729,2815.9476910977387,0,2815.9476910977387,2815.9476910977387,2792.3560331314397,0,2792.3560331314397,2792.3560331314397,2783.1766415933303,0,2783.1766415933303,2783.1766415933303,44.0,0,44.0,44.0,80.0,0,80.0,80.0,224.0,0,224.0,224.0,468.0,0,468.0,468.0,964.0,0,964.0,964.0,4,worst,eval_to_90pct_improvement_mean
continous_fixed_toplogies,more_local_40bench_continuous_fixed_v1,continuous,c24_composition2,30,1000,12,torus,worst,plain,20,2,1,1,False,2764.6306693955135,0,2764.6306693955135,2764.6306693955135,2768.83345781184,0,2768.83345781184,2768.83345781184,2768.498931377141,0,2768.498931377141,2768.498931377141,2773.314416659225,0,2773.314416659225,2773.314416659225,2.8713533907977022,0,2.8713533907977022,2.8713533907977022,2764.6306693955135,0,2764.6306693955135,2764.6306693955135,714.9871264064982,0,714.9871264064982,714.9871264064982,246.0,0,246.0,246.0,714.9871264064982,0,714.9871264064982,714.9871264064982,2767783.505963205,0,2767783.505963205,2767783.505963205,2824.2688836359234,0,2824.2688836359234,2824.2688836359234,2832.686822817993,0,2832.686822817993,2832.686822817993,2788.1907827059763,0,2788.1907827059763,2788.1907827059763,2774.95214616629,0,2774.95214616629,2774.95214616629,2764.6306693955135,0,2764.6306693955135,2764.6306693955135,28.0,0,28.0,28.0,36.0,0,36.0,36.0,116.0,0,116.0,116.0,216.0,0,216.0,216.0,996.0,0,996.0,996.0,1,worst,eval_to_90pct_improvement_mean
continous_fixed_toplogies,more_local_40bench_continuous_fixed_v1,continuous,c24_composition2,30,1000,12,torus,best,plain,20,2,1,1,False,2758.93639836709,0,2758.93639836709,2758.93639836709,2759.3768136727444,0,2759.3768136727444,2759.3768136727444,2759.294289324372,0,2759.294289324372,2759.294289324372,2760.2897833331144,0,2760.2897833331144,2760.2897833331144,0.3587136938048971,0,0.3587136938048971,0.3587136938048971,2758.93639836709,0,2758.93639836709,2758.93639836709,491.90265717538387,0,491.90265717538387,491.90265717538387,246.0,0,246.0,246.0,491.90265717538387,0,491.90265717538387,491.90265717538387,2740416.4665919747,0,2740416.4665919747,2740416.4665919747,2796.343333257117,0,2796.343333257117,2796.343333257117,2805.696194045996,0,2805.696194045996,2805.696194045996,2765.7604716653377,0,2765.7604716653377,2765.7604716653377,2759.825996730086,0,2759.825996730086,2759.825996730086,2758.93639836709,0,2758.93639836709,2758.93639836709,32.0,0,32.0,32.0,56.0,0,56.0,56.0,104.0,0,104.0,104.0,248.0,0,248.0,248.0,976.0,0,976.0,976.0,2,best,eval_to_90pct_improvement_mean
continous_fixed_toplogies,more_local_40bench_continuous_fixed_v1,continuous,c24_composition2,30,1000,12,torus,random,plain,20,2,1,1,False,2768.9265482059723,0,2768.9265482059723,2768.9265482059723,2770.754309673021,0,2770.754309673021,2770.754309673021,2770.589573446944,0,2770.589573446944,2770.589573446944,2773.1876664076526,0,2773.1876664076526,2773.1876664076526,1.2057233917350696,0,1.2057233917350696,1.2057233917350696,2768.9265482059723,0,2768.9265482059723,2768.9265482059723,579.7894309316548,0,579.7894309316548,579.7894309316548,246.0,0,246.0,246.0,579.7894309316548,0,579.7894309316548,579.7894309316548,2767010.8978104186,0,2767010.8978104186,2767010.8978104186,2823.480507969815,0,2823.480507969815,2823.480507969815,2848.920522268959,0,2848.920522268959,2848.920522268959,2794.1747936337733,0,2794.1747936337733,2794.1747936337733,2775.5961503653375,0,2775.5961503653375,2775.5961503653375,2768.9265482059723,0,2768.9265482059723,2768.9265482059723,32.0,0,32.0,32.0,48.0,0,48.0,48.0,120.0,0,120.0,120.0,280.0,0,280.0,280.0,996.0,0,996.0,996.0,3,random,eval_to_90pct_improvement_mean
continous_fixed_toplogies,more_local_40bench_continuous_fixed_v1,continuous,c24_composition2,30,1000,12,torus,maxDistance,plain,20,2,1,1,False,2757.943482610135,0,2757.943482610135,2757.943482610135,2761.78501693654,0,2761.78501693654,2761.78501693654,2761.8683875756674,0,2761.8683875756674,2761.8683875756674,2766.1228164967847,0,2766.1228164967847,2766.1228164967847,2.2985988780469655,0,2.2985988780469655,2.2985988780469655,2757.943482610135,0,2757.943482610135,2757.943482610135,510.99078712256505,0,510.99078712256505,510.99078712256505,246.0,0,246.0,246.0,510.99078712256505,0,510.99078712256505,510.99078712256505,2761748.461648544,0,2761748.461648544,2761748.461648544,2818.1106751515754,0,2818.1106751515754,2818.1106751515754,2836.478856662965,0,2836.478856662965,2836.478856662965,2787.743588023157,0,2787.743588023157,2787.743588023157,2768.3905775340672,0,2768.3905775340672,2768.3905775340672,2757.943482610135,0,2757.943482610135,2757.943482610135,36.0,0,36.0,36.0,64.0,0,64.0,64.0,160.0,0,160.0,160.0,344.0,0,344.0,344.0,984.0,0,984.0,984.0,4,maxDistance,eval_to_90pct_improvement_mean
continous_fixed_toplogies,more_local_40bench_continuous_fixed_v1,continuous,c24_composition2,30,1000,12,complete,maxDistance,plain,20,2,1,1,False,2769.704996871722,0,2769.704996871722,2769.704996871722,2770.104798355109,0,2770.104798355109,2770.104798355109,2770.0824162993877,0,2770.0824162993877,2770.0824162993877,2771.1619995979895,0,2771.1619995979895,2771.1619995979895,0.3470006541633254,0,0.3470006541633254,0.3470006541633254,2769.704996871722,0,2769.704996871722,2769.704996871722,680.3870443565129,0,680.3870443565129,680.3870443565129,246.0,0,246.0,246.0,680.3870443565129,0,680.3870443565129,680.3870443565129,2757680.3468838516,0,2757680.3468838516,2757680.3468838516,2813.9595376365833,0,2813.9595376365833,2813.9595376365833,2820.6388169379393,0,2820.6388169379393,2820.6388169379393,2776.126839112863,0,2776.126839112863,2776.126839112863,2769.8808387394974,0,2769.8808387394974,2769.8808387394974,2769.704996871722,0,2769.704996871722,2769.704996871722,32.0,0,32.0,32.0,32.0,0,32.0,32.0,100.0,0,100.0,100.0,184.0,0,184.0,184.0,960.0,0,960.0,960.0,1,maxDistance,eval_to_90pct_improvement_mean
continous_fixed_toplogies,more_local_40bench_continuous_fixed_v1,continuous,c24_composition2,30,1000,12,complete,random,plain,20,2,1,1,False,2775.338554232715,0,2775.338554232715,2775.338554232715,2776.086024067441,0,2776.086024067441,2776.086024067441,2775.970034856199,0,2775.970034856199,2775.970034856199,2777.299325022894,0,2777.299325022894,2777.299325022894,0.5374591498492582,0,0.5374591498492582,0.5374591498492582,2775.338554232715,0,2775.338554232715,2775.338554232715,500.20182204537286,0,500.20182204537286,500.20182204537286,246.0,0,246.0,246.0,500.20182204537286,0,500.20182204537286,500.20182204537286,2759989.9435412837,0,2759989.9435412837,2759989.9435412837,2816.3162689196774,0,2816.3162689196774,2816.3162689196774,2816.1919701587567,0,2816.1919701587567,2816.1919701587567,2786.559238356639,0,2786.559238356639,2786.559238356639,2777.818652002643,0,2777.818652002643,2777.818652002643,2775.338554232715,0,2775.338554232715,2775.338554232715,36.0,0,36.0,36.0,60.0,0,60.0,60.0,124.0,0,124.0,124.0,204.0,0,204.0,204.0,980.0,0,980.0,980.0,2,random,eval_to_90pct_improvement_mean
continous_fixed_toplogies,more_local_40bench_continuous_fixed_v1,continuous,c24_composition2,30,1000,12,complete,best,plain,20,2,1,1,False,2769.3537021576244,0,2769.3537021576244,2769.3537021576244,2769.6927139643794,0,2769.6927139643794,2769.6927139643794,2769.5582790024873,0,2769.5582790024873,2769.5582790024873,2770.3216347855623,0,2770.3216347855623,2770.3216347855623,0.28991436014498556,0,0.28991436014498556,0.28991436014498556,2769.3537021576244,0,2769.3537021576244,2769.3537021576244,368.77588037887017,0,368.77588037887017,368.77588037887017,246.0,0,246.0,246.0,368.77588037887017,0,368.77588037887017,368.77588037887017,2746539.727956128,0,2746539.727956128,2746539.727956128,2802.591559138906,0,2802.591559138906,2802.591559138906,2807.246901075644,0,2807.246901075644,2807.246901075644,2780.2950980703376,0,2780.2950980703376,2780.2950980703376,2771.162147282839,0,2771.162147282839,2771.162147282839,2769.3537021576244,0,2769.3537021576244,2769.3537021576244,40.0,0,40.0,40.0,68.0,0,68.0,68.0,116.0,0,116.0,116.0,252.0,0,252.0,252.0,1000.0,0,1000.0,1000.0,3,best,eval_to_90pct_improvement_mean
continous_fixed_toplogies,more_local_40bench_continuous_fixed_v1,continuous,c24_composition2,30,1000,12,complete,worst,plain,20,2,1,1,False,2760.614390247465,0,2760.614390247465,2760.614390247465,2762.5084491467296,0,2762.5084491467296,2762.5084491467296,2761.638112074996,0,2761.638112074996,2761.638112074996,2769.064435630118,0,2769.064435630118,2769.064435630118,2.2683550599549727,0,2.2683550599549727,2.2683550599549727,2760.614390247465,0,2760.614390247465,2760.614390247465,623.7582046612779,0,623.7582046612779,623.7582046612779,246.0,0,246.0,246.0,623.7582046612779,0,623.7582046612779,623.7582046612779,2756653.8257473595,0,2756653.8257473595,2756653.8257473595,2812.9120670891425,0,2812.9120670891425,2812.9120670891425,2838.0668849641006,0,2838.0668849641006,2838.0668849641006,2787.6865806804662,0,2787.6865806804662,2787.6865806804662,2765.9155517876525,0,2765.9155517876525,2765.9155517876525,2760.614390247465,0,2760.614390247465,2760.614390247465,24.0,0,24.0,24.0,24.0,0,24.0,24.0,108.0,0,108.0,108.0,284.0,0,284.0,284.0,1000.0,0,1000.0,1000.0,4,worst,eval_to_90pct_improvement_mean
continous_fixed_toplogies,more_local_40bench_continuous_fixed_v1,continuous,c25_composition3,30,1000,12,ring,best,plain,20,2,1,1,False,2728.977468997817,0,2728.977468997817,2728.977468997817,2731.1319900681497,0,2731.1319900681497,2731.1319900681497,2731.3000625816867,0,2731.3000625816867,2731.3000625816867,2734.8598475414383,0,2734.8598475414383,2734.8598475414383,1.7599498928819324,0,1.7599498928819324,1.7599498928819324,2728.977468997817,0,2728.977468997817,2728.977468997817,267.54460965971475,0,267.54460965971475,267.54460965971475,246.0,0,246.0,246.0,267.54460965971475,0,267.54460965971475,267.54460965971475,2696122.4502259553,0,2696122.4502259553,2696122.4502259553,2751.145357373424,0,2751.145357373424,2751.145357373424,2755.9354405365084,0,2755.9354405365084,2755.9354405365084,2739.51147066843,0,2739.51147066843,2739.51147066843,2731.4339462146545,0,2731.4339462146545,2731.4339462146545,2728.977468997817,0,2728.977468997817,2728.977468997817,32.0,0,32.0,32.0,60.0,0,60.0,60.0,88.0,0,88.0,88.0,252.0,0,252.0,252.0,996.0,0,996.0,996.0,1,best,eval_to_90pct_improvement_mean
continous_fixed_toplogies,more_local_40bench_continuous_fixed_v1,continuous,c25_composition3,30,1000,12,ring,maxDistance,plain,20,2,1,1,False,2723.5591038408797,0,2723.5591038408797,2723.5591038408797,2731.878471498203,0,2731.878471498203,2731.878471498203,2733.3773279232228,0,2733.3773279232228,2733.3773279232228,2735.5470523652907,0,2735.5470523652907,2735.5470523652907,3.6271951914540033,0,3.6271951914540033,3.6271951914540033,2723.5591038408797,0,2723.5591038408797,2723.5591038408797,107.87326328537802,0,107.87326328537802,107.87326328537802,246.0,0,246.0,246.0,107.87326328537802,0,107.87326328537802,107.87326328537802,2682353.23643808,0,2682353.23643808,2682353.23643808,2737.0951392225306,0,2737.0951392225306,2737.0951392225306,2742.3618492215955,0,2742.3618492215955,2742.3618492215955,2731.7091634588774,0,2731.7091634588774,2731.7091634588774,2725.645320109563,0,2725.645320109563,2725.645320109563,2723.5591038408797,0,2723.5591038408797,2723.5591038408797,44.0,0,44.0,44.0,68.0,0,68.0,68.0,144.0,0,144.0,144.0,408.0,0,408.0,408.0,988.0,0,988.0,988.0,2,maxDistance,eval_to_90pct_improvement_mean
continous_fixed_toplogies,more_local_40bench_continuous_fixed_v1,continuous,c25_composition3,30,1000,12,ring,random,plain,20,2,1,1,False,2729.3814776716426,0,2729.3814776716426,2729.3814776716426,2739.609734679774,0,2739.609734679774,2739.609734679774,2733.8260668901803,0,2733.8260668901803,2733.8260668901803,2773.7679572008224,0,2773.7679572008224,2773.7679572008224,14.856635287380417,0,14.856635287380417,14.856635287380417,2729.3814776716426,0,2729.3814776716426,2729.3814776716426,184.7701888963752,0,184.7701888963752,184.7701888963752,246.0,0,246.0,246.0,184.7701888963752,0,184.7701888963752,184.7701888963752,2697424.7622568645,0,2697424.7622568645,2697424.7622568645,2752.474247200882,0,2752.474247200882,2752.474247200882,2758.6428839575233,0,2758.6428839575233,2758.6428839575233,2743.9648865823438,0,2743.9648865823438,2743.9648865823438,2732.1923541437345,0,2732.1923541437345,2732.1923541437345,2729.3814776716426,0,2729.3814776716426,2729.3814776716426,24.0,0,24.0,24.0,68.0,0,68.0,68.0,148.0,0,148.0,148.0,420.0,0,420.0,420.0,988.0,0,988.0,988.0,3,random,eval_to_90pct_improvement_mean
continous_fixed_toplogies,more_local_40bench_continuous_fixed_v1,continuous,c25_composition3,30,1000,12,ring,worst,plain,20,2,1,1,False,2750.169961158918,0,2750.169961158918,2750.169961158918,2759.1190421859183,0,2759.1190421859183,2759.1190421859183,2755.6465355761284,0,2755.6465355761284,2755.6465355761284,2772.3465424812102,0,2772.3465424812102,2772.3465424812102,7.514531323340504,0,7.514531323340504,7.514531323340504,2750.169961158918,0,2750.169961158918,2750.169961158918,194.35623764715456,0,194.35623764715456,194.35623764715456,246.0,0,246.0,246.0,194.35623764715456,0,194.35623764715456,194.35623764715456,2725033.8999732714,0,2725033.8999732714,2725033.8999732714,2780.64683670742,0,2780.64683670742,2780.64683670742,2791.6324691047557,0,2791.6324691047557,2791.6324691047557,2771.2588325128313,0,2771.2588325128313,2771.2588325128313,2757.576442733645,0,2757.576442733645,2757.576442733645,2750.169961158918,0,2750.169961158918,2750.169961158918,60.0,0,60.0,60.0,64.0,0,64.0,64.0,200.0,0,200.0,200.0,540.0,0,540.0,540.0,992.0,0,992.0,992.0,4,worst,eval_to_90pct_improvement_mean
continous_fixed_toplogies,more_local_40bench_continuous_fixed_v1,continuous,c25_composition3,30,1000,12,torus,best,plain,20,2,1,1,False,2728.056381808753,0,2728.056381808753,2728.056381808753,2728.4222438784564,0,2728.4222438784564,2728.4222438784564,2728.347841165945,0,2728.347841165945,2728.347841165945,2728.9655662182686,0,2728.9655662182686,2728.9655662182686,0.298525869072475,0,0.298525869072475,0.298525869072475,2728.056381808753,0,2728.056381808753,2728.056381808753,201.81558939021488,0,201.81558939021488,201.81558939021488,246.0,0,246.0,246.0,201.81558939021488,0,201.81558939021488,201.81558939021488,2690606.3353599114,0,2690606.3353599114,2690606.3353599114,2745.5166687346036,0,2745.5166687346036,2745.5166687346036,2747.2955961527728,0,2747.2955961527728,2747.2955961527728,2734.570902510812,0,2734.570902510812,2734.570902510812,2729.684204144334,0,2729.684204144334,2729.684204144334,2728.056381808753,0,2728.056381808753,2728.056381808753,48.0,0,48.0,48.0,52.0,0,52.0,52.0,112.0,0,112.0,112.0,188.0,0,188.0,188.0,1000.0,0,1000.0,1000.0,1,best,eval_to_90pct_improvement_mean
continous_fixed_toplogies,more_local_40bench_continuous_fixed_v1,continuous,c25_composition3,30,1000,12,torus,maxDistance,plain,20,2,1,1,False,2730.4247477740873,0,2730.4247477740873,2730.4247477740873,2731.9035080603244,0,2731.9035080603244,2731.9035080603244,2732.264400599078,0,2732.264400599078,2732.264400599078,2732.6289513677175,0,2732.6289513677175,2732.6289513677175,0.7202146936917526,0,0.7202146936917526,0.7202146936917526,2730.4247477740873,0,2730.4247477740873,2730.4247477740873,218.26960401726546,0,218.26960401726546,218.26960401726546,246.0,0,246.0,246.0,218.26960401726546,0,218.26960401726546,218.26960401726546,2693793.9157171617,0,2693793.9157171617,2693793.9157171617,2748.769301752206,0,2748.769301752206,2748.769301752206,2755.3875501695948,0,2755.3875501695948,2755.3875501695948,2735.3323379072194,0,2735.3323379072194,2735.3323379072194,2731.8385017239284,0,2731.8385017239284,2731.8385017239284,2730.4247477740873,0,2730.4247477740873,2730.4247477740873,28.0,0,28.0,28.0,72.0,0,72.0,72.0,112.0,0,112.0,112.0,296.0,0,296.0,296.0,972.0,0,972.0,972.0,2,maxDistance,eval_to_90pct_improvement_mean
continous_fixed_toplogies,more_local_40bench_continuous_fixed_v1,continuous,c25_composition3,30,1000,12,torus,worst,plain,20,2,1,1,False,2722.563405334985,0,2722.563405334985,2722.563405334985,2724.8418625565623,0,2724.8418625565623,2724.8418625565623,2724.9885499880884,0,2724.9885499880884,2724.9885499880884,2726.5558789718466,0,2726.5558789718466,2726.5558789718466,1.0048404117438685,0,1.0048404117438685,1.0048404117438685,2722.563405334985,0,2722.563405334985,2722.563405334985,125.92420244600862,0,125.92420244600862,125.92420244600862,246.0,0,246.0,246.0,125.92420244600862,0,125.92420244600862,125.92420244600862,2689662.067189281,0,2689662.067189281,2689662.067189281,2744.5531297849807,0,2744.5531297849807,2744.5531297849807,2744.5788979891404,0,2744.5788979891404,2744.5788979891404,2734.2341635444527,0,2734.2341635444527,2734.2341635444527,2727.557920240142,0,2727.557920240142,2727.557920240142,2722.563405334985,0,2722.563405334985,2722.563405334985,80.0,0,80.0,80.0,100.0,0,100.0,100.0,212.0,0,212.0,212.0,460.0,0,460.0,460.0,988.0,0,988.0,988.0,3,worst,eval_to_90pct_improvement_mean
continous_fixed_toplogies,more_local_40bench_continuous_fixed_v1,continuous,c25_composition3,30,1000,12,torus,random,plain,20,2,1,1,False,2730.76478846336,0,2730.76478846336,2730.76478846336,2733.8591141216034,0,2733.8591141216034,2733.8591141216034,2733.9396596904908,0,2733.9396596904908,2733.9396596904908,2737.838981682758,0,2737.838981682758,2737.838981682758,2.0847556313822913,0,2.0847556313822913,2.0847556313822913,2730.76478846336,0,2730.76478846336,2730.76478846336,122.29910098868277,0,122.29910098868277,122.29910098868277,246.0,0,246.0,246.0,122.29910098868277,0,122.29910098868277,122.29910098868277,2697599.72285608,0,2697599.72285608,2697599.72285608,2752.652778424572,0,2752.652778424572,2752.652778424572,2758.609503352836,0,2758.609503352836,2758.609503352836,2744.5619494580033,0,2744.5619494580033,2744.5619494580033,2737.23754163419,0,2737.23754163419,2737.23754163419,2730.76478846336,0,2730.76478846336,2730.76478846336,72.0,0,72.0,72.0,148.0,0,148.0,148.0,148.0,0,148.0,148.0,564.0,0,564.0,564.0,992.0,0,992.0,992.0,4,random,eval_to_90pct_improvement_mean
continous_fixed_toplogies,more_local_40bench_continuous_fixed_v1,continuous,c25_composition3,30,1000,12,complete,best,plain,20,2,1,1,False,2718.884546854099,0,2718.884546854099,2718.884546854099,2720.0807370301577,0,2720.0807370301577,2720.0807370301577,2720.0221450225295,0,2720.0221450225295,2720.0221450225295,2720.9436218954115,0,2720.9436218954115,2720.9436218954115,0.5687335079542424,0,0.5687335079542424,0.5687335079542424,2718.884546854099,0,2718.884546854099,2718.884546854099,167.00288415960267,0,167.00288415960267,167.00288415960267,246.0,0,246.0,246.0,167.00288415960267,0,167.00288415960267,167.00288415960267,2679582.1964518502,0,2679582.1964518502,2679582.1964518502,2734.267547399847,0,2734.267547399847,2734.267547399847,2731.099848476451,0,2731.099848476451,2731.099848476451,2723.798465484742,0,2723.798465484742,2723.798465484742,2720.203967234057,0,2720.203967234057,2720.203967234057,2718.884546854099,0,2718.884546854099,2718.884546854099,36.0,0,36.0,36.0,68.0,0,68.0,68.0,156.0,0,156.0,156.0,200.0,0,200.0,200.0,996.0,0,996.0,996.0,1,best,eval_to_90pct_improvement_mean
continous_fixed_toplogies,more_local_40bench_continuous_fixed_v1,continuous,c25_composition3,30,1000,12,complete,maxDistance,plain,20,2,1,1,False,2721.890673588467,0,2721.890673588467,2721.890673588467,2723.440684279077,0,2723.440684279077,2723.440684279077,2723.416684319275,0,2723.416684319275,2723.416684319275,2724.7181637879225,0,2724.7181637879225,2724.7181637879225,0.775193437189177,0,0.775193437189177,0.775193437189177,2721.890673588467,0,2721.890673588467,2721.890673588467,169.38750284741263,0,169.38750284741263,169.38750284741263,246.0,0,246.0,246.0,169.38750284741263,0,169.38750284741263,169.38750284741263,2686030.6403167713,0,2686030.6403167713,2686030.6403167713,2740.8475921599706,0,2740.8475921599706,2740.8475921599706,2740.208454261243,0,2740.208454261243,2740.208454261243,2731.415610058097,0,2731.415610058097,2731.415610058097,2725.228867106138,0,2725.228867106138,2725.228867106138,2721.890673588467,0,2721.890673588467,2721.890673588467,56.0,0,56.0,56.0,64.0,0,64.0,64.0,180.0,0,180.0,180.0,276.0,0,276.0,276.0,1000.0,0,1000.0,1000.0,2,maxDistance,eval_to_90pct_improvement_mean
continous_fixed_toplogies,more_local_40bench_continuous_fixed_v1,continuous,c25_composition3,30,1000,12,complete,random,plain,20,2,1,1,False,2721.6841208415367,0,2721.6841208415367,2721.6841208415367,2723.31163481824,0,2723.31163481824,2723.31163481824,2723.45263184398,0,2723.45263184398,2723.45263184398,2724.724300445856,0,2724.724300445856,2724.724300445856,0.8488505061732562,0,0.8488505061732562,0.8488505061732562,2721.6841208415367,0,2721.6841208415367,2721.6841208415367,178.9803449732981,0,178.9803449732981,178.9803449732981,246.0,0,246.0,246.0,178.9803449732981,0,178.9803449732981,178.9803449732981,2685398.7619246915,0,2685398.7619246915,2685398.7619246915,2740.2028182905015,0,2740.2028182905015,2740.2028182905015,2746.1238614001018,0,2746.1238614001018,2746.1238614001018,2729.699661567738,0,2729.699661567738,2729.699661567738,2724.7313930022683,0,2724.7313930022683,2724.7313930022683,2721.6841208415367,0,2721.6841208415367,2721.6841208415367,40.0,0,40.0,40.0,44.0,0,44.0,44.0,160.0,0,160.0,160.0,316.0,0,316.0,316.0,992.0,0,992.0,992.0,3,random,eval_to_90pct_improvement_mean
continous_fixed_toplogies,more_local_40bench_continuous_fixed_v1,continuous,c25_composition3,30,1000,12,complete,worst,plain,20,2,1,1,False,2724.474534836079,0,2724.474534836079,2724.474534836079,2726.3898176585435,0,2726.3898176585435,2726.3898176585435,2726.3404111167256,0,2726.3404111167256,2726.3404111167256,2728.4627890823085,0,2728.4627890823085,2728.4627890823085,1.200002632291359,0,1.200002632291359,1.200002632291359,2724.474534836079,0,2724.474534836079,2724.474534836079,128.58833526499893,0,128.58833526499893,128.58833526499893,246.0,0,246.0,246.0,128.58833526499893,0,128.58833526499893,128.58833526499893,2695694.9292838867,0,2695694.9292838867,2695694.9292838867,2750.70911151417,0,2750.70911151417,2750.70911151417,2767.3480403633316,0,2767.3480403633316,2767.3480403633316,2737.6707454683947,0,2737.6707454683947,2737.6707454683947,2729.1622261508155,0,2729.1622261508155,2729.1622261508155,2724.474534836079,0,2724.474534836079,2724.474534836079,56.0,0,56.0,56.0,136.0,0,136.0,136.0,324.0,0,324.0,324.0,512.0,0,512.0,512.0,1000.0,0,1000.0,1000.0,4,worst,eval_to_90pct_improvement_mean
continous_fixed_toplogies,more_local_40bench_continuous_fixed_v1,continuous,c26_composition4,30,1000,12,ring,maxDistance,plain,20,2,1,1,False,2700.8006807400393,0,2700.8006807400393,2700.8006807400393,2702.7620539198037,0,2702.7620539198037,2702.7620539198037,2702.6227243156427,0,2702.6227243156427,2702.6227243156427,2708.128562242238,0,2708.128562242238,2708.128562242238,2.133124368277473,0,2.133124368277473,2.133124368277473,2700.8006807400393,0,2700.8006807400393,2700.8006807400393,7.9783396934617485,0,7.9783396934617485,7.9783396934617485,246.0,0,246.0,246.0,7.9783396934617485,0,7.9783396934617485,7.9783396934617485,2648724.0909742396,0,2648724.0909742396,2648724.0909742396,2702.7796846675915,0,2702.7796846675915,2702.7796846675915,2704.4509460778404,0,2704.4509460778404,2704.4509460778404,2701.177505824062,0,2701.177505824062,2701.177505824062,2700.8006807400393,0,2700.8006807400393,2700.8006807400393,2700.8006807400393,0,2700.8006807400393,2700.8006807400393,148.0,0,148.0,148.0,244.0,0,244.0,244.0,396.0,0,396.0,396.0,468.0,0,468.0,468.0,632.0,0,632.0,632.0,1,maxDistance,eval_to_90pct_improvement_mean
continous_fixed_toplogies,more_local_40bench_continuous_fixed_v1,continuous,c26_composition4,30,1000,12,ring,best,plain,20,2,1,1,False,2700.9780837133912,0,2700.9780837133912,2700.9780837133912,2702.9697640517334,0,2702.9697640517334,2702.9697640517334,2702.8655417894925,0,2702.8655417894925,2702.8655417894925,2707.7545260129264,0,2707.7545260129264,2707.7545260129264,1.8910788105008087,0,1.8910788105008087,1.8910788105008087,2700.9780837133912,0,2700.9780837133912,2700.9780837133912,9.29212948712393,0,9.29212948712393,9.29212948712393,246.0,0,246.0,246.0,9.29212948712393,0,9.29212948712393,9.29212948712393,2648893.9251915896,0,2648893.9251915896,2648893.9251915896,2702.952984889377,0,2702.952984889377,2702.952984889377,2704.4036426479147,0,2704.4036426479147,2704.4036426479147,2702.9782756230343,0,2702.9782756230343,2702.9782756230343,2701.2383157513955,0,2701.2383157513955,2701.2383157513955,2700.9780837133912,0,2700.9780837133912,2700.9780837133912,32.0,0,32.0,32.0,100.0,0,100.0,100.0,336.0,0,336.0,336.0,648.0,0,648.0,648.0,956.0,0,956.0,956.0,2,best,eval_to_90pct_improvement_mean
continous_fixed_toplogies,more_local_40bench_continuous_fixed_v1,continuous,c26_composition4,30,1000,12,ring,random,plain,20,2,1,1,False,2700.83823631424,0,2700.83823631424,2700.83823631424,2704.06984818654,0,2704.06984818654,2704.06984818654,2704.2048067838223,0,2704.2048067838223,2704.2048067838223,2707.271122195063,0,2707.271122195063,2707.271122195063,1.9480186682267124,0,1.9480186682267124,1.9480186682267124,2700.83823631424,0,2700.83823631424,2700.83823631424,8.749104162117419,0,8.749104162117419,8.749104162117419,246.0,0,246.0,246.0,8.749104162117419,0,8.749104162117419,8.749104162117419,2649207.6001483165,0,2649207.6001483165,2649207.6001483165,2703.273061375833,0,2703.273061375833,2703.273061375833,2704.5960013024423,0,2704.5960013024423,2704.5960013024423,2702.801054810713,0,2702.801054810713,2702.801054810713,2701.8121110119373,0,2701.8121110119373,2701.8121110119373,2700.83823631424,0,2700.83823631424,2700.83823631424,112.0,0,112.0,112.0,208.0,0,208.0,208.0,408.0,0,408.0,408.0,760.0,0,760.0,760.0,968.0,0,968.0,968.0,3,random,eval_to_90pct_improvement_mean
continous_fixed_toplogies,more_local_40bench_continuous_fixed_v1,continuous,c26_composition4,30,1000,12,ring,worst,plain,20,2,1,1,False,2702.499592795811,0,2702.499592795811,2702.499592795811,2704.0901656118467,0,2704.0901656118467,2704.0901656118467,2703.650229820923,0,2703.650229820923,2703.650229820923,2708.611411532619,0,2708.611411532619,2708.611411532619,1.6757260455029235,0,1.6757260455029235,1.6757260455029235,2702.499592795811,0,2702.499592795811,2702.499592795811,5.176772259622339,0,5.176772259622339,5.176772259622339,246.0,0,246.0,246.0,5.176772259622339,0,5.176772259622339,5.176772259622339,2650173.7263594056,0,2650173.7263594056,2650173.7263594056,2704.258904448373,0,2704.258904448373,2704.258904448373,2705.388101336792,0,2705.388101336792,2705.388101336792,2704.2710102175183,0,2704.2710102175183,2704.2710102175183,2703.088253479633,0,2703.088253479633,2703.088253479633,2702.499592795811,0,2702.499592795811,2702.499592795811,140.0,0,140.0,140.0,292.0,0,292.0,292.0,552.0,0,552.0,552.0,788.0,0,788.0,788.0,988.0,0,988.0,988.0,4,worst,eval_to_90pct_improvement_mean
continous_fixed_toplogies,more_local_40bench_continuous_fixed_v1,continuous,c26_composition4,30,1000,12,torus,best,plain,20,2,1,1,False,2700.738194588915,0,2700.738194588915,2700.738194588915,2700.74867003201,0,2700.74867003201,2700.74867003201,2700.738194588915,0,2700.738194588915,2700.738194588915,2700.7633356523434,0,2700.7633356523434,2700.7633356523434,0.0123947114227846,0,0.0123947114227846,0.0123947114227846,2700.738194588915,0,2700.738194588915,2700.738194588915,8.36546528072131,0,8.36546528072131,8.36546528072131,246.0,0,246.0,246.0,8.36546528072131,0,8.36546528072131,8.36546528072131,2648057.7802063376,0,2648057.7802063376,2648057.7802063376,2702.0997757207524,0,2702.0997757207524,2702.0997757207524,2703.0264096523074,0,2703.0264096523074,2703.0264096523074,2700.9271820883882,0,2700.9271820883882,2700.9271820883882,2700.738194588915,0,2700.738194588915,2700.738194588915,2700.738194588915,0,2700.738194588915,2700.738194588915,88.0,0,88.0,88.0,104.0,0,104.0,104.0,284.0,0,284.0,284.0,416.0,0,416.0,416.0,652.0,0,652.0,652.0,1,best,eval_to_90pct_improvement_mean
continous_fixed_toplogies,more_local_40bench_continuous_fixed_v1,continuous,c26_composition4,30,1000,12,torus,maxDistance,plain,20,2,1,1,False,2700.757063174485,0,2700.757063174485,2700.757063174485,2701.1089426175085,0,2701.1089426175085,2701.1089426175085,2701.0423318240696,0,2701.0423318240696,2701.0423318240696,2701.9716313657013,0,2701.9716313657013,2701.9716313657013,0.2996114504081057,0,0.2996114504081057,0.2996114504081057,2700.757063174485,0,2700.757063174485,2700.757063174485,12.628472691250408,0,12.628472691250408,12.628472691250408,246.0,0,246.0,246.0,12.628472691250408,0,12.628472691250408,12.628472691250408,2648829.6352553787,0,2648829.6352553787,2648829.6352553787,2702.887382913652,0,2702.887382913652,2702.887382913652,2704.057056707939,0,2704.057056707939,2704.057056707939,2701.826007115994,0,2701.826007115994,2701.826007115994,2700.8928951499574,0,2700.8928951499574,2700.8928951499574,2700.757063174485,0,2700.757063174485,2700.757063174485,40.0,0,40.0,40.0,120.0,0,120.0,120.0,264.0,0,264.0,264.0,492.0,0,492.0,492.0,780.0,0,780.0,780.0,2,maxDistance,eval_to_90pct_improvement_mean
continous_fixed_toplogies,more_local_40bench_continuous_fixed_v1,continuous,c26_composition4,30,1000,12,torus,worst,plain,20,2,1,1,False,2700.795163942967,0,2700.795163942967,2700.795163942967,2700.9085895603725,0,2700.9085895603725,2700.9085895603725,2700.9204324068833,0,2700.9204324068833,2700.9204324068833,2701.067889817105,0,2701.067889817105,2701.067889817105,0.09688865653183357,0,0.09688865653183357,0.09688865653183357,2700.795163942967,0,2700.795163942967,2700.795163942967,15.83108906428015,0,15.83108906428015,15.83108906428015,246.0,0,246.0,246.0,15.83108906428015,0,15.83108906428015,15.83108906428015,2648923.0271997293,0,2648923.0271997293,2648923.0271997293,2702.9826808160506,0,2702.9826808160506,2702.9826808160506,2704.1856504417747,0,2704.1856504417747,2704.1856504417747,2702.648088797765,0,2702.648088797765,2702.648088797765,2700.865907155886,0,2700.865907155886,2700.865907155886,2700.795163942967,0,2700.795163942967,2700.795163942967,24.0,0,24.0,24.0,32.0,0,32.0,32.0,240.0,0,240.0,240.0,584.0,0,584.0,584.0,864.0,0,864.0,864.0,3,worst,eval_to_90pct_improvement_mean
continous_fixed_toplogies,more_local_40bench_continuous_fixed_v1,continuous,c26_composition4,30,1000,12,torus,random,plain,20,2,1,1,False,2701.0837580132898,0,2701.0837580132898,2701.0837580132898,2701.715524148471,0,2701.715524148471,2701.715524148471,2701.6129490695316,0,2701.6129490695316,2701.6129490695316,2702.4580803052045,0,2702.4580803052045,2702.4580803052045,0.5190090680322255,0,0.5190090680322255,0.5190090680322255,2701.0837580132898,0,2701.0837580132898,2701.0837580132898,11.333487191814584,0,11.333487191814584,11.333487191814584,246.0,0,246.0,246.0,11.333487191814584,0,11.333487191814584,11.333487191814584,2649394.6369094513,0,2649394.6369094513,2649394.6369094513,2703.463915213726,0,2703.463915213726,2703.463915213726,2705.0507613070786,0,2705.0507613070786,2705.0507613070786,2703.169116213138,0,2703.169116213138,2703.169116213138,2701.165028512603,0,2701.165028512603,2701.165028512603,2701.0837580132898,0,2701.0837580132898,2701.0837580132898,64.0,0,64.0,64.0,112.0,0,112.0,112.0,408.0,0,408.0,408.0,616.0,0,616.0,616.0,976.0,0,976.0,976.0,4,random,eval_to_90pct_improvement_mean
continous_fixed_toplogies,more_local_40bench_continuous_fixed_v1,continuous,c26_composition4,30,1000,12,complete,worst,plain,20,2,1,1,False,2701.059439382287,0,2701.059439382287,2701.059439382287,2701.1186184308003,0,2701.1186184308003,2701.1186184308003,2701.1275691514074,0,2701.1275691514074,2701.1275691514074,2701.174703232838,0,2701.174703232838,2701.174703232838,0.028728127270200344,0,0.028728127270200344,0.028728127270200344,2701.059439382287,0,2701.059439382287,2701.059439382287,9.400471412497609,0,9.400471412497609,9.400471412497609,246.0,0,246.0,246.0,9.400471412497609,0,9.400471412497609,9.400471412497609,2648413.80994312,0,2648413.80994312,2648413.80994312,2702.4630713705305,0,2702.4630713705305,2702.4630713705305,2703.2746712319877,0,2703.2746712319877,2703.2746712319877,2701.2574204529706,0,2701.2574204529706,2701.2574204529706,2701.1252732714097,0,2701.1252732714097,2701.1252732714097,2701.059439382287,0,2701.059439382287,2701.059439382287,84.0,0,84.0,84.0,132.0,0,132.0,132.0,224.0,0,224.0,224.0,324.0,0,324.0,324.0,896.0,0,896.0,896.0,1,worst,eval_to_90pct_improvement_mean
continous_fixed_toplogies,more_local_40bench_continuous_fixed_v1,continuous,c26_composition4,30,1000,12,complete,maxDistance,plain,20,2,1,1,False,2700.7746639987577,0,2700.7746639987577,2700.7746639987577,2700.7911865374576,0,2700.7911865374576,2700.7911865374576,2700.786020388301,0,2700.786020388301,2700.786020388301,2700.8105053678964,0,2700.8105053678964,2700.8105053678964,0.01619639732703164,0,0.01619639732703164,0.01619639732703164,2700.7746639987577,0,2700.7746639987577,2700.7746639987577,9.090041675468001,0,9.090041675468001,9.090041675468001,246.0,0,246.0,246.0,9.090041675468001,0,9.090041675468001,9.090041675468001,2648226.657957771,0,2648226.657957771,2648226.657957771,2702.272099956909,0,2702.272099956909,2702.272099956909,2703.3312691950114,0,2703.3312691950114,2703.3312691950114,2700.977105555875,0,2700.977105555875,2700.977105555875,2700.809288981103,0,2700.809288981103,2700.809288981103,2700.7746639987577,0,2700.7746639987577,2700.7746639987577,60.0,0,60.0,60.0,124.0,0,124.0,124.0,292.0,0,292.0,292.0,428.0,0,428.0,428.0,776.0,0,776.0,776.0,2,maxDistance,eval_to_90pct_improvement_mean
continous_fixed_toplogies,more_local_40bench_continuous_fixed_v1,continuous,c26_composition4,30,1000,12,complete,random,plain,20,2,1,1,False,2700.789926768424,0,2700.789926768424,2700.789926768424,2700.884800733102,0,2700.884800733102,2700.884800733102,2700.9133793208002,0,2700.9133793208002,2700.9133793208002,2700.9477240267365,0,2700.9477240267365,2700.9477240267365,0.0552247007179177,0,0.0552247007179177,0.0552247007179177,2700.789926768424,0,2700.789926768424,2700.789926768424,10.73322403370048,0,10.73322403370048,10.73322403370048,246.0,0,246.0,246.0,10.73322403370048,0,10.73322403370048,10.73322403370048,2648729.443332475,0,2648729.443332475,2648729.443332475,2702.7851462576277,0,2702.7851462576277,2702.7851462576277,2703.2339223831023,0,2703.2339223831023,2703.2339223831023,2702.516602749832,0,2702.516602749832,2702.516602749832,2700.8172451511596,0,2700.8172451511596,2700.8172451511596,2700.789926768424,0,2700.789926768424,2700.789926768424,84.0,0,84.0,84.0,112.0,0,112.0,112.0,204.0,0,204.0,204.0,580.0,0,580.0,580.0,844.0,0,844.0,844.0,3,random,eval_to_90pct_improvement_mean
continous_fixed_toplogies,more_local_40bench_continuous_fixed_v1,continuous,c26_composition4,30,1000,12,complete,best,plain,20,2,1,1,False,2700.7719701794254,0,2700.7719701794254,2700.7719701794254,2700.7739112808817,0,2700.7739112808817,2700.7739112808817,2700.7719701794254,0,2700.7719701794254,2700.7719701794254,2700.7952633969016,0,2700.7952633969016,2700.7952633969016,0.0064379052107512635,0,0.0064379052107512635,0.0064379052107512635,2700.7719701794254,0,2700.7719701794254,2700.7719701794254,13.23543302381404,0,13.23543302381404,13.23543302381404,246.0,0,246.0,246.0,13.23543302381404,0,13.23543302381404,13.23543302381404,2648733.2441247026,0,2648733.2441247026,2648733.2441247026,2702.7890246170437,0,2702.7890246170437,2702.7890246170437,2703.6723688378097,0,2703.6723688378097,2703.6723688378097,2702.7813079395005,0,2702.7813079395005,2702.7813079395005,2700.7719701794254,0,2700.7719701794254,2700.7719701794254,2700.7719701794254,0,2700.7719701794254,2700.7719701794254,36.0,0,36.0,36.0,76.0,0,76.0,76.0,192.0,0,192.0,192.0,592.0,0,592.0,592.0,688.0,0,688.0,688.0,4,best,eval_to_90pct_improvement_mean
continous_fixed_toplogies,more_local_40bench_continuous_fixed_v1,continuous,c27_composition5,30,1000,12,ring,random,plain,20,2,1,1,False,3889.8569085766567,0,3889.8569085766567,3889.8569085766567,4003.081216596248,0,4003.081216596248,4003.081216596248,4009.7009264718263,0,4009.7009264718263,4009.7009264718263,4210.4277656668055,0,4210.4277656668055,4210.4277656668055,81.83108029914644,0,81.83108029914644,81.83108029914644,3889.8569085766567,0,3889.8569085766567,3889.8569085766567,454.705317924876,0,454.705317924876,454.705317924876,246.0,0,246.0,246.0,454.705317924876,0,454.705317924876,454.705317924876,3877239.6996791824,0,3877239.6996791824,3877239.6996791824,3956.3670404889617,0,3956.3670404889617,3956.3670404889617,3987.8572658219496,0,3987.8572658219496,3987.8572658219496,3902.2077226896226,0,3902.2077226896226,3902.2077226896226,3893.6921947980145,0,3893.6921947980145,3893.6921947980145,3889.8569085766567,0,3889.8569085766567,3889.8569085766567,72.0,0,72.0,72.0,120.0,0,120.0,120.0,220.0,0,220.0,220.0,384.0,0,384.0,384.0,956.0,0,956.0,956.0,1,random,eval_to_90pct_improvement_mean
continous_fixed_toplogies,more_local_40bench_continuous_fixed_v1,continuous,c27_composition5,30,1000,12,ring,best,plain,20,2,1,1,False,3900.5858525148005,0,3900.5858525148005,3900.5858525148005,3959.45590613979,0,3959.45590613979,3959.45590613979,3910.6339975541973,0,3910.6339975541973,3910.6339975541973,4213.344577442878,0,4213.344577442878,4213.344577442878,95.11229325235703,0,95.11229325235703,95.11229325235703,3900.5858525148005,0,3900.5858525148005,3900.5858525148005,521.2217231013547,0,521.2217231013547,521.2217231013547,246.0,0,246.0,246.0,521.2217231013547,0,521.2217231013547,521.2217231013547,3902344.109045982,0,3902344.109045982,3902344.109045982,3981.983784740798,0,3981.983784740798,3981.983784740798,4042.501669607275,0,4042.501669607275,4042.501669607275,3936.6145451921066,0,3936.6145451921066,3936.6145451921066,3910.7432869001564,0,3910.7432869001564,3910.7432869001564,3900.5858525148005,0,3900.5858525148005,3900.5858525148005,28.0,0,28.0,28.0,88.0,0,88.0,88.0,292.0,0,292.0,292.0,468.0,0,468.0,468.0,960.0,0,960.0,960.0,2,best,eval_to_90pct_improvement_mean
continous_fixed_toplogies,more_local_40bench_continuous_fixed_v1,continuous,c27_composition5,30,1000,12,ring,worst,plain,20,2,1,1,False,3911.446127217996,0,3911.446127217996,3911.446127217996,3987.9979789825875,0,3987.9979789825875,3987.9979789825875,3934.7339546896656,0,3934.7339546896656,3934.7339546896656,4174.915487883965,0,4174.915487883965,4174.915487883965,84.38216694609885,0,84.38216694609885,84.38216694609885,3911.446127217996,0,3911.446127217996,3911.446127217996,375.9533262210789,0,375.9533262210789,375.9533262210789,246.0,0,246.0,246.0,375.9533262210789,0,375.9533262210789,375.9533262210789,3910374.0117800008,0,3910374.0117800008,3910374.0117800008,3990.177563040817,0,3990.177563040817,3990.177563040817,4072.546754460079,0,4072.546754460079,4072.546754460079,3947.6929921890296,0,3947.6929921890296,3947.6929921890296,3918.4395071841495,0,3918.4395071841495,3918.4395071841495,3911.446127217996,0,3911.446127217996,3911.446127217996,52.0,0,52.0,52.0,172.0,0,172.0,172.0,328.0,0,328.0,328.0,492.0,0,492.0,492.0,968.0,0,968.0,968.0,3,worst,eval_to_90pct_improvement_mean
continous_fixed_toplogies,more_local_40bench_continuous_fixed_v1,continuous,c27_composition5,30,1000,12,ring,maxDistance,plain,20,2,1,1,False,3819.586519841204,0,3819.586519841204,3819.586519841204,3871.271204315264,0,3871.271204315264,3871.271204315264,3841.6281835777327,0,3841.6281835777327,3841.6281835777327,4109.3511540994305,0,4109.3511540994305,4109.3511540994305,75.20937502684438,0,75.20937502684438,75.20937502684438,3819.586519841204,0,3819.586519841204,3819.586519841204,530.4902957951754,0,530.4902957951754,530.4902957951754,246.0,0,246.0,246.0,530.4902957951754,0,530.4902957951754,530.4902957951754,3849028.888854227,0,3849028.888854227,3849028.888854227,3927.5804988308437,0,3927.5804988308437,3927.5804988308437,3967.5193980993063,0,3967.5193980993063,3967.5193980993063,3916.122571265434,0,3916.122571265434,3916.122571265434,3848.00004398288,0,3848.00004398288,3848.00004398288,3819.586519841204,0,3819.586519841204,3819.586519841204,48.0,0,48.0,48.0,116.0,0,116.0,116.0,348.0,0,348.0,348.0,628.0,0,628.0,628.0,976.0,0,976.0,976.0,4,maxDistance,eval_to_90pct_improvement_mean
continous_fixed_toplogies,more_local_40bench_continuous_fixed_v1,continuous,c27_composition5,30,1000,12,torus,maxDistance,plain,20,2,1,1,False,3678.2680966409594,0,3678.2680966409594,3678.2680966409594,3693.9242051755537,0,3693.9242051755537,3693.9242051755537,3689.2841431337183,0,3689.2841431337183,3689.2841431337183,3729.8142428958445,0,3729.8142428958445,3729.8142428958445,14.26763326668013,0,14.26763326668013,14.26763326668013,3678.2680966409594,0,3678.2680966409594,3678.2680966409594,647.2764727510926,0,647.2764727510926,647.2764727510926,246.0,0,246.0,246.0,647.2764727510926,0,647.2764727510926,647.2764727510926,3737416.117468798,0,3737416.117468798,3737416.117468798,3813.6899157844878,0,3813.6899157844878,3813.6899157844878,3966.6498708448453,0,3966.6498708448453,3966.6498708448453,3697.4709053188117,0,3697.4709053188117,3697.4709053188117,3685.946797890674,0,3685.946797890674,3685.946797890674,3678.2680966409594,0,3678.2680966409594,3678.2680966409594,92.0,0,92.0,92.0,184.0,0,184.0,184.0,328.0,0,328.0,328.0,392.0,0,392.0,392.0,972.0,0,972.0,972.0,1,maxDistance,eval_to_90pct_improvement_mean
continous_fixed_toplogies,more_local_40bench_continuous_fixed_v1,continuous,c27_composition5,30,1000,12,torus,best,plain,20,2,1,1,False,3876.1056911442124,0,3876.1056911442124,3876.1056911442124,3883.0916068132715,0,3883.0916068132715,3883.0916068132715,3882.236649599473,0,3882.236649599473,3882.236649599473,3895.311498951054,0,3895.311498951054,3895.311498951054,5.088042869649705,0,5.088042869649705,5.088042869649705,3876.1056911442124,0,3876.1056911442124,3876.1056911442124,544.7896950904064,0,544.7896950904064,544.7896950904064,246.0,0,246.0,246.0,544.7896950904064,0,544.7896950904064,544.7896950904064,3876040.867511645,0,3876040.867511645,3876040.867511645,3955.1437423588213,0,3955.1437423588213,3955.1437423588213,3992.714171136341,0,3992.714171136341,3992.714171136341,3913.893578806571,0,3913.893578806571,3913.893578806571,3891.7024734077736,0,3891.7024734077736,3891.7024734077736,3876.1056911442124,0,3876.1056911442124,3876.1056911442124,32.0,0,32.0,32.0,80.0,0,80.0,80.0,176.0,0,176.0,176.0,432.0,0,432.0,432.0,1000.0,0,1000.0,1000.0,2,best,eval_to_90pct_improvement_mean
continous_fixed_toplogies,more_local_40bench_continuous_fixed_v1,continuous,c27_composition5,30,1000,12,torus,worst,plain,20,2,1,1,False,3791.09312970417,0,3791.09312970417,3791.09312970417,3818.4812560512155,0,3818.4812560512155,3818.4812560512155,3819.5918158944196,0,3819.5918158944196,3819.5918158944196,3834.3893345379856,0,3834.3893345379856,3834.3893345379856,13.352061567351653,0,13.352061567351653,13.352061567351653,3791.09312970417,0,3791.09312970417,3791.09312970417,573.3003506903538,0,573.3003506903538,573.3003506903538,246.0,0,246.0,246.0,573.3003506903538,0,573.3003506903538,573.3003506903538,3835986.14843093,0,3835986.14843093,3835986.14843093,3914.2715800315614,0,3914.2715800315614,3914.2715800315614,3957.9218151019645,0,3957.9218151019645,3957.9218151019645,3887.072171652141,0,3887.072171652141,3887.072171652141,3816.987348346651,0,3816.987348346651,3816.987348346651,3791.09312970417,0,3791.09312970417,3791.09312970417,76.0,0,76.0,76.0,152.0,0,152.0,152.0,332.0,0,332.0,332.0,616.0,0,616.0,616.0,980.0,0,980.0,980.0,3,worst,eval_to_90pct_improvement_mean
continous_fixed_toplogies,more_local_40bench_continuous_fixed_v1,continuous,c27_composition5,30,1000,12,torus,random,plain,20,2,1,1,False,3745.982350726387,0,3745.982350726387,3745.982350726387,3764.0913447476646,0,3764.0913447476646,3764.0913447476646,3757.773345511124,0,3757.773345511124,3757.773345511124,3809.2917976817253,0,3809.2917976817253,3809.2917976817253,18.63327035035572,0,18.63327035035572,18.63327035035572,3745.982350726387,0,3745.982350726387,3745.982350726387,622.4761143330456,0,622.4761143330456,622.4761143330456,246.0,0,246.0,246.0,622.4761143330456,0,622.4761143330456,622.4761143330456,3793263.7196825435,0,3793263.7196825435,3793263.7196825435,3870.6772649821874,0,3870.6772649821874,3870.6772649821874,3930.2369944648526,0,3930.2369944648526,3930.2369944648526,3830.2192838050496,0,3830.2192838050496,3830.2192838050496,3770.175672963863,0,3770.175672963863,3770.175672963863,3745.982350726387,0,3745.982350726387,3745.982350726387,36.0,0,36.0,36.0,164.0,0,164.0,164.0,296.0,0,296.0,296.0,652.0,0,652.0,652.0,944.0,0,944.0,944.0,4,random,eval_to_90pct_improvement_mean
continous_fixed_toplogies,more_local_40bench_continuous_fixed_v1,continuous,c27_composition5,30,1000,12,complete,random,plain,20,2,1,1,False,3798.0483927873784,0,3798.0483927873784,3798.0483927873784,3804.7673463148176,0,3804.7673463148176,3804.7673463148176,3803.4055081505203,0,3803.4055081505203,3803.4055081505203,3823.2312964472176,0,3823.2312964472176,3823.2312964472176,6.469279925680019,0,6.469279925680019,6.469279925680019,3798.0483927873784,0,3798.0483927873784,3798.0483927873784,622.2453395520351,0,622.2453395520351,622.2453395520351,246.0,0,246.0,246.0,622.2453395520351,0,622.2453395520351,622.2453395520351,3821015.195174465,0,3821015.195174465,3821015.195174465,3898.995097116801,0,3898.995097116801,3898.995097116801,3931.8192728804793,0,3931.8192728804793,3931.8192728804793,3856.6262933863736,0,3856.6262933863736,3856.6262933863736,3809.3071976776964,0,3809.3071976776964,3809.3071976776964,3798.0483927873784,0,3798.0483927873784,3798.0483927873784,32.0,0,32.0,32.0,104.0,0,104.0,104.0,236.0,0,236.0,236.0,496.0,0,496.0,496.0,996.0,0,996.0,996.0,1,random,eval_to_90pct_improvement_mean
continous_fixed_toplogies,more_local_40bench_continuous_fixed_v1,continuous,c27_composition5,30,1000,12,complete,best,plain,20,2,1,1,False,3706.5897562053087,0,3706.5897562053087,3706.5897562053087,3713.5956833113405,0,3713.5956833113405,3713.5956833113405,3711.4397727054757,0,3711.4397727054757,3711.4397727054757,3729.0622458371513,0,3729.0622458371513,3729.0622458371513,6.635853448069607,0,6.635853448069607,6.635853448069607,3706.5897562053087,0,3706.5897562053087,3706.5897562053087,561.8782817986648,0,561.8782817986648,561.8782817986648,246.0,0,246.0,246.0,561.8782817986648,0,561.8782817986648,561.8782817986648,3739143.800700986,0,3739143.800700986,3739143.800700986,3815.452857858149,0,3815.452857858149,3815.452857858149,3855.0049137882734,0,3855.0049137882734,3855.0049137882734,3764.006784611928,0,3764.006784611928,3764.006784611928,3732.01172020758,0,3732.01172020758,3732.01172020758,3706.5897562053087,0,3706.5897562053087,3706.5897562053087,76.0,0,76.0,76.0,152.0,0,152.0,152.0,268.0,0,268.0,268.0,512.0,0,512.0,512.0,1000.0,0,1000.0,1000.0,2,best,eval_to_90pct_improvement_mean
continous_fixed_toplogies,more_local_40bench_continuous_fixed_v1,continuous,c27_composition5,30,1000,12,complete,maxDistance,plain,20,2,1,1,False,3707.751625235207,0,3707.751625235207,3707.751625235207,3727.6503991201866,0,3727.6503991201866,3727.6503991201866,3725.134595590443,0,3725.134595590443,3725.134595590443,3762.910401574086,0,3762.910401574086,3762.910401574086,13.59358375234166,0,13.59358375234166,13.59358375234166,3707.751625235207,0,3707.751625235207,3707.751625235207,630.3491441915057,0,630.3491441915057,630.3491441915057,246.0,0,246.0,246.0,630.3491441915057,0,630.3491441915057,630.3491441915057,3749946.0687660906,0,3749946.0687660906,3749946.0687660906,3826.4755803735616,0,3826.4755803735616,3826.4755803735616,3894.1675115498256,0,3894.1675115498256,3894.1675115498256,3771.599337266307,0,3771.599337266307,3771.599337266307,3717.2595773955927,0,3717.2595773955927,3717.2595773955927,3707.751625235207,0,3707.751625235207,3707.751625235207,84.0,0,84.0,84.0,128.0,0,128.0,128.0,276.0,0,276.0,276.0,512.0,0,512.0,512.0,980.0,0,980.0,980.0,3,maxDistance,eval_to_90pct_improvement_mean
continous_fixed_toplogies,more_local_40bench_continuous_fixed_v1,continuous,c27_composition5,30,1000,12,complete,worst,plain,20,2,1,1,False,3736.881708460703,0,3736.881708460703,3736.881708460703,3764.796972145499,0,3764.796972145499,3764.796972145499,3766.2331590719377,0,3766.2331590719377,3766.2331590719377,3785.240027224302,0,3785.240027224302,3785.240027224302,12.292532744960958,0,12.292532744960958,12.292532744960958,3736.881708460703,0,3736.881708460703,3736.881708460703,642.7191608475473,0,642.7191608475473,642.7191608475473,246.0,0,246.0,246.0,642.7191608475473,0,642.7191608475473,642.7191608475473,3833621.8911917647,0,3833621.8911917647,3833621.8911917647,3911.8590726446578,0,3911.8590726446578,3911.8590726446578,4071.1639738573103,0,4071.1639738573103,4071.1639738573103,3884.62727798471,0,3884.62727798471,3884.62727798471,3768.0239749753755,0,3768.0239749753755,3768.0239749753755,3736.881708460703,0,3736.881708460703,3736.881708460703,44.0,0,44.0,44.0,256.0,0,256.0,256.0,464.0,0,464.0,464.0,596.0,0,596.0,596.0,984.0,0,984.0,984.0,4,worst,eval_to_90pct_improvement_mean
continous_fixed_toplogies,more_local_40bench_continuous_fixed_v1,continuous,c28_composition6,30,1000,12,ring,best,plain,20,2,1,1,False,3503.317672943267,0,3503.317672943267,3503.317672943267,3796.6671189770004,0,3796.6671189770004,3796.6671189770004,3702.240582141121,0,3702.240582141121,3702.240582141121,4594.7750220817525,0,4594.7750220817525,4594.7750220817525,300.1073585419147,0,300.1073585419147,300.1073585419147,3503.317672943267,0,3503.317672943267,3503.317672943267,2603.881687691225,0,2603.881687691225,2603.881687691225,246.0,0,246.0,246.0,2603.881687691225,0,2603.881687691225,2603.881687691225,3726277.3734441805,0,3726277.3734441805,3726277.3734441805,3802.3238504532455,0,3802.3238504532455,3802.3238504532455,3809.183898082277,0,3809.183898082277,3809.183898082277,3655.965934760347,0,3655.965934760347,3655.965934760347,3574.754696868198,0,3574.754696868198,3574.754696868198,3503.317672943267,0,3503.317672943267,3503.317672943267,32.0,0,32.0,32.0,64.0,0,64.0,64.0,140.0,0,140.0,140.0,320.0,0,320.0,320.0,988.0,0,988.0,988.0,1,best,eval_to_90pct_improvement_mean
continous_fixed_toplogies,more_local_40bench_continuous_fixed_v1,continuous,c28_composition6,30,1000,12,ring,random,plain,20,2,1,1,False,3433.092261854569,0,3433.092261854569,3433.092261854569,3636.2681680627848,0,3636.2681680627848,3636.2681680627848,3600.2894138807533,0,3600.2894138807533,3600.2894138807533,4083.568004800703,0,4083.568004800703,4083.568004800703,203.9887378005085,0,203.9887378005085,203.9887378005085,3433.092261854569,0,3433.092261854569,3433.092261854569,2678.764050815047,0,2678.764050815047,2678.764050815047,246.0,0,246.0,246.0,2678.764050815047,0,2678.764050815047,2678.764050815047,3768035.5159641244,0,3768035.5159641244,3768035.5159641244,3844.934199963392,0,3844.934199963392,3844.934199963392,4012.797577581246,0,4012.797577581246,4012.797577581246,3677.7093314288813,0,3677.7093314288813,3677.7093314288813,3467.2007016405914,0,3467.2007016405914,3467.2007016405914,3433.092261854569,0,3433.092261854569,3433.092261854569,52.0,0,52.0,52.0,80.0,0,80.0,80.0,200.0,0,200.0,200.0,456.0,0,456.0,456.0,984.0,0,984.0,984.0,2,random,eval_to_90pct_improvement_mean
continous_fixed_toplogies,more_local_40bench_continuous_fixed_v1,continuous,c28_composition6,30,1000,12,ring,worst,plain,20,2,1,1,False,3462.9364832127476,0,3462.9364832127476,3462.9364832127476,3659.4491688726876,0,3659.4491688726876,3659.4491688726876,3538.1997182907817,0,3538.1997182907817,3538.1997182907817,4734.395073530724,0,4734.395073530724,4734.395073530724,347.2115981513654,0,347.2115981513654,347.2115981513654,3462.9364832127476,0,3462.9364832127476,3462.9364832127476,2453.620791489827,0,2453.620791489827,2453.620791489827,246.0,0,246.0,246.0,2453.620791489827,0,2453.620791489827,2453.620791489827,3755799.3698185696,0,3755799.3698185696,3755799.3698185696,3832.4483365495607,0,3832.4483365495607,3832.4483365495607,3869.28288411291,0,3869.28288411291,3869.28288411291,3690.8223218680496,0,3690.8223218680496,3690.8223218680496,3532.5423662413996,0,3532.5423662413996,3532.5423662413996,3462.9364832127476,0,3462.9364832127476,3462.9364832127476,72.0,0,72.0,72.0,84.0,0,84.0,84.0,152.0,0,152.0,152.0,468.0,0,468.0,468.0,988.0,0,988.0,988.0,3,worst,eval_to_90pct_improvement_mean
continous_fixed_toplogies,more_local_40bench_continuous_fixed_v1,continuous,c28_composition6,30,1000,12,ring,maxDistance,plain,20,2,1,1,False,3578.563486630326,0,3578.563486630326,3578.563486630326,3710.5145856789118,0,3710.5145856789118,3710.5145856789118,3633.971763869381,0,3633.971763869381,3633.971763869381,4106.2741163662995,0,4106.2741163662995,4106.2741163662995,160.4347826419236,0,160.4347826419236,160.4347826419236,3578.563486630326,0,3578.563486630326,3578.563486630326,1786.8414391208335,0,1786.8414391208335,1786.8414391208335,246.0,0,246.0,246.0,1786.8414391208335,0,1786.8414391208335,1786.8414391208335,3834755.8698302037,0,3834755.8698302037,3834755.8698302037,3913.0161937042894,0,3913.0161937042894,3913.0161937042894,4153.311423087636,0,4153.311423087636,4153.311423087636,3722.8664353340746,0,3722.8664353340746,3722.8664353340746,3585.3604454902043,0,3585.3604454902043,3585.3604454902043,3578.563486630326,0,3578.563486630326,3578.563486630326,76.0,0,76.0,76.0,88.0,0,88.0,88.0,304.0,0,304.0,304.0,492.0,0,492.0,492.0,948.0,0,948.0,948.0,4,maxDistance,eval_to_90pct_improvement_mean
continous_fixed_toplogies,more_local_40bench_continuous_fixed_v1,continuous,c28_composition6,30,1000,12,torus,best,plain,20,2,1,1,False,3388.486107964662,0,3388.486107964662,3388.486107964662,3394.8250957515684,0,3394.8250957515684,3394.8250957515684,3395.1245773647192,0,3395.1245773647192,3395.1245773647192,3399.765301567864,0,3399.765301567864,3399.765301567864,3.3201402635003516,0,3.3201402635003516,3.3201402635003516,3388.486107964662,0,3388.486107964662,3388.486107964662,3113.073234639802,0,3113.073234639802,3113.073234639802,246.0,0,246.0,246.0,3113.073234639802,0,3113.073234639802,3113.073234639802,3612134.2764375806,0,3612134.2764375806,3612134.2764375806,3685.8513024873273,0,3685.8513024873273,3685.8513024873273,3632.7380775549514,0,3632.7380775549514,3632.7380775549514,3515.7816677640794,0,3515.7816677640794,3515.7816677640794,3405.6212811783876,0,3405.6212811783876,3405.6212811783876,3388.486107964662,0,3388.486107964662,3388.486107964662,48.0,0,48.0,48.0,76.0,0,76.0,76.0,108.0,0,108.0,108.0,216.0,0,216.0,216.0,980.0,0,980.0,980.0,1,best,eval_to_90pct_improvement_mean
continous_fixed_toplogies,more_local_40bench_continuous_fixed_v1,continuous,c28_composition6,30,1000,12,torus,maxDistance,plain,20,2,1,1,False,3398.9248850308877,0,3398.9248850308877,3398.9248850308877,3409.589279972998,0,3409.589279972998,3409.589279972998,3407.234544227262,0,3407.234544227262,3407.234544227262,3424.344834322284,0,3424.344834322284,3424.344834322284,8.330252766400386,0,8.330252766400386,8.330252766400386,3398.9248850308877,0,3398.9248850308877,3398.9248850308877,3355.9210563660117,0,3355.9210563660117,3355.9210563660117,246.0,0,246.0,246.0,3355.9210563660117,0,3355.9210563660117,3355.9210563660117,3585790.9451367855,0,3585790.9451367855,3585790.9451367855,3658.9703521803935,0,3658.9703521803935,3658.9703521803935,3688.2566973278067,0,3688.2566973278067,3688.2566973278067,3423.855634854028,0,3423.855634854028,3423.855634854028,3402.0147012429193,0,3402.0147012429193,3402.0147012429193,3398.9248850308877,0,3398.9248850308877,3398.9248850308877,28.0,0,28.0,28.0,60.0,0,60.0,60.0,128.0,0,128.0,128.0,224.0,0,224.0,224.0,996.0,0,996.0,996.0,2,maxDistance,eval_to_90pct_improvement_mean
continous_fixed_toplogies,more_local_40bench_continuous_fixed_v1,continuous,c28_composition6,30,1000,12,torus,worst,plain,20,2,1,1,False,3457.6273674721333,0,3457.6273674721333,3457.6273674721333,3485.9480398236774,0,3485.9480398236774,3485.9480398236774,3484.5576955805764,0,3484.5576955805764,3484.5576955805764,3516.8398923445507,0,3516.8398923445507,3516.8398923445507,14.688631604626703,0,14.688631604626703,14.688631604626703,3457.6273674721333,0,3457.6273674721333,3457.6273674721333,2307.7226960101025,0,2307.7226960101025,2307.7226960101025,246.0,0,246.0,246.0,2307.7226960101025,0,2307.7226960101025,2307.7226960101025,3681137.1089422954,0,3681137.1089422954,3681137.1089422954,3756.2623560635666,0,3756.2623560635666,3756.2623560635666,3786.272133424439,0,3786.272133424439,3786.272133424439,3567.2017910008185,0,3567.2017910008185,3567.2017910008185,3503.251335071913,0,3503.251335071913,3503.251335071913,3457.6273674721333,0,3457.6273674721333,3457.6273674721333,68.0,0,68.0,68.0,96.0,0,96.0,96.0,124.0,0,124.0,124.0,332.0,0,332.0,332.0,996.0,0,996.0,996.0,3,worst,eval_to_90pct_improvement_mean
continous_fixed_toplogies,more_local_40bench_continuous_fixed_v1,continuous,c28_composition6,30,1000,12,torus,random,plain,20,2,1,1,False,3379.103452558913,0,3379.103452558913,3379.103452558913,3387.266068882872,0,3387.266068882872,3387.266068882872,3388.2261998514978,0,3388.2261998514978,3388.2261998514978,3392.671216829195,0,3392.671216829195,3392.671216829195,3.587154139970267,0,3.587154139970267,3.587154139970267,3379.103452558913,0,3379.103452558913,3379.103452558913,1618.2312928571264,0,1618.2312928571264,1618.2312928571264,246.0,0,246.0,246.0,1618.2312928571264,0,1618.2312928571264,1618.2312928571264,3572383.270288823,0,3572383.270288823,3572383.270288823,3645.2890513151256,0,3645.2890513151256,3645.2890513151256,3711.692652116159,0,3711.692652116159,3711.692652116159,3434.2959311575014,0,3434.2959311575014,3434.2959311575014,3388.5731532849877,0,3388.5731532849877,3388.5731532849877,3379.103452558913,0,3379.103452558913,3379.103452558913,84.0,0,84.0,84.0,160.0,0,160.0,160.0,212.0,0,212.0,212.0,340.0,0,340.0,340.0,996.0,0,996.0,996.0,4,random,eval_to_90pct_improvement_mean
continous_fixed_toplogies,more_local_40bench_continuous_fixed_v1,continuous,c28_composition6,30,1000,12,complete,best,plain,20,2,1,1,False,3398.4965332526963,0,3398.4965332526963,3398.4965332526963,3399.993449488495,0,3399.993449488495,3399.993449488495,3399.734367052577,0,3399.734367052577,3399.734367052577,3403.2664735124335,0,3403.2664735124335,3403.2664735124335,1.0896464384016353,0,1.0896464384016353,1.0896464384016353,3398.4965332526963,0,3398.4965332526963,3398.4965332526963,2320.831061209601,0,2320.831061209601,2320.831061209601,246.0,0,246.0,246.0,2320.831061209601,0,2320.831061209601,2320.831061209601,3496272.0086890566,0,3496272.0086890566,3496272.0086890566,3567.624498662303,0,3567.624498662303,3567.624498662303,3459.0547845761625,0,3459.0547845761625,3459.0547845761625,3407.945076869242,0,3407.945076869242,3407.945076869242,3401.382418953772,0,3401.382418953772,3401.382418953772,3398.4965332526963,0,3398.4965332526963,3398.4965332526963,64.0,0,64.0,64.0,88.0,0,88.0,88.0,116.0,0,116.0,116.0,152.0,0,152.0,152.0,996.0,0,996.0,996.0,1,best,eval_to_90pct_improvement_mean
continous_fixed_toplogies,more_local_40bench_continuous_fixed_v1,continuous,c28_composition6,30,1000,12,complete,random,plain,20,2,1,1,False,3299.040143674558,0,3299.040143674558,3299.040143674558,3301.797476133587,0,3301.797476133587,3301.797476133587,3301.705224805108,0,3301.705224805108,3301.705224805108,3304.2098322655193,0,3304.2098322655193,3304.2098322655193,1.6311008964926643,0,1.6311008964926643,1.6311008964926643,3299.040143674558,0,3299.040143674558,3299.040143674558,2552.1268149246453,0,2552.1268149246453,2552.1268149246453,246.0,0,246.0,246.0,2552.1268149246453,0,2552.1268149246453,2552.1268149246453,3541491.315253394,0,3541491.315253394,3541491.315253394,3613.766648217749,0,3613.766648217749,3613.766648217749,3672.3766532801183,0,3672.3766532801183,3672.3766532801183,3402.698906322913,0,3402.698906322913,3402.698906322913,3326.700401818417,0,3326.700401818417,3326.700401818417,3299.040143674558,0,3299.040143674558,3299.040143674558,48.0,0,48.0,48.0,92.0,0,92.0,92.0,192.0,0,192.0,192.0,296.0,0,296.0,296.0,996.0,0,996.0,996.0,2,random,eval_to_90pct_improvement_mean
continous_fixed_toplogies,more_local_40bench_continuous_fixed_v1,continuous,c28_composition6,30,1000,12,complete,worst,plain,20,2,1,1,False,3321.2113422753055,0,3321.2113422753055,3321.2113422753055,3330.0738159458633,0,3330.0738159458633,3330.0738159458633,3327.582022956374,0,3327.582022956374,3327.582022956374,3356.038882395491,0,3356.038882395491,3356.038882395491,8.798775282895903,0,8.798775282895903,8.798775282895903,3321.2113422753055,0,3321.2113422753055,3321.2113422753055,2883.16163722042,0,2883.16163722042,2883.16163722042,246.0,0,246.0,246.0,2883.16163722042,0,2883.16163722042,2883.16163722042,3620458.471652514,0,3620458.471652514,3620458.471652514,3694.345379237259,0,3694.345379237259,3694.345379237259,3727.8385458168564,0,3727.8385458168564,3727.8385458168564,3421.022800992931,0,3421.022800992931,3421.022800992931,3336.356774172914,0,3336.356774172914,3336.356774172914,3321.2113422753055,0,3321.2113422753055,3321.2113422753055,60.0,0,60.0,60.0,128.0,0,128.0,128.0,184.0,0,184.0,184.0,300.0,0,300.0,300.0,1000.0,0,1000.0,1000.0,3,worst,eval_to_90pct_improvement_mean
continous_fixed_toplogies,more_local_40bench_continuous_fixed_v1,continuous,c28_composition6,30,1000,12,complete,maxDistance,plain,20,2,1,1,False,3358.1182265660473,0,3358.1182265660473,3358.1182265660473,3362.6064606379437,0,3362.6064606379437,3362.6064606379437,3362.8818581400465,0,3362.8818581400465,3362.8818581400465,3367.766583974467,0,3367.766583974467,3367.766583974467,2.5496238793161594,0,2.5496238793161594,2.5496238793161594,3358.1182265660473,0,3358.1182265660473,3358.1182265660473,3268.3770529239437,0,3268.3770529239437,3268.3770529239437,246.0,0,246.0,246.0,3268.3770529239437,0,3268.3770529239437,3268.3770529239437,3700671.4483245844,0,3700671.4483245844,3700671.4483245844,3776.1953554332495,0,3776.1953554332495,3776.1953554332495,3798.8641435743607,0,3798.8641435743607,3798.8641435743607,3499.163060270238,0,3499.163060270238,3499.163060270238,3385.8745983898484,0,3385.8745983898484,3385.8745983898484,3358.1182265660473,0,3358.1182265660473,3358.1182265660473,40.0,0,40.0,40.0,88.0,0,88.0,88.0,184.0,0,184.0,184.0,384.0,0,384.0,384.0,996.0,0,996.0,996.0,4,maxDistance,eval_to_90pct_improvement_mean
continous_fixed_toplogies,more_local_40bench_continuous_fixed_v1,continuous,c29_composition7,30,1000,12,ring,best,plain,20,2,1,1,False,10522132.10346366,0,10522132.10346366,10522132.10346366,150768024.53933075,0,150768024.53933075,150768024.53933075,92743922.90198345,0,92743922.90198345,92743922.90198345,693362778.8785932,0,693362778.8785932,693362778.8785932,188120270.3550528,0,188120270.3550528,188120270.3550528,10522132.10346366,0,10522132.10346366,10522132.10346366,5838026453.580377,0,5838026453.580377,5838026453.580377,246.0,0,246.0,246.0,5838026453.580377,0,5838026453.580377,5838026453.580377,270020373731.77316,0,270020373731.77316,270020373731.77316,275530993.6038502,0,275530993.6038502,275530993.6038502,120521537.80942516,0,120521537.80942516,120521537.80942516,37731474.52660592,0,37731474.52660592,37731474.52660592,20867515.187977724,0,20867515.187977724,20867515.187977724,10522132.10346366,0,10522132.10346366,10522132.10346366,32.0,0,32.0,32.0,52.0,0,52.0,52.0,60.0,0,60.0,60.0,104.0,0,104.0,104.0,992.0,0,992.0,992.0,1,best,eval_to_90pct_improvement_mean
continous_fixed_toplogies,more_local_40bench_continuous_fixed_v1,continuous,c29_composition7,30,1000,12,ring,worst,plain,20,2,1,1,False,4400873.735212617,0,4400873.735212617,4400873.735212617,193208001.01224315,0,193208001.01224315,193208001.01224315,48983568.74822274,0,48983568.74822274,48983568.74822274,1375507350.2969718,0,1375507350.2969718,1375507350.2969718,368600057.51757425,0,368600057.51757425,368600057.51757425,4400873.735212617,0,4400873.735212617,4400873.735212617,7290570420.62392,0,7290570420.62392,7290570420.62392,246.0,0,246.0,246.0,7290570420.62392,0,7290570420.62392,7290570420.62392,365712973554.56824,0,365712973554.56824,365712973554.56824,373176503.6271104,0,373176503.6271104,373176503.6271104,305567225.0063682,0,305567225.0063682,305567225.0063682,35326131.28017582,0,35326131.28017582,35326131.28017582,6139440.681974011,0,6139440.681974011,6139440.681974011,4400873.735212617,0,4400873.735212617,4400873.735212617,32.0,0,32.0,32.0,48.0,0,48.0,48.0,80.0,0,80.0,80.0,124.0,0,124.0,124.0,992.0,0,992.0,992.0,2,worst,eval_to_90pct_improvement_mean
continous_fixed_toplogies,more_local_40bench_continuous_fixed_v1,continuous,c29_composition7,30,1000,12,ring,random,plain,20,2,1,1,False,12098390.677068232,0,12098390.677068232,12098390.677068232,123669238.87425391,0,123669238.87425391,123669238.87425391,104898682.27923799,0,104898682.27923799,104898682.27923799,500887511.29120773,0,500887511.29120773,500887511.29120773,122890689.50591522,0,122890689.50591522,122890689.50591522,12098390.677068232,0,12098390.677068232,12098390.677068232,2380000693.153725,0,2380000693.153725,2380000693.153725,246.0,0,246.0,246.0,2380000693.153725,0,2380000693.153725,2380000693.153725,182433318687.99487,0,182433318687.99487,182433318687.99487,186156447.6408111,0,186156447.6408111,186156447.6408111,186787085.67098343,0,186787085.67098343,186787085.67098343,54796018.39959176,0,54796018.39959176,54796018.39959176,22400415.729309753,0,22400415.729309753,22400415.729309753,12098390.677068232,0,12098390.677068232,12098390.677068232,44.0,0,44.0,44.0,44.0,0,44.0,44.0,96.0,0,96.0,96.0,164.0,0,164.0,164.0,984.0,0,984.0,984.0,3,random,eval_to_90pct_improvement_mean
continous_fixed_toplogies,more_local_40bench_continuous_fixed_v1,continuous,c29_composition7,30,1000,12,ring,maxDistance,plain,20,2,1,1,False,11650195.216956045,0,11650195.216956045,11650195.216956045,176497690.1418161,0,176497690.1418161,176497690.1418161,42324919.80165344,0,42324919.80165344,42324919.80165344,1061865265.1516427,0,1061865265.1516427,1061865265.1516427,290087462.230297,0,290087462.230297,290087462.230297,11650195.216956045,0,11650195.216956045,11650195.216956045,2370913668.3074064,0,2370913668.3074064,2370913668.3074064,246.0,0,246.0,246.0,2370913668.3074064,0,2370913668.3074064,2370913668.3074064,225848021272.3478,0,225848021272.3478,225848021272.3478,230457164.5636202,0,230457164.5636202,230457164.5636202,123392164.94710365,0,123392164.94710365,123392164.94710365,47313728.572151795,0,47313728.572151795,47313728.572151795,19310205.51800181,0,19310205.51800181,19310205.51800181,11650195.216956045,0,11650195.216956045,11650195.216956045,52.0,0,52.0,52.0,84.0,0,84.0,84.0,140.0,0,140.0,140.0,212.0,0,212.0,212.0,1000.0,0,1000.0,1000.0,4,maxDistance,eval_to_90pct_improvement_mean
continous_fixed_toplogies,more_local_40bench_continuous_fixed_v1,continuous,c29_composition7,30,1000,12,torus,best,plain,20,2,1,1,False,3593959.0765490546,0,3593959.0765490546,3593959.0765490546,5025563.086432653,0,5025563.086432653,5025563.086432653,5167469.432158599,0,5167469.432158599,5167469.432158599,5797396.848736024,0,5797396.848736024,5797396.848736024,594559.0452587949,0,594559.0452587949,594559.0452587949,3593959.0765490546,0,3593959.0765490546,3593959.0765490546,8540153060.596138,0,8540153060.596138,8540153060.596138,246.0,0,246.0,246.0,8540153060.596138,0,8540153060.596138,8540153060.596138,239089281488.97562,0,239089281488.97562,239089281488.97562,243968654.58058736,0,243968654.58058736,243968654.58058736,53404137.028300114,0,53404137.028300114,53404137.028300114,8750477.921153963,0,8750477.921153963,8750477.921153963,4287925.684375096,0,4287925.684375096,4287925.684375096,3593959.0765490546,0,3593959.0765490546,3593959.0765490546,36.0,0,36.0,36.0,40.0,0,40.0,40.0,40.0,0,40.0,40.0,76.0,0,76.0,76.0,1000.0,0,1000.0,1000.0,1,best,eval_to_90pct_improvement_mean
continous_fixed_toplogies,more_local_40bench_continuous_fixed_v1,continuous,c29_composition7,30,1000,12,torus,worst,plain,20,2,1,1,False,4587002.385896765,0,4587002.385896765,4587002.385896765,5071773.589310815,0,5071773.589310815,5071773.589310815,4926773.824123851,0,4926773.824123851,4926773.824123851,5796906.247454448,0,5796906.247454448,5796906.247454448,355638.3320866527,0,355638.3320866527,355638.3320866527,4587002.385896765,0,4587002.385896765,4587002.385896765,4201158775.1426716,0,4201158775.1426716,4201158775.1426716,246.0,0,246.0,246.0,4201158775.1426716,0,4201158775.1426716,4201158775.1426716,178576258489.4988,0,178576258489.4988,178576258489.4988,182220671.92806,0,182220671.92806,182220671.92806,98240267.08922021,0,98240267.08922021,98240267.08922021,14053158.888798721,0,14053158.888798721,14053158.888798721,6785528.363008702,0,6785528.363008702,6785528.363008702,4587002.385896765,0,4587002.385896765,4587002.385896765,36.0,0,36.0,36.0,44.0,0,44.0,44.0,60.0,0,60.0,60.0,116.0,0,116.0,116.0,1000.0,0,1000.0,1000.0,2,worst,eval_to_90pct_improvement_mean
continous_fixed_toplogies,more_local_40bench_continuous_fixed_v1,continuous,c29_composition7,30,1000,12,torus,random,plain,20,2,1,1,False,3115534.05905059,0,3115534.05905059,3115534.05905059,3370271.8863679427,0,3370271.8863679427,3370271.8863679427,3353836.2658139137,0,3353836.2658139137,3353836.2658139137,3682527.076954482,0,3682527.076954482,3682527.076954482,157048.5815731232,0,157048.5815731232,157048.5815731232,3115534.05905059,0,3115534.05905059,3115534.05905059,3461270596.008606,0,3461270596.008606,3461270596.008606,246.0,0,246.0,246.0,3461270596.008606,0,3461270596.008606,3461270596.008606,193710388227.62085,0,193710388227.62085,193710388227.62085,197663661.45675597,0,197663661.45675597,197663661.45675597,51557392.36043761,0,51557392.36043761,51557392.36043761,7354345.132265553,0,7354345.132265553,7354345.132265553,3664262.7844665395,0,3664262.7844665395,3664262.7844665395,3115534.05905059,0,3115534.05905059,3115534.05905059,48.0,0,48.0,48.0,68.0,0,68.0,68.0,92.0,0,92.0,92.0,128.0,0,128.0,128.0,988.0,0,988.0,988.0,3,random,eval_to_90pct_improvement_mean
continous_fixed_toplogies,more_local_40bench_continuous_fixed_v1,continuous,c29_composition7,30,1000,12,torus,maxDistance,plain,20,2,1,1,False,12872436.916600054,0,12872436.916600054,12872436.916600054,16697810.860099697,0,16697810.860099697,16697810.860099697,16255552.680839695,0,16255552.680839695,16255552.680839695,20351886.173498936,0,20351886.173498936,20351886.173498936,2070360.2268384665,0,2070360.2268384665,2070360.2268384665,12872436.916600054,0,12872436.916600054,12872436.916600054,8596616064.920286,0,8596616064.920286,8596616064.920286,246.0,0,246.0,246.0,8596616064.920286,0,8596616064.920286,8596616064.920286,414476343316.7475,0,414476343316.7475,414476343316.7475,422935044.20076275,0,422935044.20076275,422935044.20076275,336612164.7480196,0,336612164.7480196,336612164.7480196,59484684.32128457,0,59484684.32128457,59484684.32128457,26044382.32321084,0,26044382.32321084,26044382.32321084,12872436.916600054,0,12872436.916600054,12872436.916600054,28.0,0,28.0,28.0,32.0,0,32.0,32.0,72.0,0,72.0,72.0,152.0,0,152.0,152.0,996.0,0,996.0,996.0,4,maxDistance,eval_to_90pct_improvement_mean
continous_fixed_toplogies,more_local_40bench_continuous_fixed_v1,continuous,c29_composition7,30,1000,12,complete,maxDistance,plain,20,2,1,1,False,2609834.3722644695,0,2609834.3722644695,2609834.3722644695,3089015.8955891714,0,3089015.8955891714,3089015.8955891714,2983863.3362780944,0,2983863.3362780944,2983863.3362780944,4009135.372072036,0,4009135.372072036,4009135.372072036,378555.3064301624,0,378555.3064301624,378555.3064301624,2609834.3722644695,0,2609834.3722644695,2609834.3722644695,5602871801.024258,0,5602871801.024258,5602871801.024258,246.0,0,246.0,246.0,5602871801.024258,0,5602871801.024258,5602871801.024258,248756398208.83154,0,248756398208.83154,248756398208.83154,253833059.39676687,0,253833059.39676687,253833059.39676687,74067489.1641974,0,74067489.1641974,74067489.1641974,5295393.061446171,0,5295393.061446171,5295393.061446171,2911149.9863147894,0,2911149.9863147894,2911149.9863147894,2609834.3722644695,0,2609834.3722644695,2609834.3722644695,48.0,0,48.0,48.0,52.0,0,52.0,52.0,72.0,0,72.0,72.0,92.0,0,92.0,92.0,988.0,0,988.0,988.0,1,maxDistance,eval_to_90pct_improvement_mean
continous_fixed_toplogies,more_local_40bench_continuous_fixed_v1,continuous,c29_composition7,30,1000,12,complete,random,plain,20,2,1,1,False,3660069.5294821993,0,3660069.5294821993,3660069.5294821993,4687466.5139448615,0,4687466.5139448615,4687466.5139448615,4641780.9498913735,0,4641780.9498913735,4641780.9498913735,6868973.791606839,0,6868973.791606839,6868973.791606839,851725.6681101931,0,851725.6681101931,851725.6681101931,3660069.5294821993,0,3660069.5294821993,3660069.5294821993,2879237795.2823095,0,2879237795.2823095,2879237795.2823095,246.0,0,246.0,246.0,2879237795.2823095,0,2879237795.2823095,2879237795.2823095,142472889874.90353,0,142472889874.90353,142472889874.90353,145380499.87235054,0,145380499.87235054,145380499.87235054,44097694.93301551,0,44097694.93301551,44097694.93301551,11551398.247596234,0,11551398.247596234,11551398.247596234,5410595.184618788,0,5410595.184618788,5410595.184618788,3660069.5294821993,0,3660069.5294821993,3660069.5294821993,40.0,0,40.0,40.0,56.0,0,56.0,56.0,88.0,0,88.0,88.0,108.0,0,108.0,108.0,1000.0,0,1000.0,1000.0,2,random,eval_to_90pct_improvement_mean
continous_fixed_toplogies,more_local_40bench_continuous_fixed_v1,continuous,c29_composition7,30,1000,12,complete,best,plain,20,2,1,1,False,3119520.068841774,0,3119520.068841774,3119520.068841774,3303066.0859050923,0,3303066.0859050923,3303066.0859050923,3275527.6904899315,0,3275527.6904899315,3275527.6904899315,3599188.3083989425,0,3599188.3083989425,3599188.3083989425,117510.39459369541,0,117510.39459369541,117510.39459369541,3119520.068841774,0,3119520.068841774,3119520.068841774,4069949359.4415894,0,4069949359.4415894,4069949359.4415894,246.0,0,246.0,246.0,4069949359.4415894,0,4069949359.4415894,4069949359.4415894,155507550607.11,0,155507550607.11,155507550607.11,158681174.08888775,0,158681174.08888775,158681174.08888775,32269000.562986173,0,32269000.562986173,32269000.562986173,6119054.447706975,0,6119054.447706975,6119054.447706975,3542908.512108001,0,3542908.512108001,3542908.512108001,3119520.068841774,0,3119520.068841774,3119520.068841774,32.0,0,32.0,32.0,48.0,0,48.0,48.0,84.0,0,84.0,84.0,112.0,0,112.0,112.0,1000.0,0,1000.0,1000.0,3,best,eval_to_90pct_improvement_mean
continous_fixed_toplogies,more_local_40bench_continuous_fixed_v1,continuous,c29_composition7,30,1000,12,complete,worst,plain,20,2,1,1,False,2751412.50676117,0,2751412.50676117,2751412.50676117,2934142.1643101927,0,2934142.1643101927,2934142.1643101927,2920027.2034469643,0,2920027.2034469643,2920027.2034469643,3184487.7622571574,0,3184487.7622571574,3184487.7622571574,130634.26143015694,0,130634.26143015694,130634.26143015694,2751412.50676117,0,2751412.50676117,2751412.50676117,6076660107.039001,0,6076660107.039001,6076660107.039001,246.0,0,246.0,246.0,6076660107.039001,0,6076660107.039001,6076660107.039001,252631041723.07373,0,252631041723.07373,252631041723.07373,257786777.26844257,0,257786777.26844257,257786777.26844257,100652915.16113643,0,100652915.16113643,100652915.16113643,7533070.2795399185,0,7533070.2795399185,7533070.2795399185,3508148.1254990962,0,3508148.1254990962,3508148.1254990962,2751412.50676117,0,2751412.50676117,2751412.50676117,24.0,0,24.0,24.0,36.0,0,36.0,36.0,88.0,0,88.0,88.0,124.0,0,124.0,124.0,996.0,0,996.0,996.0,4,worst,eval_to_90pct_improvement_mean
continous_fixed_toplogies,more_local_40bench_continuous_fixed_v1,continuous,c30_composition8,30,1000,12,ring,worst,plain,20,2,1,1,False,378908162.2923128,0,378908162.2923128,378908162.2923128,1756495011.2634938,0,1756495011.2634938,1756495011.2634938,622263212.2579973,0,622263212.2579973,622263212.2579973,9338646378.245268,0,9338646378.245268,9338646378.245268,2696860285.583407,0,2696860285.583407,2696860285.583407,378908162.2923128,0,378908162.2923128,378908162.2923128,21238145668887.24,0,21238145668887.24,21238145668887.24,246.0,0,246.0,246.0,21238145668887.24,0,21238145668887.24,21238145668887.24,53694988645232.28,0,53694988645232.28,53694988645232.28,54790804740.03294,0,54790804740.03294,54790804740.03294,1721203705.098072,0,1721203705.098072,1721203705.098072,874675349.7500788,0,874675349.7500788,874675349.7500788,554694018.5021055,0,554694018.5021055,554694018.5021055,378908162.2923128,0,378908162.2923128,378908162.2923128,24.0,0,24.0,24.0,24.0,0,24.0,24.0,24.0,0,24.0,24.0,24.0,0,24.0,24.0,1000.0,0,1000.0,1000.0,1,worst,eval_to_90pct_improvement_mean
continous_fixed_toplogies,more_local_40bench_continuous_fixed_v1,continuous,c30_composition8,30,1000,12,ring,random,plain,20,2,1,1,False,71934339.50666542,0,71934339.50666542,71934339.50666542,9641483011.347113,0,9641483011.347113,9641483011.347113,364070937.6722461,0,364070937.6722461,364070937.6722461,109067250414.26419,0,109067250414.26419,109067250414.26419,29987331232.26259,0,29987331232.26259,29987331232.26259,71934339.50666542,0,71934339.50666542,71934339.50666542,18826498999587.29,0,18826498999587.29,18826498999587.29,246.0,0,246.0,246.0,18826498999587.29,0,18826498999587.29,18826498999587.29,78108155363617.19,0,78108155363617.19,78108155363617.19,79702199350.62978,0,79702199350.62978,79702199350.62978,1300171358.193389,0,1300171358.193389,1300171358.193389,224047146.3340064,0,224047146.3340064,224047146.3340064,134476314.1585045,0,134476314.1585045,134476314.1585045,71934339.50666542,0,71934339.50666542,71934339.50666542,24.0,0,24.0,24.0,24.0,0,24.0,24.0,28.0,0,28.0,28.0,28.0,0,28.0,28.0,980.0,0,980.0,980.0,2,random,eval_to_90pct_improvement_mean
continous_fixed_toplogies,more_local_40bench_continuous_fixed_v1,continuous,c30_composition8,30,1000,12,ring,best,plain,20,2,1,1,False,183730832.54983923,0,183730832.54983923,183730832.54983923,1973346914.7532837,0,1973346914.7532837,1973346914.7532837,1309911636.1510005,0,1309911636.1510005,1309911636.1510005,5856729612.575293,0,5856729612.575293,5856729612.575293,1810897063.750445,0,1810897063.750445,1810897063.750445,183730832.54983923,0,183730832.54983923,183730832.54983923,7421285743443.07,0,7421285743443.07,7421285743443.07,246.0,0,246.0,246.0,7421285743443.07,0,7421285743443.07,7421285743443.07,66401571742915.766,0,66401571742915.766,66401571742915.766,67756705860.118126,0,67756705860.118126,67756705860.118126,461374179.3471718,0,461374179.3471718,461374179.3471718,332472702.67028606,0,332472702.67028606,332472702.67028606,241439772.1090881,0,241439772.1090881,241439772.1090881,183730832.54983923,0,183730832.54983923,183730832.54983923,28.0,0,28.0,28.0,28.0,0,28.0,28.0,28.0,0,28.0,28.0,36.0,0,36.0,36.0,1000.0,0,1000.0,1000.0,3,best,eval_to_90pct_improvement_mean
continous_fixed_toplogies,more_local_40bench_continuous_fixed_v1,continuous,c30_composition8,30,1000,12,ring,maxDistance,plain,20,2,1,1,False,90312687.74954559,0,90312687.74954559,90312687.74954559,325818378.0489575,0,325818378.0489575,325818378.0489575,271852753.00392526,0,271852753.00392526,271852753.00392526,649433634.6399995,0,649433634.6399995,649433634.6399995,177707550.57714492,0,177707550.57714492,177707550.57714492,90312687.74954559,0,90312687.74954559,90312687.74954559,9686895165426.012,0,9686895165426.012,9686895165426.012,246.0,0,246.0,246.0,9686895165426.012,0,9686895165426.012,9686895165426.012,98823846754050.52,0,98823846754050.52,98823846754050.52,100840659953.11278,0,100840659953.11278,100840659953.11278,674138681.2427328,0,674138681.2427328,674138681.2427328,312780770.8211761,0,312780770.8211761,312780770.8211761,117624622.333361,0,117624622.333361,117624622.333361,90312687.74954559,0,90312687.74954559,90312687.74954559,24.0,0,24.0,24.0,36.0,0,36.0,36.0,36.0,0,36.0,36.0,44.0,0,44.0,44.0,1000.0,0,1000.0,1000.0,4,maxDistance,eval_to_90pct_improvement_mean
continous_fixed_toplogies,more_local_40bench_continuous_fixed_v1,continuous,c30_composition8,30,1000,12,torus,maxDistance,plain,20,2,1,1,False,99108416.8604796,0,99108416.8604796,99108416.8604796,115092660.56412296,0,115092660.56412296,115092660.56412296,113455989.39259751,0,113455989.39259751,113455989.39259751,139870972.75714344,0,139870972.75714344,139870972.75714344,12397964.139705475,0,12397964.139705475,12397964.139705475,99108416.8604796,0,99108416.8604796,99108416.8604796,11795587224578.982,0,11795587224578.982,11795587224578.982,246.0,0,246.0,246.0,11795587224578.982,0,11795587224578.982,11795587224578.982,64469881859752.76,0,64469881859752.76,64469881859752.76,65785593734.44159,0,65785593734.44159,65785593734.44159,1390919906.531489,0,1390919906.531489,1390919906.531489,326699309.2256042,0,326699309.2256042,326699309.2256042,133798240.19644773,0,133798240.19644773,133798240.19644773,99108416.8604796,0,99108416.8604796,99108416.8604796,24.0,0,24.0,24.0,28.0,0,28.0,28.0,28.0,0,28.0,28.0,28.0,0,28.0,28.0,1000.0,0,1000.0,1000.0,1,maxDistance,eval_to_90pct_improvement_mean
continous_fixed_toplogies,more_local_40bench_continuous_fixed_v1,continuous,c30_composition8,30,1000,12,torus,best,plain,20,2,1,1,False,117105688.17866664,0,117105688.17866664,117105688.17866664,134450035.16709426,0,134450035.16709426,134450035.16709426,129188152.72954002,0,129188152.72954002,129188152.72954002,170360106.6590227,0,170360106.6590227,170360106.6590227,15946285.46071906,0,15946285.46071906,15946285.46071906,117105688.17866664,0,117105688.17866664,117105688.17866664,114860377098972.61,0,114860377098972.61,114860377098972.61,246.0,0,246.0,246.0,114860377098972.61,0,114860377098972.61,114860377098972.61,1246048457686087.8,0,1246048457686087.8,1246048457686087.8,1271478018047.0283,0,1271478018047.0283,1271478018047.0283,1156610978.5790765,0,1156610978.5790765,1156610978.5790765,301554292.4832305,0,301554292.4832305,301554292.4832305,166379232.11993238,0,166379232.11993238,166379232.11993238,117105688.17866664,0,117105688.17866664,117105688.17866664,32.0,0,32.0,32.0,32.0,0,32.0,32.0,32.0,0,32.0,32.0,32.0,0,32.0,32.0,1000.0,0,1000.0,1000.0,2,best,eval_to_90pct_improvement_mean
continous_fixed_toplogies,more_local_40bench_continuous_fixed_v1,continuous,c30_composition8,30,1000,12,torus,worst,plain,20,2,1,1,False,87323470.4880397,0,87323470.4880397,87323470.4880397,123737558.26522438,0,123737558.26522438,123737558.26522438,124482996.12266408,0,124482996.12266408,124482996.12266408,154891355.32721645,0,154891355.32721645,154891355.32721645,16737633.158092871,0,16737633.158092871,16737633.158092871,87323470.4880397,0,87323470.4880397,87323470.4880397,17877116089378.508,0,17877116089378.508,17877116089378.508,246.0,0,246.0,246.0,17877116089378.508,0,17877116089378.508,17877116089378.508,156169994370600.75,0,156169994370600.75,156169994370600.75,159357137112.8579,0,159357137112.8579,159357137112.8579,3582945809.453059,0,3582945809.453059,3582945809.453059,293276585.7465608,0,293276585.7465608,293276585.7465608,150344331.53146222,0,150344331.53146222,150344331.53146222,87323470.4880397,0,87323470.4880397,87323470.4880397,28.0,0,28.0,28.0,28.0,0,28.0,28.0,28.0,0,28.0,28.0,40.0,0,40.0,40.0,1000.0,0,1000.0,1000.0,3,worst,eval_to_90pct_improvement_mean
continous_fixed_toplogies,more_local_40bench_continuous_fixed_v1,continuous,c30_composition8,30,1000,12,torus,random,plain,20,2,1,1,False,86900155.0828098,0,86900155.0828098,86900155.0828098,102447972.84105504,0,102447972.84105504,102447972.84105504,98140792.41131353,0,98140792.41131353,98140792.41131353,134865887.9714717,0,134865887.9714717,134865887.9714717,14998922.062248515,0,14998922.062248515,14998922.062248515,86900155.0828098,0,86900155.0828098,86900155.0828098,9289277686238.83,0,9289277686238.83,9289277686238.83,246.0,0,246.0,246.0,9289277686238.83,0,9289277686238.83,9289277686238.83,275308068728965.38,0,275308068728965.38,275308068728965.38,280926600743.8422,0,280926600743.8422,280926600743.8422,2223872619.6521854,0,2223872619.6521854,2223872619.6521854,313440374.9572752,0,313440374.9572752,313440374.9572752,108025088.34232526,0,108025088.34232526,108025088.34232526,86900155.0828098,0,86900155.0828098,86900155.0828098,28.0,0,28.0,28.0,44.0,0,44.0,44.0,88.0,0,88.0,88.0,88.0,0,88.0,88.0,1000.0,0,1000.0,1000.0,4,random,eval_to_90pct_improvement_mean
continous_fixed_toplogies,more_local_40bench_continuous_fixed_v1,continuous,c30_composition8,30,1000,12,complete,worst,plain,20,2,1,1,False,149929766.2378338,0,149929766.2378338,149929766.2378338,209327597.24323323,0,209327597.24323323,209327597.24323323,197341170.16174734,0,197341170.16174734,197341170.16174734,299141610.85445815,0,299141610.85445815,299141610.85445815,37919155.601111904,0,37919155.601111904,37919155.601111904,149929766.2378338,0,149929766.2378338,149929766.2378338,83455684040509.5,0,83455684040509.5,83455684040509.5,246.0,0,246.0,246.0,83455684040509.5,0,83455684040509.5,83455684040509.5,354167463938613.4,0,354167463938613.4,354167463938613.4,361395371365.932,0,361395371365.932,361395371365.932,4252906347.641802,0,4252906347.641802,4252906347.641802,278007108.850857,0,278007108.850857,278007108.850857,194868434.98769155,0,194868434.98769155,194868434.98769155,149929766.2378338,0,149929766.2378338,149929766.2378338,24.0,0,24.0,24.0,24.0,0,24.0,24.0,24.0,0,24.0,24.0,36.0,0,36.0,36.0,1000.0,0,1000.0,1000.0,1,worst,eval_to_90pct_improvement_mean
continous_fixed_toplogies,more_local_40bench_continuous_fixed_v1,continuous,c30_composition8,30,1000,12,complete,random,plain,20,2,1,1,False,32726451.508902565,0,32726451.508902565,32726451.508902565,43353272.03207274,0,43353272.03207274,43353272.03207274,43059543.0942734,0,43059543.0942734,43059543.0942734,49793056.12848146,0,49793056.12848146,49793056.12848146,4608484.737244337,0,4608484.737244337,4608484.737244337,32726451.508902565,0,32726451.508902565,32726451.508902565,3459790924696.333,0,3459790924696.333,3459790924696.333,246.0,0,246.0,246.0,3459790924696.333,0,3459790924696.333,3459790924696.333,66033299734325.35,0,66033299734325.35,66033299734325.35,67380918096.25036,0,67380918096.25036,67380918096.25036,419402198.2756563,0,419402198.2756563,419402198.2756563,59409639.694114015,0,59409639.694114015,59409639.694114015,38116507.236214586,0,38116507.236214586,38116507.236214586,32726451.508902565,0,32726451.508902565,32726451.508902565,36.0,0,36.0,36.0,36.0,0,36.0,36.0,36.0,0,36.0,36.0,60.0,0,60.0,60.0,992.0,0,992.0,992.0,2,random,eval_to_90pct_improvement_mean
continous_fixed_toplogies,more_local_40bench_continuous_fixed_v1,continuous,c30_composition8,30,1000,12,complete,maxDistance,plain,20,2,1,1,False,81388641.30451441,0,81388641.30451441,81388641.30451441,92493098.79459712,0,92493098.79459712,92493098.79459712,89385452.01159552,0,89385452.01159552,89385452.01159552,106851408.33351664,0,106851408.33351664,106851408.33351664,7265597.892419756,0,7265597.892419756,7265597.892419756,81388641.30451441,0,81388641.30451441,81388641.30451441,1192629720635.6755,0,1192629720635.6755,1192629720635.6755,246.0,0,246.0,246.0,1192629720635.6755,0,1192629720635.6755,1192629720635.6755,26969307549577.77,0,26969307549577.77,26969307549577.77,27519701581.201805,0,27519701581.201805,27519701581.201805,1366925517.878353,0,1366925517.878353,1366925517.878353,195509069.73559448,0,195509069.73559448,195509069.73559448,106649004.99132177,0,106649004.99132177,106649004.99132177,81388641.30451441,0,81388641.30451441,81388641.30451441,28.0,0,28.0,28.0,44.0,0,44.0,44.0,44.0,0,44.0,44.0,68.0,0,68.0,68.0,1000.0,0,1000.0,1000.0,3,maxDistance,eval_to_90pct_improvement_mean
continous_fixed_toplogies,more_local_40bench_continuous_fixed_v1,continuous,c30_composition8,30,1000,12,complete,best,plain,20,2,1,1,False,53200748.35370404,0,53200748.35370404,53200748.35370404,61250650.806027785,0,61250650.806027785,61250650.806027785,61780000.00917652,0,61780000.00917652,61780000.00917652,72202865.0733846,0,72202865.0733846,72202865.0733846,5323519.6246918645,0,5323519.6246918645,5323519.6246918645,53200748.35370404,0,53200748.35370404,53200748.35370404,1911378945929.351,0,1911378945929.351,1911378945929.351,246.0,0,246.0,246.0,1911378945929.351,0,1911378945929.351,1911378945929.351,64070238941358.76,0,64070238941358.76,64070238941358.76,65377794838.12118,0,65377794838.12118,65377794838.12118,190990156.40421605,0,190990156.40421605,190990156.40421605,108188140.0791003,0,108188140.0791003,108188140.0791003,74966267.39017376,0,74966267.39017376,74966267.39017376,53200748.35370404,0,53200748.35370404,53200748.35370404,52.0,0,52.0,52.0,60.0,0,60.0,60.0,60.0,0,60.0,60.0,72.0,0,72.0,72.0,1000.0,0,1000.0,1000.0,4,best,eval_to_90pct_improvement_mean
descrete_fixed_toplogies,more_local_40bench_descrete_fixed_v1,descrete,d01_labs_binary,60,1000,12,ring,random,plain,20,2,1,1,False,-3.930131004366812,0,-3.930131004366812,-3.930131004366812,-3.7032915112047458,0,-3.7032915112047458,-3.7032915112047458,-3.930131004366812,0,-3.930131004366812,-3.930131004366812,-3.2967032967032965,0,-3.2967032967032965,-3.2967032967032965,0.2813771194463261,0,0.2813771194463261,0.2813771194463261,-3.930131004366812,0,-3.930131004366812,-3.930131004366812,1.555460819670242,0,1.555460819670242,1.555460819670242,246.0,0,246.0,246.0,1.555460819670242,0,1.555460819670242,1.555460819670242,-3606.477864340618,0,-3606.477864340618,-3606.477864340618,-3.6800794534087937,0,-3.6800794534087937,-3.6800794534087937,-3.6437246963562755,0,-3.6437246963562755,-3.6437246963562755,-3.930131004366812,0,-3.930131004366812,-3.930131004366812,-3.930131004366812,0,-3.930131004366812,-3.930131004366812,-3.930131004366812,0,-3.930131004366812,-3.930131004366812,92.0,0,92.0,92.0,184.0,0,184.0,184.0,212.0,0,212.0,212.0,336.0,0,336.0,336.0,336.0,0,336.0,336.0,1,random,eval_to_90pct_improvement_mean
descrete_fixed_toplogies,more_local_40bench_descrete_fixed_v1,descrete,d01_labs_binary,60,1000,12,ring,best,plain,20,2,1,1,False,-4.433497536945813,0,-4.433497536945813,-4.433497536945813,-4.433497536945813,0,-4.433497536945813,-4.433497536945813,-4.433497536945813,0,-4.433497536945813,-4.433497536945813,-4.433497536945813,0,-4.433497536945813,-4.433497536945813,0.0,0,0.0,0.0,-4.433497536945813,0,-4.433497536945813,-4.433497536945813,2.177858439201452,0,2.177858439201452,2.177858439201452,246.0,0,246.0,246.0,2.177858439201452,0,2.177858439201452,2.177858439201452,-4086.8724525120747,0,-4086.8724525120747,-4086.8724525120747,-4.170278012767423,0,-4.170278012767423,-4.170278012767423,-4.0358744394618835,0,-4.0358744394618835,-4.0358744394618835,-4.433497536945813,0,-4.433497536945813,-4.433497536945813,-4.433497536945813,0,-4.433497536945813,-4.433497536945813,-4.433497536945813,0,-4.433497536945813,-4.433497536945813,76.0,0,76.0,76.0,76.0,0,76.0,76.0,204.0,0,204.0,204.0,344.0,0,344.0,344.0,344.0,0,344.0,344.0,2,best,eval_to_90pct_improvement_mean
descrete_fixed_toplogies,more_local_40bench_descrete_fixed_v1,descrete,d01_labs_binary,60,1000,12,ring,maxDistance,plain,20,2,1,1,False,-3.930131004366812,0,-3.930131004366812,-3.930131004366812,-3.6989919614802464,0,-3.6989919614802464,-3.6989919614802464,-3.673469387755102,0,-3.673469387755102,-3.673469387755102,-3.0927835051546393,0,-3.0927835051546393,-3.0927835051546393,0.2069485665747737,0,0.2069485665747737,0.2069485665747737,-3.930131004366812,0,-3.930131004366812,-3.930131004366812,1.75095424891887,0,1.75095424891887,1.75095424891887,246.0,0,246.0,246.0,1.75095424891887,0,1.75095424891887,1.75095424891887,-3437.696788224364,0,-3437.696788224364,-3437.696788224364,-3.5078538655350653,0,-3.5078538655350653,-3.5078538655350653,-3.5294117647058822,0,-3.5294117647058822,-3.5294117647058822,-3.673469387755102,0,-3.673469387755102,-3.673469387755102,-3.8626609442060085,0,-3.8626609442060085,-3.8626609442060085,-3.930131004366812,0,-3.930131004366812,-3.930131004366812,120.0,0,120.0,120.0,168.0,0,168.0,168.0,236.0,0,236.0,236.0,724.0,0,724.0,724.0,868.0,0,868.0,868.0,3,maxDistance,eval_to_90pct_improvement_mean
descrete_fixed_toplogies,more_local_40bench_descrete_fixed_v1,descrete,d01_labs_binary,60,1000,12,ring,worst,plain,20,2,1,1,False,-4.3478260869565215,0,-4.3478260869565215,-4.3478260869565215,-3.8517827113463516,0,-3.8517827113463516,-3.8517827113463516,-3.8297872340425534,0,-3.8297872340425534,-3.8297872340425534,-3.5573122529644268,0,-3.5573122529644268,-3.5573122529644268,0.2099712856124371,0,0.2099712856124371,0.2099712856124371,-4.3478260869565215,0,-4.3478260869565215,-4.3478260869565215,2.278860569715142,0,2.278860569715142,2.278860569715142,246.0,0,246.0,246.0,2.278860569715142,0,2.278860569715142,2.278860569715142,-3499.7474370104355,0,-3499.7474370104355,-3499.7474370104355,-3.5711708540922813,0,-3.5711708540922813,-3.5711708540922813,-3.5573122529644268,0,-3.5573122529644268,-3.5573122529644268,-3.5573122529644268,0,-3.5573122529644268,-3.5573122529644268,-3.9647577092511015,0,-3.9647577092511015,-3.9647577092511015,-4.3478260869565215,0,-4.3478260869565215,-4.3478260869565215,112.0,0,112.0,112.0,224.0,0,224.0,224.0,604.0,0,604.0,604.0,944.0,0,944.0,944.0,944.0,0,944.0,944.0,4,worst,eval_to_90pct_improvement_mean
descrete_fixed_toplogies,more_local_40bench_descrete_fixed_v1,descrete,d01_labs_binary,60,1000,12,torus,best,plain,20,2,1,1,False,-4.390243902439025,0,-4.390243902439025,-4.390243902439025,-4.390243902439025,0,-4.390243902439025,-4.390243902439025,-4.390243902439025,0,-4.390243902439025,-4.390243902439025,-4.390243902439025,0,-4.390243902439025,-4.390243902439025,0.0,0,0.0,0.0,-4.390243902439025,0,-4.390243902439025,-4.390243902439025,1.8971691101952572,0,1.8971691101952572,1.8971691101952572,246.0,0,246.0,246.0,1.8971691101952572,0,1.8971691101952572,1.8971691101952572,-4031.3057860701033,0,-4031.3057860701033,-4031.3057860701033,-4.113577332724595,0,-4.113577332724595,-4.113577332724595,-4.390243902439025,0,-4.390243902439025,-4.390243902439025,-4.390243902439025,0,-4.390243902439025,-4.390243902439025,-4.390243902439025,0,-4.390243902439025,-4.390243902439025,-4.390243902439025,0,-4.390243902439025,-4.390243902439025,124.0,0,124.0,124.0,148.0,0,148.0,148.0,228.0,0,228.0,228.0,228.0,0,228.0,228.0,228.0,0,228.0,228.0,1,best,eval_to_90pct_improvement_mean
descrete_fixed_toplogies,more_local_40bench_descrete_fixed_v1,descrete,d01_labs_binary,60,1000,12,torus,random,plain,20,2,1,1,False,-4.109589041095891,0,-4.109589041095891,-4.109589041095891,-4.088435729526694,0,-4.088435729526694,-4.088435729526694,-4.109589041095891,0,-4.109589041095891,-4.109589041095891,-3.930131004366812,0,-3.930131004366812,-3.930131004366812,0.04966718791639947,0,0.04966718791639947,0.04966718791639947,-4.109589041095891,0,-4.109589041095891,-4.109589041095891,2.2068406267195693,0,2.2068406267195693,2.2068406267195693,246.0,0,246.0,246.0,2.2068406267195693,0,2.2068406267195693,2.2068406267195693,-3714.2031814827596,0,-3714.2031814827596,-3714.2031814827596,-3.790003246410979,0,-3.790003246410979,-3.790003246410979,-3.6437246963562755,0,-3.6437246963562755,-3.6437246963562755,-3.930131004366812,0,-3.930131004366812,-3.930131004366812,-4.109589041095891,0,-4.109589041095891,-4.109589041095891,-4.109589041095891,0,-4.109589041095891,-4.109589041095891,84.0,0,84.0,84.0,108.0,0,108.0,108.0,204.0,0,204.0,204.0,284.0,0,284.0,284.0,668.0,0,668.0,668.0,2,random,eval_to_90pct_improvement_mean
descrete_fixed_toplogies,more_local_40bench_descrete_fixed_v1,descrete,d01_labs_binary,60,1000,12,torus,maxDistance,plain,20,2,1,1,False,-3.585657370517928,0,-3.585657370517928,-3.585657370517928,-3.585657370517928,0,-3.585657370517928,-3.585657370517928,-3.585657370517928,0,-3.585657370517928,-3.585657370517928,-3.585657370517928,0,-3.585657370517928,-3.585657370517928,0.0,0,0.0,0.0,-3.585657370517928,0,-3.585657370517928,-3.585657370517928,1.363435148295706,0,1.363435148295706,1.363435148295706,246.0,0,246.0,246.0,1.363435148295706,0,1.363435148295706,1.363435148295706,-3354.1644718633356,0,-3354.1644718633356,-3354.1644718633356,-3.422616808023812,0,-3.422616808023812,-3.422616808023812,-3.3962264150943398,0,-3.3962264150943398,-3.3962264150943398,-3.585657370517928,0,-3.585657370517928,-3.585657370517928,-3.585657370517928,0,-3.585657370517928,-3.585657370517928,-3.585657370517928,0,-3.585657370517928,-3.585657370517928,100.0,0,100.0,100.0,100.0,0,100.0,100.0,120.0,0,120.0,120.0,328.0,0,328.0,328.0,380.0,0,380.0,380.0,3,maxDistance,eval_to_90pct_improvement_mean
descrete_fixed_toplogies,more_local_40bench_descrete_fixed_v1,descrete,d01_labs_binary,60,1000,12,torus,worst,plain,20,2,1,1,False,-3.4220532319391634,0,-3.4220532319391634,-3.4220532319391634,-3.3817368347641117,0,-3.3817368347641117,-3.3817368347641117,-3.3709756610787682,0,-3.3709756610787682,-3.3709756610787682,-3.345724907063197,0,-3.345724907063197,-3.345724907063197,0.03664942128288444,0,0.03664942128288444,0.03664942128288444,-3.4220532319391634,0,-3.4220532319391634,-3.4220532319391634,1.3241511340370655,0,1.3241511340370655,1.3241511340370655,246.0,0,246.0,246.0,1.3241511340370655,0,1.3241511340370655,1.3241511340370655,-3137.7684822179194,0,-3137.7684822179194,-3137.7684822179194,-3.2018045736917546,0,-3.2018045736917546,-3.2018045736917546,-3.0303030303030303,0,-3.0303030303030303,-3.0303030303030303,-3.345724907063197,0,-3.345724907063197,-3.345724907063197,-3.4220532319391634,0,-3.4220532319391634,-3.4220532319391634,-3.4220532319391634,0,-3.4220532319391634,-3.4220532319391634,84.0,0,84.0,84.0,124.0,0,124.0,124.0,276.0,0,276.0,276.0,352.0,0,352.0,352.0,612.0,0,612.0,612.0,4,worst,eval_to_90pct_improvement_mean
descrete_fixed_toplogies,more_local_40bench_descrete_fixed_v1,descrete,d01_labs_binary,60,1000,12,complete,maxDistance,plain,20,2,1,1,False,-4.0,0,-4.0,-4.0,-4.0,0,-4.0,-4.0,-4.0,0,-4.0,-4.0,-4.0,0,-4.0,-4.0,0.0,0,0.0,0.0,-4.0,0,-4.0,-4.0,1.5069252077562325,0,1.5069252077562325,1.5069252077562325,246.0,0,246.0,246.0,1.5069252077562325,0,1.5069252077562325,1.5069252077562325,-3699.0029224864743,0,-3699.0029224864743,-3699.0029224864743,-3.774492778047423,0,-3.774492778047423,-3.774492778047423,-3.896103896103896,0,-3.896103896103896,-3.896103896103896,-4.0,0,-4.0,-4.0,-4.0,0,-4.0,-4.0,-4.0,0,-4.0,-4.0,124.0,0,124.0,124.0,172.0,0,172.0,172.0,212.0,0,212.0,212.0,212.0,0,212.0,212.0,264.0,0,264.0,264.0,1,maxDistance,eval_to_90pct_improvement_mean
descrete_fixed_toplogies,more_local_40bench_descrete_fixed_v1,descrete,d01_labs_binary,60,1000,12,complete,random,plain,20,2,1,1,False,-3.7974683544303796,0,-3.7974683544303796,-3.7974683544303796,-3.7974683544303796,0,-3.7974683544303796,-3.7974683544303796,-3.7974683544303796,0,-3.7974683544303796,-3.7974683544303796,-3.7974683544303796,0,-3.7974683544303796,-3.7974683544303796,0.0,0,0.0,0.0,-3.7974683544303796,0,-3.7974683544303796,-3.7974683544303796,1.6494969940485178,0,1.6494969940485178,1.6494969940485178,246.0,0,246.0,246.0,1.6494969940485178,0,1.6494969940485178,1.6494969940485178,-3455.571071545088,0,-3455.571071545088,-3455.571071545088,-3.526092930148049,0,-3.526092930148049,-3.526092930148049,-3.3962264150943398,0,-3.3962264150943398,-3.3962264150943398,-3.7974683544303796,0,-3.7974683544303796,-3.7974683544303796,-3.7974683544303796,0,-3.7974683544303796,-3.7974683544303796,-3.7974683544303796,0,-3.7974683544303796,-3.7974683544303796,120.0,0,120.0,120.0,180.0,0,180.0,180.0,216.0,0,216.0,216.0,256.0,0,256.0,256.0,308.0,0,308.0,308.0,2,random,eval_to_90pct_improvement_mean
descrete_fixed_toplogies,more_local_40bench_descrete_fixed_v1,descrete,d01_labs_binary,60,1000,12,complete,worst,plain,20,2,1,1,False,-4.265402843601896,0,-4.265402843601896,-4.265402843601896,-4.265402843601896,0,-4.265402843601896,-4.265402843601896,-4.265402843601896,0,-4.265402843601896,-4.265402843601896,-4.265402843601896,0,-4.265402843601896,-4.265402843601896,0.0,0,0.0,0.0,-4.265402843601896,0,-4.265402843601896,-4.265402843601896,2.2873808655799177,0,2.2873808655799177,2.2873808655799177,246.0,0,246.0,246.0,2.2873808655799177,0,2.2873808655799177,2.2873808655799177,-3839.2052355017195,0,-3839.2052355017195,-3839.2052355017195,-3.917556362756857,0,-3.917556362756857,-3.917556362756857,-3.4482758620689653,0,-3.4482758620689653,-3.4482758620689653,-4.265402843601896,0,-4.265402843601896,-4.265402843601896,-4.265402843601896,0,-4.265402843601896,-4.265402843601896,-4.265402843601896,0,-4.265402843601896,-4.265402843601896,92.0,0,92.0,92.0,204.0,0,204.0,204.0,264.0,0,264.0,264.0,264.0,0,264.0,264.0,264.0,0,264.0,264.0,3,worst,eval_to_90pct_improvement_mean
descrete_fixed_toplogies,more_local_40bench_descrete_fixed_v1,descrete,d01_labs_binary,60,1000,12,complete,best,plain,20,2,1,1,False,-4.072398190045249,0,-4.072398190045249,-4.072398190045249,-4.072398190045249,0,-4.072398190045249,-4.072398190045249,-4.072398190045249,0,-4.072398190045249,-4.072398190045249,-4.072398190045249,0,-4.072398190045249,-4.072398190045249,0.0,0,0.0,0.0,-4.072398190045249,0,-4.072398190045249,-4.072398190045249,2.177661347939986,0,2.177661347939986,2.177661347939986,246.0,0,246.0,246.0,2.177661347939986,0,2.177661347939986,2.177661347939986,-3741.599815090899,0,-3741.599815090899,-3741.599815090899,-3.8179589949907133,0,-3.8179589949907133,-3.8179589949907133,-3.673469387755102,0,-3.673469387755102,-3.673469387755102,-4.072398190045249,0,-4.072398190045249,-4.072398190045249,-4.072398190045249,0,-4.072398190045249,-4.072398190045249,-4.072398190045249,0,-4.072398190045249,-4.072398190045249,64.0,0,64.0,64.0,108.0,0,108.0,108.0,204.0,0,204.0,204.0,272.0,0,272.0,272.0,296.0,0,296.0,296.0,4,best,eval_to_90pct_improvement_mean
descrete_fixed_toplogies,more_local_40bench_descrete_fixed_v1,descrete,d02_trap5,60,1000,12,ring,maxDistance,plain,20,2,1,1,False,-55.0,0,-55.0,-55.0,-54.25,0,-54.25,-54.25,-54.0,0,-54.0,-54.0,-53.0,0,-53.0,-53.0,0.5951190357119042,0,0.5951190357119042,0.5951190357119042,-55.0,0,-55.0,-55.0,21.0,0,21.0,21.0,246.0,0,246.0,246.0,21.0,0,21.0,21.0,-50698.0,0,-50698.0,-50698.0,-51.73265306122449,0,-51.73265306122449,-51.73265306122449,-51.0,0,-51.0,-51.0,-53.0,0,-53.0,-53.0,-55.0,0,-55.0,-55.0,-55.0,0,-55.0,-55.0,60.0,0,60.0,60.0,148.0,0,148.0,148.0,212.0,0,212.0,212.0,272.0,0,272.0,272.0,632.0,0,632.0,632.0,1,maxDistance,eval_to_90pct_improvement_mean
descrete_fixed_toplogies,more_local_40bench_descrete_fixed_v1,descrete,d02_trap5,60,1000,12,ring,best,plain,20,2,1,1,False,-55.0,0,-55.0,-55.0,-53.583333333333336,0,-53.583333333333336,-53.583333333333336,-54.5,0,-54.5,-54.5,-49.0,0,-49.0,-49.0,2.1392496088322392,0,2.1392496088322392,2.1392496088322392,-55.0,0,-55.0,-55.0,23.0,0,23.0,23.0,246.0,0,246.0,246.0,23.0,0,23.0,23.0,-51046.0,0,-51046.0,-51046.0,-52.087755102040816,0,-52.087755102040816,-52.087755102040816,-50.0,0,-50.0,-50.0,-55.0,0,-55.0,-55.0,-55.0,0,-55.0,-55.0,-55.0,0,-55.0,-55.0,60.0,0,60.0,60.0,100.0,0,100.0,100.0,196.0,0,196.0,196.0,320.0,0,320.0,320.0,340.0,0,340.0,340.0,2,best,eval_to_90pct_improvement_mean
descrete_fixed_toplogies,more_local_40bench_descrete_fixed_v1,descrete,d02_trap5,60,1000,12,ring,random,plain,20,2,1,1,False,-55.0,0,-55.0,-55.0,-52.0,0,-52.0,-52.0,-52.0,0,-52.0,-52.0,-50.0,0,-50.0,-50.0,1.632993161855452,0,1.632993161855452,1.632993161855452,-55.0,0,-55.0,-55.0,23.0,0,23.0,23.0,246.0,0,246.0,246.0,23.0,0,23.0,23.0,-49310.0,0,-49310.0,-49310.0,-50.316326530612244,0,-50.316326530612244,-50.316326530612244,-48.0,0,-48.0,-48.0,-52.0,0,-52.0,-52.0,-54.0,0,-54.0,-54.0,-55.0,0,-55.0,-55.0,40.0,0,40.0,40.0,156.0,0,156.0,156.0,312.0,0,312.0,312.0,508.0,0,508.0,508.0,884.0,0,884.0,884.0,3,random,eval_to_90pct_improvement_mean
descrete_fixed_toplogies,more_local_40bench_descrete_fixed_v1,descrete,d02_trap5,60,1000,12,ring,worst,plain,20,2,1,1,False,-56.0,0,-56.0,-56.0,-53.75,0,-53.75,-53.75,-54.5,0,-54.5,-54.5,-48.0,0,-48.0,-48.0,2.1262251370288454,0,2.1262251370288454,2.1262251370288454,-56.0,0,-56.0,-56.0,17.0,0,17.0,17.0,246.0,0,246.0,246.0,17.0,0,17.0,17.0,-50474.0,0,-50474.0,-50474.0,-51.50408163265306,0,-51.50408163265306,-51.50408163265306,-48.0,0,-48.0,-48.0,-53.0,0,-53.0,-53.0,-56.0,0,-56.0,-56.0,-56.0,0,-56.0,-56.0,108.0,0,108.0,108.0,212.0,0,212.0,212.0,424.0,0,424.0,424.0,584.0,0,584.0,584.0,660.0,0,660.0,660.0,4,worst,eval_to_90pct_improvement_mean
descrete_fixed_toplogies,more_local_40bench_descrete_fixed_v1,descrete,d02_trap5,60,1000,12,torus,best,plain,20,2,1,1,False,-53.0,0,-53.0,-53.0,-53.0,0,-53.0,-53.0,-53.0,0,-53.0,-53.0,-53.0,0,-53.0,-53.0,0.0,0,0.0,0.0,-53.0,0,-53.0,-53.0,23.0,0,23.0,23.0,246.0,0,246.0,246.0,23.0,0,23.0,23.0,-49822.0,0,-49822.0,-49822.0,-50.83877551020408,0,-50.83877551020408,-50.83877551020408,-51.0,0,-51.0,-51.0,-52.0,0,-52.0,-52.0,-53.0,0,-53.0,-53.0,-53.0,0,-53.0,-53.0,44.0,0,44.0,44.0,100.0,0,100.0,100.0,116.0,0,116.0,116.0,244.0,0,244.0,244.0,516.0,0,516.0,516.0,1,best,eval_to_90pct_improvement_mean
descrete_fixed_toplogies,more_local_40bench_descrete_fixed_v1,descrete,d02_trap5,60,1000,12,torus,maxDistance,plain,20,2,1,1,False,-56.0,0,-56.0,-56.0,-55.083333333333336,0,-55.083333333333336,-55.083333333333336,-55.0,0,-55.0,-55.0,-55.0,0,-55.0,-55.0,0.27638539919628335,0,0.27638539919628335,0.27638539919628335,-56.0,0,-56.0,-56.0,24.0,0,24.0,24.0,246.0,0,246.0,246.0,24.0,0,24.0,24.0,-50936.0,0,-50936.0,-50936.0,-51.97551020408163,0,-51.97551020408163,-51.97551020408163,-51.0,0,-51.0,-51.0,-55.0,0,-55.0,-55.0,-55.0,0,-55.0,-55.0,-56.0,0,-56.0,-56.0,76.0,0,76.0,76.0,136.0,0,136.0,136.0,232.0,0,232.0,232.0,316.0,0,316.0,316.0,888.0,0,888.0,888.0,2,maxDistance,eval_to_90pct_improvement_mean
descrete_fixed_toplogies,more_local_40bench_descrete_fixed_v1,descrete,d02_trap5,60,1000,12,torus,worst,plain,20,2,1,1,False,-53.0,0,-53.0,-53.0,-52.916666666666664,0,-52.916666666666664,-52.916666666666664,-53.0,0,-53.0,-53.0,-52.0,0,-52.0,-52.0,0.27638539919628335,0,0.27638539919628335,0.27638539919628335,-53.0,0,-53.0,-53.0,23.0,0,23.0,23.0,246.0,0,246.0,246.0,23.0,0,23.0,23.0,-48642.0,0,-48642.0,-48642.0,-49.63469387755102,0,-49.63469387755102,-49.63469387755102,-48.0,0,-48.0,-48.0,-52.0,0,-52.0,-52.0,-53.0,0,-53.0,-53.0,-53.0,0,-53.0,-53.0,48.0,0,48.0,48.0,140.0,0,140.0,140.0,236.0,0,236.0,236.0,348.0,0,348.0,348.0,540.0,0,540.0,540.0,3,worst,eval_to_90pct_improvement_mean
descrete_fixed_toplogies,more_local_40bench_descrete_fixed_v1,descrete,d02_trap5,60,1000,12,torus,random,plain,20,2,1,1,False,-57.0,0,-57.0,-57.0,-57.0,0,-57.0,-57.0,-57.0,0,-57.0,-57.0,-57.0,0,-57.0,-57.0,0.0,0,0.0,0.0,-57.0,0,-57.0,-57.0,24.0,0,24.0,24.0,246.0,0,246.0,246.0,24.0,0,24.0,24.0,-52028.0,0,-52028.0,-52028.0,-53.089795918367344,0,-53.089795918367344,-53.089795918367344,-52.0,0,-52.0,-52.0,-56.0,0,-56.0,-56.0,-57.0,0,-57.0,-57.0,-57.0,0,-57.0,-57.0,72.0,0,72.0,72.0,104.0,0,104.0,104.0,248.0,0,248.0,248.0,400.0,0,400.0,400.0,536.0,0,536.0,536.0,4,random,eval_to_90pct_improvement_mean
descrete_fixed_toplogies,more_local_40bench_descrete_fixed_v1,descrete,d02_trap5,60,1000,12,complete,best,plain,20,2,1,1,False,-57.0,0,-57.0,-57.0,-57.0,0,-57.0,-57.0,-57.0,0,-57.0,-57.0,-57.0,0,-57.0,-57.0,0.0,0,0.0,0.0,-57.0,0,-57.0,-57.0,22.0,0,22.0,22.0,246.0,0,246.0,246.0,22.0,0,22.0,22.0,-53136.0,0,-53136.0,-53136.0,-54.220408163265304,0,-54.220408163265304,-54.220408163265304,-55.0,0,-55.0,-55.0,-57.0,0,-57.0,-57.0,-57.0,0,-57.0,-57.0,-57.0,0,-57.0,-57.0,80.0,0,80.0,80.0,136.0,0,136.0,136.0,188.0,0,188.0,188.0,244.0,0,244.0,244.0,296.0,0,296.0,296.0,1,best,eval_to_90pct_improvement_mean
descrete_fixed_toplogies,more_local_40bench_descrete_fixed_v1,descrete,d02_trap5,60,1000,12,complete,maxDistance,plain,20,2,1,1,False,-55.0,0,-55.0,-55.0,-55.0,0,-55.0,-55.0,-55.0,0,-55.0,-55.0,-55.0,0,-55.0,-55.0,0.0,0,0.0,0.0,-55.0,0,-55.0,-55.0,21.0,0,21.0,21.0,246.0,0,246.0,246.0,21.0,0,21.0,21.0,-51246.0,0,-51246.0,-51246.0,-52.29183673469388,0,-52.29183673469388,-52.29183673469388,-52.0,0,-52.0,-52.0,-55.0,0,-55.0,-55.0,-55.0,0,-55.0,-55.0,-55.0,0,-55.0,-55.0,80.0,0,80.0,80.0,128.0,0,128.0,128.0,196.0,0,196.0,196.0,260.0,0,260.0,260.0,344.0,0,344.0,344.0,2,maxDistance,eval_to_90pct_improvement_mean
descrete_fixed_toplogies,more_local_40bench_descrete_fixed_v1,descrete,d02_trap5,60,1000,12,complete,worst,plain,20,2,1,1,False,-55.0,0,-55.0,-55.0,-55.0,0,-55.0,-55.0,-55.0,0,-55.0,-55.0,-55.0,0,-55.0,-55.0,0.0,0,0.0,0.0,-55.0,0,-55.0,-55.0,24.0,0,24.0,24.0,246.0,0,246.0,246.0,24.0,0,24.0,24.0,-51204.0,0,-51204.0,-51204.0,-52.248979591836736,0,-52.248979591836736,-52.248979591836736,-51.0,0,-51.0,-51.0,-55.0,0,-55.0,-55.0,-55.0,0,-55.0,-55.0,-55.0,0,-55.0,-55.0,44.0,0,44.0,44.0,92.0,0,92.0,92.0,208.0,0,208.0,208.0,296.0,0,296.0,296.0,388.0,0,388.0,388.0,3,worst,eval_to_90pct_improvement_mean
descrete_fixed_toplogies,more_local_40bench_descrete_fixed_v1,descrete,d02_trap5,60,1000,12,complete,random,plain,20,2,1,1,False,-56.0,0,-56.0,-56.0,-56.0,0,-56.0,-56.0,-56.0,0,-56.0,-56.0,-56.0,0,-56.0,-56.0,0.0,0,0.0,0.0,-56.0,0,-56.0,-56.0,21.0,0,21.0,21.0,246.0,0,246.0,246.0,21.0,0,21.0,21.0,-51502.0,0,-51502.0,-51502.0,-52.553061224489795,0,-52.553061224489795,-52.553061224489795,-50.0,0,-50.0,-50.0,-56.0,0,-56.0,-56.0,-56.0,0,-56.0,-56.0,-56.0,0,-56.0,-56.0,96.0,0,96.0,96.0,160.0,0,160.0,160.0,256.0,0,256.0,256.0,332.0,0,332.0,332.0,484.0,0,484.0,484.0,4,random,eval_to_90pct_improvement_mean
descrete_fixed_toplogies,more_local_40bench_descrete_fixed_v1,descrete,d03_nk_k4,60,1000,12,ring,best,plain,20,2,1,1,False,-0.7380161114484391,0,-0.7380161114484391,-0.7380161114484391,-0.7333589741529658,0,-0.7333589741529658,-0.7333589741529658,-0.7352079309537731,0,-0.7352079309537731,-0.7352079309537731,-0.707404088354753,0,-0.707404088354753,-0.707404088354753,0.007894099714540557,0,0.007894099714540557,0.007894099714540557,-0.7380161114484391,0,-0.7380161114484391,-0.7380161114484391,0.15945337938682602,0,0.15945337938682602,0.15945337938682602,246.0,0,246.0,246.0,0.15945337938682602,0,0.15945337938682602,0.15945337938682602,-704.6355489084134,0,-704.6355489084134,-704.6355489084134,-0.7190158662330749,0,-0.7190158662330749,-0.7190158662330749,-0.7062014976683065,0,-0.7062014976683065,-0.7062014976683065,-0.729153179498598,0,-0.729153179498598,-0.729153179498598,-0.7352079309537731,0,-0.7352079309537731,-0.7352079309537731,-0.7380161114484391,0,-0.7380161114484391,-0.7380161114484391,48.0,0,48.0,48.0,88.0,0,88.0,88.0,140.0,0,140.0,140.0,280.0,0,280.0,280.0,892.0,0,892.0,892.0,1,best,eval_to_90pct_improvement_mean
descrete_fixed_toplogies,more_local_40bench_descrete_fixed_v1,descrete,d03_nk_k4,60,1000,12,ring,worst,plain,20,2,1,1,False,-0.7467677975009579,0,-0.7467677975009579,-0.7467677975009579,-0.7326921033576672,0,-0.7326921033576672,-0.7326921033576672,-0.7442109877094363,0,-0.7442109877094363,-0.7442109877094363,-0.7006018241976489,0,-0.7006018241976489,-0.7006018241976489,0.018690449514502577,0,0.018690449514502577,0.018690449514502577,-0.7467677975009579,0,-0.7467677975009579,-0.7467677975009579,0.15782368428348292,0,0.15782368428348292,0.15782368428348292,246.0,0,246.0,246.0,0.15782368428348292,0,0.15782368428348292,0.15782368428348292,-709.3545655269334,0,-709.3545655269334,-709.3545655269334,-0.7238311893131973,0,-0.7238311893131973,-0.7238311893131973,-0.7042349327235494,0,-0.7042349327235494,-0.7042349327235494,-0.7442109877094363,0,-0.7442109877094363,-0.7442109877094363,-0.7442109877094363,0,-0.7442109877094363,-0.7442109877094363,-0.7467677975009579,0,-0.7467677975009579,-0.7467677975009579,64.0,0,64.0,64.0,116.0,0,116.0,116.0,264.0,0,264.0,264.0,288.0,0,288.0,288.0,976.0,0,976.0,976.0,2,worst,eval_to_90pct_improvement_mean
descrete_fixed_toplogies,more_local_40bench_descrete_fixed_v1,descrete,d03_nk_k4,60,1000,12,ring,random,plain,20,2,1,1,False,-0.7377556314808978,0,-0.7377556314808978,-0.7377556314808978,-0.724635864589725,0,-0.724635864589725,-0.724635864589725,-0.7259871211607838,0,-0.7259871211607838,-0.7259871211607838,-0.7021022506252407,0,-0.7021022506252407,-0.7021022506252407,0.01113764774130935,0,0.01113764774130935,0.01113764774130935,-0.7377556314808978,0,-0.7377556314808978,-0.7377556314808978,0.16175453359722014,0,0.16175453359722014,0.16175453359722014,246.0,0,246.0,246.0,0.16175453359722014,0,0.16175453359722014,0.16175453359722014,-701.2086106568761,0,-701.2086106568761,-701.2086106568761,-0.7155189904662,0,-0.7155189904662,-0.7155189904662,-0.701890536248387,0,-0.701890536248387,-0.701890536248387,-0.7273252234327955,0,-0.7273252234327955,-0.7273252234327955,-0.7377556314808978,0,-0.7377556314808978,-0.7377556314808978,-0.7377556314808978,0,-0.7377556314808978,-0.7377556314808978,44.0,0,44.0,44.0,108.0,0,108.0,108.0,200.0,0,200.0,200.0,384.0,0,384.0,384.0,612.0,0,612.0,612.0,3,random,eval_to_90pct_improvement_mean
descrete_fixed_toplogies,more_local_40bench_descrete_fixed_v1,descrete,d03_nk_k4,60,1000,12,ring,maxDistance,plain,20,2,1,1,False,-0.7460874043735458,0,-0.7460874043735458,-0.7460874043735458,-0.7343546205677396,0,-0.7343546205677396,-0.7343546205677396,-0.7385880314013714,0,-0.7385880314013714,-0.7385880314013714,-0.7022630993925246,0,-0.7022630993925246,-0.7022630993925246,0.01355415716648588,0,0.01355415716648588,0.01355415716648588,-0.7460874043735458,0,-0.7460874043735458,-0.7460874043735458,0.13458853377365754,0,0.13458853377365754,0.13458853377365754,246.0,0,246.0,246.0,0.13458853377365754,0,0.13458853377365754,0.13458853377365754,-702.584692808322,0,-702.584692808322,-702.584692808322,-0.7169231559268592,0,-0.7169231559268592,-0.7169231559268592,-0.7017360265850258,0,-0.7017360265850258,-0.7017360265850258,-0.7314720923856376,0,-0.7314720923856376,-0.7314720923856376,-0.7460874043735458,0,-0.7460874043735458,-0.7460874043735458,-0.7460874043735458,0,-0.7460874043735458,-0.7460874043735458,92.0,0,92.0,92.0,188.0,0,188.0,188.0,292.0,0,292.0,292.0,640.0,0,640.0,640.0,708.0,0,708.0,708.0,4,maxDistance,eval_to_90pct_improvement_mean
descrete_fixed_toplogies,more_local_40bench_descrete_fixed_v1,descrete,d03_nk_k4,60,1000,12,torus,best,plain,20,2,1,1,False,-0.7524800211369306,0,-0.7524800211369306,-0.7524800211369306,-0.7504343830439018,0,-0.7504343830439018,-0.7504343830439018,-0.7524800211369306,0,-0.7524800211369306,-0.7524800211369306,-0.7463431068578442,0,-0.7463431068578442,-0.7463431068578442,0.0028929691348683444,0,0.0028929691348683444,0.0028929691348683444,-0.7524800211369306,0,-0.7524800211369306,-0.7524800211369306,0.16964240884860038,0,0.16964240884860038,0.16964240884860038,246.0,0,246.0,246.0,0.16964240884860038,0,0.16964240884860038,0.16964240884860038,-718.1627312211464,0,-718.1627312211464,-718.1627312211464,-0.7328191134909657,0,-0.7328191134909657,-0.7328191134909657,-0.7409600592001304,0,-0.7409600592001304,-0.7409600592001304,-0.7463431068578442,0,-0.7463431068578442,-0.7463431068578442,-0.7524800211369306,0,-0.7524800211369306,-0.7524800211369306,-0.7524800211369306,0,-0.7524800211369306,-0.7524800211369306,60.0,0,60.0,60.0,100.0,0,100.0,100.0,168.0,0,168.0,168.0,212.0,0,212.0,212.0,616.0,0,616.0,616.0,1,best,eval_to_90pct_improvement_mean
descrete_fixed_toplogies,more_local_40bench_descrete_fixed_v1,descrete,d03_nk_k4,60,1000,12,torus,maxDistance,plain,20,2,1,1,False,-0.7507099269670857,0,-0.7507099269670857,-0.7507099269670857,-0.7468344100334302,0,-0.7468344100334302,-0.7468344100334302,-0.7483017310953447,0,-0.7483017310953447,-0.7483017310953447,-0.7379835497252282,0,-0.7379835497252282,-0.7379835497252282,0.00430211817823865,0,0.00430211817823865,0.00430211817823865,-0.7507099269670857,0,-0.7507099269670857,-0.7507099269670857,0.15796472089242708,0,0.15796472089242708,0.15796472089242708,246.0,0,246.0,246.0,0.15796472089242708,0,0.15796472089242708,0.15796472089242708,-715.670493764677,0,-715.670493764677,-715.670493764677,-0.7302760140455887,0,-0.7302760140455887,-0.7302760140455887,-0.7274514980155853,0,-0.7274514980155853,-0.7274514980155853,-0.7483017310953447,0,-0.7483017310953447,-0.7483017310953447,-0.7507099269670857,0,-0.7507099269670857,-0.7507099269670857,-0.7507099269670857,0,-0.7507099269670857,-0.7507099269670857,80.0,0,80.0,80.0,108.0,0,108.0,108.0,160.0,0,160.0,160.0,396.0,0,396.0,396.0,656.0,0,656.0,656.0,2,maxDistance,eval_to_90pct_improvement_mean
descrete_fixed_toplogies,more_local_40bench_descrete_fixed_v1,descrete,d03_nk_k4,60,1000,12,torus,worst,plain,20,2,1,1,False,-0.7604797001734949,0,-0.7604797001734949,-0.7604797001734949,-0.7502968026752309,0,-0.7502968026752309,-0.7502968026752309,-0.7575838160739148,0,-0.7575838160739148,-0.7575838160739148,-0.7187768842507626,0,-0.7187768842507626,-0.7187768842507626,0.013790934677244305,0,0.013790934677244305,0.013790934677244305,-0.7604797001734949,0,-0.7604797001734949,-0.7604797001734949,0.17782735580415632,0,0.17782735580415632,0.17782735580415632,246.0,0,246.0,246.0,0.17782735580415632,0,0.17782735580415632,0.17782735580415632,-719.0023987522159,0,-719.0023987522159,-719.0023987522159,-0.7336759170940979,0,-0.7336759170940979,-0.7336759170940979,-0.7185187056788934,0,-0.7185187056788934,-0.7185187056788934,-0.7537299558336347,0,-0.7537299558336347,-0.7537299558336347,-0.7604797001734949,0,-0.7604797001734949,-0.7604797001734949,-0.7604797001734949,0,-0.7604797001734949,-0.7604797001734949,44.0,0,44.0,44.0,116.0,0,116.0,116.0,244.0,0,244.0,244.0,472.0,0,472.0,472.0,544.0,0,544.0,544.0,3,worst,eval_to_90pct_improvement_mean
descrete_fixed_toplogies,more_local_40bench_descrete_fixed_v1,descrete,d03_nk_k4,60,1000,12,torus,random,plain,20,2,1,1,False,-0.7516866480571903,0,-0.7516866480571903,-0.7516866480571903,-0.7451839780455539,0,-0.7451839780455539,-0.7451839780455539,-0.7444823406933878,0,-0.7444823406933878,-0.7444823406933878,-0.7321693547101187,0,-0.7321693547101187,-0.7321693547101187,0.0059799266842880654,0,0.0059799266842880654,0.0059799266842880654,-0.7516866480571903,0,-0.7516866480571903,-0.7516866480571903,0.16637399833273325,0,0.16637399833273325,0.16637399833273325,246.0,0,246.0,246.0,0.16637399833273325,0,0.16637399833273325,0.16637399833273325,-706.5490169883607,0,-706.5490169883607,-706.5490169883607,-0.7209683846820006,0,-0.7209683846820006,-0.7209683846820006,-0.7032895654959466,0,-0.7032895654959466,-0.7032895654959466,-0.7321693547101187,0,-0.7321693547101187,-0.7321693547101187,-0.7424198151018836,0,-0.7424198151018836,-0.7424198151018836,-0.7516866480571903,0,-0.7516866480571903,-0.7516866480571903,48.0,0,48.0,48.0,120.0,0,120.0,120.0,264.0,0,264.0,264.0,620.0,0,620.0,620.0,904.0,0,904.0,904.0,4,random,eval_to_90pct_improvement_mean
descrete_fixed_toplogies,more_local_40bench_descrete_fixed_v1,descrete,d03_nk_k4,60,1000,12,complete,best,plain,20,2,1,1,False,-0.7226421532316789,0,-0.7226421532316789,-0.7226421532316789,-0.7226421532316789,0,-0.7226421532316789,-0.7226421532316789,-0.7226421532316789,0,-0.7226421532316789,-0.7226421532316789,-0.7226421532316789,0,-0.7226421532316789,-0.7226421532316789,0.0,0,0.0,0.0,-0.7226421532316789,0,-0.7226421532316789,-0.7226421532316789,0.11621996651721711,0,0.11621996651721711,0.11621996651721711,246.0,0,246.0,246.0,0.11621996651721711,0,0.11621996651721711,0.11621996651721711,-699.4908718265145,0,-699.4908718265145,-699.4908718265145,-0.7137661957413414,0,-0.7137661957413414,-0.7137661957413414,-0.7148030929012629,0,-0.7148030929012629,-0.7148030929012629,-0.7226421532316789,0,-0.7226421532316789,-0.7226421532316789,-0.7226421532316789,0,-0.7226421532316789,-0.7226421532316789,-0.7226421532316789,0,-0.7226421532316789,-0.7226421532316789,36.0,0,36.0,36.0,56.0,0,56.0,56.0,132.0,0,132.0,132.0,168.0,0,168.0,168.0,364.0,0,364.0,364.0,1,best,eval_to_90pct_improvement_mean
descrete_fixed_toplogies,more_local_40bench_descrete_fixed_v1,descrete,d03_nk_k4,60,1000,12,complete,random,plain,20,2,1,1,False,-0.750107814806825,0,-0.750107814806825,-0.750107814806825,-0.750107814806825,0,-0.750107814806825,-0.750107814806825,-0.750107814806825,0,-0.750107814806825,-0.750107814806825,-0.750107814806825,0,-0.750107814806825,-0.750107814806825,0.0,0,0.0,0.0,-0.750107814806825,0,-0.750107814806825,-0.750107814806825,0.1681380889056603,0,0.1681380889056603,0.1681380889056603,246.0,0,246.0,246.0,0.1681380889056603,0,0.1681380889056603,0.1681380889056603,-718.0787790963229,0,-718.0787790963229,-718.0787790963229,-0.7327334480574724,0,-0.7327334480574724,-0.7327334480574724,-0.7461322886912031,0,-0.7461322886912031,-0.7461322886912031,-0.750107814806825,0,-0.750107814806825,-0.750107814806825,-0.750107814806825,0,-0.750107814806825,-0.750107814806825,-0.750107814806825,0,-0.750107814806825,-0.750107814806825,72.0,0,72.0,72.0,116.0,0,116.0,116.0,180.0,0,180.0,180.0,216.0,0,216.0,216.0,368.0,0,368.0,368.0,2,random,eval_to_90pct_improvement_mean
descrete_fixed_toplogies,more_local_40bench_descrete_fixed_v1,descrete,d03_nk_k4,60,1000,12,complete,worst,plain,20,2,1,1,False,-0.739560175587095,0,-0.739560175587095,-0.739560175587095,-0.739560175587095,0,-0.739560175587095,-0.739560175587095,-0.739560175587095,0,-0.739560175587095,-0.739560175587095,-0.739560175587095,0,-0.739560175587095,-0.739560175587095,0.0,0,0.0,0.0,-0.739560175587095,0,-0.739560175587095,-0.739560175587095,0.1525204383099209,0,0.1525204383099209,0.1525204383099209,246.0,0,246.0,246.0,0.1525204383099209,0,0.1525204383099209,0.1525204383099209,-710.3646337114869,0,-710.3646337114869,-710.3646337114869,-0.7248618711341703,0,-0.7248618711341703,-0.7248618711341703,-0.7302715767148344,0,-0.7302715767148344,-0.7302715767148344,-0.739560175587095,0,-0.739560175587095,-0.739560175587095,-0.739560175587095,0,-0.739560175587095,-0.739560175587095,-0.739560175587095,0,-0.739560175587095,-0.739560175587095,48.0,0,48.0,48.0,96.0,0,96.0,96.0,160.0,0,160.0,160.0,232.0,0,232.0,232.0,480.0,0,480.0,480.0,3,worst,eval_to_90pct_improvement_mean
descrete_fixed_toplogies,more_local_40bench_descrete_fixed_v1,descrete,d03_nk_k4,60,1000,12,complete,maxDistance,plain,20,2,1,1,False,-0.7446917935603541,0,-0.7446917935603541,-0.7446917935603541,-0.7446917935603541,0,-0.7446917935603541,-0.7446917935603541,-0.7446917935603541,0,-0.7446917935603541,-0.7446917935603541,-0.7446917935603541,0,-0.7446917935603541,-0.7446917935603541,0.0,0,0.0,0.0,-0.7446917935603541,0,-0.7446917935603541,-0.7446917935603541,0.14555121140409255,0,0.14555121140409255,0.14555121140409255,246.0,0,246.0,246.0,0.14555121140409255,0,0.14555121140409255,0.14555121140409255,-708.6711425831185,0,-708.6711425831185,-708.6711425831185,-0.7231338189623658,0,-0.7231338189623658,-0.7231338189623658,-0.7070323705650289,0,-0.7070323705650289,-0.7070323705650289,-0.7446917935603541,0,-0.7446917935603541,-0.7446917935603541,-0.7446917935603541,0,-0.7446917935603541,-0.7446917935603541,-0.7446917935603541,0,-0.7446917935603541,-0.7446917935603541,76.0,0,76.0,76.0,128.0,0,128.0,128.0,252.0,0,252.0,252.0,376.0,0,376.0,376.0,476.0,0,476.0,476.0,4,maxDistance,eval_to_90pct_improvement_mean
descrete_fixed_toplogies,more_local_40bench_descrete_fixed_v1,descrete,d04_onemax,60,1000,12,ring,best,plain,20,2,1,1,False,-60.0,0,-60.0,-60.0,-60.0,0,-60.0,-60.0,-60.0,0,-60.0,-60.0,-60.0,0,-60.0,-60.0,0.0,0,0.0,0.0,-60.0,0,-60.0,-60.0,21.0,0,21.0,21.0,246.0,0,246.0,246.0,21.0,0,21.0,21.0,-56926.0,0,-56926.0,-56926.0,-58.087755102040816,0,-58.087755102040816,-58.087755102040816,-59.0,0,-59.0,-59.0,-60.0,0,-60.0,-60.0,-60.0,0,-60.0,-60.0,-60.0,0,-60.0,-60.0,60.0,0,60.0,60.0,100.0,0,100.0,100.0,148.0,0,148.0,148.0,196.0,0,196.0,196.0,280.0,0,280.0,280.0,1,best,eval_to_90pct_improvement_mean
descrete_fixed_toplogies,more_local_40bench_descrete_fixed_v1,descrete,d04_onemax,60,1000,12,ring,worst,plain,20,2,1,1,False,-60.0,0,-60.0,-60.0,-60.0,0,-60.0,-60.0,-60.0,0,-60.0,-60.0,-60.0,0,-60.0,-60.0,0.0,0,0.0,0.0,-60.0,0,-60.0,-60.0,20.0,0,20.0,20.0,246.0,0,246.0,246.0,20.0,0,20.0,20.0,-56536.0,0,-56536.0,-56536.0,-57.689795918367345,0,-57.689795918367345,-57.689795918367345,-58.0,0,-58.0,-58.0,-60.0,0,-60.0,-60.0,-60.0,0,-60.0,-60.0,-60.0,0,-60.0,-60.0,56.0,0,56.0,56.0,124.0,0,124.0,124.0,196.0,0,196.0,196.0,212.0,0,212.0,212.0,312.0,0,312.0,312.0,2,worst,eval_to_90pct_improvement_mean
descrete_fixed_toplogies,more_local_40bench_descrete_fixed_v1,descrete,d04_onemax,60,1000,12,ring,random,plain,20,2,1,1,False,-60.0,0,-60.0,-60.0,-60.0,0,-60.0,-60.0,-60.0,0,-60.0,-60.0,-60.0,0,-60.0,-60.0,0.0,0,0.0,0.0,-60.0,0,-60.0,-60.0,21.0,0,21.0,21.0,246.0,0,246.0,246.0,21.0,0,21.0,21.0,-56194.0,0,-56194.0,-56194.0,-57.340816326530614,0,-57.340816326530614,-57.340816326530614,-58.0,0,-58.0,-58.0,-60.0,0,-60.0,-60.0,-60.0,0,-60.0,-60.0,-60.0,0,-60.0,-60.0,60.0,0,60.0,60.0,140.0,0,140.0,140.0,228.0,0,228.0,228.0,248.0,0,248.0,248.0,348.0,0,348.0,348.0,3,random,eval_to_90pct_improvement_mean
descrete_fixed_toplogies,more_local_40bench_descrete_fixed_v1,descrete,d04_onemax,60,1000,12,ring,maxDistance,plain,20,2,1,1,False,-60.0,0,-60.0,-60.0,-60.0,0,-60.0,-60.0,-60.0,0,-60.0,-60.0,-60.0,0,-60.0,-60.0,0.0,0,0.0,0.0,-60.0,0,-60.0,-60.0,17.0,0,17.0,17.0,246.0,0,246.0,246.0,17.0,0,17.0,17.0,-56574.0,0,-56574.0,-56574.0,-57.72857142857143,0,-57.72857142857143,-57.72857142857143,-57.0,0,-57.0,-57.0,-60.0,0,-60.0,-60.0,-60.0,0,-60.0,-60.0,-60.0,0,-60.0,-60.0,76.0,0,76.0,76.0,152.0,0,152.0,152.0,200.0,0,200.0,200.0,264.0,0,264.0,264.0,332.0,0,332.0,332.0,4,maxDistance,eval_to_90pct_improvement_mean
descrete_fixed_toplogies,more_local_40bench_descrete_fixed_v1,descrete,d04_onemax,60,1000,12,torus,best,plain,20,2,1,1,False,-60.0,0,-60.0,-60.0,-60.0,0,-60.0,-60.0,-60.0,0,-60.0,-60.0,-60.0,0,-60.0,-60.0,0.0,0,0.0,0.0,-60.0,0,-60.0,-60.0,21.0,0,21.0,21.0,246.0,0,246.0,246.0,21.0,0,21.0,21.0,-57114.0,0,-57114.0,-57114.0,-58.279591836734696,0,-58.279591836734696,-58.279591836734696,-60.0,0,-60.0,-60.0,-60.0,0,-60.0,-60.0,-60.0,0,-60.0,-60.0,-60.0,0,-60.0,-60.0,60.0,0,60.0,60.0,88.0,0,88.0,88.0,148.0,0,148.0,148.0,176.0,0,176.0,176.0,232.0,0,232.0,232.0,1,best,eval_to_90pct_improvement_mean
descrete_fixed_toplogies,more_local_40bench_descrete_fixed_v1,descrete,d04_onemax,60,1000,12,torus,maxDistance,plain,20,2,1,1,False,-60.0,0,-60.0,-60.0,-60.0,0,-60.0,-60.0,-60.0,0,-60.0,-60.0,-60.0,0,-60.0,-60.0,0.0,0,0.0,0.0,-60.0,0,-60.0,-60.0,18.0,0,18.0,18.0,246.0,0,246.0,246.0,18.0,0,18.0,18.0,-56912.0,0,-56912.0,-56912.0,-58.073469387755104,0,-58.073469387755104,-58.073469387755104,-60.0,0,-60.0,-60.0,-60.0,0,-60.0,-60.0,-60.0,0,-60.0,-60.0,-60.0,0,-60.0,-60.0,84.0,0,84.0,84.0,120.0,0,120.0,120.0,168.0,0,168.0,168.0,228.0,0,228.0,228.0,232.0,0,232.0,232.0,2,maxDistance,eval_to_90pct_improvement_mean
descrete_fixed_toplogies,more_local_40bench_descrete_fixed_v1,descrete,d04_onemax,60,1000,12,torus,random,plain,20,2,1,1,False,-60.0,0,-60.0,-60.0,-60.0,0,-60.0,-60.0,-60.0,0,-60.0,-60.0,-60.0,0,-60.0,-60.0,0.0,0,0.0,0.0,-60.0,0,-60.0,-60.0,21.0,0,21.0,21.0,246.0,0,246.0,246.0,21.0,0,21.0,21.0,-56266.0,0,-56266.0,-56266.0,-57.41428571428571,0,-57.41428571428571,-57.41428571428571,-58.0,0,-58.0,-58.0,-60.0,0,-60.0,-60.0,-60.0,0,-60.0,-60.0,-60.0,0,-60.0,-60.0,64.0,0,64.0,64.0,128.0,0,128.0,128.0,216.0,0,216.0,216.0,248.0,0,248.0,248.0,340.0,0,340.0,340.0,3,random,eval_to_90pct_improvement_mean
descrete_fixed_toplogies,more_local_40bench_descrete_fixed_v1,descrete,d04_onemax,60,1000,12,torus,worst,plain,20,2,1,1,False,-60.0,0,-60.0,-60.0,-60.0,0,-60.0,-60.0,-60.0,0,-60.0,-60.0,-60.0,0,-60.0,-60.0,0.0,0,0.0,0.0,-60.0,0,-60.0,-60.0,19.0,0,19.0,19.0,246.0,0,246.0,246.0,19.0,0,19.0,19.0,-56438.0,0,-56438.0,-56438.0,-57.589795918367344,0,-57.589795918367344,-57.589795918367344,-57.0,0,-57.0,-57.0,-60.0,0,-60.0,-60.0,-60.0,0,-60.0,-60.0,-60.0,0,-60.0,-60.0,36.0,0,36.0,36.0,136.0,0,136.0,136.0,236.0,0,236.0,236.0,288.0,0,288.0,288.0,368.0,0,368.0,368.0,4,worst,eval_to_90pct_improvement_mean
descrete_fixed_toplogies,more_local_40bench_descrete_fixed_v1,descrete,d04_onemax,60,1000,12,complete,best,plain,20,2,1,1,False,-60.0,0,-60.0,-60.0,-60.0,0,-60.0,-60.0,-60.0,0,-60.0,-60.0,-60.0,0,-60.0,-60.0,0.0,0,0.0,0.0,-60.0,0,-60.0,-60.0,19.0,0,19.0,19.0,246.0,0,246.0,246.0,19.0,0,19.0,19.0,-57818.0,0,-57818.0,-57818.0,-58.99795918367347,0,-58.99795918367347,-58.99795918367347,-60.0,0,-60.0,-60.0,-60.0,0,-60.0,-60.0,-60.0,0,-60.0,-60.0,-60.0,0,-60.0,-60.0,32.0,0,32.0,32.0,64.0,0,64.0,64.0,120.0,0,120.0,120.0,144.0,0,144.0,144.0,188.0,0,188.0,188.0,1,best,eval_to_90pct_improvement_mean
descrete_fixed_toplogies,more_local_40bench_descrete_fixed_v1,descrete,d04_onemax,60,1000,12,complete,maxDistance,plain,20,2,1,1,False,-60.0,0,-60.0,-60.0,-60.0,0,-60.0,-60.0,-60.0,0,-60.0,-60.0,-60.0,0,-60.0,-60.0,0.0,0,0.0,0.0,-60.0,0,-60.0,-60.0,16.0,0,16.0,16.0,246.0,0,246.0,246.0,16.0,0,16.0,16.0,-57104.0,0,-57104.0,-57104.0,-58.26938775510204,0,-58.26938775510204,-58.26938775510204,-60.0,0,-60.0,-60.0,-60.0,0,-60.0,-60.0,-60.0,0,-60.0,-60.0,-60.0,0,-60.0,-60.0,72.0,0,72.0,72.0,120.0,0,120.0,120.0,160.0,0,160.0,160.0,224.0,0,224.0,224.0,248.0,0,248.0,248.0,2,maxDistance,eval_to_90pct_improvement_mean
descrete_fixed_toplogies,more_local_40bench_descrete_fixed_v1,descrete,d04_onemax,60,1000,12,complete,random,plain,20,2,1,1,False,-60.0,0,-60.0,-60.0,-60.0,0,-60.0,-60.0,-60.0,0,-60.0,-60.0,-60.0,0,-60.0,-60.0,0.0,0,0.0,0.0,-60.0,0,-60.0,-60.0,18.0,0,18.0,18.0,246.0,0,246.0,246.0,18.0,0,18.0,18.0,-56788.0,0,-56788.0,-56788.0,-57.946938775510205,0,-57.946938775510205,-57.946938775510205,-58.0,0,-58.0,-58.0,-60.0,0,-60.0,-60.0,-60.0,0,-60.0,-60.0,-60.0,0,-60.0,-60.0,72.0,0,72.0,72.0,104.0,0,104.0,104.0,196.0,0,196.0,196.0,276.0,0,276.0,276.0,316.0,0,316.0,316.0,3,random,eval_to_90pct_improvement_mean
descrete_fixed_toplogies,more_local_40bench_descrete_fixed_v1,descrete,d04_onemax,60,1000,12,complete,worst,plain,20,2,1,1,False,-60.0,0,-60.0,-60.0,-60.0,0,-60.0,-60.0,-60.0,0,-60.0,-60.0,-60.0,0,-60.0,-60.0,0.0,0,0.0,0.0,-60.0,0,-60.0,-60.0,19.0,0,19.0,19.0,246.0,0,246.0,246.0,19.0,0,19.0,19.0,-56198.0,0,-56198.0,-56198.0,-57.344897959183676,0,-57.344897959183676,-57.344897959183676,-56.0,0,-56.0,-56.0,-60.0,0,-60.0,-60.0,-60.0,0,-60.0,-60.0,-60.0,0,-60.0,-60.0,60.0,0,60.0,60.0,124.0,0,124.0,124.0,236.0,0,236.0,236.0,376.0,0,376.0,376.0,424.0,0,424.0,424.0,4,worst,eval_to_90pct_improvement_mean
descrete_fixed_toplogies,more_local_40bench_descrete_fixed_v1,descrete,d05_zeromax,60,1000,12,ring,best,plain,20,2,1,1,False,-60.0,0,-60.0,-60.0,-60.0,0,-60.0,-60.0,-60.0,0,-60.0,-60.0,-60.0,0,-60.0,-60.0,0.0,0,0.0,0.0,-60.0,0,-60.0,-60.0,20.0,0,20.0,20.0,246.0,0,246.0,246.0,20.0,0,20.0,20.0,-57204.0,0,-57204.0,-57204.0,-58.371428571428574,0,-58.371428571428574,-58.371428571428574,-60.0,0,-60.0,-60.0,-60.0,0,-60.0,-60.0,-60.0,0,-60.0,-60.0,-60.0,0,-60.0,-60.0,48.0,0,48.0,48.0,88.0,0,88.0,88.0,144.0,0,144.0,144.0,192.0,0,192.0,192.0,208.0,0,208.0,208.0,1,best,eval_to_90pct_improvement_mean
descrete_fixed_toplogies,more_local_40bench_descrete_fixed_v1,descrete,d05_zeromax,60,1000,12,ring,random,plain,20,2,1,1,False,-60.0,0,-60.0,-60.0,-60.0,0,-60.0,-60.0,-60.0,0,-60.0,-60.0,-60.0,0,-60.0,-60.0,0.0,0,0.0,0.0,-60.0,0,-60.0,-60.0,20.0,0,20.0,20.0,246.0,0,246.0,246.0,20.0,0,20.0,20.0,-56712.0,0,-56712.0,-56712.0,-57.86938775510204,0,-57.86938775510204,-57.86938775510204,-59.0,0,-59.0,-59.0,-60.0,0,-60.0,-60.0,-60.0,0,-60.0,-60.0,-60.0,0,-60.0,-60.0,64.0,0,64.0,64.0,124.0,0,124.0,124.0,156.0,0,156.0,156.0,220.0,0,220.0,220.0,264.0,0,264.0,264.0,2,random,eval_to_90pct_improvement_mean
descrete_fixed_toplogies,more_local_40bench_descrete_fixed_v1,descrete,d05_zeromax,60,1000,12,ring,maxDistance,plain,20,2,1,1,False,-60.0,0,-60.0,-60.0,-60.0,0,-60.0,-60.0,-60.0,0,-60.0,-60.0,-60.0,0,-60.0,-60.0,0.0,0,0.0,0.0,-60.0,0,-60.0,-60.0,20.0,0,20.0,20.0,246.0,0,246.0,246.0,20.0,0,20.0,20.0,-56720.0,0,-56720.0,-56720.0,-57.87755102040816,0,-57.87755102040816,-57.87755102040816,-57.0,0,-57.0,-57.0,-60.0,0,-60.0,-60.0,-60.0,0,-60.0,-60.0,-60.0,0,-60.0,-60.0,52.0,0,52.0,52.0,104.0,0,104.0,104.0,176.0,0,176.0,176.0,264.0,0,264.0,264.0,276.0,0,276.0,276.0,3,maxDistance,eval_to_90pct_improvement_mean
descrete_fixed_toplogies,more_local_40bench_descrete_fixed_v1,descrete,d05_zeromax,60,1000,12,ring,worst,plain,20,2,1,1,False,-60.0,0,-60.0,-60.0,-60.0,0,-60.0,-60.0,-60.0,0,-60.0,-60.0,-60.0,0,-60.0,-60.0,0.0,0,0.0,0.0,-60.0,0,-60.0,-60.0,19.0,0,19.0,19.0,246.0,0,246.0,246.0,19.0,0,19.0,19.0,-56078.0,0,-56078.0,-56078.0,-57.22244897959184,0,-57.22244897959184,-57.22244897959184,-56.0,0,-56.0,-56.0,-60.0,0,-60.0,-60.0,-60.0,0,-60.0,-60.0,-60.0,0,-60.0,-60.0,68.0,0,68.0,68.0,140.0,0,140.0,140.0,240.0,0,240.0,240.0,316.0,0,316.0,316.0,380.0,0,380.0,380.0,4,worst,eval_to_90pct_improvement_mean
descrete_fixed_toplogies,more_local_40bench_descrete_fixed_v1,descrete,d05_zeromax,60,1000,12,torus,best,plain,20,2,1,1,False,-60.0,0,-60.0,-60.0,-60.0,0,-60.0,-60.0,-60.0,0,-60.0,-60.0,-60.0,0,-60.0,-60.0,0.0,0,0.0,0.0,-60.0,0,-60.0,-60.0,17.0,0,17.0,17.0,246.0,0,246.0,246.0,17.0,0,17.0,17.0,-57322.0,0,-57322.0,-57322.0,-58.49183673469388,0,-58.49183673469388,-58.49183673469388,-60.0,0,-60.0,-60.0,-60.0,0,-60.0,-60.0,-60.0,0,-60.0,-60.0,-60.0,0,-60.0,-60.0,60.0,0,60.0,60.0,112.0,0,112.0,112.0,160.0,0,160.0,160.0,168.0,0,168.0,168.0,220.0,0,220.0,220.0,1,best,eval_to_90pct_improvement_mean
descrete_fixed_toplogies,more_local_40bench_descrete_fixed_v1,descrete,d05_zeromax,60,1000,12,torus,maxDistance,plain,20,2,1,1,False,-60.0,0,-60.0,-60.0,-60.0,0,-60.0,-60.0,-60.0,0,-60.0,-60.0,-60.0,0,-60.0,-60.0,0.0,0,0.0,0.0,-60.0,0,-60.0,-60.0,20.0,0,20.0,20.0,246.0,0,246.0,246.0,20.0,0,20.0,20.0,-56548.0,0,-56548.0,-56548.0,-57.70204081632653,0,-57.70204081632653,-57.70204081632653,-58.0,0,-58.0,-58.0,-60.0,0,-60.0,-60.0,-60.0,0,-60.0,-60.0,-60.0,0,-60.0,-60.0,80.0,0,80.0,80.0,104.0,0,104.0,104.0,164.0,0,164.0,164.0,216.0,0,216.0,216.0,332.0,0,332.0,332.0,2,maxDistance,eval_to_90pct_improvement_mean
descrete_fixed_toplogies,more_local_40bench_descrete_fixed_v1,descrete,d05_zeromax,60,1000,12,torus,random,plain,20,2,1,1,False,-60.0,0,-60.0,-60.0,-60.0,0,-60.0,-60.0,-60.0,0,-60.0,-60.0,-60.0,0,-60.0,-60.0,0.0,0,0.0,0.0,-60.0,0,-60.0,-60.0,19.0,0,19.0,19.0,246.0,0,246.0,246.0,19.0,0,19.0,19.0,-56710.0,0,-56710.0,-56710.0,-57.86734693877551,0,-57.86734693877551,-57.86734693877551,-59.0,0,-59.0,-59.0,-60.0,0,-60.0,-60.0,-60.0,0,-60.0,-60.0,-60.0,0,-60.0,-60.0,76.0,0,76.0,76.0,112.0,0,112.0,112.0,208.0,0,208.0,208.0,248.0,0,248.0,248.0,284.0,0,284.0,284.0,3,random,eval_to_90pct_improvement_mean
descrete_fixed_toplogies,more_local_40bench_descrete_fixed_v1,descrete,d05_zeromax,60,1000,12,torus,worst,plain,20,2,1,1,False,-60.0,0,-60.0,-60.0,-60.0,0,-60.0,-60.0,-60.0,0,-60.0,-60.0,-60.0,0,-60.0,-60.0,0.0,0,0.0,0.0,-60.0,0,-60.0,-60.0,19.0,0,19.0,19.0,246.0,0,246.0,246.0,19.0,0,19.0,19.0,-56634.0,0,-56634.0,-56634.0,-57.789795918367346,0,-57.789795918367346,-57.789795918367346,-58.0,0,-58.0,-58.0,-60.0,0,-60.0,-60.0,-60.0,0,-60.0,-60.0,-60.0,0,-60.0,-60.0,80.0,0,80.0,80.0,116.0,0,116.0,116.0,176.0,0,176.0,176.0,312.0,0,312.0,312.0,320.0,0,320.0,320.0,4,worst,eval_to_90pct_improvement_mean
descrete_fixed_toplogies,more_local_40bench_descrete_fixed_v1,descrete,d05_zeromax,60,1000,12,complete,best,plain,20,2,1,1,False,-60.0,0,-60.0,-60.0,-60.0,0,-60.0,-60.0,-60.0,0,-60.0,-60.0,-60.0,0,-60.0,-60.0,0.0,0,0.0,0.0,-60.0,0,-60.0,-60.0,18.0,0,18.0,18.0,246.0,0,246.0,246.0,18.0,0,18.0,18.0,-57432.0,0,-57432.0,-57432.0,-58.60408163265306,0,-58.60408163265306,-58.60408163265306,-60.0,0,-60.0,-60.0,-60.0,0,-60.0,-60.0,-60.0,0,-60.0,-60.0,-60.0,0,-60.0,-60.0,72.0,0,72.0,72.0,104.0,0,104.0,104.0,120.0,0,120.0,120.0,152.0,0,152.0,152.0,176.0,0,176.0,176.0,1,best,eval_to_90pct_improvement_mean
descrete_fixed_toplogies,more_local_40bench_descrete_fixed_v1,descrete,d05_zeromax,60,1000,12,complete,worst,plain,20,2,1,1,False,-60.0,0,-60.0,-60.0,-60.0,0,-60.0,-60.0,-60.0,0,-60.0,-60.0,-60.0,0,-60.0,-60.0,0.0,0,0.0,0.0,-60.0,0,-60.0,-60.0,20.0,0,20.0,20.0,246.0,0,246.0,246.0,20.0,0,20.0,20.0,-56588.0,0,-56588.0,-56588.0,-57.74285714285714,0,-57.74285714285714,-57.74285714285714,-58.0,0,-58.0,-58.0,-60.0,0,-60.0,-60.0,-60.0,0,-60.0,-60.0,-60.0,0,-60.0,-60.0,72.0,0,72.0,72.0,112.0,0,112.0,112.0,180.0,0,180.0,180.0,236.0,0,236.0,236.0,284.0,0,284.0,284.0,2,worst,eval_to_90pct_improvement_mean
descrete_fixed_toplogies,more_local_40bench_descrete_fixed_v1,descrete,d05_zeromax,60,1000,12,complete,random,plain,20,2,1,1,False,-60.0,0,-60.0,-60.0,-60.0,0,-60.0,-60.0,-60.0,0,-60.0,-60.0,-60.0,0,-60.0,-60.0,0.0,0,0.0,0.0,-60.0,0,-60.0,-60.0,18.0,0,18.0,18.0,246.0,0,246.0,246.0,18.0,0,18.0,18.0,-57104.0,0,-57104.0,-57104.0,-58.26938775510204,0,-58.26938775510204,-58.26938775510204,-58.0,0,-58.0,-58.0,-60.0,0,-60.0,-60.0,-60.0,0,-60.0,-60.0,-60.0,0,-60.0,-60.0,56.0,0,56.0,56.0,96.0,0,96.0,96.0,168.0,0,168.0,168.0,268.0,0,268.0,268.0,284.0,0,284.0,284.0,3,random,eval_to_90pct_improvement_mean
descrete_fixed_toplogies,more_local_40bench_descrete_fixed_v1,descrete,d05_zeromax,60,1000,12,complete,maxDistance,plain,20,2,1,1,False,-60.0,0,-60.0,-60.0,-60.0,0,-60.0,-60.0,-60.0,0,-60.0,-60.0,-60.0,0,-60.0,-60.0,0.0,0,0.0,0.0,-60.0,0,-60.0,-60.0,21.0,0,21.0,21.0,246.0,0,246.0,246.0,21.0,0,21.0,21.0,-56458.0,0,-56458.0,-56458.0,-57.61020408163265,0,-57.61020408163265,-57.61020408163265,-57.0,0,-57.0,-57.0,-60.0,0,-60.0,-60.0,-60.0,0,-60.0,-60.0,-60.0,0,-60.0,-60.0,40.0,0,40.0,40.0,120.0,0,120.0,120.0,200.0,0,200.0,200.0,280.0,0,280.0,280.0,312.0,0,312.0,312.0,4,maxDistance,eval_to_90pct_improvement_mean
descrete_fixed_toplogies,more_local_40bench_descrete_fixed_v1,descrete,d06_leading_ones,60,1000,12,ring,maxDistance,plain,20,2,1,1,False,-52.0,0,-52.0,-52.0,-40.75,0,-40.75,-40.75,-41.5,0,-41.5,-41.5,-20.0,0,-20.0,-20.0,9.292694263057763,0,9.292694263057763,9.292694263057763,-52.0,0,-52.0,-52.0,45.0,0,45.0,45.0,246.0,0,246.0,246.0,45.0,0,45.0,45.0,-34122.0,0,-34122.0,-34122.0,-34.81836734693878,0,-34.81836734693878,-34.81836734693878,-22.0,0,-22.0,-22.0,-36.0,0,-36.0,-36.0,-49.0,0,-49.0,-49.0,-52.0,0,-52.0,-52.0,168.0,0,168.0,168.0,296.0,0,296.0,296.0,688.0,0,688.0,688.0,720.0,0,720.0,720.0,852.0,0,852.0,852.0,1,maxDistance,eval_to_90pct_improvement_mean
descrete_fixed_toplogies,more_local_40bench_descrete_fixed_v1,descrete,d06_leading_ones,60,1000,12,ring,random,plain,20,2,1,1,False,-50.0,0,-50.0,-50.0,-36.0,0,-36.0,-36.0,-36.5,0,-36.5,-36.5,-21.0,0,-21.0,-21.0,7.187952884282608,0,7.187952884282608,7.187952884282608,-50.0,0,-50.0,-50.0,42.0,0,42.0,42.0,246.0,0,246.0,246.0,42.0,0,42.0,42.0,-30552.0,0,-30552.0,-30552.0,-31.175510204081633,0,-31.175510204081633,-31.175510204081633,-18.0,0,-18.0,-18.0,-30.0,0,-30.0,-30.0,-44.0,0,-44.0,-44.0,-50.0,0,-50.0,-50.0,272.0,0,272.0,272.0,340.0,0,340.0,340.0,652.0,0,652.0,652.0,760.0,0,760.0,760.0,1000.0,0,1000.0,1000.0,2,random,eval_to_90pct_improvement_mean
descrete_fixed_toplogies,more_local_40bench_descrete_fixed_v1,descrete,d06_leading_ones,60,1000,12,ring,best,plain,20,2,1,1,False,-37.0,0,-37.0,-37.0,-30.166666666666668,0,-30.166666666666668,-30.166666666666668,-29.5,0,-29.5,-29.5,-22.0,0,-22.0,-22.0,4.524623986832743,0,4.524623986832743,4.524623986832743,-37.0,0,-37.0,-37.0,28.0,0,28.0,28.0,246.0,0,246.0,246.0,28.0,0,28.0,28.0,-25572.0,0,-25572.0,-25572.0,-26.09387755102041,0,-26.09387755102041,-26.09387755102041,-20.0,0,-20.0,-20.0,-27.0,0,-27.0,-27.0,-33.0,0,-33.0,-33.0,-37.0,0,-37.0,-37.0,156.0,0,156.0,156.0,280.0,0,280.0,280.0,632.0,0,632.0,632.0,848.0,0,848.0,848.0,896.0,0,896.0,896.0,3,best,eval_to_90pct_improvement_mean
descrete_fixed_toplogies,more_local_40bench_descrete_fixed_v1,descrete,d06_leading_ones,60,1000,12,ring,worst,plain,20,2,1,1,False,-43.0,0,-43.0,-43.0,-36.916666666666664,0,-36.916666666666664,-36.916666666666664,-37.5,0,-37.5,-37.5,-32.0,0,-32.0,-32.0,2.984915781428719,0,2.984915781428719,2.984915781428719,-43.0,0,-43.0,-43.0,35.0,0,35.0,35.0,246.0,0,246.0,246.0,35.0,0,35.0,35.0,-26686.0,0,-26686.0,-26686.0,-27.23061224489796,0,-27.23061224489796,-27.23061224489796,-19.0,0,-19.0,-19.0,-31.0,0,-31.0,-31.0,-37.0,0,-37.0,-37.0,-43.0,0,-43.0,-43.0,204.0,0,204.0,204.0,448.0,0,448.0,448.0,728.0,0,728.0,728.0,936.0,0,936.0,936.0,980.0,0,980.0,980.0,4,worst,eval_to_90pct_improvement_mean
descrete_fixed_toplogies,more_local_40bench_descrete_fixed_v1,descrete,d06_leading_ones,60,1000,12,torus,maxDistance,plain,20,2,1,1,False,-60.0,0,-60.0,-60.0,-50.75,0,-50.75,-50.75,-48.5,0,-48.5,-48.5,-43.0,0,-43.0,-43.0,6.111805516102968,0,6.111805516102968,6.111805516102968,-60.0,0,-60.0,-60.0,53.0,0,53.0,53.0,246.0,0,246.0,246.0,53.0,0,53.0,53.0,-43202.0,0,-43202.0,-43202.0,-44.083673469387755,0,-44.083673469387755,-44.083673469387755,-24.0,0,-24.0,-24.0,-56.0,0,-56.0,-56.0,-60.0,0,-60.0,-60.0,-60.0,0,-60.0,-60.0,216.0,0,216.0,216.0,320.0,0,320.0,320.0,424.0,0,424.0,424.0,496.0,0,496.0,496.0,588.0,0,588.0,588.0,1,maxDistance,eval_to_90pct_improvement_mean
descrete_fixed_toplogies,more_local_40bench_descrete_fixed_v1,descrete,d06_leading_ones,60,1000,12,torus,best,plain,20,2,1,1,False,-50.0,0,-50.0,-50.0,-45.916666666666664,0,-45.916666666666664,-45.916666666666664,-47.0,0,-47.0,-47.0,-37.0,0,-37.0,-37.0,3.861310946067698,0,3.861310946067698,3.861310946067698,-50.0,0,-50.0,-50.0,43.0,0,43.0,43.0,246.0,0,246.0,246.0,43.0,0,43.0,43.0,-35858.0,0,-35858.0,-35858.0,-36.589795918367344,0,-36.589795918367344,-36.589795918367344,-26.0,0,-26.0,-26.0,-45.0,0,-45.0,-45.0,-48.0,0,-48.0,-48.0,-50.0,0,-50.0,-50.0,112.0,0,112.0,112.0,320.0,0,320.0,320.0,464.0,0,464.0,464.0,560.0,0,560.0,560.0,964.0,0,964.0,964.0,2,best,eval_to_90pct_improvement_mean
descrete_fixed_toplogies,more_local_40bench_descrete_fixed_v1,descrete,d06_leading_ones,60,1000,12,torus,random,plain,20,2,1,1,False,-53.0,0,-53.0,-53.0,-46.0,0,-46.0,-46.0,-48.0,0,-48.0,-48.0,-37.0,0,-37.0,-37.0,4.618802153517006,0,4.618802153517006,4.618802153517006,-53.0,0,-53.0,-53.0,45.0,0,45.0,45.0,246.0,0,246.0,246.0,45.0,0,45.0,45.0,-34570.0,0,-34570.0,-34570.0,-35.275510204081634,0,-35.275510204081634,-35.275510204081634,-21.0,0,-21.0,-21.0,-42.0,0,-42.0,-42.0,-49.0,0,-49.0,-49.0,-53.0,0,-53.0,-53.0,236.0,0,236.0,236.0,408.0,0,408.0,408.0,500.0,0,500.0,500.0,692.0,0,692.0,692.0,948.0,0,948.0,948.0,3,random,eval_to_90pct_improvement_mean
descrete_fixed_toplogies,more_local_40bench_descrete_fixed_v1,descrete,d06_leading_ones,60,1000,12,torus,worst,plain,20,2,1,1,False,-42.0,0,-42.0,-42.0,-35.25,0,-35.25,-35.25,-35.0,0,-35.0,-35.0,-29.0,0,-29.0,-29.0,2.742413778650722,0,2.742413778650722,2.742413778650722,-42.0,0,-42.0,-42.0,33.0,0,33.0,33.0,246.0,0,246.0,246.0,33.0,0,33.0,33.0,-25434.0,0,-25434.0,-25434.0,-25.953061224489797,0,-25.953061224489797,-25.953061224489797,-16.0,0,-16.0,-16.0,-27.0,0,-27.0,-27.0,-32.0,0,-32.0,-32.0,-42.0,0,-42.0,-42.0,264.0,0,264.0,264.0,416.0,0,416.0,416.0,780.0,0,780.0,780.0,944.0,0,944.0,944.0,944.0,0,944.0,944.0,4,worst,eval_to_90pct_improvement_mean
descrete_fixed_toplogies,more_local_40bench_descrete_fixed_v1,descrete,d06_leading_ones,60,1000,12,complete,maxDistance,plain,20,2,1,1,False,-55.0,0,-55.0,-55.0,-53.416666666666664,0,-53.416666666666664,-53.416666666666664,-53.0,0,-53.0,-53.0,-52.0,0,-52.0,-52.0,0.9537935951882998,0,0.9537935951882998,0.9537935951882998,-55.0,0,-55.0,-55.0,48.0,0,48.0,48.0,246.0,0,246.0,246.0,48.0,0,48.0,48.0,-37976.0,0,-37976.0,-37976.0,-38.751020408163264,0,-38.751020408163264,-38.751020408163264,-26.0,0,-26.0,-26.0,-41.0,0,-41.0,-41.0,-53.0,0,-53.0,-53.0,-55.0,0,-55.0,-55.0,164.0,0,164.0,164.0,336.0,0,336.0,336.0,532.0,0,532.0,532.0,600.0,0,600.0,600.0,900.0,0,900.0,900.0,1,maxDistance,eval_to_90pct_improvement_mean
descrete_fixed_toplogies,more_local_40bench_descrete_fixed_v1,descrete,d06_leading_ones,60,1000,12,complete,worst,plain,20,2,1,1,False,-46.0,0,-46.0,-46.0,-44.25,0,-44.25,-44.25,-44.5,0,-44.5,-44.5,-43.0,0,-43.0,-43.0,1.1636866703140785,0,1.1636866703140785,1.1636866703140785,-46.0,0,-46.0,-46.0,40.0,0,40.0,40.0,246.0,0,246.0,246.0,40.0,0,40.0,40.0,-30488.0,0,-30488.0,-30488.0,-31.110204081632652,0,-31.110204081632652,-31.110204081632652,-20.0,0,-20.0,-20.0,-26.0,0,-26.0,-26.0,-45.0,0,-45.0,-45.0,-46.0,0,-46.0,-46.0,160.0,0,160.0,160.0,452.0,0,452.0,452.0,540.0,0,540.0,540.0,636.0,0,636.0,636.0,816.0,0,816.0,816.0,2,worst,eval_to_90pct_improvement_mean
descrete_fixed_toplogies,more_local_40bench_descrete_fixed_v1,descrete,d06_leading_ones,60,1000,12,complete,best,plain,20,2,1,1,False,-59.0,0,-59.0,-59.0,-52.333333333333336,0,-52.333333333333336,-52.333333333333336,-53.0,0,-53.0,-53.0,-46.0,0,-46.0,-46.0,4.870546398734152,0,4.870546398734152,4.870546398734152,-59.0,0,-59.0,-59.0,50.0,0,50.0,50.0,246.0,0,246.0,246.0,50.0,0,50.0,50.0,-39264.0,0,-39264.0,-39264.0,-40.06530612244898,0,-40.06530612244898,-40.06530612244898,-34.0,0,-34.0,-34.0,-41.0,0,-41.0,-41.0,-49.0,0,-49.0,-49.0,-59.0,0,-59.0,-59.0,184.0,0,184.0,184.0,236.0,0,236.0,236.0,688.0,0,688.0,688.0,808.0,0,808.0,808.0,944.0,0,944.0,944.0,3,best,eval_to_90pct_improvement_mean
descrete_fixed_toplogies,more_local_40bench_descrete_fixed_v1,descrete,d06_leading_ones,60,1000,12,complete,random,plain,20,2,1,1,False,-40.0,0,-40.0,-40.0,-34.416666666666664,0,-34.416666666666664,-34.416666666666664,-34.0,0,-34.0,-34.0,-29.0,0,-29.0,-29.0,2.8710721961587025,0,2.8710721961587025,2.8710721961587025,-40.0,0,-40.0,-40.0,32.0,0,32.0,32.0,246.0,0,246.0,246.0,32.0,0,32.0,32.0,-23352.0,0,-23352.0,-23352.0,-23.82857142857143,0,-23.82857142857143,-23.82857142857143,-16.0,0,-16.0,-16.0,-24.0,0,-24.0,-24.0,-31.0,0,-31.0,-31.0,-40.0,0,-40.0,-40.0,216.0,0,216.0,216.0,448.0,0,448.0,448.0,776.0,0,776.0,776.0,936.0,0,936.0,936.0,936.0,0,936.0,936.0,4,random,eval_to_90pct_improvement_mean
descrete_fixed_toplogies,more_local_40bench_descrete_fixed_v1,descrete,d07_alternating_bits,60,1000,12,ring,maxDistance,plain,20,2,1,1,False,-60.0,0,-60.0,-60.0,-60.0,0,-60.0,-60.0,-60.0,0,-60.0,-60.0,-60.0,0,-60.0,-60.0,0.0,0,0.0,0.0,-60.0,0,-60.0,-60.0,19.0,0,19.0,19.0,246.0,0,246.0,246.0,19.0,0,19.0,19.0,-56870.0,0,-56870.0,-56870.0,-58.03061224489796,0,-58.03061224489796,-58.03061224489796,-60.0,0,-60.0,-60.0,-60.0,0,-60.0,-60.0,-60.0,0,-60.0,-60.0,-60.0,0,-60.0,-60.0,76.0,0,76.0,76.0,124.0,0,124.0,124.0,156.0,0,156.0,156.0,196.0,0,196.0,196.0,220.0,0,220.0,220.0,1,maxDistance,eval_to_90pct_improvement_mean
descrete_fixed_toplogies,more_local_40bench_descrete_fixed_v1,descrete,d07_alternating_bits,60,1000,12,ring,random,plain,20,2,1,1,False,-60.0,0,-60.0,-60.0,-60.0,0,-60.0,-60.0,-60.0,0,-60.0,-60.0,-60.0,0,-60.0,-60.0,0.0,0,0.0,0.0,-60.0,0,-60.0,-60.0,16.0,0,16.0,16.0,246.0,0,246.0,246.0,16.0,0,16.0,16.0,-57244.0,0,-57244.0,-57244.0,-58.412244897959184,0,-58.412244897959184,-58.412244897959184,-59.0,0,-59.0,-59.0,-60.0,0,-60.0,-60.0,-60.0,0,-60.0,-60.0,-60.0,0,-60.0,-60.0,72.0,0,72.0,72.0,92.0,0,92.0,92.0,140.0,0,140.0,140.0,240.0,0,240.0,240.0,320.0,0,320.0,320.0,2,random,eval_to_90pct_improvement_mean
descrete_fixed_toplogies,more_local_40bench_descrete_fixed_v1,descrete,d07_alternating_bits,60,1000,12,ring,best,plain,20,2,1,1,False,-60.0,0,-60.0,-60.0,-60.0,0,-60.0,-60.0,-60.0,0,-60.0,-60.0,-60.0,0,-60.0,-60.0,0.0,0,0.0,0.0,-60.0,0,-60.0,-60.0,19.0,0,19.0,19.0,246.0,0,246.0,246.0,19.0,0,19.0,19.0,-56766.0,0,-56766.0,-56766.0,-57.92448979591837,0,-57.92448979591837,-57.92448979591837,-58.0,0,-58.0,-58.0,-60.0,0,-60.0,-60.0,-60.0,0,-60.0,-60.0,-60.0,0,-60.0,-60.0,40.0,0,40.0,40.0,104.0,0,104.0,104.0,176.0,0,176.0,176.0,304.0,0,304.0,304.0,356.0,0,356.0,356.0,3,best,eval_to_90pct_improvement_mean
descrete_fixed_toplogies,more_local_40bench_descrete_fixed_v1,descrete,d07_alternating_bits,60,1000,12,ring,worst,plain,20,2,1,1,False,-60.0,0,-60.0,-60.0,-60.0,0,-60.0,-60.0,-60.0,0,-60.0,-60.0,-60.0,0,-60.0,-60.0,0.0,0,0.0,0.0,-60.0,0,-60.0,-60.0,18.0,0,18.0,18.0,246.0,0,246.0,246.0,18.0,0,18.0,18.0,-55968.0,0,-55968.0,-55968.0,-57.11020408163265,0,-57.11020408163265,-57.11020408163265,-56.0,0,-56.0,-56.0,-60.0,0,-60.0,-60.0,-60.0,0,-60.0,-60.0,-60.0,0,-60.0,-60.0,84.0,0,84.0,84.0,144.0,0,144.0,144.0,244.0,0,244.0,244.0,368.0,0,368.0,368.0,404.0,0,404.0,404.0,4,worst,eval_to_90pct_improvement_mean
descrete_fixed_toplogies,more_local_40bench_descrete_fixed_v1,descrete,d07_alternating_bits,60,1000,12,torus,maxDistance,plain,20,2,1,1,False,-60.0,0,-60.0,-60.0,-60.0,0,-60.0,-60.0,-60.0,0,-60.0,-60.0,-60.0,0,-60.0,-60.0,0.0,0,0.0,0.0,-60.0,0,-60.0,-60.0,20.0,0,20.0,20.0,246.0,0,246.0,246.0,20.0,0,20.0,20.0,-56592.0,0,-56592.0,-56592.0,-57.7469387755102,0,-57.7469387755102,-57.7469387755102,-59.0,0,-59.0,-59.0,-60.0,0,-60.0,-60.0,-60.0,0,-60.0,-60.0,-60.0,0,-60.0,-60.0,44.0,0,44.0,44.0,124.0,0,124.0,124.0,208.0,0,208.0,208.0,244.0,0,244.0,244.0,288.0,0,288.0,288.0,1,maxDistance,eval_to_90pct_improvement_mean
descrete_fixed_toplogies,more_local_40bench_descrete_fixed_v1,descrete,d07_alternating_bits,60,1000,12,torus,best,plain,20,2,1,1,False,-60.0,0,-60.0,-60.0,-60.0,0,-60.0,-60.0,-60.0,0,-60.0,-60.0,-60.0,0,-60.0,-60.0,0.0,0,0.0,0.0,-60.0,0,-60.0,-60.0,18.0,0,18.0,18.0,246.0,0,246.0,246.0,18.0,0,18.0,18.0,-56784.0,0,-56784.0,-56784.0,-57.94285714285714,0,-57.94285714285714,-57.94285714285714,-59.0,0,-59.0,-59.0,-60.0,0,-60.0,-60.0,-60.0,0,-60.0,-60.0,-60.0,0,-60.0,-60.0,72.0,0,72.0,72.0,100.0,0,100.0,100.0,204.0,0,204.0,204.0,248.0,0,248.0,248.0,316.0,0,316.0,316.0,2,best,eval_to_90pct_improvement_mean
descrete_fixed_toplogies,more_local_40bench_descrete_fixed_v1,descrete,d07_alternating_bits,60,1000,12,torus,random,plain,20,2,1,1,False,-60.0,0,-60.0,-60.0,-60.0,0,-60.0,-60.0,-60.0,0,-60.0,-60.0,-60.0,0,-60.0,-60.0,0.0,0,0.0,0.0,-60.0,0,-60.0,-60.0,19.0,0,19.0,19.0,246.0,0,246.0,246.0,19.0,0,19.0,19.0,-56854.0,0,-56854.0,-56854.0,-58.01428571428571,0,-58.01428571428571,-58.01428571428571,-58.0,0,-58.0,-58.0,-60.0,0,-60.0,-60.0,-60.0,0,-60.0,-60.0,-60.0,0,-60.0,-60.0,48.0,0,48.0,48.0,112.0,0,112.0,112.0,172.0,0,172.0,172.0,304.0,0,304.0,304.0,320.0,0,320.0,320.0,3,random,eval_to_90pct_improvement_mean
descrete_fixed_toplogies,more_local_40bench_descrete_fixed_v1,descrete,d07_alternating_bits,60,1000,12,torus,worst,plain,20,2,1,1,False,-60.0,0,-60.0,-60.0,-60.0,0,-60.0,-60.0,-60.0,0,-60.0,-60.0,-60.0,0,-60.0,-60.0,0.0,0,0.0,0.0,-60.0,0,-60.0,-60.0,18.0,0,18.0,18.0,246.0,0,246.0,246.0,18.0,0,18.0,18.0,-56276.0,0,-56276.0,-56276.0,-57.42448979591837,0,-57.42448979591837,-57.42448979591837,-56.0,0,-56.0,-56.0,-60.0,0,-60.0,-60.0,-60.0,0,-60.0,-60.0,-60.0,0,-60.0,-60.0,76.0,0,76.0,76.0,144.0,0,144.0,144.0,236.0,0,236.0,236.0,320.0,0,320.0,320.0,340.0,0,340.0,340.0,4,worst,eval_to_90pct_improvement_mean
descrete_fixed_toplogies,more_local_40bench_descrete_fixed_v1,descrete,d07_alternating_bits,60,1000,12,complete,maxDistance,plain,20,2,1,1,False,-60.0,0,-60.0,-60.0,-60.0,0,-60.0,-60.0,-60.0,0,-60.0,-60.0,-60.0,0,-60.0,-60.0,0.0,0,0.0,0.0,-60.0,0,-60.0,-60.0,20.0,0,20.0,20.0,246.0,0,246.0,246.0,20.0,0,20.0,20.0,-56888.0,0,-56888.0,-56888.0,-58.04897959183673,0,-58.04897959183673,-58.04897959183673,-60.0,0,-60.0,-60.0,-60.0,0,-60.0,-60.0,-60.0,0,-60.0,-60.0,-60.0,0,-60.0,-60.0,64.0,0,64.0,64.0,108.0,0,108.0,108.0,164.0,0,164.0,164.0,188.0,0,188.0,188.0,232.0,0,232.0,232.0,1,maxDistance,eval_to_90pct_improvement_mean
descrete_fixed_toplogies,more_local_40bench_descrete_fixed_v1,descrete,d07_alternating_bits,60,1000,12,complete,best,plain,20,2,1,1,False,-60.0,0,-60.0,-60.0,-60.0,0,-60.0,-60.0,-60.0,0,-60.0,-60.0,-60.0,0,-60.0,-60.0,0.0,0,0.0,0.0,-60.0,0,-60.0,-60.0,18.0,0,18.0,18.0,246.0,0,246.0,246.0,18.0,0,18.0,18.0,-56988.0,0,-56988.0,-56988.0,-58.15102040816326,0,-58.15102040816326,-58.15102040816326,-59.0,0,-59.0,-59.0,-60.0,0,-60.0,-60.0,-60.0,0,-60.0,-60.0,-60.0,0,-60.0,-60.0,76.0,0,76.0,76.0,96.0,0,96.0,96.0,180.0,0,180.0,180.0,244.0,0,244.0,244.0,276.0,0,276.0,276.0,2,best,eval_to_90pct_improvement_mean
descrete_fixed_toplogies,more_local_40bench_descrete_fixed_v1,descrete,d07_alternating_bits,60,1000,12,complete,random,plain,20,2,1,1,False,-60.0,0,-60.0,-60.0,-60.0,0,-60.0,-60.0,-60.0,0,-60.0,-60.0,-60.0,0,-60.0,-60.0,0.0,0,0.0,0.0,-60.0,0,-60.0,-60.0,18.0,0,18.0,18.0,246.0,0,246.0,246.0,18.0,0,18.0,18.0,-56576.0,0,-56576.0,-56576.0,-57.73061224489796,0,-57.73061224489796,-57.73061224489796,-57.0,0,-57.0,-57.0,-60.0,0,-60.0,-60.0,-60.0,0,-60.0,-60.0,-60.0,0,-60.0,-60.0,68.0,0,68.0,68.0,128.0,0,128.0,128.0,220.0,0,220.0,220.0,280.0,0,280.0,280.0,332.0,0,332.0,332.0,3,random,eval_to_90pct_improvement_mean
descrete_fixed_toplogies,more_local_40bench_descrete_fixed_v1,descrete,d07_alternating_bits,60,1000,12,complete,worst,plain,20,2,1,1,False,-60.0,0,-60.0,-60.0,-60.0,0,-60.0,-60.0,-60.0,0,-60.0,-60.0,-60.0,0,-60.0,-60.0,0.0,0,0.0,0.0,-60.0,0,-60.0,-60.0,18.0,0,18.0,18.0,246.0,0,246.0,246.0,18.0,0,18.0,18.0,-56112.0,0,-56112.0,-56112.0,-57.25714285714286,0,-57.25714285714286,-57.25714285714286,-56.0,0,-56.0,-56.0,-60.0,0,-60.0,-60.0,-60.0,0,-60.0,-60.0,-60.0,0,-60.0,-60.0,80.0,0,80.0,80.0,124.0,0,124.0,124.0,248.0,0,248.0,248.0,324.0,0,324.0,324.0,408.0,0,408.0,408.0,4,worst,eval_to_90pct_improvement_mean
descrete_fixed_toplogies,more_local_40bench_descrete_fixed_v1,descrete,d08_trap4,60,1000,12,ring,best,plain,20,2,1,1,False,-53.0,0,-53.0,-53.0,-51.166666666666664,0,-51.166666666666664,-51.166666666666664,-51.0,0,-51.0,-51.0,-48.0,0,-48.0,-48.0,1.7240134054647667,0,1.7240134054647667,1.7240134054647667,-53.0,0,-53.0,-53.0,20.0,0,20.0,20.0,246.0,0,246.0,246.0,20.0,0,20.0,20.0,-50104.0,0,-50104.0,-50104.0,-51.1265306122449,0,-51.1265306122449,-51.1265306122449,-51.0,0,-51.0,-51.0,-53.0,0,-53.0,-53.0,-53.0,0,-53.0,-53.0,-53.0,0,-53.0,-53.0,52.0,0,52.0,52.0,84.0,0,84.0,84.0,152.0,0,152.0,152.0,220.0,0,220.0,220.0,296.0,0,296.0,296.0,1,best,eval_to_90pct_improvement_mean
descrete_fixed_toplogies,more_local_40bench_descrete_fixed_v1,descrete,d08_trap4,60,1000,12,ring,maxDistance,plain,20,2,1,1,False,-54.0,0,-54.0,-54.0,-52.5,0,-52.5,-52.5,-53.0,0,-53.0,-53.0,-47.0,0,-47.0,-47.0,1.9364916731037085,0,1.9364916731037085,1.9364916731037085,-54.0,0,-54.0,-54.0,25.0,0,25.0,25.0,246.0,0,246.0,246.0,25.0,0,25.0,25.0,-50630.0,0,-50630.0,-50630.0,-51.66326530612245,0,-51.66326530612245,-51.66326530612245,-51.0,0,-51.0,-51.0,-53.0,0,-53.0,-53.0,-54.0,0,-54.0,-54.0,-54.0,0,-54.0,-54.0,36.0,0,36.0,36.0,68.0,0,68.0,68.0,160.0,0,160.0,160.0,276.0,0,276.0,276.0,540.0,0,540.0,540.0,2,maxDistance,eval_to_90pct_improvement_mean
descrete_fixed_toplogies,more_local_40bench_descrete_fixed_v1,descrete,d08_trap4,60,1000,12,ring,random,plain,20,2,1,1,False,-53.0,0,-53.0,-53.0,-51.583333333333336,0,-51.583333333333336,-51.583333333333336,-52.0,0,-52.0,-52.0,-48.0,0,-48.0,-48.0,1.6562172428626492,0,1.6562172428626492,1.6562172428626492,-53.0,0,-53.0,-53.0,22.0,0,22.0,22.0,246.0,0,246.0,246.0,22.0,0,22.0,22.0,-48680.0,0,-48680.0,-48680.0,-49.673469387755105,0,-49.673469387755105,-49.673469387755105,-48.0,0,-48.0,-48.0,-53.0,0,-53.0,-53.0,-53.0,0,-53.0,-53.0,-53.0,0,-53.0,-53.0,52.0,0,52.0,52.0,116.0,0,116.0,116.0,240.0,0,240.0,240.0,364.0,0,364.0,364.0,480.0,0,480.0,480.0,3,random,eval_to_90pct_improvement_mean
descrete_fixed_toplogies,more_local_40bench_descrete_fixed_v1,descrete,d08_trap4,60,1000,12,ring,worst,plain,20,2,1,1,False,-54.0,0,-54.0,-54.0,-52.083333333333336,0,-52.083333333333336,-52.083333333333336,-53.0,0,-53.0,-53.0,-50.0,0,-50.0,-50.0,1.3202482931462383,0,1.3202482931462383,1.3202482931462383,-54.0,0,-54.0,-54.0,22.0,0,22.0,22.0,246.0,0,246.0,246.0,22.0,0,22.0,22.0,-48776.0,0,-48776.0,-48776.0,-49.77142857142857,0,-49.77142857142857,-49.77142857142857,-47.0,0,-47.0,-47.0,-52.0,0,-52.0,-52.0,-53.0,0,-53.0,-53.0,-54.0,0,-54.0,-54.0,64.0,0,64.0,64.0,108.0,0,108.0,108.0,268.0,0,268.0,268.0,480.0,0,480.0,480.0,820.0,0,820.0,820.0,4,worst,eval_to_90pct_improvement_mean
descrete_fixed_toplogies,more_local_40bench_descrete_fixed_v1,descrete,d08_trap4,60,1000,12,torus,best,plain,20,2,1,1,False,-56.0,0,-56.0,-56.0,-56.0,0,-56.0,-56.0,-56.0,0,-56.0,-56.0,-56.0,0,-56.0,-56.0,0.0,0,0.0,0.0,-56.0,0,-56.0,-56.0,22.0,0,22.0,22.0,246.0,0,246.0,246.0,22.0,0,22.0,22.0,-53000.0,0,-53000.0,-53000.0,-54.08163265306123,0,-54.08163265306123,-54.08163265306123,-56.0,0,-56.0,-56.0,-56.0,0,-56.0,-56.0,-56.0,0,-56.0,-56.0,-56.0,0,-56.0,-56.0,72.0,0,72.0,72.0,116.0,0,116.0,116.0,128.0,0,128.0,128.0,164.0,0,164.0,164.0,204.0,0,204.0,204.0,1,best,eval_to_90pct_improvement_mean
descrete_fixed_toplogies,more_local_40bench_descrete_fixed_v1,descrete,d08_trap4,60,1000,12,torus,random,plain,20,2,1,1,False,-54.0,0,-54.0,-54.0,-53.666666666666664,0,-53.666666666666664,-53.666666666666664,-54.0,0,-54.0,-54.0,-53.0,0,-53.0,-53.0,0.4714045207910317,0,0.4714045207910317,0.4714045207910317,-54.0,0,-54.0,-54.0,22.0,0,22.0,22.0,246.0,0,246.0,246.0,22.0,0,22.0,22.0,-50168.0,0,-50168.0,-50168.0,-51.19183673469388,0,-51.19183673469388,-51.19183673469388,-51.0,0,-51.0,-51.0,-53.0,0,-53.0,-53.0,-54.0,0,-54.0,-54.0,-54.0,0,-54.0,-54.0,56.0,0,56.0,56.0,80.0,0,80.0,80.0,192.0,0,192.0,192.0,268.0,0,268.0,268.0,564.0,0,564.0,564.0,2,random,eval_to_90pct_improvement_mean
descrete_fixed_toplogies,more_local_40bench_descrete_fixed_v1,descrete,d08_trap4,60,1000,12,torus,worst,plain,20,2,1,1,False,-55.0,0,-55.0,-55.0,-53.583333333333336,0,-53.583333333333336,-53.583333333333336,-53.0,0,-53.0,-53.0,-52.0,0,-52.0,-52.0,0.9537935951882998,0,0.9537935951882998,0.9537935951882998,-55.0,0,-55.0,-55.0,24.0,0,24.0,24.0,246.0,0,246.0,246.0,24.0,0,24.0,24.0,-50804.0,0,-50804.0,-50804.0,-51.840816326530614,0,-51.840816326530614,-51.840816326530614,-51.0,0,-51.0,-51.0,-53.0,0,-53.0,-53.0,-55.0,0,-55.0,-55.0,-55.0,0,-55.0,-55.0,44.0,0,44.0,44.0,80.0,0,80.0,80.0,148.0,0,148.0,148.0,372.0,0,372.0,372.0,696.0,0,696.0,696.0,3,worst,eval_to_90pct_improvement_mean
descrete_fixed_toplogies,more_local_40bench_descrete_fixed_v1,descrete,d08_trap4,60,1000,12,torus,maxDistance,plain,20,2,1,1,False,-59.0,0,-59.0,-59.0,-58.25,0,-58.25,-58.25,-58.0,0,-58.0,-58.0,-58.0,0,-58.0,-58.0,0.4330127018922193,0,0.4330127018922193,0.4330127018922193,-59.0,0,-59.0,-59.0,25.0,0,25.0,25.0,246.0,0,246.0,246.0,25.0,0,25.0,25.0,-53090.0,0,-53090.0,-53090.0,-54.173469387755105,0,-54.173469387755105,-54.173469387755105,-50.0,0,-50.0,-50.0,-58.0,0,-58.0,-58.0,-58.0,0,-58.0,-58.0,-59.0,0,-59.0,-59.0,76.0,0,76.0,76.0,160.0,0,160.0,160.0,300.0,0,300.0,300.0,420.0,0,420.0,420.0,788.0,0,788.0,788.0,4,maxDistance,eval_to_90pct_improvement_mean
descrete_fixed_toplogies,more_local_40bench_descrete_fixed_v1,descrete,d08_trap4,60,1000,12,complete,best,plain,20,2,1,1,False,-55.0,0,-55.0,-55.0,-55.0,0,-55.0,-55.0,-55.0,0,-55.0,-55.0,-55.0,0,-55.0,-55.0,0.0,0,0.0,0.0,-55.0,0,-55.0,-55.0,18.0,0,18.0,18.0,246.0,0,246.0,246.0,18.0,0,18.0,18.0,-51976.0,0,-51976.0,-51976.0,-53.03673469387755,0,-53.03673469387755,-53.03673469387755,-54.0,0,-54.0,-54.0,-55.0,0,-55.0,-55.0,-55.0,0,-55.0,-55.0,-55.0,0,-55.0,-55.0,72.0,0,72.0,72.0,120.0,0,120.0,120.0,160.0,0,160.0,160.0,232.0,0,232.0,232.0,272.0,0,272.0,272.0,1,best,eval_to_90pct_improvement_mean
descrete_fixed_toplogies,more_local_40bench_descrete_fixed_v1,descrete,d08_trap4,60,1000,12,complete,random,plain,20,2,1,1,False,-57.0,0,-57.0,-57.0,-57.0,0,-57.0,-57.0,-57.0,0,-57.0,-57.0,-57.0,0,-57.0,-57.0,0.0,0,0.0,0.0,-57.0,0,-57.0,-57.0,26.0,0,26.0,26.0,246.0,0,246.0,246.0,26.0,0,26.0,26.0,-52912.0,0,-52912.0,-52912.0,-53.99183673469388,0,-53.99183673469388,-53.99183673469388,-53.0,0,-53.0,-53.0,-57.0,0,-57.0,-57.0,-57.0,0,-57.0,-57.0,-57.0,0,-57.0,-57.0,52.0,0,52.0,52.0,96.0,0,96.0,96.0,188.0,0,188.0,188.0,308.0,0,308.0,308.0,420.0,0,420.0,420.0,2,random,eval_to_90pct_improvement_mean
descrete_fixed_toplogies,more_local_40bench_descrete_fixed_v1,descrete,d08_trap4,60,1000,12,complete,maxDistance,plain,20,2,1,1,False,-58.0,0,-58.0,-58.0,-58.0,0,-58.0,-58.0,-58.0,0,-58.0,-58.0,-58.0,0,-58.0,-58.0,0.0,0,0.0,0.0,-58.0,0,-58.0,-58.0,23.0,0,23.0,23.0,246.0,0,246.0,246.0,23.0,0,23.0,23.0,-53538.0,0,-53538.0,-53538.0,-54.63061224489796,0,-54.63061224489796,-54.63061224489796,-55.0,0,-55.0,-55.0,-57.0,0,-57.0,-57.0,-58.0,0,-58.0,-58.0,-58.0,0,-58.0,-58.0,72.0,0,72.0,72.0,116.0,0,116.0,116.0,208.0,0,208.0,208.0,336.0,0,336.0,336.0,552.0,0,552.0,552.0,3,maxDistance,eval_to_90pct_improvement_mean
descrete_fixed_toplogies,more_local_40bench_descrete_fixed_v1,descrete,d08_trap4,60,1000,12,complete,worst,plain,20,2,1,1,False,-56.0,0,-56.0,-56.0,-56.0,0,-56.0,-56.0,-56.0,0,-56.0,-56.0,-56.0,0,-56.0,-56.0,0.0,0,0.0,0.0,-56.0,0,-56.0,-56.0,26.0,0,26.0,26.0,246.0,0,246.0,246.0,26.0,0,26.0,26.0,-50680.0,0,-50680.0,-50680.0,-51.714285714285715,0,-51.714285714285715,-51.714285714285715,-50.0,0,-50.0,-50.0,-54.0,0,-54.0,-54.0,-56.0,0,-56.0,-56.0,-56.0,0,-56.0,-56.0,68.0,0,68.0,68.0,124.0,0,124.0,124.0,232.0,0,232.0,232.0,388.0,0,388.0,388.0,720.0,0,720.0,720.0,4,worst,eval_to_90pct_improvement_mean
descrete_fixed_toplogies,more_local_40bench_descrete_fixed_v1,descrete,d09_royal_road4,60,1000,12,ring,random,plain,20,2,1,1,False,-60.0,0,-60.0,-60.0,-56.333333333333336,0,-56.333333333333336,-56.333333333333336,-60.0,0,-60.0,-60.0,-44.0,0,-44.0,-44.0,5.022173057773121,0,5.022173057773121,5.022173057773121,-60.0,0,-60.0,-60.0,40.0,0,40.0,40.0,246.0,0,246.0,246.0,40.0,0,40.0,40.0,-52816.0,0,-52816.0,-52816.0,-53.89387755102041,0,-53.89387755102041,-53.89387755102041,-52.0,0,-52.0,-52.0,-60.0,0,-60.0,-60.0,-60.0,0,-60.0,-60.0,-60.0,0,-60.0,-60.0,72.0,0,72.0,72.0,104.0,0,104.0,104.0,248.0,0,248.0,248.0,368.0,0,368.0,368.0,464.0,0,464.0,464.0,1,random,eval_to_90pct_improvement_mean
descrete_fixed_toplogies,more_local_40bench_descrete_fixed_v1,descrete,d09_royal_road4,60,1000,12,ring,maxDistance,plain,20,2,1,1,False,-60.0,0,-60.0,-60.0,-55.666666666666664,0,-55.666666666666664,-55.666666666666664,-56.0,0,-56.0,-56.0,-44.0,0,-44.0,-44.0,4.459696053419884,0,4.459696053419884,4.459696053419884,-60.0,0,-60.0,-60.0,44.0,0,44.0,44.0,246.0,0,246.0,246.0,44.0,0,44.0,44.0,-50584.0,0,-50584.0,-50584.0,-51.61632653061225,0,-51.61632653061225,-51.61632653061225,-44.0,0,-44.0,-44.0,-56.0,0,-56.0,-56.0,-60.0,0,-60.0,-60.0,-60.0,0,-60.0,-60.0,64.0,0,64.0,64.0,172.0,0,172.0,172.0,280.0,0,280.0,280.0,404.0,0,404.0,404.0,564.0,0,564.0,564.0,2,maxDistance,eval_to_90pct_improvement_mean
descrete_fixed_toplogies,more_local_40bench_descrete_fixed_v1,descrete,d09_royal_road4,60,1000,12,ring,best,plain,20,2,1,1,False,-60.0,0,-60.0,-60.0,-51.333333333333336,0,-51.333333333333336,-51.333333333333336,-54.0,0,-54.0,-54.0,-28.0,0,-28.0,-28.0,8.459051693633013,0,8.459051693633013,8.459051693633013,-60.0,0,-60.0,-60.0,48.0,0,48.0,48.0,246.0,0,246.0,246.0,48.0,0,48.0,48.0,-51280.0,0,-51280.0,-51280.0,-52.326530612244895,0,-52.326530612244895,-52.326530612244895,-44.0,0,-44.0,-44.0,-60.0,0,-60.0,-60.0,-60.0,0,-60.0,-60.0,-60.0,0,-60.0,-60.0,44.0,0,44.0,44.0,108.0,0,108.0,108.0,264.0,0,264.0,264.0,440.0,0,440.0,440.0,476.0,0,476.0,476.0,3,best,eval_to_90pct_improvement_mean
descrete_fixed_toplogies,more_local_40bench_descrete_fixed_v1,descrete,d09_royal_road4,60,1000,12,ring,worst,plain,20,2,1,1,False,-60.0,0,-60.0,-60.0,-55.333333333333336,0,-55.333333333333336,-55.333333333333336,-56.0,0,-56.0,-56.0,-44.0,0,-44.0,-44.0,4.268749491621899,0,4.268749491621899,4.268749491621899,-60.0,0,-60.0,-60.0,44.0,0,44.0,44.0,246.0,0,246.0,246.0,44.0,0,44.0,44.0,-47992.0,0,-47992.0,-47992.0,-48.97142857142857,0,-48.97142857142857,-48.97142857142857,-44.0,0,-44.0,-44.0,-56.0,0,-56.0,-56.0,-56.0,0,-56.0,-56.0,-60.0,0,-60.0,-60.0,88.0,0,88.0,88.0,212.0,0,212.0,212.0,376.0,0,376.0,376.0,484.0,0,484.0,484.0,876.0,0,876.0,876.0,4,worst,eval_to_90pct_improvement_mean
descrete_fixed_toplogies,more_local_40bench_descrete_fixed_v1,descrete,d09_royal_road4,60,1000,12,torus,best,plain,20,2,1,1,False,-56.0,0,-56.0,-56.0,-56.0,0,-56.0,-56.0,-56.0,0,-56.0,-56.0,-56.0,0,-56.0,-56.0,0.0,0,0.0,0.0,-56.0,0,-56.0,-56.0,40.0,0,40.0,40.0,246.0,0,246.0,246.0,40.0,0,40.0,40.0,-51744.0,0,-51744.0,-51744.0,-52.8,0,-52.8,-52.8,-56.0,0,-56.0,-56.0,-56.0,0,-56.0,-56.0,-56.0,0,-56.0,-56.0,-56.0,0,-56.0,-56.0,52.0,0,52.0,52.0,80.0,0,80.0,80.0,140.0,0,140.0,140.0,168.0,0,168.0,168.0,196.0,0,196.0,196.0,1,best,eval_to_90pct_improvement_mean
descrete_fixed_toplogies,more_local_40bench_descrete_fixed_v1,descrete,d09_royal_road4,60,1000,12,torus,random,plain,20,2,1,1,False,-60.0,0,-60.0,-60.0,-59.666666666666664,0,-59.666666666666664,-59.666666666666664,-60.0,0,-60.0,-60.0,-56.0,0,-56.0,-56.0,1.1055415967851334,0,1.1055415967851334,1.1055415967851334,-60.0,0,-60.0,-60.0,40.0,0,40.0,40.0,246.0,0,246.0,246.0,40.0,0,40.0,40.0,-52720.0,0,-52720.0,-52720.0,-53.795918367346935,0,-53.795918367346935,-53.795918367346935,-52.0,0,-52.0,-52.0,-60.0,0,-60.0,-60.0,-60.0,0,-60.0,-60.0,-60.0,0,-60.0,-60.0,64.0,0,64.0,64.0,136.0,0,136.0,136.0,248.0,0,248.0,248.0,336.0,0,336.0,336.0,396.0,0,396.0,396.0,2,random,eval_to_90pct_improvement_mean
descrete_fixed_toplogies,more_local_40bench_descrete_fixed_v1,descrete,d09_royal_road4,60,1000,12,torus,maxDistance,plain,20,2,1,1,False,-60.0,0,-60.0,-60.0,-60.0,0,-60.0,-60.0,-60.0,0,-60.0,-60.0,-60.0,0,-60.0,-60.0,0.0,0,0.0,0.0,-60.0,0,-60.0,-60.0,40.0,0,40.0,40.0,246.0,0,246.0,246.0,40.0,0,40.0,40.0,-50640.0,0,-50640.0,-50640.0,-51.673469387755105,0,-51.673469387755105,-51.673469387755105,-44.0,0,-44.0,-44.0,-56.0,0,-56.0,-56.0,-60.0,0,-60.0,-60.0,-60.0,0,-60.0,-60.0,140.0,0,140.0,140.0,184.0,0,184.0,184.0,316.0,0,316.0,316.0,356.0,0,356.0,356.0,540.0,0,540.0,540.0,3,maxDistance,eval_to_90pct_improvement_mean
descrete_fixed_toplogies,more_local_40bench_descrete_fixed_v1,descrete,d09_royal_road4,60,1000,12,torus,worst,plain,20,2,1,1,False,-60.0,0,-60.0,-60.0,-60.0,0,-60.0,-60.0,-60.0,0,-60.0,-60.0,-60.0,0,-60.0,-60.0,0.0,0,0.0,0.0,-60.0,0,-60.0,-60.0,44.0,0,44.0,44.0,246.0,0,246.0,246.0,44.0,0,44.0,44.0,-51592.0,0,-51592.0,-51592.0,-52.64489795918367,0,-52.64489795918367,-52.64489795918367,-52.0,0,-52.0,-52.0,-60.0,0,-60.0,-60.0,-60.0,0,-60.0,-60.0,-60.0,0,-60.0,-60.0,88.0,0,88.0,88.0,148.0,0,148.0,148.0,216.0,0,216.0,216.0,412.0,0,412.0,412.0,500.0,0,500.0,500.0,4,worst,eval_to_90pct_improvement_mean
descrete_fixed_toplogies,more_local_40bench_descrete_fixed_v1,descrete,d09_royal_road4,60,1000,12,complete,worst,plain,20,2,1,1,False,-56.0,0,-56.0,-56.0,-56.0,0,-56.0,-56.0,-56.0,0,-56.0,-56.0,-56.0,0,-56.0,-56.0,0.0,0,0.0,0.0,-56.0,0,-56.0,-56.0,40.0,0,40.0,40.0,246.0,0,246.0,246.0,40.0,0,40.0,40.0,-49840.0,0,-49840.0,-49840.0,-50.857142857142854,0,-50.857142857142854,-50.857142857142854,-52.0,0,-52.0,-52.0,-56.0,0,-56.0,-56.0,-56.0,0,-56.0,-56.0,-56.0,0,-56.0,-56.0,88.0,0,88.0,88.0,128.0,0,128.0,128.0,204.0,0,204.0,204.0,232.0,0,232.0,232.0,264.0,0,264.0,264.0,1,worst,eval_to_90pct_improvement_mean
descrete_fixed_toplogies,more_local_40bench_descrete_fixed_v1,descrete,d09_royal_road4,60,1000,12,complete,best,plain,20,2,1,1,False,-60.0,0,-60.0,-60.0,-60.0,0,-60.0,-60.0,-60.0,0,-60.0,-60.0,-60.0,0,-60.0,-60.0,0.0,0,0.0,0.0,-60.0,0,-60.0,-60.0,44.0,0,44.0,44.0,246.0,0,246.0,246.0,44.0,0,44.0,44.0,-53544.0,0,-53544.0,-53544.0,-54.63673469387755,0,-54.63673469387755,-54.63673469387755,-56.0,0,-56.0,-56.0,-60.0,0,-60.0,-60.0,-60.0,0,-60.0,-60.0,-60.0,0,-60.0,-60.0,68.0,0,68.0,68.0,132.0,0,132.0,132.0,220.0,0,220.0,220.0,236.0,0,236.0,236.0,272.0,0,272.0,272.0,2,best,eval_to_90pct_improvement_mean
descrete_fixed_toplogies,more_local_40bench_descrete_fixed_v1,descrete,d09_royal_road4,60,1000,12,complete,random,plain,20,2,1,1,False,-60.0,0,-60.0,-60.0,-60.0,0,-60.0,-60.0,-60.0,0,-60.0,-60.0,-60.0,0,-60.0,-60.0,0.0,0,0.0,0.0,-60.0,0,-60.0,-60.0,40.0,0,40.0,40.0,246.0,0,246.0,246.0,40.0,0,40.0,40.0,-54016.0,0,-54016.0,-54016.0,-55.118367346938776,0,-55.118367346938776,-55.118367346938776,-60.0,0,-60.0,-60.0,-60.0,0,-60.0,-60.0,-60.0,0,-60.0,-60.0,-60.0,0,-60.0,-60.0,72.0,0,72.0,72.0,124.0,0,124.0,124.0,212.0,0,212.0,212.0,240.0,0,240.0,240.0,240.0,0,240.0,240.0,3,random,eval_to_90pct_improvement_mean
descrete_fixed_toplogies,more_local_40bench_descrete_fixed_v1,descrete,d09_royal_road4,60,1000,12,complete,maxDistance,plain,20,2,1,1,False,-60.0,0,-60.0,-60.0,-60.0,0,-60.0,-60.0,-60.0,0,-60.0,-60.0,-60.0,0,-60.0,-60.0,0.0,0,0.0,0.0,-60.0,0,-60.0,-60.0,36.0,0,36.0,36.0,246.0,0,246.0,246.0,36.0,0,36.0,36.0,-52040.0,0,-52040.0,-52040.0,-53.10204081632653,0,-53.10204081632653,-53.10204081632653,-48.0,0,-48.0,-48.0,-60.0,0,-60.0,-60.0,-60.0,0,-60.0,-60.0,-60.0,0,-60.0,-60.0,88.0,0,88.0,88.0,180.0,0,180.0,180.0,276.0,0,276.0,276.0,472.0,0,472.0,472.0,472.0,0,472.0,472.0,4,maxDistance,eval_to_90pct_improvement_mean
descrete_fixed_toplogies,more_local_40bench_descrete_fixed_v1,descrete,d10_maxcut_ring,60,1000,12,ring,best,plain,20,2,1,1,False,-56.0,0,-56.0,-56.0,-55.166666666666664,0,-55.166666666666664,-55.166666666666664,-56.0,0,-56.0,-56.0,-54.0,0,-54.0,-54.0,0.9860132971832694,0,0.9860132971832694,0.9860132971832694,-56.0,0,-56.0,-56.0,16.0,0,16.0,16.0,246.0,0,246.0,246.0,16.0,0,16.0,16.0,-53832.0,0,-53832.0,-53832.0,-54.93061224489796,0,-54.93061224489796,-54.93061224489796,-54.0,0,-54.0,-54.0,-56.0,0,-56.0,-56.0,-56.0,0,-56.0,-56.0,-56.0,0,-56.0,-56.0,28.0,0,28.0,28.0,72.0,0,72.0,72.0,84.0,0,84.0,84.0,256.0,0,256.0,256.0,256.0,0,256.0,256.0,1,best,eval_to_90pct_improvement_mean
descrete_fixed_toplogies,more_local_40bench_descrete_fixed_v1,descrete,d10_maxcut_ring,60,1000,12,ring,maxDistance,plain,20,2,1,1,False,-58.0,0,-58.0,-58.0,-56.0,0,-56.0,-56.0,-56.0,0,-56.0,-56.0,-54.0,0,-54.0,-54.0,1.8257418583505538,0,1.8257418583505538,1.8257418583505538,-58.0,0,-58.0,-58.0,18.0,0,18.0,18.0,246.0,0,246.0,246.0,18.0,0,18.0,18.0,-55148.0,0,-55148.0,-55148.0,-56.2734693877551,0,-56.2734693877551,-56.2734693877551,-56.0,0,-56.0,-56.0,-58.0,0,-58.0,-58.0,-58.0,0,-58.0,-58.0,-58.0,0,-58.0,-58.0,52.0,0,52.0,52.0,72.0,0,72.0,72.0,132.0,0,132.0,132.0,264.0,0,264.0,264.0,264.0,0,264.0,264.0,2,maxDistance,eval_to_90pct_improvement_mean
descrete_fixed_toplogies,more_local_40bench_descrete_fixed_v1,descrete,d10_maxcut_ring,60,1000,12,ring,random,plain,20,2,1,1,False,-58.0,0,-58.0,-58.0,-55.166666666666664,0,-55.166666666666664,-55.166666666666664,-56.0,0,-56.0,-56.0,-52.0,0,-52.0,-52.0,2.229848026709942,0,2.229848026709942,2.229848026709942,-58.0,0,-58.0,-58.0,14.0,0,14.0,14.0,246.0,0,246.0,246.0,14.0,0,14.0,14.0,-53228.0,0,-53228.0,-53228.0,-54.31428571428572,0,-54.31428571428572,-54.31428571428572,-54.0,0,-54.0,-54.0,-54.0,0,-54.0,-54.0,-56.0,0,-56.0,-56.0,-58.0,0,-58.0,-58.0,80.0,0,80.0,80.0,124.0,0,124.0,124.0,516.0,0,516.0,516.0,856.0,0,856.0,856.0,856.0,0,856.0,856.0,3,random,eval_to_90pct_improvement_mean
descrete_fixed_toplogies,more_local_40bench_descrete_fixed_v1,descrete,d10_maxcut_ring,60,1000,12,ring,worst,plain,20,2,1,1,False,-58.0,0,-58.0,-58.0,-55.333333333333336,0,-55.333333333333336,-55.333333333333336,-56.0,0,-56.0,-56.0,-52.0,0,-52.0,-52.0,1.699673171197595,0,1.699673171197595,1.699673171197595,-58.0,0,-58.0,-58.0,16.0,0,16.0,16.0,246.0,0,246.0,246.0,16.0,0,16.0,16.0,-52496.0,0,-52496.0,-52496.0,-53.56734693877551,0,-53.56734693877551,-53.56734693877551,-52.0,0,-52.0,-52.0,-54.0,0,-54.0,-54.0,-56.0,0,-56.0,-56.0,-58.0,0,-58.0,-58.0,60.0,0,60.0,60.0,132.0,0,132.0,132.0,304.0,0,304.0,304.0,964.0,0,964.0,964.0,964.0,0,964.0,964.0,4,worst,eval_to_90pct_improvement_mean
descrete_fixed_toplogies,more_local_40bench_descrete_fixed_v1,descrete,d10_maxcut_ring,60,1000,12,torus,best,plain,20,2,1,1,False,-56.0,0,-56.0,-56.0,-56.0,0,-56.0,-56.0,-56.0,0,-56.0,-56.0,-56.0,0,-56.0,-56.0,0.0,0,0.0,0.0,-56.0,0,-56.0,-56.0,16.0,0,16.0,16.0,246.0,0,246.0,246.0,16.0,0,16.0,16.0,-53152.0,0,-53152.0,-53152.0,-54.23673469387755,0,-54.23673469387755,-54.23673469387755,-54.0,0,-54.0,-54.0,-56.0,0,-56.0,-56.0,-56.0,0,-56.0,-56.0,-56.0,0,-56.0,-56.0,60.0,0,60.0,60.0,88.0,0,88.0,88.0,132.0,0,132.0,132.0,396.0,0,396.0,396.0,396.0,0,396.0,396.0,1,best,eval_to_90pct_improvement_mean
descrete_fixed_toplogies,more_local_40bench_descrete_fixed_v1,descrete,d10_maxcut_ring,60,1000,12,torus,random,plain,20,2,1,1,False,-58.0,0,-58.0,-58.0,-58.0,0,-58.0,-58.0,-58.0,0,-58.0,-58.0,-58.0,0,-58.0,-58.0,0.0,0,0.0,0.0,-58.0,0,-58.0,-58.0,18.0,0,18.0,18.0,246.0,0,246.0,246.0,18.0,0,18.0,18.0,-54788.0,0,-54788.0,-54788.0,-55.906122448979595,0,-55.906122448979595,-55.906122448979595,-56.0,0,-56.0,-56.0,-58.0,0,-58.0,-58.0,-58.0,0,-58.0,-58.0,-58.0,0,-58.0,-58.0,56.0,0,56.0,56.0,104.0,0,104.0,104.0,152.0,0,152.0,152.0,440.0,0,440.0,440.0,440.0,0,440.0,440.0,2,random,eval_to_90pct_improvement_mean
descrete_fixed_toplogies,more_local_40bench_descrete_fixed_v1,descrete,d10_maxcut_ring,60,1000,12,torus,maxDistance,plain,20,2,1,1,False,-58.0,0,-58.0,-58.0,-57.833333333333336,0,-57.833333333333336,-57.833333333333336,-58.0,0,-58.0,-58.0,-56.0,0,-56.0,-56.0,0.5527707983925667,0,0.5527707983925667,0.5527707983925667,-58.0,0,-58.0,-58.0,18.0,0,18.0,18.0,246.0,0,246.0,246.0,18.0,0,18.0,18.0,-53812.0,0,-53812.0,-53812.0,-54.910204081632656,0,-54.910204081632656,-54.910204081632656,-52.0,0,-52.0,-52.0,-56.0,0,-56.0,-56.0,-58.0,0,-58.0,-58.0,-58.0,0,-58.0,-58.0,72.0,0,72.0,72.0,140.0,0,140.0,140.0,260.0,0,260.0,260.0,540.0,0,540.0,540.0,540.0,0,540.0,540.0,3,maxDistance,eval_to_90pct_improvement_mean
descrete_fixed_toplogies,more_local_40bench_descrete_fixed_v1,descrete,d10_maxcut_ring,60,1000,12,torus,worst,plain,20,2,1,1,False,-58.0,0,-58.0,-58.0,-56.833333333333336,0,-56.833333333333336,-56.833333333333336,-56.0,0,-56.0,-56.0,-56.0,0,-56.0,-56.0,0.9860132971832694,0,0.9860132971832694,0.9860132971832694,-58.0,0,-58.0,-58.0,16.0,0,16.0,16.0,246.0,0,246.0,246.0,16.0,0,16.0,16.0,-54272.0,0,-54272.0,-54272.0,-55.3795918367347,0,-55.3795918367347,-55.3795918367347,-54.0,0,-54.0,-54.0,-56.0,0,-56.0,-56.0,-58.0,0,-58.0,-58.0,-58.0,0,-58.0,-58.0,64.0,0,64.0,64.0,116.0,0,116.0,116.0,200.0,0,200.0,200.0,540.0,0,540.0,540.0,540.0,0,540.0,540.0,4,worst,eval_to_90pct_improvement_mean
descrete_fixed_toplogies,more_local_40bench_descrete_fixed_v1,descrete,d10_maxcut_ring,60,1000,12,complete,best,plain,20,2,1,1,False,-56.0,0,-56.0,-56.0,-56.0,0,-56.0,-56.0,-56.0,0,-56.0,-56.0,-56.0,0,-56.0,-56.0,0.0,0,0.0,0.0,-56.0,0,-56.0,-56.0,16.0,0,16.0,16.0,246.0,0,246.0,246.0,16.0,0,16.0,16.0,-53552.0,0,-53552.0,-53552.0,-54.64489795918367,0,-54.64489795918367,-54.64489795918367,-56.0,0,-56.0,-56.0,-56.0,0,-56.0,-56.0,-56.0,0,-56.0,-56.0,-56.0,0,-56.0,-56.0,48.0,0,48.0,48.0,84.0,0,84.0,84.0,132.0,0,132.0,132.0,200.0,0,200.0,200.0,200.0,0,200.0,200.0,1,best,eval_to_90pct_improvement_mean
descrete_fixed_toplogies,more_local_40bench_descrete_fixed_v1,descrete,d10_maxcut_ring,60,1000,12,complete,maxDistance,plain,20,2,1,1,False,-58.0,0,-58.0,-58.0,-58.0,0,-58.0,-58.0,-58.0,0,-58.0,-58.0,-58.0,0,-58.0,-58.0,0.0,0,0.0,0.0,-58.0,0,-58.0,-58.0,18.0,0,18.0,18.0,246.0,0,246.0,246.0,18.0,0,18.0,18.0,-55540.0,0,-55540.0,-55540.0,-56.673469387755105,0,-56.673469387755105,-56.673469387755105,-58.0,0,-58.0,-58.0,-58.0,0,-58.0,-58.0,-58.0,0,-58.0,-58.0,-58.0,0,-58.0,-58.0,56.0,0,56.0,56.0,64.0,0,64.0,64.0,136.0,0,136.0,136.0,208.0,0,208.0,208.0,208.0,0,208.0,208.0,2,maxDistance,eval_to_90pct_improvement_mean
descrete_fixed_toplogies,more_local_40bench_descrete_fixed_v1,descrete,d10_maxcut_ring,60,1000,12,complete,worst,plain,20,2,1,1,False,-56.0,0,-56.0,-56.0,-56.0,0,-56.0,-56.0,-56.0,0,-56.0,-56.0,-56.0,0,-56.0,-56.0,0.0,0,0.0,0.0,-56.0,0,-56.0,-56.0,16.0,0,16.0,16.0,246.0,0,246.0,246.0,16.0,0,16.0,16.0,-53208.0,0,-53208.0,-53208.0,-54.29387755102041,0,-54.29387755102041,-54.29387755102041,-54.0,0,-54.0,-54.0,-56.0,0,-56.0,-56.0,-56.0,0,-56.0,-56.0,-56.0,0,-56.0,-56.0,56.0,0,56.0,56.0,104.0,0,104.0,104.0,148.0,0,148.0,148.0,256.0,0,256.0,256.0,256.0,0,256.0,256.0,3,worst,eval_to_90pct_improvement_mean
descrete_fixed_toplogies,more_local_40bench_descrete_fixed_v1,descrete,d10_maxcut_ring,60,1000,12,complete,random,plain,20,2,1,1,False,-56.0,0,-56.0,-56.0,-56.0,0,-56.0,-56.0,-56.0,0,-56.0,-56.0,-56.0,0,-56.0,-56.0,0.0,0,0.0,0.0,-56.0,0,-56.0,-56.0,14.0,0,14.0,14.0,246.0,0,246.0,246.0,14.0,0,14.0,14.0,-53308.0,0,-53308.0,-53308.0,-54.39591836734694,0,-54.39591836734694,-54.39591836734694,-54.0,0,-54.0,-54.0,-56.0,0,-56.0,-56.0,-56.0,0,-56.0,-56.0,-56.0,0,-56.0,-56.0,52.0,0,52.0,52.0,104.0,0,104.0,104.0,204.0,0,204.0,204.0,320.0,0,320.0,320.0,320.0,0,320.0,320.0,4,random,eval_to_90pct_improvement_mean
